Minute,TVC,Label,MQ135,MQ136,MQ137,MQ138,MQ2,MQ3,MQ4,MQ5,MQ6,MQ8,MQ9
1,2.0022200000000003,1,17.85,15.58,7.95,21.23,16.52,24.07,12.29,9.02,14.26,40.29,14.4
2,2.0022200000000003,1,18,15.84,8.11,21.43,16.8,24.18,12.59,9.13,14.38,40.8,14.52
3,2.0022200000000003,1,17.7,15.26,8.01,21.04,15.85,23.96,12.24,9.34,14.26,39.79,14.17
4,2.0022200000000003,1,17.78,15.51,8.01,21.23,16.32,23.62,12.39,8.95,14.26,40.54,14.11
5,2.0022200000000003,1,17.7,15.32,7.98,21.14,16.05,23.73,12.39,9.02,14.2,40.04,14.06
6,2.0022200000000003,1,17.78,15.32,7.98,20.84,15.85,23.29,12.34,8.92,14.26,39.79,13.94
7,2.0022200000000003,1,17.7,15.2,7.98,20.65,15.72,22.96,12.24,9.02,14.2,39.55,13.78
8,2.0022200000000003,1,17.63,15.14,8.01,20.65,15.66,22.96,12.14,8.92,14.51,37.67,14.06
9,2.0022200000000003,1,17.78,15.2,8.04,20.75,15.59,22.96,12.39,8.95,14.26,39.06,14.06
10,2.0022200000000003,1,17.63,15.07,8.07,20.65,15.4,22.75,12.75,8.99,14.32,39.79,13.94
11,2.0022200000000003,1,17.55,15.14,8.11,20.94,15.59,22.86,12.29,8.95,14.32,40.04,14
12,2.0022200000000003,1,17.48,14.95,8.07,20.56,15.34,22.75,12.19,9.53,14.32,39.79,13.83
13,2.0022200000000003,1,17.48,14.95,8.14,20.75,15.34,22.75,12.19,9.09,14.38,39.79,14
14,2.0022200000000003,1,17.48,14.95,8.2,20.84,15.34,22.75,12.19,8.81,14.38,39.06,14
15,2.0022200000000003,1,17.55,14.95,8.23,20.94,15.34,22.75,12.29,9.64,14.44,39.79,14
16,2.0022200000000003,1,17.4,14.89,8.23,20.94,15.09,22.64,12.24,9.45,14.38,37.67,14.29
17,2.0022200000000003,1,17.4,14.83,8.27,20.84,15.03,22.54,12.19,8.99,14.44,41.84,14.34
18,2.0022200000000003,1,17.48,14.89,8.33,20.94,15.09,22.64,12.29,9.09,14.51,46.19,14.29
19,2.0022200000000003,1,17.33,14.65,8.3,20.65,14.85,22.44,11.95,9.02,14.51,38.83,14.17
20,2.0022200000000003,1,17.19,14.42,8.27,20.46,14.43,22.23,11.95,9.02,14.44,40.04,14.17
21,2.0022200000000003,1,17.4,14.77,8.43,20.75,14.97,22.86,12.29,9.42,14.57,40.54,14.88
22,2.0022200000000003,1,17.48,14.71,8.43,20.75,14.97,22.54,12.14,9.09,14.63,40.8,14.4
23,2.0022200000000003,1,17.48,14.59,8.46,20.75,15.15,22.33,12.19,9.09,14.63,40.54,14.29
24,2.0022200000000003,1,17.48,14.59,8.5,20.56,14.79,22.33,12.09,9.06,14.63,41.84,14.29
25,2.0022200000000003,1,17.48,14.59,8.5,20.37,14.67,22.33,12.29,9.09,14.7,40.8,14.17
26,2.0022200000000003,1,17.33,14.36,8.46,20.27,14.43,22.13,12.04,9.13,14.7,40.54,14.11
27,2.0022200000000003,1,17.4,14.3,8.46,20.27,14.26,21.93,12.09,9.13,14.7,40.54,14.06
28,2.0022200000000003,1,16.28,12.89,8.04,18.86,12.64,20.67,11.02,8.78,14.14,38.36,13.24
29,2.0022200000000003,1,17.33,14.07,8.53,20.09,14.2,21.93,12.04,9.13,14.76,40.54,14.34
30,2.0022200000000003,1,17.26,14.01,8.5,20,13.97,21.83,11.95,9.2,14.76,40.29,14.23
31,2.0022200000000003,1,16.62,13.3,8.27,19.2,13.32,21.05,11.29,9.06,14.38,40.54,13.67
32,2.0022200000000003,1,15.69,12.38,7.67,18.12,12.2,20.04,10.55,8.34,13.78,40.04,12.87
33,2.0022200000000003,1,16.42,13.2,8.33,19.2,13.16,21.05,11.29,8.95,14.51,38.83,13.45
34,2.0022200000000003,1,16.35,13.09,8.3,19.03,13.05,21.05,11.25,9.06,14.51,38.83,13.4
35,2.0022200000000003,1,16.76,13.57,8.46,19.55,13.64,21.43,11.75,9.27,14.76,39.3,13.83
36,2.0022200000000003,1,16.83,13.63,8.6,19.55,13.64,21.43,11.8,9.2,14.83,44.37,13.89
37,2.0022200000000003,1,16.9,13.63,8.67,19.55,13.64,21.43,11.85,9.27,14.89,40.54,14.4
38,2.0022200000000003,1,16.48,13.2,8.5,19.11,13.05,20.86,11.43,9.2,14.7,39.79,13.78
39,2.0022200000000003,1,16.69,13.36,8.63,19.29,13.32,21.14,11.57,9.2,14.89,39.79,14.11
40,2.0022200000000003,1,16.48,13.2,8.53,19.11,13.16,20.95,11.43,9.38,14.83,38.83,14.7
41,2.0022200000000003,1,16.62,13.25,8.67,19.2,13.21,21.05,11.61,9.27,14.96,41.05,14.46
42,2.0022200000000003,1,16.83,13.41,8.77,19.46,13.42,21.24,11.75,9.27,15.09,45.26,14.58
43,2.0022200000000003,1,16.62,13.3,8.77,19.29,13.26,21.14,11.9,9.2,14.89,41.32,14.46
44,2.0022200000000003,1,16.62,12.99,8.7,18.94,12.85,20.77,11.47,9.68,14.83,40.29,14.11
45,2.0022200000000003,1,16.55,12.83,8.63,18.77,12.5,20.58,11.34,8.92,14.83,38.36,13.94
46,2.0022200000000003,1,16.9,13.2,8.84,19.2,12.7,21.05,11.61,9.34,15.02,40.8,14.11
47,2.0022200000000003,1,16.9,13.09,8.87,19.03,12.7,20.95,11.71,9.31,15.02,40.29,14.11
48,2.0022200000000003,1,16.76,12.94,8.8,18.94,12.55,20.77,11.61,9.27,14.96,41.84,14.06
49,2.0022200000000003,1,16.62,12.78,8.8,18.86,12.3,20.67,11.47,9.31,15.02,39.06,14
50,2.0022200000000003,1,16.55,12.63,8.73,18.61,12.3,20.49,11.38,9.16,14.89,39.79,13.89
51,2.0022200000000003,1,16.69,12.68,8.84,18.69,12.35,20.67,11.66,9.31,14.89,38.83,13.94
52,2.0022200000000003,1,16.62,12.63,8.84,18.69,12.2,20.49,11.43,9.27,15.02,40.29,13.67
53,2.0022200000000003,1,16.62,12.53,8.84,18.52,12.11,20.49,11.38,9.27,15.02,39.3,13.72
54,2.0022200000000003,1,16.76,12.58,8.94,18.61,12.01,20.58,11.52,9.34,15.09,41.58,14.17
55,2.0022200000000003,1,16.62,12.43,8.91,18.44,11.96,20.4,11.38,9.27,15.02,40.29,14.17
56,2.0022200000000003,1,16.62,12.34,8.91,18.28,11.92,20.4,11.29,9.34,15.09,39.55,13.72
57,2.0022200000000003,1,16.55,12.34,8.94,18.36,12.01,20.31,11.34,9.34,15.09,38.12,13.56
58,2.0022200000000003,1,16.69,12.29,8.98,18.28,12.06,20.31,11.34,9.6,15.15,43.78,14.29
59,2.0022200000000003,1,16.76,12.38,9.05,18.36,12.06,20.4,11.43,9.49,15.22,40.29,14.17
60,2.0022200000000003,1,16.76,12.38,9.08,18.61,12.35,20.49,11.52,9.53,15.29,41.05,13.89
61,2.25964,1,16.83,12.34,9.08,18.28,12.01,20.31,11.47,9.45,15.29,40.54,13.89
62,2.25964,1,16.55,12,8.98,17.96,11.59,19.95,11.16,9.38,15.15,39.55,13.89
63,2.25964,1,16.48,11.9,8.98,17.88,11.55,19.86,11.25,9.34,15.15,39.3,13.72
64,2.25964,1,16.28,11.72,8.91,17.65,11.41,19.69,10.94,9.49,15.02,40.04,13.78
65,2.25964,1,16.42,11.72,8.98,17.65,11.55,19.86,11.07,9.45,15.15,39.3,14.06
66,2.25964,1,16.42,11.77,9.05,17.73,11.59,19.77,11.07,9.27,15.15,40.04,14.23
67,2.25964,1,16.55,11.9,9.16,17.88,11.68,19.95,11.29,9.68,15.29,40.29,14.11
68,2.25964,1,16.55,11.81,9.12,17.8,11.55,19.95,11.29,9.49,15.29,37.9,13.89
69,2.25964,1,16.35,11.63,9.08,17.57,11.32,19.69,11.11,9.42,15.15,40.04,13.61
70,2.25964,1,16.42,11.58,9.12,17.57,11.28,19.69,11.11,9.49,15.22,44.66,14.17
71,2.25964,1,16.35,11.49,9.12,17.5,10.93,19.43,10.98,9.64,15.22,40.8,13.78
72,2.25964,1,16.62,11.72,9.3,17.8,11.37,19.77,11.29,9.64,15.42,41.84,14.29
73,2.25964,1,16.42,11.49,9.23,17.5,11.15,19.6,11.11,9.53,15.42,40.29,14.29
74,2.25964,1,16.62,11.63,9.34,17.65,11.23,19.69,11.29,9.64,15.49,40.04,14.46
75,2.25964,1,16.69,11.72,9.41,17.73,11.32,19.77,11.43,9.6,15.56,42.38,14.52
76,2.25964,1,16.55,11.49,9.3,17.5,11.06,19.51,11.25,9.49,15.49,41.84,14.06
77,2.25964,1,16.42,11.27,9.3,17.27,10.76,19.34,11.16,9.53,15.49,40.8,14
78,2.25964,1,16.35,11.27,9.3,17.19,10.76,19.26,11.02,9.38,15.42,41.32,14.23
79,2.25964,1,16.28,11.14,9.26,17.05,10.63,19.09,10.85,9.45,15.42,41.58,14.34
80,2.25964,1,16.42,11.05,9.37,17.19,10.68,19.34,11.11,9.53,15.49,37.9,14.4
81,2.25964,1,16.35,11.22,9.34,17.05,10.59,19.26,11.11,9.83,15.49,39.55,13.89
82,2.25964,1,15.75,10.71,9.26,16.54,10.03,18.68,10.59,9.49,15.29,40.8,13.72
83,2.25964,1,15.88,10.58,9.16,16.47,9.87,18.52,10.43,9.42,15.22,40.8,13.61
84,2.25964,1,15.82,10.46,9.08,16.47,9.83,18.44,10.43,9.49,15.15,42.11,13.34
85,2.25964,1,15.69,10.3,9.05,16.26,9.64,18.36,10.26,9.53,15.15,38.59,13.29
86,2.25964,1,15.88,10.42,9.12,16.33,9.8,18.44,10.51,9.49,15.22,39.3,13.45
87,2.25964,1,15.88,10.42,9.16,16.54,9.76,18.52,10.55,9.75,15.29,39.06,13.29
88,2.25964,1,15.95,10.42,9.19,16.4,9.8,18.44,10.51,9.49,15.35,39.3,13.5
89,2.25964,1,15.88,10.34,9.19,16.33,9.72,18.44,10.51,9.57,15.29,40.54,13.5
90,2.25964,1,15.75,10.18,9.16,16.12,9.53,18.28,10.38,9.6,15.22,39.55,13.34
91,2.25964,1,15.69,10.14,9.16,16.05,9.49,18.13,10.34,9.75,15.29,38.12,13.34
92,2.25964,1,15.75,10.02,9.12,16.05,9.42,18.05,10.34,9.57,15.29,40.04,13.24
93,2.25964,1,15.62,9.9,9.08,15.85,9.31,17.89,10.22,9.49,15.22,38.59,13.18
94,2.25964,1,15.62,9.86,9.19,15.78,9.27,17.89,10.22,10.1,15.29,38.36,13.45
95,2.25964,1,15.69,9.94,9.19,15.92,9.27,17.97,10.38,9.68,15.35,39.79,13.5
96,2.25964,1,15.49,9.79,9.12,15.65,9.17,17.82,10.14,9.83,15.29,39.3,13.29
97,2.25964,1,15.37,9.67,9.12,15.46,9.06,17.74,10.1,9.53,15.22,38.12,13.29
98,2.25964,1,15.37,9.67,9.12,15.59,9.02,17.74,10.06,9.68,15.22,38.59,13.24
99,2.25964,1,15.37,9.75,9.16,15.52,9.02,17.82,10.1,9.68,15.29,37.67,12.57
100,2.25964,1,15.43,9.75,9.16,15.33,8.99,17.74,10.14,9.68,15.29,38.36,13.08
101,2.25964,1,15.49,9.75,9.12,15.39,8.99,17.82,10.18,9.91,15.29,36.57,13.18
102,2.25964,1,15.49,9.71,9.23,15.33,8.95,17.74,10.14,9.68,15.42,39.06,12.82
103,2.25964,1,15.43,9.63,9.16,15.26,8.88,17.67,9.94,9.6,15.29,39.55,13.03
104,2.25964,1,15.49,9.71,9.23,15.33,8.95,17.82,10.22,9.68,15.35,39.3,13.24
105,2.25964,1,15.49,9.67,9.26,15.26,8.85,17.74,10.02,9.83,15.42,38.36,13.24
106,2.25964,1,15.49,9.63,9.26,15.2,8.78,17.67,10.1,9.83,15.49,37.9,13.29
107,2.25964,1,15.49,9.6,9.3,15.14,8.81,17.59,10.26,9.83,15.49,40.54,13.29
108,2.25964,1,15.56,9.67,9.3,15.26,8.74,17.74,10.3,10.72,15.49,39.06,13.34
109,2.25964,1,15.43,9.56,9.34,15.01,8.74,17.59,10.18,9.87,15.49,36.57,12.87
110,2.25964,1,15.49,9.52,9.3,15.01,8.78,17.59,10.02,9.83,15.49,38.12,12.92
111,2.25964,1,15.49,9.56,9.34,15.01,8.71,17.52,10.18,9.91,15.56,38.36,13.18
112,2.25964,1,15.56,9.6,9.41,15.07,8.74,17.59,10.26,9.95,15.63,37.67,13.18
113,2.25964,1,15.82,9.79,9.52,15.26,8.85,17.82,10.51,9.95,15.84,38.83,13.4
114,2.25964,1,15.88,9.75,9.56,15.26,8.88,17.82,10.51,9.95,15.77,39.55,13.29
115,2.25964,1,15.82,9.75,9.6,15.26,8.92,17.82,10.55,9.91,15.84,39.79,13.4
116,2.25964,1,15.62,9.48,9.48,14.95,8.68,17.52,10.26,9.87,15.7,40.04,13.03
117,2.25964,1,16.01,9.86,9.71,15.39,9.13,17.89,10.81,10.06,15.98,40.04,13.61
118,2.25964,1,16.01,9.79,9.75,15.33,8.85,17.82,10.68,10.03,15.98,40.04,13.83
119,2.25964,1,15.49,9.37,9.48,14.76,8.51,17.3,10.22,9.79,15.56,39.55,13.56
120,2.25964,1,15.56,9.3,9.56,14.7,8.34,17.3,10.22,9.64,15.7,40.54,13.18
121,2.5039,1,15.49,9.26,9.56,14.64,8.24,17.08,10.3,9.87,15.77,39.06,12.67
122,2.5039,1,15.49,9.23,9.52,14.58,8.24,17.01,10.22,9.99,15.84,39.3,13.18
123,2.5039,1,15.49,9.26,9.56,14.64,8.28,17.08,10.26,9.95,15.7,39.3,12.92
124,2.5039,1,15.56,9.26,9.63,14.64,8.44,17.15,10.3,9.95,15.77,39.06,12.98
125,2.5039,1,15.56,9.26,9.63,14.64,8.37,17.08,10.14,10.34,15.77,39.3,13.03
126,2.5039,1,15.43,9.09,9.56,14.64,8.15,16.93,10.14,9.79,15.7,39.06,12.92
127,2.5039,1,15.49,9.12,9.63,14.46,8.28,17.08,10.22,9.91,15.77,38.83,13.08
128,2.5039,1,15.49,9.12,9.67,14.52,8.31,17.15,10.26,10.14,15.77,40.54,12.92
129,2.5039,1,15.56,9.12,9.67,14.46,8.28,17.22,10.22,9.83,15.77,39.55,12.82
130,2.5039,1,15.62,9.19,9.75,14.52,8.34,17.15,10.34,9.99,15.91,38.12,12.18
131,2.5039,1,15.62,9.16,9.79,14.52,8.34,17.15,10.38,9.95,15.98,38.83,12.62
132,2.5039,1,15.62,9.16,9.79,14.46,8.18,17.08,10.26,10.39,15.98,41.32,12.98
133,2.5039,1,15.56,9.09,9.79,14.34,8.08,17.01,10.51,9.87,15.91,43.5,13.03
134,2.5039,1,15.56,9.01,9.75,14.28,8.05,17.01,10.38,9.91,15.91,39.79,13.03
135,2.5039,1,15.49,8.98,9.79,14.22,7.99,16.86,10.22,9.95,15.91,40.54,13.03
136,2.5039,1,15.56,8.98,9.82,14.22,7.8,16.86,10.3,9.99,15.91,38.12,12.52
137,2.5039,1,15.56,9.01,9.82,14.4,7.83,16.93,10.34,9.99,15.98,39.06,13.08
138,2.5039,1,15.69,9.09,9.98,14.34,7.92,16.93,10.43,10.03,16.05,40.8,13.18
139,2.5039,1,15.62,8.98,10.02,14.22,7.83,16.86,10.3,10.03,16.05,39.55,12.72
140,2.5039,1,15.62,9.01,9.94,14.16,7.89,16.86,10.34,9.72,16.05,40.04,13.08
141,2.5039,1,15.56,8.94,9.98,14.11,7.83,16.79,10.34,9.99,16.05,40.29,12.92
142,2.5039,1,15.49,8.91,9.94,14.11,7.83,16.72,10.34,10.22,16.05,40.29,13.18
143,2.5039,1,15.62,9.01,10.06,14.16,7.83,16.86,10.47,10.76,16.2,40.54,13.29
144,2.5039,1,15.82,9.16,10.22,14.34,8.02,17.01,10.68,9.99,16.42,42.38,13.4
145,2.5039,1,15.69,8.98,10.14,14.16,7.86,16.86,10.47,10.03,16.27,40.8,13.34
146,2.5039,1,15.82,9.05,10.26,14.34,7.99,16.93,10.55,10.06,16.34,40.54,13.5
147,2.5039,1,15.75,8.94,10.26,14.16,7.8,16.86,10.51,10.22,16.27,41.32,13.4
148,2.5039,1,15.69,8.87,10.26,14.05,7.8,16.72,10.43,10.14,16.42,41.84,13.4
149,2.5039,1,15.69,8.84,10.26,14.05,7.8,16.65,10.38,10.03,16.34,40.04,13.24
150,2.5039,1,15.62,8.8,10.26,13.93,7.77,16.58,10.43,10.1,16.42,41.05,13.29
151,2.5039,1,15.82,8.94,10.38,14.11,7.77,16.72,10.63,10.1,16.49,41.58,13.83
152,2.5039,1,15.82,8.87,10.42,14.05,7.74,16.72,10.51,10.18,16.49,41.32,13.5
153,2.5039,1,15.56,8.67,10.3,13.88,7.68,16.44,10.26,9.99,16.34,40.8,13.29
154,2.5039,1,15.56,8.63,10.34,13.88,7.71,16.38,10.26,10.06,16.34,41.05,13.34
155,2.5039,1,15.62,8.7,10.38,13.82,7.77,16.44,10.38,10.03,16.42,39.79,13.29
156,2.5039,1,15.49,8.6,10.38,13.71,7.68,16.38,10.22,10.1,16.42,42.38,13.45
157,2.5039,1,15.43,8.63,10.46,13.76,7.58,16.38,10.38,10.1,16.42,40.8,13.4
158,2.5039,1,15.56,8.67,10.46,13.82,7.68,16.44,10.47,10.18,16.49,41.58,13.45
159,2.5039,1,15.43,8.57,10.46,13.65,7.52,16.31,10.22,10.18,16.42,42.11,13.24
160,2.5039,1,15.49,8.57,10.46,13.65,7.68,16.31,10.34,10.14,16.49,38.36,13.5
161,2.5039,1,15.62,8.74,10.62,13.82,7.74,16.51,10.38,10.06,16.64,41.05,13.45
162,2.5039,1,15.49,8.6,10.54,13.65,7.65,16.31,10.43,10.18,16.49,41.05,13.29
163,2.5039,1,15.49,8.53,10.54,13.6,7.52,16.31,10.43,10.14,16.49,41.05,13.29
164,2.5039,1,15.49,8.57,10.62,13.6,7.58,16.31,10.43,10.3,16.49,41.32,12.57
165,2.5039,1,15.43,8.5,10.58,13.54,7.65,16.24,10.38,10.22,16.49,41.32,13.24
166,2.5039,1,15.43,8.43,10.62,13.43,7.55,16.17,10.3,10.22,16.57,42.11,12.98
167,2.5039,1,15.62,8.57,10.75,13.6,7.68,16.31,10.47,10.39,16.64,40.8,13.45
168,2.5039,1,15.56,8.53,10.79,13.6,7.68,16.31,10.47,10.43,16.72,41.05,13.18
169,2.5039,1,15.37,8.37,10.66,13.32,7.52,16.04,10.26,10.18,16.57,40.54,13.4
170,2.5039,1,15.06,8.14,10.54,13.06,7.35,15.78,10.02,11.01,16.34,40.54,13.18
171,2.5039,1,15.37,8.33,10.71,13.27,7.49,16.04,10.34,11.92,16.57,41.32,13.45
172,2.5039,1,15.31,8.23,10.66,13.21,7.43,15.91,10.3,11.82,16.49,40.54,13.24
173,2.5039,1,15.31,8.23,10.79,13.11,7.38,15.91,10.18,11.87,16.57,39.79,13.29
174,2.5039,1,15.18,8.17,10.71,13.11,7.38,15.84,10.18,11.73,16.42,38.59,13.08
175,2.5039,1,15.37,8.11,10.66,13.06,7.35,15.78,10.14,11.59,16.49,37.22,13.24
176,2.5039,1,15.49,8.14,10.79,13.11,7.41,15.91,10.18,10.34,16.57,40.29,13.4
177,2.5039,1,15.49,8.11,10.83,13.06,7.41,15.91,10.22,10.34,16.64,40.8,13.24
178,2.5039,1,15.49,8.07,10.83,13.06,7.38,15.84,10.18,10.3,16.64,41.84,13.03
179,2.5039,1,15.49,8.11,10.88,13.06,7.38,15.84,10.22,10.51,16.72,43.22,12.87
180,2.5039,1,15.37,8.01,10.79,12.9,7.29,15.71,10.1,10.39,16.64,40.29,12.87
181,2.73536,1,15.31,7.95,10.83,12.79,7.23,15.58,9.94,10.34,16.64,40.54,12.77
182,2.73536,1,15.31,7.95,10.79,12.79,7.2,15.58,10.02,10.34,16.64,40.04,12.82
183,2.73536,1,15.37,7.98,10.88,12.85,7.26,15.65,9.94,10.34,16.64,40.04,12.18
184,2.73536,1,15.31,7.92,10.88,12.79,7.23,15.65,10.06,10.39,16.64,41.84,12.62
185,2.73536,1,15.24,7.92,10.88,12.69,7.2,15.58,10.06,10.39,16.64,40.29,12.57
186,2.73536,1,15.18,7.88,10.88,12.64,7.17,15.52,9.98,10.34,16.64,39.3,12.27
187,2.73536,1,15.18,7.92,10.92,12.74,7.2,15.58,10.06,10.39,16.72,40.29,12.57
188,2.73536,1,15.18,7.88,10.96,12.64,7.23,15.58,9.98,10.43,16.72,41.32,12.77
189,2.73536,1,15.24,7.95,11,12.69,7.23,15.78,10.18,10.43,16.72,44.07,12.92
190,2.73536,1,15.12,7.85,10.96,12.59,7.14,15.52,9.94,10.3,16.72,39.06,12.77
191,2.73536,1,15.12,7.85,10.96,12.54,7.17,15.52,10.02,10.51,16.72,40.54,12.92
192,2.73536,1,15.06,7.79,10.96,12.49,7.09,15.39,9.9,10.34,16.79,40.29,12.87
193,2.73536,1,15.12,7.85,11.05,12.59,7.17,15.45,10.02,10.43,16.79,38.59,12.98
194,2.73536,1,15.18,7.88,11.13,12.59,7.2,15.52,10.06,10.55,16.87,40.8,13.03
195,2.73536,1,14.75,7.79,11.05,12.49,7.2,15.39,9.98,10.67,16.72,40.29,12.87
196,2.73536,1,15.06,7.73,11.05,12.39,7.09,15.26,9.86,10.39,16.64,39.06,12.77
197,2.73536,1,15.12,7.76,11.09,12.44,7.11,15.26,9.9,10.51,16.79,40.29,12.98
198,2.73536,1,15.18,7.73,11.09,12.39,7.09,15.26,9.83,10.43,16.64,40.04,13.18
199,2.73536,1,15.31,7.85,11.22,12.59,7.2,15.39,10.06,10.51,16.87,40.29,13.08
200,2.73536,1,15.37,7.82,11.27,12.49,7.2,15.39,10.06,10.47,16.79,41.05,13.13
201,2.73536,1,15.24,7.76,11.22,12.39,7.11,15.26,9.94,10.51,16.87,40.54,12.87
202,2.73536,1,15.24,7.76,11.22,12.39,7.14,15.26,9.98,10.43,16.87,40.54,12.92
203,2.73536,1,15.31,7.82,11.35,12.44,7.2,15.52,10.02,10.51,16.95,38.12,13.08
204,2.73536,1,15.37,7.85,11.44,12.49,7.26,15.52,10.1,10.63,16.95,40.54,13.03
205,2.73536,1,15.18,7.73,11.31,12.29,7.11,15.26,9.98,10.55,16.87,40.8,12.82
206,2.73536,1,15.12,7.7,11.4,12.29,7.11,15.26,9.9,10.93,16.95,40.29,12.92
207,2.73536,1,15.18,7.7,11.4,12.24,7.11,15.2,10.22,10.47,16.95,39.55,12.92
208,2.73536,1,15.31,7.79,11.67,12.34,7.2,15.33,10.06,10.55,17.1,41.32,13.29
209,2.73536,1,15,7.67,11.53,12.24,7.14,15.2,9.98,10.47,16.95,40.8,13.24
210,2.73536,1,15.12,7.58,11.49,12.14,7.03,15.2,9.86,10.22,16.95,40.54,13.13
211,2.73536,1,15.18,7.67,11.53,12.19,7.09,15.2,9.79,10.34,17.03,40.8,13.13
212,2.73536,1,15.06,7.58,11.49,12.1,7.03,15.08,9.79,10.93,16.95,39.79,13.08
213,2.73536,1,15.12,7.64,11.58,12.19,7.09,15.14,9.94,10.63,17.03,38.59,13.24
214,2.73536,1,15.06,7.46,11.67,12.14,7.03,15.08,9.9,10.39,17.03,42.38,12.77
215,2.73536,1,15.12,7.61,11.76,12.24,7.17,15.33,10.06,10.59,17.26,41.05,13.34
216,2.73536,1,14.94,7.4,11.58,12,6.97,15.08,9.83,10.47,17.03,39.55,13.18
217,2.73536,1,15.06,7.46,11.63,12.05,7.03,15.02,9.9,10.55,17.1,40.54,13.24
218,2.73536,1,14.94,7.43,11.72,12,7,14.95,9.9,10.59,17.03,40.54,13.13
219,2.73536,1,14.94,7.46,11.76,12.05,7,15.02,9.9,10.93,17.03,40.8,13.29
220,2.73536,1,14.87,7.46,11.81,12.05,7.03,14.95,9.9,10.76,17.1,41.84,13.29
221,2.73536,1,14.87,7.28,11.67,11.9,6.86,14.71,9.71,10.72,17.03,40.04,12.77
222,2.73536,1,14.94,7.37,11.76,11.86,6.94,14.71,9.75,10.97,17.03,39.79,13.13
223,2.73536,1,15,7.55,11.9,11.95,7.03,14.83,9.86,11.01,17.1,40.8,13.08
224,2.73536,1,14.94,7.52,11.81,11.9,6.92,14.83,9.86,11.06,17.1,40.8,12.98
225,2.73536,1,14.75,7.37,11.86,11.81,6.97,14.71,9.79,11.1,17.03,41.05,12.92
226,2.73536,1,14.87,7.46,11.95,11.9,7.03,14.83,9.86,11.15,17.26,41.05,12.57
227,2.73536,1,14.69,7.31,11.86,11.76,6.89,14.59,9.67,10.93,17.03,39.55,12.92
228,2.73536,1,15,7.43,12.05,11.86,7,14.77,9.83,11.06,17.18,39.79,13.03
229,2.73536,1,15,7.43,12,11.86,7,14.71,9.9,11.06,17.26,40.29,13.24
230,2.73536,1,14.94,7.34,12.05,11.76,6.89,14.59,9.71,11.01,17.18,39.55,13.13
231,2.73536,1,14.87,7.31,12.05,11.62,6.83,14.59,9.67,11.06,17.18,40.8,13.08
232,2.73536,1,15,7.43,12.14,11.76,6.94,14.71,9.71,11.01,17.26,40.04,13.08
233,2.73536,1,14.94,7.34,12.14,11.72,6.92,14.59,9.75,11.15,17.18,40.54,13.08
234,2.73536,1,14.87,7.28,12.19,11.58,6.86,14.59,9.75,11.23,17.26,40.54,13.13
235,2.73536,1,14.94,7.34,12.19,11.67,6.89,14.59,9.79,11.15,17.34,40.8,13.18
236,2.73536,1,14.75,7.25,12.14,11.53,6.81,14.47,9.83,10.93,17.18,40.8,13.03
237,2.73536,1,14.81,7.28,12.19,11.58,6.86,14.53,9.67,10.97,17.26,40.8,13.03
238,2.73536,1,14.87,7.28,12.29,11.62,6.89,14.53,9.71,11.19,17.34,38.59,13.03
239,2.73536,1,14.87,7.31,12.33,11.58,6.97,14.53,9.75,11.28,17.5,40.04,13.03
240,2.73536,1,14.69,7.19,12.24,11.44,6.83,14.42,9.6,11.1,17.26,40.54,12.52
241,2.95438,1,14.81,7.25,12.33,11.53,6.94,14.47,9.67,11.46,17.34,41.58,12.92
242,2.95438,1,14.81,7.25,12.43,11.53,6.94,14.53,9.67,11.32,17.42,39.55,12.62
243,2.95438,1,14.75,7.25,12.43,11.49,6.94,14.47,9.67,11.46,17.34,41.32,12.52
244,2.95438,1,14.81,7.25,12.48,11.44,6.94,14.47,9.63,11.01,17.42,41.32,12.72
245,2.95438,1,14.69,7.11,12.38,11.3,6.81,14.3,9.48,11.23,17.26,40.04,12.47
246,2.95438,1,14.58,7.11,12.38,11.26,6.81,14.24,9.56,11.06,17.26,42.11,12.92
247,2.95438,1,14.4,6.94,12.29,11.04,6.61,14.07,9.3,10.93,17.1,40.29,12.67
248,2.95438,1,14.34,6.91,12.29,11,6.56,14.01,9.3,11.15,17.1,41.05,12.57
249,2.95438,1,14.17,6.8,12.14,10.87,6.43,13.84,9.12,11.23,17.03,39.79,12.13
250,2.95438,1,14.17,6.83,12.14,10.87,6.48,13.9,9.23,11.37,17.03,39.55,12.67
251,2.95438,1,14.11,6.83,12.19,10.91,6.51,13.9,9.23,11.69,17.1,40.04,12.23
252,2.95438,1,14.11,6.8,12.19,10.82,6.48,13.84,9.19,11.32,16.95,40.29,12.57
253,2.95438,1,14.11,6.77,12.19,10.78,6.43,13.84,9.19,10.93,16.95,39.79,12.42
254,2.95438,1,14.06,6.77,12.14,10.74,6.43,13.79,9.15,10.89,16.95,39.79,12.42
255,2.95438,1,14.11,6.74,12.19,10.74,6.43,13.79,9.05,11.37,16.95,38.12,12.47
256,2.95438,1,14,6.77,12.19,10.78,6.45,13.79,9.19,11.15,17.03,39.55,12.42
257,2.95438,1,14.23,6.83,12.29,10.78,6.53,13.9,9.3,11.37,17.1,40.8,12.47
258,2.95438,1,14.17,6.77,12.24,10.74,6.51,13.84,9.23,11.15,17.1,40.29,12.47
259,2.95438,1,14.17,6.8,12.24,10.82,6.53,13.84,9.19,11.1,17.1,37.9,12.52
260,2.95438,1,14.11,6.77,12.29,10.74,6.48,13.79,9.19,11.23,17.1,37.22,12.52
261,2.95438,1,14.17,6.8,12.38,10.78,6.53,13.84,9.23,11.32,17.18,40.54,12.42
262,2.95438,1,14.17,6.8,12.43,10.78,6.56,13.84,9.23,11.1,17.18,40.8,12.52
263,2.95438,1,14.17,6.83,12.43,10.78,6.56,13.84,9.45,11.19,17.18,41.58,12.47
264,2.95438,1,14.17,6.83,12.48,10.78,6.59,13.84,9.26,11.37,17.26,40.54,12.62
265,2.95438,1,14.11,6.85,12.48,10.82,6.64,13.9,9.3,11.28,17.26,41.84,12.72
266,2.95438,1,13.94,6.77,12.53,10.74,6.56,13.73,9.19,11.23,17.18,40.8,12.67
267,2.95438,1,14.11,6.83,12.58,10.74,6.56,13.84,9.23,11.37,17.26,40.54,12.77
268,2.95438,1,14.34,6.97,12.78,10.95,6.72,14.07,9.41,11.5,17.5,41.58,12.72
269,2.95438,1,14.58,7.11,12.88,11.08,6.86,14.24,9.45,11.28,17.58,41.32,13.03
270,2.95438,1,14.64,7.14,12.99,11.13,6.89,14.24,9.56,11.46,17.58,40.54,13.03
271,2.95438,1,14.69,7.19,13.25,11.22,6.97,14.3,9.6,11.41,17.75,41.58,13.03
272,2.95438,1,14.81,7.22,13.25,11.22,7,14.3,9.6,11.41,17.75,41.05,13.08
273,2.95438,1,14.64,7.05,13.14,11.08,6.83,14.07,9.41,11.55,17.67,41.05,12.98
274,2.95438,1,14.81,7.19,13.36,11.22,7,14.3,9.48,11.69,17.83,41.58,13.24
275,2.95438,1,14.58,6.97,13.2,10.87,6.72,13.96,9.3,11.5,17.58,39.55,12.92
276,2.95438,1,14.69,6.99,13.25,10.95,6.78,14.01,9.37,11.46,17.75,40.54,12.72
277,2.95438,1,14.58,6.94,13.25,10.87,6.78,13.9,9.19,11.46,17.67,40.04,12.98
278,2.95438,1,14.69,6.99,13.41,10.91,6.83,14.01,9.23,11.55,17.75,41.32,13.08
279,2.95438,1,14.58,6.91,13.3,10.78,6.75,14.01,9.19,11.46,17.67,41.05,13.03
280,2.95438,1,14.81,6.97,13.41,10.82,6.81,14.07,9.26,11.64,17.67,40.8,12.98
281,2.95438,1,14.75,6.94,13.36,10.82,6.75,14.01,9.23,11.64,17.75,41.32,12.98
282,2.95438,1,14.69,6.85,13.36,10.74,6.61,13.84,9.12,12.3,17.58,41.58,12.87
283,2.95438,1,13.83,6.34,12.88,10.01,6.04,12.98,8.4,11.23,16.95,36.78,12.08
284,2.95438,1,14.52,6.72,13.2,10.49,6.53,13.62,8.98,11.5,17.5,40.29,12.67
285,2.95438,1,14.64,6.74,13.3,10.57,6.59,13.73,9.05,11.37,17.5,39.79,12.72
286,2.95438,1,14.4,6.63,13.2,10.45,6.48,13.57,8.91,11.78,17.42,41.05,12.57
287,2.95438,1,14.58,6.74,13.46,10.57,6.64,13.79,9.12,11.41,17.58,40.54,12.72
288,2.95438,1,14.52,6.74,13.36,10.57,6.64,13.68,9.08,11.55,17.58,41.05,12.87
289,2.95438,1,14.46,6.72,13.41,10.53,6.61,13.68,8.98,11.59,17.67,42.38,12.57
290,2.95438,1,14.4,6.66,13.36,10.45,6.56,13.62,8.91,11.41,17.5,41.84,12.37
291,2.95438,1,14.17,6.55,13.25,10.28,6.43,13.35,8.8,11.41,17.42,40.54,12.18
292,2.95438,1,14.17,6.55,13.25,10.28,6.43,13.3,8.8,11.37,17.42,40.54,11.89
293,2.95438,1,14.17,6.58,13.3,10.28,6.48,13.46,8.8,11.69,17.42,40.8,11.94
294,2.95438,1,14,6.5,13.25,10.2,6.4,13.35,8.94,11.41,17.34,40.8,12.08
295,2.95438,1,14.17,6.63,13.46,10.41,6.51,13.46,8.91,11.55,17.5,40.54,12.37
296,2.95438,1,14.4,6.77,13.52,10.49,6.67,13.68,9.05,11.87,17.67,41.58,11.99
297,2.95438,1,14.17,6.69,13.41,10.45,6.56,13.62,8.94,11.69,17.5,40.29,11.89
298,2.95438,1,14.11,6.69,13.52,10.37,6.56,13.62,8.91,11.55,17.58,46.19,11.8
299,2.95438,1,14,6.58,13.36,10.24,6.48,13.51,8.77,11.46,17.42,38.59,11.75
300,2.95438,1,13.89,6.53,13.41,10.16,6.43,13.46,8.73,11.64,17.34,41.05,12.23
301,3.16132,2,13.89,6.5,13.36,10.16,6.4,13.25,8.7,11.5,17.34,40.29,12.13
302,3.16132,2,13.83,6.5,13.36,10.12,6.4,13.35,8.7,11.78,17.42,38.36,12.13
303,3.16132,2,13.83,6.47,13.36,10.08,6.3,13.3,8.77,11.5,17.26,42.11,12.18
304,3.16132,2,13.89,6.53,13.41,10.2,6.43,13.35,8.77,11.55,17.42,43.22,11.85
305,3.16132,2,13.89,6.55,13.46,10.2,6.4,13.41,8.77,11.55,17.5,41.05,11.94
306,3.16132,2,14.17,6.74,13.68,10.41,6.59,13.62,8.98,11.55,17.67,42.11,12.57
307,3.16132,2,13.94,6.58,13.63,10.2,6.43,13.41,8.77,11.46,17.5,40.04,12.32
308,3.16132,2,14.06,6.69,13.74,10.37,6.53,13.57,8.87,11.59,17.67,40.29,12.08
309,3.16132,2,14.11,6.69,13.85,10.37,6.56,13.57,8.87,11.5,17.67,42.38,12.52
310,3.16132,2,14.11,6.69,13.85,10.32,6.61,13.57,8.77,11.55,17.67,40.8,12.08
311,3.16132,2,14.28,6.83,14.07,10.49,6.81,13.73,8.98,12.01,17.83,41.84,12.27
312,3.16132,2,14.28,6.8,14.07,10.49,6.78,13.73,8.94,11.73,17.83,41.58,12.03
313,3.16132,2,14.06,6.66,13.96,10.28,6.64,13.51,8.77,12.21,17.67,41.32,11.99
314,3.16132,2,14.17,6.74,14.13,10.45,6.72,13.73,8.91,11.64,17.83,42.94,12.08
315,3.16132,2,14.28,6.8,14.24,10.45,6.75,13.62,8.91,11.87,17.91,43.22,12.32
316,3.16132,2,14.17,6.74,14.18,10.41,6.7,13.51,8.8,11.87,17.83,43.22,12.27
317,3.16132,2,14.17,6.8,14.3,10.45,6.75,13.57,8.8,11.82,17.91,41.32,12.32
318,3.16132,2,13.89,6.55,14.13,10.16,6.51,13.25,8.6,11.64,17.67,43.78,12.08
319,3.16132,2,13.67,6.47,14.01,10.05,6.45,13.14,8.4,11.59,17.58,41.32,11.99
320,3.16132,2,13.61,6.45,13.96,10.01,6.4,13.09,8.46,11.59,17.5,40.54,11.89
321,3.16132,2,13.72,6.47,13.96,10.01,6.43,13.14,8.5,11.59,17.5,40.54,12.03
322,3.16132,2,13.78,6.53,14.07,10.08,6.45,13.19,8.56,11.69,17.67,41.84,11.99
323,3.16132,2,13.72,6.55,14.13,10.12,6.45,13.19,8.6,11.69,17.67,40.8,12.03
324,3.16132,2,13.72,6.47,14.07,10.05,6.4,13.14,8.53,12.01,17.5,41.32,12.08
325,3.16132,2,13.78,6.53,14.13,10.05,6.45,13.19,8.56,11.73,17.58,39.55,12.18
326,3.16132,2,13.83,6.55,14.13,10.08,6.48,13.25,8.56,11.82,17.67,40.8,12.13
327,3.16132,2,13.72,6.45,14.07,9.97,6.38,13.14,8.46,11.41,17.5,40.54,11.89
328,3.16132,2,13.78,6.5,14.18,10.05,6.45,13.25,8.53,11.78,17.67,40.8,12.27
329,3.16132,2,13.67,6.42,14.13,9.93,6.38,13.09,8.43,11.92,17.58,40.29,11.75
330,3.16132,2,13.61,6.37,14.07,9.85,6.35,13.04,8.37,11.41,17.42,40.54,11.85
331,3.16132,2,13.61,6.45,14.07,9.89,6.43,13.09,8.43,11.59,17.42,40.29,12.03
332,3.16132,2,13.45,6.39,14.01,9.85,6.4,12.98,8.37,11.55,17.26,39.55,11.94
333,3.16132,2,13.56,6.39,14.07,9.85,6.43,13.04,8.37,11.46,17.34,40.04,11.85
334,3.16132,2,13.61,6.42,14.13,9.89,6.45,13.04,8.37,11.59,17.42,39.55,12.13
335,3.16132,2,13.61,6.42,14.3,9.85,6.43,13.04,8.37,11.59,17.34,40.29,11.94
336,3.16132,2,13.61,6.39,14.13,9.81,6.43,12.98,8.3,11.59,17.34,40.29,12.23
337,3.16132,2,13.61,6.39,14.18,9.81,6.4,12.98,8.27,11.69,17.34,41.05,12.08
338,3.16132,2,13.61,6.42,14.24,9.85,6.45,13.04,8.33,11.64,17.5,40.54,11.8
339,3.16132,2,13.61,6.45,14.24,9.85,6.45,13.04,8.33,12.3,17.42,40.29,11.85
340,3.16132,2,13.67,6.45,14.36,9.89,6.48,13.09,8.33,12.35,17.5,45.26,11.66
341,3.16132,2,13.72,6.5,14.42,9.93,6.53,13.09,8.37,12.45,17.5,40.8,12.03
342,3.16132,2,13.61,6.42,14.42,9.89,6.48,12.98,8.27,12.4,17.42,41.05,11.99
343,3.16132,2,13.67,6.45,14.42,9.93,6.51,13.04,8.3,11.64,17.5,41.84,12.08
344,3.16132,2,13.78,6.53,14.59,9.97,6.59,13.14,8.37,11.78,17.58,42.66,12.08
345,3.16132,2,13.78,6.5,14.59,9.93,6.56,13.09,8.2,11.55,17.58,40.8,12.08
346,3.16132,2,13.83,6.55,14.65,10.01,6.64,13.14,8.33,11.73,17.58,40.54,12.08
347,3.16132,2,14.06,6.72,14.89,10.24,6.78,13.35,8.5,11.78,17.83,43.22,12.57
348,3.16132,2,14.17,6.8,15.01,10.32,6.89,13.41,8.56,11.97,17.91,41.32,12.77
349,3.16132,2,14.11,6.72,15.08,10.28,6.83,13.35,8.43,11.92,17.91,42.38,12.42
350,3.16132,2,14.11,6.72,15.14,10.28,6.83,13.41,8.43,11.82,17.91,41.58,12.67
351,3.16132,2,14.11,6.72,15.2,10.28,6.81,13.68,8.4,12.11,18,41.58,12.23
352,3.16132,2,14.06,6.74,15.32,10.24,6.83,13.46,8.37,12.01,18,41.84,12.52
353,3.16132,2,14.06,6.74,15.32,10.24,6.86,13.51,8.37,12.16,18,42.11,12.67
354,3.16132,2,14,6.66,15.32,10.16,6.75,13.35,8.3,11.97,17.91,42.38,12.52
355,3.16132,2,13.94,6.66,15.32,10.16,6.78,13.41,8.3,12.06,17.91,42.38,12.72
356,3.16132,2,13.94,6.69,15.45,10.2,6.78,13.46,8.27,12.16,18.17,43.5,12.03
357,3.16132,2,13.94,6.66,15.45,10.2,6.78,13.3,8.5,12.21,18,43.22,12.52
358,3.16132,2,13.89,6.61,15.45,10.12,6.7,13.25,8.17,12.06,17.91,39.79,12.47
359,3.16132,2,13.83,6.55,15.39,10.01,6.64,13.19,8.14,12.11,17.91,42.66,12.47
360,3.16132,2,13.89,6.58,15.45,10.05,6.67,13.19,8.17,12.5,17.91,42.94,12.42
361,3.35654,2,13.67,6.5,15.39,9.93,6.61,13.09,8.2,12.11,17.83,42.38,12.23
362,3.35654,2,13.67,6.53,15.39,9.93,6.64,13.14,8.17,12.11,17.91,41.58,12.23
363,3.35654,2,13.67,6.5,15.39,10.01,6.61,13.14,8.14,12.16,17.91,42.11,12.13
364,3.35654,2,13.78,6.53,15.45,9.97,6.64,13.41,8.17,12.06,17.91,43.22,11.94
365,3.35654,2,13.78,6.55,15.51,10.01,6.67,13.14,8.14,12.06,17.91,41.84,12.32
366,3.35654,2,13.83,6.58,15.58,10.01,6.7,13.14,8.17,12.16,18,41.84,11.75
367,3.35654,2,13.89,6.66,15.71,10.08,6.81,13.25,8.27,12.21,18.08,42.38,12.23
368,3.35654,2,13.89,6.63,15.71,10.08,6.83,13.19,8.11,12.01,18,41.84,12.32
369,3.35654,2,13.78,6.58,15.71,10.01,6.72,13.14,8.11,12.11,18,44.66,12.27
370,3.35654,2,13.83,6.58,15.71,10.01,6.72,13.14,8.14,12.25,18,42.11,12.27
371,3.35654,2,13.83,6.61,15.9,10.01,6.75,13.14,8.11,12.21,18,42.11,12.23
372,3.35654,2,13.78,6.55,15.77,9.97,6.7,13.09,8.05,12.16,18,41.58,11.89
373,3.35654,2,13.89,6.61,15.84,10.05,6.78,13.14,8.08,12.25,18.08,40.54,12.27
374,3.35654,2,13.78,6.55,15.84,10.01,6.72,13.09,8.01,12.21,17.91,41.84,12.27
375,3.35654,2,13.89,6.66,16.03,10.08,6.83,13.25,8.11,12.25,18.17,43.78,12.42
376,3.35654,2,14,6.69,16.1,10.08,6.86,13.3,8.14,12.25,18.17,42.11,12.42
377,3.35654,2,13.94,6.66,16.17,10.08,6.86,13.3,8.08,12.4,18.17,42.11,12.62
378,3.35654,2,13.78,6.55,15.97,10.01,6.75,13.14,7.92,12.35,18.08,41.58,12.13
379,3.35654,2,13.72,6.55,15.97,9.97,6.72,13.14,8.11,12.4,18,41.32,12.18
380,3.35654,2,13.67,6.5,15.84,9.89,6.67,13.04,7.92,12.06,17.83,39.3,11.99
381,3.35654,2,13.72,6.53,16.03,9.93,6.75,13.14,7.8,12.35,18,41.32,12.13
382,3.35654,2,13.83,6.61,16.1,10.01,6.75,13.19,8.05,12.45,18.08,41.58,12.23
383,3.35654,2,13.89,6.63,16.17,10.05,6.83,13.14,7.95,12.25,18.17,41.32,12.32
384,3.35654,2,13.94,6.63,16.24,10.08,6.83,13.25,7.98,12.45,18.08,41.84,12.18
385,3.35654,2,13.83,6.55,16.1,10.01,6.75,13.14,7.89,12.21,18,41.58,11.99
386,3.35654,2,13.61,6.39,15.97,9.81,6.61,12.88,7.71,12.21,17.83,39.55,11.94
387,3.35654,2,13.56,6.37,15.97,9.81,6.59,12.83,7.71,12.3,17.91,41.05,11.94
388,3.35654,2,13.56,6.37,15.97,9.81,6.59,12.88,7.71,12.21,17.83,41.32,11.89
389,3.35654,2,13.5,6.37,15.9,9.81,6.56,12.93,7.74,12.21,17.75,38.59,11.94
390,3.35654,2,13.45,6.34,15.9,9.77,6.48,12.78,7.68,12.5,17.75,40.8,11.94
391,3.35654,2,13.45,6.37,15.9,9.77,6.51,12.78,7.74,12.5,17.75,40.04,11.94
392,3.35654,2,13.56,6.39,16.03,9.85,6.59,12.88,7.71,12.55,17.75,44.07,11.99
393,3.35654,2,13.5,6.37,15.97,9.77,6.56,12.83,7.68,12.6,17.83,41.05,11.99
394,3.35654,2,13.67,6.55,16.24,9.97,6.75,13.04,7.86,12.7,18,42.66,12.23
395,3.35654,2,13.29,6.29,16.03,9.66,6.48,12.73,7.59,12.21,17.75,40.54,11.94
396,3.35654,2,13.08,6.26,16.03,9.66,6.48,12.68,7.59,12.11,17.67,40.29,11.71
397,3.35654,2,13.67,6.58,16.24,10.01,6.78,13.09,7.95,12.35,18,41.32,12.03
398,3.35654,2,13.67,6.58,16.3,10.05,6.81,13.09,7.98,12.5,18,41.05,12.18
399,3.35654,2,13.72,6.58,16.44,10.08,6.81,13.09,7.92,12.5,18,42.38,12.18
400,3.35654,2,13.61,6.58,16.37,10.01,6.78,12.98,7.68,12.4,17.83,40.8,12.08
401,3.35654,2,13.72,6.55,16.51,10.05,6.78,13.04,7.68,12.85,18,42.11,12.18
402,3.35654,2,13.4,6.5,16.51,9.97,6.75,12.98,7.68,12.91,18,41.05,12.08
403,3.35654,2,13.61,6.61,16.65,10.08,6.83,13.14,7.8,12.6,18.08,41.58,12.03
404,3.35654,2,13.56,6.53,16.58,10.01,6.78,12.98,7.68,12.5,18,41.32,11.94
405,3.35654,2,13.72,6.58,16.65,10.05,6.83,12.98,7.74,13.93,18,40.54,12.13
406,3.35654,2,13.78,6.63,16.79,10.12,6.89,13.09,7.77,14.33,18.08,39.06,12.13
407,3.35654,2,13.56,6.5,16.65,9.97,6.72,12.93,7.62,14.57,17.91,46.51,12.08
408,3.35654,2,13.5,6.45,16.65,9.89,6.64,12.83,7.53,14.33,17.91,42.66,11.99
409,3.35654,2,13.5,6.45,16.65,9.85,6.67,12.88,7.56,13.93,17.91,40.04,11.94
410,3.35654,2,13.45,6.42,16.58,9.85,6.67,12.78,7.53,14.05,17.91,41.05,11.8
411,3.35654,2,13.72,6.63,16.86,10.05,6.86,13.09,7.74,14.33,18.17,42.11,12.23
412,3.35654,2,13.56,6.5,16.79,9.85,6.72,12.93,7.5,13.93,18.08,41.05,12.03
413,3.35654,2,13.61,6.47,16.93,9.81,6.67,12.88,7.56,14.22,18.08,42.66,12.08
414,3.35654,2,13.67,6.53,16.93,9.93,6.75,12.98,7.62,14.33,18.17,41.58,12.08
415,3.35654,2,13.5,6.42,16.86,9.66,6.61,12.88,7.47,13.71,18.08,40.04,11.94
416,3.35654,2,13.5,6.42,16.79,9.85,6.61,12.88,7.5,13.99,18.08,41.05,11.89
417,3.35654,2,13.24,6.29,16.72,9.66,6.51,12.73,7.38,13.88,17.91,38.12,11.85
418,3.35654,2,13.34,6.34,16.72,9.73,6.53,12.78,7.44,14.1,18,39.06,11.8
419,3.35654,2,13.34,6.34,16.72,9.73,6.56,12.78,7.53,14.1,18,40.54,11.8
420,3.35654,2,13.34,6.32,16.72,9.7,6.51,12.78,7.5,13.99,17.91,39.55,11.66
421,3.885909396903379,2,13.34,6.29,16.72,9.7,6.48,12.88,7.38,14.05,17.91,40.04,11.66
422,3.885909396903379,2,13.24,6.21,16.58,9.58,6.43,12.68,7.35,13.76,17.83,37.9,11.57
423,3.885909396903379,2,13.18,6.21,16.58,9.58,6.43,12.68,7.35,13.82,17.75,40.29,11.75
424,3.885909396903379,2,13.18,6.21,16.58,9.58,6.45,12.73,7.32,12.06,17.91,40.8,11.66
425,3.885909396903379,2,13.29,6.26,16.65,9.66,6.48,12.68,7.41,11.87,17.91,40.29,11.62
426,3.885909396903379,2,13.29,6.26,16.65,9.62,6.51,12.68,7.35,11.97,17.91,40.29,11.75
427,3.885909396903379,2,13.29,6.29,16.72,9.62,6.51,12.63,7.38,11.97,17.91,41.84,11.8
428,3.885909396903379,2,13.24,6.29,16.72,9.62,6.48,12.58,7.32,11.97,17.91,40.29,11.71
429,3.885909396903379,2,12.98,6.11,16.51,9.4,6.32,12.38,7.15,11.87,17.67,39.06,11.52
430,3.885909396903379,2,13.08,6.21,16.58,9.51,6.43,12.53,7.29,12.01,17.75,37.44,11.66
431,3.885909396903379,2,13.08,6.21,16.58,9.51,6.45,12.53,7.32,11.92,17.75,39.55,11.57
432,3.885909396903379,2,13.18,6.29,16.65,9.62,6.51,12.58,7.35,11.97,17.83,39.79,11.85
433,3.885909396903379,2,13.03,6.21,16.65,9.43,6.45,12.48,7.29,11.97,17.75,38.59,11.66
434,3.885909396903379,2,12.98,6.21,16.58,9.43,6.43,12.48,7.21,12.01,17.75,38.59,11.17
435,3.885909396903379,2,13.03,6.19,16.65,9.4,6.4,12.48,7.21,11.78,17.75,39.3,11.85
436,3.885909396903379,2,12.98,6.16,16.65,9.36,6.4,12.33,7.27,12.06,17.58,39.55,11.85
437,3.885909396903379,2,13.08,6.19,16.72,9.4,6.43,12.53,7.21,11.87,17.75,40.04,11.94
438,3.885909396903379,2,13.08,6.19,16.72,9.4,6.43,12.53,7.18,12.25,17.75,38.12,11.99
439,3.885909396903379,2,13.08,6.16,16.72,9.36,6.43,12.53,7.21,12.06,17.67,38.83,12.08
440,3.885909396903379,2,12.98,6.11,16.72,9.29,6.35,12.43,7.13,12.35,17.67,39.06,11.94
441,3.885909396903379,2,13.08,6.19,16.72,9.4,6.43,12.53,7.18,12.01,17.75,39.55,11.8
442,3.885909396903379,2,13.03,6.16,16.72,9.32,6.4,12.43,7.21,12.4,17.67,39.55,11.89
443,3.885909396903379,2,13.13,6.21,16.86,9.47,6.45,12.53,7.35,12.01,17.83,39.79,11.99
444,3.885909396903379,2,13.18,6.24,16.93,9.51,6.48,12.53,7.21,12.16,17.83,39.55,12.13
445,3.885909396903379,2,13.08,6.16,16.86,9.4,6.4,12.48,7.15,12.11,17.75,39.06,11.89
446,3.885909396903379,2,13.03,6.16,16.86,9.43,6.4,12.48,7.15,11.92,17.75,38.83,11.85
447,3.885909396903379,2,13.08,6.19,16.93,9.47,6.45,12.48,7.15,12.11,17.75,40.04,12.13
448,3.885909396903379,2,13.03,6.19,16.93,9.43,6.43,12.48,7.13,12.21,17.75,40.29,11.8
449,3.885909396903379,2,13.08,6.21,17,9.51,6.45,12.53,7.15,12.16,17.75,40.04,12.13
450,3.885909396903379,2,13.4,6.39,17.21,9.7,6.67,12.78,7.32,12.25,18.08,41.58,12.32
451,3.885909396903379,2,13.4,6.42,17.29,9.73,6.7,12.78,7.29,12.35,18,43.22,12.37
452,3.885909396903379,2,13.4,6.39,17.36,9.73,6.67,12.78,7.27,12.25,18,40.29,12.32
453,3.885909396903379,2,13.45,6.42,17.43,9.73,6.7,12.78,7.27,12.21,18.08,40.8,12.37
454,3.885909396903379,2,13.4,6.39,17.43,9.7,6.67,12.73,7.21,12.45,18,40.54,12.27
455,3.885909396903379,2,13.34,6.37,17.43,9.66,6.56,12.68,7.32,12.55,18,40.04,12.23
456,3.885909396903379,2,13.29,6.32,17.58,9.62,6.59,12.63,7.1,12.3,17.91,41.32,12.18
457,3.885909396903379,2,13.34,6.37,17.51,9.66,6.61,12.68,7.13,12.55,18,40.29,12.18
458,3.885909396903379,2,13.29,6.34,17.51,9.62,6.61,12.58,7.1,12.4,17.83,41.05,12.03
459,3.885909396903379,2,13.4,6.34,17.58,9.66,6.64,12.68,7.13,12.4,18,42.38,12.13
460,3.885909396903379,2,13.24,6.29,17.51,9.58,6.53,12.58,7.07,12.4,17.91,40.54,12.08
461,3.885909396903379,2,13.24,6.29,17.58,9.58,6.56,12.58,7.07,12.8,17.91,40.8,12.18
462,3.885909396903379,2,13.29,6.32,17.51,9.62,6.59,12.63,7.07,12.35,18,40.04,12.08
463,3.885909396903379,2,13.34,6.34,17.66,9.7,6.61,12.68,7.1,12.5,18,42.11,12.08
464,3.885909396903379,2,13.29,6.34,17.66,9.62,6.61,12.63,7.07,12.55,18,40.54,12.08
465,3.885909396903379,2,13.29,6.37,17.73,9.66,6.64,12.68,7.04,12.5,18,40.8,12.08
466,3.885909396903379,2,13.29,6.34,17.81,9.66,6.61,12.63,7.04,12.45,18.08,45.26,12.08
467,3.885909396903379,2,13.34,6.34,17.81,9.66,6.61,12.68,7.01,12.91,18.08,41.58,12.08
468,3.885909396903379,2,13.13,6.24,17.66,9.51,6.51,12.53,6.99,12.45,18,40.29,11.8
469,3.885909396903379,2,13.29,6.29,17.88,9.62,6.61,12.68,7.07,13.06,18.08,40.04,12.23
470,3.885909396903379,2,13.18,6.24,17.73,9.51,6.51,12.53,6.96,12.55,18,39.79,12.08
471,3.885909396903379,2,13.13,6.21,17.81,9.47,6.51,12.53,7.04,12.6,18,40.8,12.18
472,3.885909396903379,2,13.34,6.34,17.96,9.66,6.64,12.73,7.07,12.6,18.17,40.29,12.32
473,3.885909396903379,2,12.87,6.06,17.58,9.29,6.35,12.33,6.82,12.55,17.83,39.3,11.8
474,3.885909396903379,2,12.82,6.01,17.43,9.22,6.3,12.28,6.82,12.3,17.75,40.29,11.71
475,3.885909396903379,2,13.24,6.32,17.81,9.58,6.61,12.68,7.13,12.5,18.08,41.32,12.08
476,3.885909396903379,2,13.29,6.34,17.88,9.62,6.64,12.73,7.1,12.91,18.08,40.54,12.08
477,3.885909396903379,2,12.82,6.04,17.58,9.25,6.32,12.28,6.8,12.96,17.75,40.29,11.52
478,3.885909396903379,2,13.4,6.42,18.04,9.7,6.72,12.78,7.13,12.85,18.25,41.84,11.99
479,3.885909396903379,2,13.34,6.42,18.11,9.7,6.72,12.78,7.01,12.85,18.17,41.05,11.99
480,3.885909396903379,2,13.34,6.37,18.11,9.66,6.7,12.73,7.04,13.01,18.25,42.66,11.99
481,3.974504784498685,2,13.45,6.45,18.35,9.77,6.78,12.88,7.13,12.96,18.43,42.66,11.94
482,3.974504784498685,2,13.5,6.47,18.43,9.77,6.78,12.88,7.1,12.96,18.34,41.84,12.18
483,3.974504784498685,2,13.45,6.47,18.43,9.77,6.78,12.83,7.01,12.75,18.34,41.84,12.13
484,3.974504784498685,2,13.34,6.37,18.43,9.66,6.7,12.73,6.96,12.8,18.25,41.84,11.85
485,3.974504784498685,2,13.34,6.37,18.43,9.7,6.7,12.73,6.93,12.96,18.34,42.11,11.94
486,3.974504784498685,2,13.29,6.34,18.35,9.62,6.67,12.73,6.99,12.91,18.25,40.8,11.94
487,3.974504784498685,2,13.4,6.45,18.51,9.73,6.78,12.83,7.04,13.11,18.34,42.11,12.03
488,3.974504784498685,2,13.18,6.19,18.11,9.51,6.59,12.58,6.88,12.8,18.17,38.59,11.71
489,3.974504784498685,2,13.4,6.45,18.51,9.73,6.75,12.83,7.15,12.96,18.34,41.58,12.03
490,3.974504784498685,2,13.29,6.39,18.43,9.66,6.7,12.73,6.96,13.49,18.25,42.94,11.99
491,3.974504784498685,2,13.34,6.39,18.59,9.66,6.75,12.73,6.96,12.96,18.34,41.58,12.13
492,3.974504784498685,2,13.34,6.39,18.59,9.66,6.72,12.78,6.99,13.17,18.43,41.58,12.03
493,3.974504784498685,2,13.08,6.19,18.43,9.43,6.48,12.48,6.69,13.11,18.17,42.11,11.71
494,3.974504784498685,2,13.4,6.42,18.67,9.7,6.75,12.83,7.1,13.06,18.43,44.07,12.03
495,3.974504784498685,2,13.4,6.42,18.67,9.7,6.75,12.78,6.99,12.75,18.43,42.11,11.62
496,3.974504784498685,2,13.4,6.42,18.67,9.7,6.75,12.78,6.96,12.85,18.43,40.8,11.94
497,3.974504784498685,2,13.4,6.39,18.75,9.7,6.72,12.78,6.93,12.96,18.34,40.29,12.08
498,3.974504784498685,2,13.24,6.29,18.51,9.55,6.64,12.63,6.8,12.85,18.25,40.29,11.89
499,3.974504784498685,2,13.4,6.39,18.91,9.66,6.72,12.78,6.9,13.27,18.43,41.58,11.99
500,3.974504784498685,2,13.29,6.34,18.67,9.58,6.67,12.68,6.82,12.91,18.34,41.58,11.89
501,3.974504784498685,2,13.34,6.37,18.75,9.62,6.7,12.73,6.9,12.85,18.34,41.05,11.99
502,3.974504784498685,2,13.29,6.32,18.75,9.58,6.64,12.63,6.85,12.7,18.25,39.06,11.94
503,3.974504784498685,2,13.34,6.37,18.75,9.62,6.7,12.68,6.9,12.8,18.34,40.8,11.94
504,3.974504784498685,2,13.24,6.34,18.75,9.58,6.64,12.68,6.9,12.91,18.25,41.05,12.03
505,3.974504784498685,2,13.13,6.29,18.67,9.51,6.61,12.58,6.8,12.96,18.17,40.29,11.89
506,3.974504784498685,2,13.24,6.37,18.75,9.62,6.7,12.68,6.85,12.91,18.25,40.8,11.94
507,3.974504784498685,2,13.24,6.34,18.75,9.58,6.64,12.63,6.82,13.17,18.17,37.67,11.94
508,3.974504784498685,2,12.98,6.21,18.51,9.43,6.53,12.48,6.72,12.85,18,40.04,11.66
509,3.974504784498685,2,12.98,6.19,18.59,9.4,6.51,12.43,6.64,12.85,18,38.59,11.75
510,3.974504784498685,2,12.92,6.16,18.59,9.36,6.48,12.43,6.66,12.85,18,40.04,11.66
511,3.974504784498685,2,12.92,6.16,18.51,9.36,6.45,12.38,6.66,12.6,17.91,38.83,11.71
512,3.974504784498685,2,12.87,6.14,18.51,9.32,6.45,12.38,6.64,12.65,17.91,45.57,11.52
513,3.974504784498685,2,12.87,6.16,18.43,9.32,6.48,12.38,6.64,12.55,17.83,39.79,11.62
514,3.974504784498685,2,12.87,6.14,18.51,9.32,6.48,12.38,6.64,12.65,17.83,39.55,11.71
515,3.974504784498685,2,12.98,6.19,18.67,9.4,6.53,12.48,6.69,13.11,18,40.54,11.75
516,3.974504784498685,2,12.98,6.24,18.67,9.43,6.59,12.53,6.72,12.8,18,38.83,11.8
517,3.974504784498685,2,12.92,6.16,18.67,9.36,6.51,12.43,6.66,12.8,18,39.3,11.57
518,3.974504784498685,2,13.03,6.29,18.75,9.51,6.64,12.58,6.77,13.27,18.08,40.04,11.8
519,3.974504784498685,2,12.98,6.26,18.75,9.47,6.59,12.53,6.72,12.75,18.08,40.29,11.71
520,3.974504784498685,2,12.87,6.26,18.75,9.47,6.59,12.53,6.69,12.91,18,39.79,11.8
521,3.974504784498685,2,12.87,6.16,18.75,9.36,6.51,12.48,6.64,12.85,18,39.55,11.66
522,3.974504784498685,2,13.08,6.32,18.99,9.58,6.7,12.68,6.82,13.06,18.17,41.84,11.94
523,3.974504784498685,2,12.98,6.29,18.99,9.51,6.64,12.63,6.69,13.01,18.17,40.04,11.85
524,3.974504784498685,2,13.13,6.34,19.07,9.58,6.7,12.68,6.74,13.33,18.25,42.38,11.89
525,3.974504784498685,2,13.08,6.32,19.07,9.55,6.64,12.63,6.66,13.6,18.17,40.29,11.8
526,3.974504784498685,2,13.13,6.26,18.99,9.47,6.59,12.58,6.61,12.91,18.17,37.9,11.85
527,3.974504784498685,2,13.03,6.21,19.07,9.4,6.56,12.48,6.58,12.96,18.08,40.04,11.8
528,3.974504784498685,2,13.08,6.24,18.99,9.43,6.59,12.53,6.64,12.91,18.08,40.54,11.8
529,3.974504784498685,2,12.13,5.64,18.19,8.73,5.92,11.71,6.01,12.4,17.34,38.12,10.91
530,3.974504784498685,2,13.03,6.21,18.91,9.43,6.59,12.53,6.69,12.85,18.08,39.79,11.71
531,3.974504784498685,2,12.67,5.86,18.35,8.93,6.32,12.19,6.38,12.6,17.75,39.3,11.3
532,3.974504784498685,2,12.04,5.55,17.88,8.59,5.84,11.62,6.15,12.4,17.18,37,10.87
533,3.974504784498685,2,11.85,5.48,17.66,8.49,5.75,11.53,6.03,12.35,17.1,38.36,10.74
534,3.974504784498685,2,11.99,5.57,17.73,8.62,5.84,11.71,6.18,12.3,17.26,35.31,10.78
535,3.974504784498685,2,11.99,5.52,17.51,8.59,5.82,11.67,6.15,12.3,17.1,37.67,10.74
536,3.974504784498685,2,13.08,6.26,18.59,9.47,6.59,12.63,6.85,12.7,18,38.59,11.34
537,3.974504784498685,2,13.24,6.34,18.83,9.55,6.7,12.73,6.77,13.01,18.17,41.32,11.43
538,3.974504784498685,2,13.29,6.39,18.99,9.62,6.72,12.78,6.74,13.38,18.25,40.8,11.75
539,3.974504784498685,2,13.13,6.26,18.91,9.47,6.59,12.63,6.61,13.44,18.08,39.3,11.57
540,3.974504784498685,2,13.29,6.37,19.16,9.58,6.7,12.68,6.69,13.17,18.17,41.05,11.66
541,4.026476880206171,3,13.03,6.24,18.91,9.4,6.56,12.48,6.51,12.91,18,40.29,11.39
542,4.026476880206171,3,13.13,6.29,19.16,9.47,6.64,12.58,6.56,13.49,18.08,38.59,11.48
543,4.026476880206171,3,13.08,6.26,19.16,9.43,6.61,12.53,6.66,13.06,18.08,41.05,11.52
544,4.026476880206171,3,13.18,6.32,19.24,9.51,6.67,12.63,6.61,13.17,18.08,40.54,11.62
545,4.026476880206171,3,13.18,6.34,19.24,9.51,6.7,12.63,6.58,13.17,18.17,40.54,11.71
546,4.026476880206171,3,13.29,6.39,19.41,9.58,6.75,12.68,6.61,13.17,18.17,39.79,11.94
547,4.026476880206171,3,13.13,6.37,19.41,9.55,6.72,12.63,6.56,14.63,18.17,41.58,11.66
548,4.026476880206171,3,12.87,6.26,19.41,9.47,6.61,12.53,6.48,13.22,18.17,40.8,11.57
549,4.026476880206171,3,13.08,6.26,19.33,9.43,6.61,12.53,6.48,12.91,18.08,40.29,11.66
550,4.026476880206171,3,13.24,6.34,19.49,9.55,6.7,12.63,6.56,13.33,18.17,40.29,11.75
551,4.026476880206171,3,13.24,6.34,19.58,9.51,6.7,12.63,6.56,13.06,18.17,39.79,11.75
552,4.026476880206171,3,13.24,6.32,19.49,9.47,6.67,12.58,6.51,13.11,18.08,40.29,11.71
553,4.026476880206171,3,13.18,6.32,19.49,9.47,6.67,12.53,6.46,13.06,18.08,42.66,11.66
554,4.026476880206171,3,13.13,6.26,19.49,9.47,6.64,12.48,6.43,13.11,18.08,41.58,11.66
555,4.026476880206171,3,13.24,6.32,19.58,9.47,6.7,12.58,6.48,13.22,18.17,40.8,11.71
556,4.026476880206171,3,13.29,6.32,19.75,9.47,6.67,12.58,6.48,13.06,18.25,41.05,11.85
557,4.026476880206171,3,13.18,6.26,19.67,9.4,6.61,12.53,6.43,13.44,18.17,40.29,11.57
558,4.026476880206171,3,12.87,6.09,19.33,9.22,6.43,12.28,6.28,13.01,17.91,38.59,11.3
559,4.026476880206171,3,12.77,6.01,19.41,9.11,6.38,12.19,6.25,13.17,17.91,39.79,11.48
560,4.026476880206171,3,12.77,6.04,19.24,9.11,6.38,12.23,6.28,13.22,17.91,39.3,11.26
561,4.026476880206171,3,12.77,6.01,19.24,9.11,6.35,12.23,6.3,13.01,17.91,39.3,11.21
562,4.026476880206171,3,12.67,5.99,19.16,9.07,6.32,12.19,6.28,12.91,17.91,38.36,11.26
563,4.026476880206171,3,12.57,5.94,19.07,9.04,6.27,12.14,6.25,12.91,17.91,39.06,11.17
564,4.026476880206171,3,12.77,6.04,19.24,9.14,6.4,12.33,6.35,13.01,18,39.79,11.26
565,4.026476880206171,3,12.67,5.99,19.07,9.07,6.32,12.19,6.25,12.91,17.91,39.3,11.21
566,4.026476880206171,3,12.42,5.84,18.83,8.9,6.17,12.04,6.15,12.8,17.67,38.12,11.04
567,4.026476880206171,3,12.52,5.91,18.99,8.97,6.25,12.14,6.23,12.85,17.75,39.06,11.08
568,4.026476880206171,3,12.52,5.94,18.99,9,6.27,12.14,6.23,12.91,17.83,39.79,11.21
569,4.026476880206171,3,12.67,5.96,19.07,9.04,6.32,12.19,6.28,12.96,17.83,39.06,10.99
570,4.026476880206171,3,12.57,5.94,18.99,9,6.27,12.19,6.28,13.11,17.75,37.9,11.08
571,4.026476880206171,3,12.62,5.96,19.07,9.04,6.3,12.19,6.25,13.17,17.83,38.83,11.12
572,4.026476880206171,3,12.62,5.96,18.99,9.04,6.3,12.19,6.28,12.96,17.83,39.79,11.21
573,4.026476880206171,3,12.62,5.96,18.99,9.04,6.3,12.19,6.25,12.96,17.75,40.29,10.95
574,4.026476880206171,3,12.57,5.96,18.99,9.04,6.25,12.14,6.28,12.91,17.75,37.22,11.04
575,4.026476880206171,3,12.57,5.96,18.99,9.04,6.27,12.14,6.18,12.96,17.75,39.3,11.21
576,4.026476880206171,3,12.67,5.99,19.07,9.07,6.32,12.19,6.23,13.01,17.75,39.06,11.3
577,4.026476880206171,3,12.72,6.04,19.16,9.11,6.35,12.23,6.25,13.11,17.83,40.04,11.21
578,4.026476880206171,3,12.72,6.01,19.16,9.11,6.32,12.23,6.23,13.01,18,37.44,11.3
579,4.026476880206171,3,12.67,5.99,19.16,9.07,6.32,12.19,6.23,13.33,17.83,38.83,11.17
580,4.026476880206171,3,12.67,5.99,19.16,9.07,6.3,12.19,6.2,12.91,17.83,39.06,11.17
581,4.026476880206171,3,11.26,5.05,17.66,7.97,5.28,10.87,5.34,11.82,16.49,35.72,9.93
582,4.026476880206171,3,11.04,4.89,17.21,7.73,5.12,10.74,5.34,11.87,16.27,34.51,9.66
583,4.026476880206171,3,10.95,4.87,17,7.73,5.14,10.83,5.45,11.87,16.27,37.44,9.7
584,4.026476880206171,3,11,4.96,16.93,7.85,5.18,10.96,5.52,12.85,16.34,34.71,9.78
585,4.026476880206171,3,10.95,4.94,16.72,7.82,5.18,10.96,5.52,11.78,16.2,33.55,9.7
586,4.026476880206171,3,10.95,4.94,16.58,7.82,5.18,11.09,5.52,11.73,16.2,34.71,9.7
587,4.026476880206171,3,10.95,4.94,16.51,7.79,5.16,11.09,5.52,11.92,16.2,34.31,9.81
588,4.026476880206171,3,11,4.94,16.44,7.85,5.16,11.04,5.52,11.73,16.2,34.51,9.59
589,4.026476880206171,3,11.04,4.98,16.44,7.85,5.21,11.13,5.54,11.78,16.27,34.51,9.78
590,4.026476880206171,3,11.04,4.98,16.44,7.85,5.23,11.13,5.59,12.21,16.27,33.93,9.78
591,4.026476880206171,3,11.35,5.18,16.58,8.13,5.46,11.44,5.77,12.06,16.57,34.51,10.13
592,4.026476880206171,3,11.35,5.18,16.72,8.1,5.44,11.35,5.8,11.92,16.57,34.91,10.05
593,4.026476880206171,3,11.3,5.18,16.65,8.13,5.41,11.31,5.7,12.25,16.42,34.91,10.09
594,4.026476880206171,3,11.3,5.2,16.65,8.1,5.41,11.31,5.75,11.97,16.42,35.31,10.09
595,4.026476880206171,3,11.39,5.22,16.72,8.16,5.46,11.35,5.75,12.06,16.49,34.91,10.13
596,4.026476880206171,3,11.39,5.25,16.58,8.16,5.48,11.35,5.8,12.25,16.57,33.36,10.21
597,4.026476880206171,3,11.08,5.05,16.37,7.91,5.28,11.09,5.63,11.82,16.27,38.12,9.89
598,4.026476880206171,3,11.21,5.16,16.51,8.04,5.41,11.22,5.73,11.97,16.72,36.57,9.89
599,4.026476880206171,3,11.26,5.18,16.51,8.07,5.41,11.26,5.75,11.97,16.49,34.12,9.89
600,4.026476880206171,3,12.92,6.37,18.04,9.47,6.64,12.83,6.82,13.01,17.83,39.79,11.52
601,4.072888917607083,3,12.87,6.32,18.35,9.43,6.59,12.68,6.53,12.8,17.83,39.06,11.52
602,4.072888917607083,3,12.77,6.24,18.43,9.32,6.51,12.53,6.35,14.1,17.75,38.83,11.3
603,4.072888917607083,3,12.77,6.21,18.59,9.29,6.48,12.48,6.28,12.7,17.75,38.83,11.39
604,4.072888917607083,3,12.77,6.19,18.75,9.29,6.48,12.43,6.25,12.75,17.91,39.79,11.3
605,4.072888917607083,3,12.77,6.16,18.75,9.25,6.45,12.43,6.28,12.8,17.83,39.06,11.26
606,4.072888917607083,3,12.72,6.11,18.83,9.22,6.43,12.38,6.25,12.8,17.91,40.54,11.26
607,4.072888917607083,3,12.77,6.16,18.99,9.25,6.48,12.43,6.28,12.91,17.83,37.22,11.26
608,4.072888917607083,3,12.72,6.14,18.99,9.25,6.45,12.38,6.25,12.85,17.91,38.59,11.26
609,4.072888917607083,3,12.87,6.19,19.16,9.29,6.51,12.43,6.28,12.91,17.83,38.36,11.39
610,4.072888917607083,3,12.77,6.11,19.07,9.18,6.43,12.33,6.15,12.96,17.83,38.12,11.43
611,4.072888917607083,3,12.72,6.09,19.07,9.14,6.4,12.28,6.18,13.27,17.75,37,11.17
612,4.072888917607083,3,12.67,6.04,18.99,9.11,6.38,12.23,6.2,12.75,17.75,38.36,11.08
613,4.072888917607083,3,12.52,6.01,19.24,9.07,6.35,12.23,6.15,12.8,17.75,39.3,11.17
614,4.072888917607083,3,12.57,6.06,18.99,9.11,6.38,12.23,6.15,12.8,17.58,37.67,11.26
615,4.072888917607083,3,12.77,6.09,19.16,9.14,6.43,12.28,6.2,13.01,17.75,37.67,11.34
616,4.072888917607083,3,12.77,6.09,19.33,9.22,6.45,12.28,6.2,12.8,17.75,38.36,11.3
617,4.072888917607083,3,12.77,6.09,19.33,9.18,6.45,12.28,6.18,12.85,17.91,37,11.34
618,4.072888917607083,3,12.67,6.04,19.16,9.04,6.38,12.19,6.11,12.91,17.67,37.9,11.34
619,4.072888917607083,3,12.72,6.09,19.33,9.11,6.43,12.23,6.15,12.8,17.75,39.79,11.39
620,4.072888917607083,3,12.67,6.04,19.24,9.07,6.4,12.19,6.11,13.49,17.67,38.59,11.26
621,4.072888917607083,3,12.67,6.04,19.41,9.07,6.38,12.23,6.06,12.91,17.75,38.59,11.04
622,4.072888917607083,3,12.47,6.01,19.33,9,6.35,12.14,6.08,13.44,17.67,38.59,11.12
623,4.072888917607083,3,12.52,5.91,19.24,8.93,6.25,12.04,6.01,12.85,17.58,37.9,10.74
624,4.072888917607083,3,12.47,5.94,19.24,8.93,6.27,12.04,6.03,13.38,17.58,37.9,10.78
625,4.072888917607083,3,12.42,5.91,19.24,8.9,6.27,12.04,6.01,12.7,17.58,38.83,10.82
626,4.072888917607083,3,12.52,5.96,19.24,8.97,6.32,12.14,6.06,12.96,17.58,38.36,10.87
627,4.072888917607083,3,12.47,5.96,19.33,8.97,6.3,12.09,6.06,12.85,17.67,39.3,11.04
628,4.072888917607083,3,12.62,5.96,19.33,8.97,6.32,12.14,6.08,12.8,17.67,36.57,10.87
629,4.072888917607083,3,12.57,5.94,19.33,8.93,6.3,12.09,6.03,12.8,17.5,37.44,10.95
630,4.072888917607083,3,12.62,5.99,19.33,9,6.35,12.14,6.06,12.85,17.58,37,11.12
631,4.072888917607083,3,12.62,5.99,19.49,9,6.35,12.19,6.06,12.91,17.75,37.67,10.95
632,4.072888917607083,3,12.67,6.01,19.58,9,6.38,12.14,6.06,12.91,17.67,37.9,10.99
633,4.072888917607083,3,12.67,6.04,19.67,9.04,6.4,12.23,6.08,13.01,17.67,37.9,11.12
634,4.072888917607083,3,12.67,6.01,19.75,9.04,6.4,12.23,6.06,12.96,17.67,37.44,11.08
635,4.072888917607083,3,12.72,6.04,19.67,9.07,6.43,12.23,6.08,13.01,17.75,37.44,10.87
636,4.072888917607083,3,12.67,6.06,19.75,9.07,6.43,12.23,6.08,12.91,17.75,36.35,11.3
637,4.072888917607083,3,12.47,6.04,19.75,9.07,6.43,12.23,6.06,13.06,17.67,38.36,11.17
638,4.072888917607083,3,12.67,5.99,19.84,9,6.38,12.19,6.01,12.96,17.75,38.12,11.08
639,4.072888917607083,3,12.67,5.99,20.02,9,6.38,12.19,6.03,13.01,17.58,37,10.99
640,4.072888917607083,3,12.47,5.99,19.75,9,6.4,12.23,6.03,13.06,17.67,37.9,11.21
641,4.072888917607083,3,12.72,6.04,19.93,9.07,6.48,12.23,6.08,13.06,17.75,40.29,11.3
642,4.072888917607083,3,12.77,6.06,19.93,9.07,6.48,12.28,6.08,12.91,17.83,38.36,11.3
643,4.072888917607083,3,12.57,5.96,19.75,8.97,6.38,12.14,5.98,12.96,17.58,37,11.12
644,4.072888917607083,3,11.75,5.36,18.67,8.29,5.7,11.31,5.43,12.06,16.72,37.67,10.13
645,4.072888917607083,3,12.77,6.01,20.02,9.04,6.43,12.23,6.01,13.01,17.75,43.22,11.12
646,4.072888917607083,3,12.77,6.04,20.1,9.07,6.45,12.28,6.06,13.17,17.83,38.59,11.12
647,4.072888917607083,3,12.77,6.06,20.1,9.07,6.48,12.28,6.15,13.44,17.83,38.12,11.26
648,4.072888917607083,3,12.72,5.96,20.02,9,6.4,12.23,6.01,13.06,17.75,38.12,10.95
649,4.072888917607083,3,12.77,6.06,20.1,9.11,6.51,12.33,6.08,13.27,17.91,41.58,11.3
650,4.072888917607083,3,12.82,6.11,20.28,9.14,6.53,12.38,6.08,13.22,18,42.11,11.26
651,4.072888917607083,3,13.18,6.34,20.65,9.43,6.81,12.68,6.28,13.44,18.25,39.3,11.75
652,4.072888917607083,3,13.03,6.21,20.46,9.22,6.64,12.53,6.15,15.37,18.08,39.3,11.57
653,4.072888917607083,3,13.13,6.26,20.65,9.32,6.7,12.58,6.18,13.33,18.17,39.3,11.48
654,4.072888917607083,3,13.13,6.29,20.74,9.36,6.75,12.63,6.15,13.22,18.25,40.04,11.48
655,4.072888917607083,3,13.08,6.21,20.65,9.29,6.7,12.53,6.11,13.27,18.17,39.79,11.52
656,4.072888917607083,3,13.18,6.32,20.83,9.4,6.81,12.63,6.2,13.49,18.25,39.79,11.75
657,4.072888917607083,3,13.08,6.26,20.74,9.32,6.7,12.53,6.13,13.38,18.08,37.9,11.8
658,4.072888917607083,3,13.03,6.21,20.74,9.25,6.67,12.48,6.08,13.76,18.08,37.9,11.8
659,4.072888917607083,3,13.03,6.21,20.74,9.29,6.67,12.48,6.08,13.44,18.08,39.55,11.71
660,4.072888917607083,3,13.13,6.26,20.83,9.32,6.72,12.58,6.13,13.44,18.17,39.55,11.71
661,4.07712797763439,3,13.13,6.29,20.93,9.36,6.75,12.58,6.13,13.49,18.08,39.3,11.8
662,4.07712797763439,3,13.18,6.34,20.93,9.4,6.7,12.63,6.2,13.54,18.25,37.44,11.75
663,4.07712797763439,3,13.29,6.37,21.11,9.43,6.7,12.68,6.18,13.6,18.25,45.57,11.8
664,4.07712797763439,3,13.24,6.32,21.11,9.4,6.64,12.68,6.13,13.6,18.25,40.04,11.48
665,4.07712797763439,3,12.77,6.01,20.46,9.04,6.3,12.19,5.89,13.17,17.75,39.06,11.39
666,4.07712797763439,3,13.03,6.19,20.93,9.22,6.45,12.43,5.98,13.54,18,38.36,11.62
667,4.07712797763439,3,13.13,6.29,20.83,9.32,6.59,12.53,6.08,13.49,18,38.59,11.66
668,4.07712797763439,3,13.34,6.37,21.31,9.47,6.64,12.73,6.13,13.65,18.34,42.11,11.94
669,4.07712797763439,3,13.24,6.29,21.21,9.36,6.59,12.58,6.06,13.76,18.17,39.79,11.85
670,4.07712797763439,3,13.08,6.21,21.21,9.29,6.56,12.53,6.03,13.54,18.17,39.06,11.8
671,4.07712797763439,3,13.29,6.37,21.31,9.43,6.72,12.73,6.18,13.88,18.34,39.06,11.89
672,4.07712797763439,3,13.29,6.34,21.4,9.43,6.72,12.68,6.15,13.71,18.34,40.54,11.99
673,4.07712797763439,3,13.29,6.37,21.31,9.47,6.75,12.73,6.2,13.71,18.43,38.12,11.99
674,4.07712797763439,3,13.08,6.21,21.11,9.22,6.61,12.48,5.98,13.82,18.08,40.04,11.62
675,4.07712797763439,3,13.29,6.37,21.4,9.43,6.81,12.73,6.15,13.88,18.43,40.29,11.8
676,4.07712797763439,3,13.24,6.34,21.4,9.43,6.72,12.68,6.13,13.93,18.43,40.04,11.48
677,4.07712797763439,3,13.13,6.21,21.31,9.25,6.61,12.58,6.03,13.71,18.25,39.3,11.26
678,4.07712797763439,3,13.29,6.32,21.4,9.4,6.72,12.68,6.15,13.82,18.34,40.29,11.48
679,4.07712797763439,3,13.18,6.29,21.4,9.36,6.7,12.63,6.08,13.76,18.34,39.79,11.85
680,4.07712797763439,3,13.13,6.26,21.4,9.32,6.67,12.58,6.06,13.82,18.25,39.55,11.66
681,4.07712797763439,3,12.98,6.19,21.21,9.25,6.56,12.48,6.01,13.71,18.17,40.29,11.75
682,4.07712797763439,3,12.87,6.14,21.02,9.14,6.53,12.38,5.98,13.6,18,38.59,11.66
683,4.07712797763439,3,13.08,6.24,21.21,9.29,6.59,12.58,6.06,13.76,18.17,39.3,11.71
684,4.07712797763439,3,13.03,6.24,21.31,9.29,6.61,12.58,6.03,13.76,18.25,38.12,11.21
685,4.07712797763439,3,12.87,6.14,21.11,9.18,6.53,12.43,5.96,13.82,18.08,38.59,11.52
686,4.07712797763439,3,12.92,6.14,21.11,9.25,6.56,12.48,5.98,13.82,18.08,38.83,11.57
687,4.07712797763439,3,12.82,6.09,21.02,9.11,6.48,12.38,5.91,13.6,18.08,41.58,11.43
688,4.07712797763439,3,12.82,6.11,21.21,9.14,6.51,12.38,5.94,13.6,18.17,39.06,11.75
689,4.07712797763439,3,12.92,6.11,21.02,9.11,6.48,12.38,5.94,13.49,18,38.59,11.66
690,4.07712797763439,3,12.98,6.11,21.11,9.14,6.53,12.43,5.94,13.76,18.08,39.79,11.66
691,4.07712797763439,3,12.98,6.14,21.21,9.18,6.56,12.48,5.96,13.82,18.08,40.54,11.75
692,4.07712797763439,3,12.98,6.21,21.21,9.22,6.61,12.53,6.01,13.82,18.08,44.37,11.75
693,4.07712797763439,3,13.08,6.24,21.31,9.29,6.64,12.58,6.01,13.71,18.25,41.84,11.89
694,4.07712797763439,3,13.08,6.26,21.5,9.32,6.7,12.63,6.01,14.1,18.25,40.29,11.89
695,4.07712797763439,3,12.82,6.14,21.21,9.14,6.53,12.43,5.91,13.6,18.08,39.3,11.62
696,4.07712797763439,3,12.98,6.14,21.21,9.14,6.56,12.43,5.91,13.6,18.08,39.55,11.57
697,4.07712797763439,3,13.08,6.24,21.4,9.29,6.67,12.58,6.01,13.76,18.25,37.67,11.71
698,4.07712797763439,3,13.18,6.29,21.6,9.36,6.72,12.68,6.03,13.88,18.34,40.04,11.85
699,4.07712797763439,3,13.18,6.29,21.6,9.36,6.72,12.68,6.06,13.88,18.34,40.54,11.85
700,4.07712797763439,3,13.18,6.29,21.6,9.36,6.7,12.68,6.06,13.82,18.34,40.04,11.85
701,4.07712797763439,3,13.13,6.26,21.5,9.36,6.7,12.63,6.03,13.76,18.34,38.59,11.85
702,4.07712797763439,3,13.08,6.26,21.5,9.32,6.67,12.63,5.98,13.65,18.25,39.3,11.8
703,4.07712797763439,3,13.13,6.26,21.6,9.32,6.64,12.58,6.01,13.82,18.34,40.04,11.8
704,4.07712797763439,3,13.13,6.29,21.6,9.32,6.67,12.63,6.01,13.82,18.34,41.05,11.8
705,4.07712797763439,3,13.13,6.29,21.6,9.32,6.67,12.63,6.01,13.82,18.34,39.79,11.8
706,4.07712797763439,3,12.82,6.06,21.21,9.07,6.43,12.33,5.8,13.6,18,38.59,11.48
707,4.07712797763439,3,12.87,6.11,21.31,9.14,6.51,12.43,5.89,13.88,18.08,38.83,11.57
708,4.07712797763439,3,13.03,6.26,21.5,9.29,6.64,12.63,6.01,13.93,18.17,40.29,11.57
709,4.07712797763439,3,13.13,6.29,21.6,9.32,6.7,12.63,6.01,13.93,18.25,39.3,11.85
710,4.07712797763439,3,13.13,6.29,21.6,9.4,6.7,12.68,5.98,13.82,18.34,40.04,11.8
711,4.07712797763439,3,13.18,6.29,21.6,9.32,6.7,12.68,5.98,13.82,18.34,45.88,11.8
712,4.07712797763439,3,13.08,6.24,21.5,9.29,6.64,12.58,5.96,13.76,18.34,39.3,11.71
713,4.07712797763439,3,13.13,6.26,21.6,9.29,6.67,12.63,5.96,13.76,18.34,38.12,11.75
714,4.07712797763439,3,13.13,6.24,21.5,9.29,6.64,12.58,5.94,13.71,18.34,39.06,11.71
715,4.07712797763439,3,13.13,6.24,21.6,9.25,6.64,12.63,5.94,13.65,18.34,41.84,11.75
716,4.07712797763439,3,13.03,6.21,21.6,9.25,6.61,12.58,5.91,13.76,18.34,39.79,11.71
717,4.07712797763439,3,13.03,6.14,21.4,9.14,6.53,12.48,5.87,13.6,18.34,39.55,11.62
718,4.07712797763439,3,12.98,6.16,21.5,9.18,6.59,12.53,5.89,13.65,18.25,40.04,11.71
719,4.07712797763439,3,13.18,6.29,21.69,9.32,6.72,12.73,6.01,13.93,18.43,39.06,11.85
720,4.07712797763439,3,13.08,6.19,21.5,9.25,6.61,12.58,5.91,13.65,18.34,40.29,11.71
721,4.101063656535801,3,13.08,6.19,21.6,9.22,6.61,12.58,5.91,15.12,18.25,39.06,11.71
722,4.101063656535801,3,13.18,6.26,21.69,9.32,6.7,12.68,5.96,14.63,18.34,38.83,11.71
723,4.101063656535801,3,13.08,6.19,21.6,9.25,6.61,12.58,5.91,13.65,18.34,39.06,11.52
724,4.101063656535801,3,13.08,6.19,21.69,9.25,6.61,12.58,5.89,13.82,18.34,39.3,11.26
725,4.101063656535801,3,12.82,6.04,21.5,9.04,6.48,12.38,5.75,13.54,18.17,39.55,11.39
726,4.101063656535801,3,12.77,6.01,21.21,9.04,6.43,12.33,5.77,15.31,18,38.36,11.21
727,4.101063656535801,3,12.77,6.01,21.31,9.07,6.45,12.38,5.8,13.54,18.08,38.83,11.04
728,4.101063656535801,3,13.08,6.24,21.6,9.32,6.67,12.63,5.96,13.76,18.34,39.79,11.62
729,4.101063656535801,3,12.98,6.11,21.4,9.14,6.51,12.48,5.82,13.82,18.17,40.29,11.52
730,4.101063656535801,3,13.18,6.24,21.69,9.32,6.67,12.63,5.91,13.71,18.34,39.06,11.75
731,4.101063656535801,3,13.08,6.19,21.5,9.29,6.64,12.58,5.89,13.54,18.25,38.12,11.62
732,4.101063656535801,3,12.67,5.89,21.11,8.93,6.32,12.19,5.63,13.65,17.91,37.9,11.17
733,4.101063656535801,3,13.13,6.16,21.6,9.29,6.61,12.58,5.91,14.05,18.34,40.29,11.57
734,4.101063656535801,3,13.08,6.16,21.6,9.29,6.61,12.58,5.89,13.65,18.25,40.29,11.62
735,4.101063656535801,3,13.08,6.19,21.5,9.29,6.64,12.58,5.89,13.65,18.17,39.55,11.66
736,4.101063656535801,3,13.13,6.21,21.6,9.36,6.67,12.63,5.91,13.71,18.34,39.06,11.8
737,4.101063656535801,3,13.03,6.16,21.6,9.29,6.61,12.58,5.84,13.65,18.25,39.3,11.62
738,4.101063656535801,3,13.13,6.21,21.69,9.32,6.64,12.63,5.89,13.93,18.34,37,11.26
739,4.101063656535801,3,13.08,6.21,21.69,9.32,6.7,12.68,5.89,13.65,18.34,39.3,11.8
740,4.101063656535801,3,13.08,6.24,21.69,9.36,6.7,12.68,5.91,13.71,18.25,39.55,11.8
741,4.101063656535801,3,13.13,6.24,21.69,9.36,6.67,12.68,5.91,13.6,18.34,40.29,11.75
742,4.101063656535801,3,13.13,6.24,21.79,9.36,6.67,12.68,5.84,13.49,18.34,40.04,11.66
743,4.101063656535801,3,13.13,6.26,21.89,9.4,6.7,12.68,5.89,13.88,18.34,40.54,11.39
744,4.101063656535801,3,13.08,6.24,21.79,9.36,6.67,12.68,5.94,13.82,18.25,38.59,11.3
745,4.101063656535801,3,13.08,6.24,21.79,9.36,6.72,12.68,5.89,13.76,18.25,39.79,11.34
746,4.101063656535801,3,13.03,6.16,21.69,9.25,6.61,12.58,5.84,13.76,18.17,39.3,11.34
747,4.101063656535801,3,13.08,6.21,21.69,9.32,6.64,12.63,5.84,13.99,18.25,39.3,11.34
748,4.101063656535801,3,13.08,6.21,21.79,9.32,6.64,12.63,5.84,13.82,18.25,38.83,11.39
749,4.101063656535801,3,13.13,6.21,21.79,9.32,6.64,12.63,5.84,13.88,18.25,38.36,11.34
750,4.101063656535801,3,12.92,6.04,21.5,9.11,6.45,12.43,5.73,13.71,18,38.83,11.26
751,4.101063656535801,3,13.18,6.21,21.69,9.32,6.64,12.68,5.96,14.87,18.25,38.83,11.75
752,4.101063656535801,3,13.24,6.24,21.79,9.36,6.7,12.73,5.94,13.88,18.34,40.29,11.62
753,4.101063656535801,3,13.03,6.14,21.69,9.22,6.56,12.53,5.77,13.76,18.17,39.3,11.62
754,4.101063656535801,3,13.18,6.21,21.79,9.36,6.67,12.68,5.87,13.76,18.25,39.06,11.26
755,4.101063656535801,3,13.18,6.21,21.79,9.32,6.64,12.68,5.84,14.1,18.25,39.06,11.34
756,4.101063656535801,3,13.18,6.21,21.79,9.32,6.64,12.68,5.84,14.05,18.25,37.44,11.71
757,4.101063656535801,3,13.08,6.19,21.79,9.25,6.61,12.63,5.84,13.76,18.17,40.04,11.75
758,4.101063656535801,3,12.13,5.55,20.74,8.46,5.94,11.76,5.32,13.22,17.5,35.93,10.61
759,4.101063656535801,3,12.82,6.04,21.11,9.04,6.48,12.48,5.84,15.96,17.83,39.06,11.04
760,4.101063656535801,3,12.77,5.96,21.11,9,6.38,12.38,5.7,13.27,17.83,38.12,11.34
761,4.101063656535801,3,12.77,6.04,21.31,9.11,6.4,12.43,5.73,13.38,17.91,37.9,11.62
762,4.101063656535801,3,12.77,6.04,21.21,9.07,6.43,12.43,5.73,14.28,17.91,37.9,11.62
763,4.101063656535801,3,12.87,6.09,21.4,9.14,6.48,12.48,5.73,14.39,17.91,42.94,11.57
764,4.101063656535801,3,12.87,6.09,21.4,9.14,6.48,12.48,5.73,13.49,17.91,38.36,11.62
765,4.101063656535801,3,12.67,6.14,21.5,9.18,6.51,12.53,5.77,14.81,18.08,38.83,11.71
766,4.101063656535801,3,12.72,5.99,21.31,9,6.38,12.33,5.63,13.65,17.91,37.22,11.43
767,4.101063656535801,3,12.87,6.11,21.5,9.14,6.48,12.48,5.75,13.65,18.08,38.36,11.21
768,4.101063656535801,3,12.87,6.06,21.5,9.14,6.45,12.43,5.73,13.71,18,37.9,11.48
769,4.101063656535801,3,12.87,6.14,21.79,9.18,6.53,12.53,5.77,13.71,18.08,40.54,11.26
770,4.101063656535801,3,12.87,6.14,21.6,9.18,6.53,12.53,5.77,13.82,18.17,39.3,11.66
771,4.101063656535801,3,12.87,6.14,21.69,9.22,6.56,12.53,5.75,13.88,18.17,39.79,11.52
772,4.101063656535801,3,12.77,6.11,21.6,9.18,6.51,12.48,5.73,13.54,18.08,39.79,11.57
773,4.101063656535801,3,12.82,6.16,21.6,9.22,6.56,12.63,5.8,14.51,18.08,39.06,11.75
774,4.101063656535801,3,12.82,6.11,21.6,9.18,6.53,12.58,5.73,15,18,39.3,11.71
775,4.101063656535801,3,12.62,5.96,21.31,8.97,6.35,12.38,5.59,14.69,17.75,38.36,11.43
776,4.101063656535801,3,12.62,5.99,21.31,8.97,6.35,12.43,5.61,13.49,17.83,38.59,11.39
777,4.101063656535801,3,12.42,5.99,21.4,9,6.4,12.48,5.61,13.88,17.91,38.12,11.39
778,4.101063656535801,3,12.87,6.16,21.69,9.29,6.59,12.68,5.75,13.71,18.17,39.55,11.62
779,4.101063656535801,3,12.67,6.04,21.5,9.11,6.43,12.48,5.66,13.71,17.91,37.67,11.04
780,4.101063656535801,3,12.57,5.94,21.31,9,6.35,12.38,5.61,13.54,17.83,36.57,10.99
781,4.102233136075141,3,12.52,5.91,21.21,8.97,6.3,12.33,5.57,13.54,17.75,36.57,11.04
782,4.102233136075141,3,12.52,5.94,21.21,8.97,6.35,12.33,5.61,13.44,17.75,37.67,11.12
783,4.102233136075141,3,12.72,6.01,21.4,9.07,6.4,12.43,5.63,13.6,17.83,37.22,11.21
784,4.102233136075141,3,12.82,6.06,21.5,9.14,6.48,12.58,5.7,13.71,18,39.3,11.57
785,4.102233136075141,3,12.82,6.06,21.5,9.18,6.48,12.53,5.66,13.65,18,38.83,11.48
786,4.102233136075141,3,12.87,6.09,21.5,9.18,6.51,12.58,5.7,13.82,18,38.12,11.39
787,4.102233136075141,3,12.87,6.11,21.6,9.22,6.51,12.58,5.7,13.76,18.08,38.12,11.43
788,4.102233136075141,3,12.87,6.11,21.6,9.22,6.51,12.58,5.7,13.76,18,38.12,11.62
789,4.102233136075141,3,12.72,6.09,21.5,9.22,6.48,12.58,5.68,13.71,18,37.9,11.62
790,4.102233136075141,3,12.77,6.11,21.5,9.22,6.51,12.58,5.68,13.6,18,39.3,11.62
791,4.102233136075141,3,12.57,5.89,21.21,8.93,6.27,12.28,5.52,13.44,17.67,37.44,11.08
792,4.102233136075141,3,12.67,5.96,21.31,9,6.35,12.38,5.59,14.39,17.75,36.57,11.3
793,4.102233136075141,3,13.03,6.21,21.69,9.36,6.64,12.73,5.82,13.93,18.08,38.36,11.75
794,4.102233136075141,3,12.92,6.14,21.6,9.25,6.56,12.68,5.68,13.76,18,38.36,11.66
795,4.102233136075141,3,12.77,6.01,21.4,9.11,6.4,12.48,5.61,14.1,17.91,35.93,11.48
796,4.102233136075141,3,12.82,6.06,21.5,9.14,6.45,12.48,5.63,14.63,17.91,38.36,11.39
797,4.102233136075141,3,12.62,5.94,21.31,9,6.32,12.33,5.54,13.54,17.83,37.67,11.21
798,4.102233136075141,3,12.57,5.91,21.11,8.97,6.32,12.33,5.54,13.76,17.67,37,11.26
799,4.102233136075141,3,12.92,6.14,21.69,9.25,6.56,12.68,5.73,13.76,18,38.59,11.17
800,4.102233136075141,3,12.77,6.04,21.4,9.11,6.43,12.48,5.61,13.82,17.91,37.67,11.43
801,4.102233136075141,3,12.92,6.14,21.6,9.25,6.53,12.63,5.7,13.65,18,37.9,11.57
802,4.102233136075141,3,12.72,5.99,21.4,9.07,6.38,12.43,5.54,13.65,17.83,37.44,11.17
803,4.102233136075141,3,12.98,6.19,21.69,9.32,6.59,12.68,5.75,13.88,18,38.12,11.66
804,4.102233136075141,3,12.98,6.16,21.69,9.29,6.56,12.68,5.68,13.93,18,37.67,11.52
805,4.102233136075141,3,12.98,6.19,21.79,9.32,6.59,12.68,5.7,13.82,18.08,38.83,11.48
806,4.102233136075141,3,12.92,6.14,21.6,9.25,6.53,12.63,5.63,16.16,17.91,38.12,11.52
807,4.102233136075141,3,12.57,5.89,21.31,8.97,6.3,12.33,5.5,13.65,17.67,37.67,10.78
808,4.102233136075141,3,11.66,5.32,20.02,8.26,5.63,11.49,5.02,14.57,16.79,35.11,10.45
809,4.102233136075141,3,12.57,5.94,21.31,9,6.32,12.38,5.54,13.88,17.75,37,11.3
810,4.102233136075141,3,12.28,5.79,20.93,8.86,6.14,12.19,5.41,13.17,17.5,36.35,11.08
811,4.102233136075141,3,12.57,5.96,21.31,9.04,6.35,12.38,5.57,13.38,17.75,36.35,11.43
812,4.102233136075141,3,12.52,5.94,21.11,9,6.3,12.38,5.52,13.54,17.67,38.12,11.3
813,4.102233136075141,3,12.87,6.14,21.6,9.25,6.53,12.68,5.68,13.99,18,36.35,11.62
814,4.102233136075141,3,12.92,6.19,21.6,9.32,6.59,12.68,5.7,16.23,18,37.44,11.71
815,4.102233136075141,3,12.92,6.21,21.69,9.32,6.61,12.73,5.68,16.36,18.08,37.44,11.66
816,4.102233136075141,3,12.82,6.11,21.6,9.22,6.48,12.58,5.59,16.23,18.08,37.67,11.04
817,4.102233136075141,3,12.98,6.19,21.69,9.29,6.56,12.68,5.66,16.16,18.08,38.12,11.21
818,4.102233136075141,3,12.92,6.16,21.69,9.29,6.53,12.63,5.63,16.02,18,37.44,11.66
819,4.102233136075141,3,13.03,6.19,21.79,9.32,6.59,12.68,5.66,15.63,18.08,35.93,10.95
820,4.102233136075141,3,12.92,6.16,21.79,9.25,6.53,12.63,5.63,15.83,18.08,38.36,11.66
821,4.102233136075141,3,11.39,5.11,19.84,8.04,5.41,11.22,4.72,14.39,16.57,34.51,10.17
822,4.102233136075141,3,12.87,6.11,21.6,9.22,6.51,12.63,5.61,15.63,18,37.67,11.52
823,4.102233136075141,3,12.92,6.14,21.69,9.25,6.51,12.63,5.66,15.69,18,37.67,11.17
824,4.102233136075141,3,12.92,6.14,21.69,9.22,6.51,12.63,5.7,15.56,18,37.9,11.62
825,4.102233136075141,3,12.98,6.19,21.79,9.29,6.56,12.68,5.66,15.5,18.08,37.67,11.57
826,4.102233136075141,3,12.92,6.16,21.79,9.25,6.56,12.68,5.63,15.44,18,37.67,11.8
827,4.102233136075141,3,12.98,6.14,21.79,9.25,6.53,12.68,5.63,15.12,18,37.67,11.43
828,4.102233136075141,3,12.87,6.11,21.69,9.22,6.48,12.63,5.59,15.5,18,37.9,11.71
829,4.102233136075141,3,12.67,5.96,21.5,9.04,6.32,12.43,5.48,15.12,17.83,37.9,10.95
830,4.102233136075141,3,12.92,6.14,21.79,9.22,6.51,12.63,5.61,15.37,18,38.12,11.62
831,4.102233136075141,3,12.82,6.11,21.69,9.18,6.48,12.58,5.57,15.18,18,37.9,11.57
832,4.102233136075141,3,12.87,6.14,21.79,9.25,6.51,12.63,5.63,15.18,18.08,38.83,11.48
833,4.102233136075141,3,12.87,6.14,21.79,9.22,6.53,12.63,5.61,15.31,18,38.12,11.62
834,4.102233136075141,3,12.82,6.11,21.79,9.22,6.53,12.68,5.66,15.37,18,37.9,11.48
835,4.102233136075141,3,12.98,6.16,21.89,9.29,6.53,12.68,5.63,15.37,18.08,36.78,11.75
836,4.102233136075141,3,12.92,6.14,21.79,9.22,6.51,12.68,5.61,15.25,18,38.36,11.62
837,4.102233136075141,3,12.87,6.14,21.79,9.25,6.53,12.68,5.61,15.18,18,39.79,11.94
838,4.102233136075141,3,12.87,6.11,21.69,9.22,6.51,12.63,5.59,15.06,18,37.9,11.89
839,4.102233136075141,3,12.62,5.96,21.5,9.04,6.38,12.43,5.48,14.93,17.83,37.44,11.66
840,4.102233136075141,3,12.67,5.99,21.5,9.04,6.38,12.48,5.5,14.75,17.83,37.67,11.39
841,4.929311769492355,3,12.52,5.91,21.4,8.97,6.32,12.38,5.43,14.81,17.75,38.36,11.57
842,4.929311769492355,3,12.62,5.96,21.4,9,6.35,12.43,5.5,14.93,17.75,37.44,11.57
843,4.929311769492355,3,12.67,6.01,21.5,9.07,6.4,12.48,5.5,15.12,17.83,37.22,11.39
844,4.929311769492355,3,12.87,6.16,21.69,9.25,6.56,12.68,5.61,15.25,18,38.12,11.94
845,4.929311769492355,3,13.03,6.24,21.89,9.36,6.67,12.78,5.63,15.89,18.08,38.59,11.71
846,4.929311769492355,3,12.77,6.06,21.69,9.14,6.51,12.58,5.52,15.12,17.91,42.66,11.34
847,4.929311769492355,3,12.87,6.14,21.79,9.25,6.59,12.68,5.61,15.18,18,37.67,11.48
848,4.929311769492355,3,12.82,6.06,21.6,9.14,6.51,12.58,5.54,15,17.91,37.9,11.71
849,4.929311769492355,3,12.82,6.06,21.69,9.14,6.51,12.58,5.52,15.44,18,37.67,11.34
850,4.929311769492355,3,12.87,6.06,21.6,9.14,6.51,12.58,5.54,15.18,17.91,37.22,11.62
851,4.929311769492355,3,12.08,5.55,20.55,8.56,5.92,11.9,5.06,14.33,17.18,35.72,10.41
852,4.929311769492355,3,13.08,6.21,21.89,9.32,6.64,12.78,5.63,15.37,18.08,37.9,11.52
853,4.929311769492355,3,12.98,6.21,21.89,9.32,6.64,12.78,5.61,15.12,18.08,38.12,11.3
854,4.929311769492355,3,12.92,6.16,21.89,9.25,6.59,12.68,5.57,15.18,18.08,38.12,11.57
855,4.929311769492355,3,12.72,6.01,21.69,9.11,6.43,12.53,5.48,15.18,17.83,37,11.26
856,4.929311769492355,3,12.98,6.16,21.89,9.25,6.59,12.73,5.61,15.37,18.08,37.9,11.66
857,4.929311769492355,3,12.72,6.04,21.69,9.11,6.45,12.58,5.5,15.31,17.91,37.67,11.48
858,4.929311769492355,3,12.98,6.16,21.89,9.25,6.59,12.73,5.59,15.25,18.08,37.67,11.66
859,4.929311769492355,3,12.92,6.14,21.79,9.25,6.56,12.68,5.57,15.25,18,37.44,11.57
860,4.929311769492355,3,12.72,5.99,21.6,9.04,6.4,12.53,5.48,15.18,17.83,36.57,11.57
861,4.929311769492355,3,12.92,6.14,21.79,9.29,6.59,12.68,5.59,15.37,18,37,11.71
862,4.929311769492355,3,12.67,6.04,21.69,9.11,6.45,12.58,5.48,15.31,17.83,35.51,11.34
863,4.929311769492355,3,12.32,6.06,21.69,9.14,6.48,12.63,5.52,15.18,17.91,37.22,11.43
864,4.929311769492355,3,12.92,6.04,21.6,9.11,6.45,12.53,5.5,15,17.83,37.44,11.39
865,4.929311769492355,3,12.23,6.06,21.79,9.18,6.51,12.63,5.52,14.81,17.91,37.67,11.43
866,4.929311769492355,3,12.72,5.99,21.5,9.04,6.4,12.48,5.45,14.69,17.83,37.22,11.34
867,4.929311769492355,3,12.18,6.04,21.69,9.14,6.45,12.63,5.5,15.06,17.91,37.9,11.43
868,4.929311769492355,3,12.18,6.01,21.6,9.11,6.45,12.58,5.48,14.87,17.83,38.12,11.43
869,4.929311769492355,3,12.67,6.01,21.6,9.07,6.43,12.58,5.48,15,17.83,35.93,11.21
870,4.929311769492355,3,12.28,6.06,21.69,9.18,6.48,12.63,5.52,14.93,17.91,39.06,11.39
871,4.929311769492355,3,12.52,6.06,21.69,9.14,6.51,12.63,5.5,14.81,17.91,37.9,11.48
872,4.929311769492355,3,12.28,6.04,21.79,9.14,6.51,12.63,5.5,14.93,18,38.36,11.12
873,4.929311769492355,3,12.47,6.09,21.89,9.22,6.53,12.68,5.52,14.81,18,39.79,11.75
874,4.929311769492355,3,12.42,5.96,21.6,9.04,6.4,12.53,5.43,15.31,17.83,38.59,11.52
875,4.929311769492355,3,12.52,6.16,21.89,9.29,6.64,12.78,5.61,15.63,18.08,38.36,11.8
876,4.929311769492355,3,12.28,6.01,21.6,9.11,6.48,12.58,5.45,15.12,17.91,37.67,11.48
877,4.929311769492355,3,12.37,6.04,21.69,9.14,6.48,12.63,5.5,15.56,18,37,11.08
878,4.929311769492355,3,12.37,6.06,21.69,9.14,6.51,12.68,5.48,15.44,18,37.67,11.48
879,4.929311769492355,3,12.42,6.06,21.69,9.14,6.48,12.63,5.48,15.69,17.91,37.9,11.62
880,4.929311769492355,3,12.32,6.01,21.69,9.07,6.43,12.58,5.43,15.25,17.91,35.93,11.66
881,4.929311769492355,3,12.52,6.16,21.79,9.25,6.61,12.78,5.59,15.69,18,39.06,11.89
882,4.929311769492355,3,12.57,6.16,21.79,9.25,6.61,12.73,5.59,15.5,17.91,39.55,11.85
883,4.929311769492355,3,12.47,6.04,21.5,9.11,6.48,12.58,5.43,15.44,17.75,37.44,11.66
884,4.929311769492355,3,12.28,6.04,21.5,9.11,6.38,12.58,5.43,15.31,17.75,37,11.12
885,4.929311769492355,3,12.28,6.01,21.5,9.07,6.48,12.53,5.41,15.44,17.75,37.67,11.43
886,4.929311769492355,3,12.47,6.19,21.79,9.25,6.64,12.73,5.52,15.44,17.91,38.12,11.8
887,4.929311769492355,3,12.47,6.19,21.79,9.25,6.67,12.78,5.52,15.69,17.91,36.57,11.62
888,4.929311769492355,3,12.42,6.19,21.79,9.25,6.67,12.73,5.54,15.83,17.91,37.22,11.57
889,4.929311769492355,3,12.52,6.21,21.89,9.29,6.67,12.78,5.54,15.83,18.08,38.83,11.62
890,4.929311769492355,3,12.32,6.04,21.6,9.11,6.51,12.58,5.39,15.5,17.83,37.9,11.34
891,4.929311769492355,3,12.13,5.96,21.5,9,6.4,12.48,5.36,15.25,17.75,36.78,11.57
892,4.929311769492355,3,12.13,5.96,21.4,9,6.4,12.48,5.39,15.56,17.75,38.12,11.57
893,4.929311769492355,3,12.13,5.96,21.4,9,6.43,12.48,5.39,15.37,17.67,37.22,11.26
894,4.929311769492355,3,12.18,5.99,21.5,9,6.45,12.53,5.41,15.37,17.83,37.9,11.26
895,4.929311769492355,3,12.72,5.99,21.4,9,6.43,12.48,5.39,15.31,17.67,36.57,11.21
896,4.929311769492355,3,12.77,6.04,21.5,9.11,6.48,12.58,5.45,15.37,17.75,37.9,11.39
897,4.929311769492355,3,12.77,6.04,21.5,9.07,6.51,12.58,5.39,15.37,17.75,36.57,11.34
898,4.929311769492355,3,12.82,6.06,21.5,9.11,6.53,12.58,5.45,15.18,17.75,36.57,11.52
899,4.929311769492355,3,12.82,6.09,21.69,9.14,6.56,12.68,5.45,15.31,17.83,37,11.39
900,4.929311769492355,3,12.92,6.16,21.69,9.22,6.61,12.73,5.5,15.56,17.91,36.14,11.66
901,5.003605832729708,4,12.87,6.11,21.69,9.22,6.61,12.73,5.5,15.56,18,36.35,11.12
902,5.003605832729708,4,12.87,6.11,21.69,9.22,6.59,12.73,5.5,15.31,17.91,37.22,11.71
903,5.003605832729708,4,12.98,6.19,21.79,9.32,6.67,12.83,5.54,15.63,18,37.67,11.62
904,5.003605832729708,4,12.18,5.99,21.5,9.04,6.4,12.48,5.34,15.37,17.75,36.78,11.57
905,5.003605832729708,4,11.75,5.69,20.83,8.69,6.12,11.99,5.06,14.51,17.18,34.91,11.21
906,5.003605832729708,4,12.42,5.99,21.31,9.04,6.45,12.48,5.36,15.25,17.5,37.22,11.3
907,5.003605832729708,4,12.23,6.06,21.31,9.11,6.53,12.53,5.43,15.44,17.5,36.35,11.75
908,5.003605832729708,4,12.23,6.09,21.21,9.14,6.59,12.58,5.41,15.37,17.5,36.35,11.66
909,5.003605832729708,4,12.42,6.16,21.5,9.22,6.64,12.68,5.48,15.56,17.75,36.78,11.71
910,5.003605832729708,4,12.23,6.09,21.21,9.11,6.53,12.53,5.36,15.37,17.5,34.12,11.71
911,5.003605832729708,4,12.13,6.01,21.31,9.04,6.48,12.48,5.34,15.37,17.5,36.35,11.21
912,5.003605832729708,4,12.08,5.99,21.21,9,6.43,12.43,5.32,15.37,17.42,35.72,11.39
913,5.003605832729708,4,12.08,5.96,21.21,8.97,6.4,12.38,5.32,15.37,17.42,35.93,11.62
914,5.003605832729708,4,12.18,6.04,21.31,9.07,6.51,12.53,5.39,15.37,17.5,35.93,11.12
915,5.003605832729708,4,12.13,6.01,21.21,9.04,6.48,12.43,5.34,15.31,17.42,36.35,11.62
916,5.003605832729708,4,12.23,6.06,21.31,9.11,6.53,12.53,5.36,15.31,17.58,36.57,11.66
917,5.003605832729708,4,12.37,6.16,21.5,9.22,6.67,12.68,5.48,15.37,17.58,36.78,11.8
918,5.003605832729708,4,12.23,6.14,21.31,9.18,6.61,12.58,5.39,15.18,17.5,36.35,11.62
919,5.003605832729708,4,12.62,6.16,21.69,9.25,6.64,12.68,5.43,15.63,17.83,37,11.75
920,5.003605832729708,4,12.42,6.14,21.89,9.22,6.64,12.73,5.45,15.69,18,36.78,11.89
921,5.003605832729708,4,12.47,6.16,21.99,9.25,6.64,12.63,5.48,15.76,18,37.9,11.94
922,5.003605832729708,4,12.47,6.16,21.99,9.25,6.64,12.83,5.48,15.76,18,39.06,11.94
923,5.003605832729708,4,12.47,6.16,21.99,9.25,6.64,12.88,5.5,15.76,18,37,11.71
924,5.003605832729708,4,12.57,6.19,22.09,9.29,6.7,12.93,5.52,15.83,18.17,37.9,11.94
925,5.003605832729708,4,12.52,6.19,22.09,9.29,6.67,12.98,5.52,15.76,18.17,37.67,12.18
926,5.003605832729708,4,12.62,6.24,22.19,9.36,6.72,13.04,5.57,15.44,18.25,37.9,11.52
927,5.003605832729708,4,12.57,6.21,22.19,9.32,6.7,13.04,5.54,13.88,18.25,37.67,11.8
928,5.003605832729708,4,12.57,6.21,22.09,9.32,6.7,13.04,5.52,13.49,18.25,38.36,11.8
929,5.003605832729708,4,12.62,6.21,22.19,9.32,6.7,13.04,5.52,13.93,18.25,37.9,11.85
930,5.003605832729708,4,12.47,6.14,22.09,9.25,6.61,12.93,5.48,13.82,18.08,36.57,11.85
931,5.003605832729708,4,12.57,6.19,22.09,9.32,6.67,13.04,5.52,13.54,18.25,37,11.94
932,5.003605832729708,4,13.08,6.19,22.09,9.32,6.67,13.04,5.52,13.71,18.17,37.67,11.99
933,5.003605832729708,4,13.03,6.14,21.99,9.22,6.61,12.98,5.48,13.99,18.08,37,11.85
934,5.003605832729708,4,12.52,6.19,22.19,9.29,6.64,13.04,5.5,13.71,18.17,37.67,11.89
935,5.003605832729708,4,12.62,6.16,21.99,9.25,6.61,12.98,5.48,13.99,18.17,37.44,11.26
936,5.003605832729708,4,12.92,6.11,21.89,9.22,6.56,12.93,5.43,13.54,18.08,36.78,11.3
937,5.003605832729708,4,12.52,6.19,22.09,9.29,6.64,13.04,5.52,13.76,18.17,37.22,11.8
938,5.003605832729708,4,12.57,6.14,21.99,9.25,6.61,12.98,5.45,13.93,18.17,37.67,11.52
939,5.003605832729708,4,12.57,6.14,21.99,9.22,6.61,12.98,5.48,13.76,18.17,37.44,11.34
940,5.003605832729708,4,12.57,6.16,21.99,9.25,6.59,13.04,5.5,13.99,18.17,37,11.57
941,5.003605832729708,4,12.57,6.19,21.99,9.25,6.64,13.04,5.5,13.88,18.17,37.22,11.48
942,5.003605832729708,4,12.57,6.16,22.09,9.22,6.64,13.09,5.57,14.28,18.17,37,11.43
943,5.003605832729708,4,12.67,6.24,22.09,9.36,6.7,13.14,5.54,13.93,18.25,37.44,11.57
944,5.003605832729708,4,12.67,6.24,22.09,9.4,6.7,13.14,5.52,13.93,18.25,39.3,11.66
945,5.003605832729708,4,12.67,6.21,22.09,9.32,6.7,13.14,5.52,13.88,18.25,37.67,11.66
946,5.003605832729708,4,12.47,6.09,21.89,9.22,6.56,12.98,5.41,13.82,18.08,37.44,11.39
947,5.003605832729708,4,12.52,6.11,21.89,9.22,6.59,12.98,5.43,13.93,18.08,37.22,11.04
948,5.003605832729708,4,12.67,6.19,21.99,9.32,6.67,13.14,5.5,13.88,18.17,37.44,11.71
949,5.003605832729708,4,12.47,6.09,21.79,9.18,6.56,12.93,5.39,13.88,18.08,36.78,11.52
950,5.003605832729708,4,12.52,6.11,21.89,9.22,6.59,12.98,5.43,13.99,18.08,38.12,11.62
951,5.003605832729708,4,12.47,6.11,21.89,9.22,6.59,12.98,5.43,13.88,18,38.59,11.62
952,5.003605832729708,4,12.67,6.24,22.09,9.4,6.72,13.14,5.52,14.05,18.25,37.9,11.75
953,5.003605832729708,4,12.67,6.24,21.99,9.4,6.72,13.19,5.5,14.1,18.25,37.9,11.52
954,5.003605832729708,4,12.72,6.26,22.09,9.43,6.72,13.19,5.52,14.1,18.25,38.59,11.85
955,5.003605832729708,4,12.67,6.26,21.99,9.4,6.72,13.14,5.57,16.57,18.17,36.57,11.8
956,5.003605832729708,4,12.57,6.11,21.79,9.25,6.59,12.98,5.41,14.1,18,37.22,11.57
957,5.003605832729708,4,12.47,6.09,21.79,9.22,6.56,12.98,5.39,13.76,18,38.12,11.52
958,5.003605832729708,4,12.57,6.16,21.89,9.36,6.64,13.09,5.45,13.93,18.08,37.22,11.57
959,5.003605832729708,4,12.72,6.26,22.09,9.43,6.75,13.19,5.5,14.05,18.25,37,11.66
960,5.003605832729708,4,12.62,6.19,21.99,9.36,6.67,13.14,5.48,13.99,18.08,37.67,11.57
961,5.05699652732026,4,12.52,6.11,21.79,9.29,6.59,13.04,5.41,14.16,18,42.11,11.43
962,5.05699652732026,4,12.47,6.06,21.79,9.22,6.53,12.93,5.36,13.93,18,37,11.43
963,5.05699652732026,4,12.57,6.16,21.89,9.32,6.64,13.09,5.45,16.23,18,36.78,11.71
964,5.05699652732026,4,12.77,6.29,22.09,9.47,6.78,13.3,5.59,14.16,18.25,37.9,11.57
965,5.05699652732026,4,12.72,6.24,21.99,9.51,6.75,13.25,5.5,13.99,18.17,35.72,11.62
966,5.05699652732026,4,12.57,6.14,21.89,9.29,6.61,13.04,5.41,14.05,18,36.78,11.34
967,5.05699652732026,4,12.62,6.19,21.99,9.32,6.7,13.14,5.48,13.93,18.08,37.9,11.57
968,5.05699652732026,4,12.67,6.21,21.89,9.47,6.72,13.19,5.5,14.1,18.17,37,11.34
969,5.05699652732026,4,12.52,6.14,21.79,9.36,6.61,13.09,5.43,13.99,18,36.57,11.34
970,5.05699652732026,4,12.67,6.21,21.99,9.4,6.72,13.19,5.48,14.45,18.08,37.67,11.75
971,5.05699652732026,4,12.67,6.21,21.99,9.4,6.7,13.19,5.48,13.99,18.08,35.93,11.57
972,5.05699652732026,4,12.62,6.16,21.89,9.36,6.67,13.09,5.43,14.05,18.08,37,11.57
973,5.05699652732026,4,12.72,6.24,21.99,9.43,6.72,13.25,5.5,14.1,18.17,37.67,11.71
974,5.05699652732026,4,12.52,6.09,21.79,9.25,6.61,13.04,5.36,13.99,18,37.22,11.34
975,5.05699652732026,4,12.62,6.16,21.89,9.36,6.64,13.14,5.43,14.05,18.08,37.9,11.48
976,5.05699652732026,4,12.52,6.09,21.79,9.25,6.56,13.04,5.34,13.93,17.91,37.44,11.48
977,5.05699652732026,4,12.42,6.01,21.6,9.18,6.51,12.93,5.32,13.99,17.91,35.51,11.12
978,5.05699652732026,4,12.47,6.06,21.69,9.22,6.53,12.98,5.36,13.99,17.91,36.78,11.48
979,5.05699652732026,4,12.47,6.06,21.69,9.22,6.56,13.04,5.39,13.99,17.91,37,11.34
980,5.05699652732026,4,12.47,6.06,21.69,9.25,6.53,13.04,5.36,14.1,17.91,37.22,11.21
981,5.05699652732026,4,12.57,6.14,21.79,9.29,6.61,13.09,5.41,13.99,18,36.78,11.85
982,5.05699652732026,4,12.72,6.21,21.89,9.4,6.7,13.25,5.48,14.05,18.08,38.12,11.85
983,5.05699652732026,4,12.72,6.21,21.89,9.4,6.72,13.25,5.48,15.18,18.08,38.36,11.71
984,5.05699652732026,4,12.67,6.21,21.89,9.4,6.53,13.19,5.45,14.1,18.08,38.12,11.66
985,5.05699652732026,4,12.62,6.19,21.99,9.36,6.48,13.14,5.41,14.05,18,38.12,11.66
986,5.05699652732026,4,12.57,6.11,21.79,9.29,6.48,13.09,5.36,14.05,18,37.44,11.66
987,5.05699652732026,4,12.77,6.24,22.09,9.47,6.67,13.3,5.5,14.22,18.17,39.06,11.8
988,5.05699652732026,4,12.72,6.21,21.99,9.43,6.61,13.25,5.45,14.1,18.17,39.06,12.03
989,5.05699652732026,4,12.72,6.21,21.99,9.43,6.7,13.25,5.45,14.16,18.17,39.79,11.85
990,5.05699652732026,4,12.57,6.14,21.89,9.32,6.59,13.14,5.39,14.16,18.08,39.79,11.71
991,5.05699652732026,4,12.72,6.24,22.09,9.43,6.72,13.3,5.48,14.1,18.17,38.59,11.75
992,5.05699652732026,4,12.52,6.09,21.79,9.25,6.56,13.09,5.34,14.16,18,37,11.57
993,5.05699652732026,4,12.52,6.11,21.79,9.29,6.51,13.14,5.36,14.05,18,37,11.62
994,5.05699652732026,4,12.62,6.16,21.89,9.32,6.61,13.19,5.41,14.28,18.08,38.12,11.57
995,5.05699652732026,4,12.57,6.14,21.79,9.32,6.59,13.19,5.39,14.22,18.08,37.22,11.62
996,5.05699652732026,4,12.57,6.14,21.89,9.32,6.61,13.19,5.39,14.16,18.08,38.59,11.85
997,5.05699652732026,4,12.57,6.14,21.89,9.32,6.59,13.19,5.39,14.45,18.08,37.44,11.57
998,5.05699652732026,4,12.67,6.19,21.89,9.43,6.61,13.3,5.43,14.16,18.17,37.67,11.66
999,5.05699652732026,4,12.62,6.16,21.89,9.36,6.56,13.25,5.41,14.1,18.08,37.22,11.66
1000,5.05699652732026,4,12.82,6.32,22.09,9.55,6.72,13.46,5.52,14.33,18.34,35.93,11.89
1001,5.05699652732026,4,12.77,6.24,21.99,9.43,6.64,13.35,5.45,14.28,18.25,38.12,11.62
1002,5.05699652732026,4,12.77,6.26,22.09,9.43,6.64,13.35,5.45,14.28,18.25,39.3,11.75
1003,5.05699652732026,4,12.77,6.26,22.09,9.47,6.67,13.35,5.45,15.69,18.25,38.36,11.75
1004,5.05699652732026,4,12.82,6.29,22.09,9.47,6.72,13.41,5.48,14.33,18.25,38.36,11.75
1005,5.05699652732026,4,12.72,6.21,21.99,9.4,6.67,13.3,5.43,14.22,18.17,38.36,11.66
1006,5.05699652732026,4,12.82,6.26,22.09,9.51,6.7,13.41,5.5,14.22,18.25,38.36,11.71
1007,5.05699652732026,4,12.67,6.19,21.99,9.36,6.64,13.3,5.41,14.22,18.17,37.22,11.62
1008,5.05699652732026,4,12.72,6.19,21.99,9.4,6.67,13.3,5.41,14.28,18.17,37.67,11.52
1009,5.05699652732026,4,12.77,6.24,22.09,9.43,6.7,13.41,5.45,14.28,18.17,37.9,11.26
1010,5.05699652732026,4,12.82,6.26,22.09,9.47,6.75,13.41,5.45,14.39,18.25,39.3,11.75
1011,5.05699652732026,4,12.62,6.14,21.89,9.36,6.59,13.25,5.34,14.22,18.08,37,11.21
1012,5.05699652732026,4,12.87,6.32,22.19,9.51,6.78,13.51,5.52,14.45,18.34,37.9,11.39
1013,5.05699652732026,4,12.87,6.32,22.09,9.51,6.78,13.51,5.5,14.39,18.34,38.36,11.85
1014,5.05699652732026,4,12.87,6.32,22.09,9.51,6.75,13.51,5.48,15.69,18.25,38.83,11.85
1015,5.05699652732026,4,12.87,6.32,22.19,9.51,6.78,13.51,5.5,14.39,18.34,39.06,11.94
1016,5.05699652732026,4,12.52,6.09,21.79,9.22,6.53,13.19,5.32,14.28,18.08,38.12,11.62
1017,5.05699652732026,4,12.98,6.34,22.19,9.51,6.81,13.57,5.54,14.39,18.43,39.3,12.08
1018,5.05699652732026,4,12.77,6.21,21.99,9.4,6.67,13.35,5.41,14.22,18.25,42.66,11.8
1019,5.05699652732026,4,12.92,6.32,22.19,9.47,6.78,13.51,5.5,14.45,18.34,38.83,11.85
1020,5.05699652732026,4,12.87,6.32,22.19,9.51,6.78,13.51,5.48,14.22,18.34,39.55,11.48
1021,5.099076306388226,4,12.92,6.34,22.3,9.55,6.81,13.57,5.5,14.45,18.43,38.59,11.66
1022,5.099076306388226,4,12.77,6.21,21.99,9.36,6.67,13.41,5.41,14.28,18.25,38.83,11.43
1023,5.099076306388226,4,12.87,6.26,22.19,9.43,6.75,13.51,5.48,14.63,18.34,36.57,11.57
1024,5.099076306388226,4,12.98,6.34,22.3,9.55,6.83,13.57,5.54,15.12,18.43,38.36,11.52
1025,5.099076306388226,4,12.87,6.32,22.19,9.51,6.81,13.57,5.48,14.39,18.43,38.59,11.71
1026,5.099076306388226,4,12.67,6.14,21.89,9.22,6.61,13.3,5.41,14.33,18.17,37.67,11.26
1027,5.099076306388226,4,12.77,6.21,21.99,9.4,6.7,13.46,5.45,14.28,18.25,37.67,11.34
1028,5.099076306388226,4,12.92,6.32,22.09,9.55,6.81,13.57,5.52,16.3,18.34,41.32,11.89
1029,5.099076306388226,4,12.82,6.26,22.09,9.47,6.75,13.51,5.45,14.1,18.34,38.36,11.57
1030,5.099076306388226,4,12.77,6.21,21.99,9.4,6.7,13.46,5.41,14.45,18.25,37.67,11.48
1031,5.099076306388226,4,12.77,6.29,22.3,9.47,6.78,13.57,5.45,14.22,18.34,38.12,11.89
1032,5.099076306388226,4,12.92,6.34,22.19,9.55,6.83,13.62,5.5,14.33,18.43,38.12,11.89
1033,5.099076306388226,4,12.72,6.19,21.89,9.36,6.67,13.41,5.36,14.16,18.17,37.67,11.8
1034,5.099076306388226,4,12.87,6.32,22.09,9.51,6.78,13.57,5.48,14.28,18.34,35.51,11.94
1035,5.099076306388226,4,12.57,6.09,21.79,9.22,6.56,13.25,5.3,14.1,18,36.35,11.52
1036,5.099076306388226,4,12.87,6.26,21.99,9.47,6.78,13.51,5.48,14.39,18.17,37.44,11.75
1037,5.099076306388226,4,12.57,6.11,21.6,9.25,6.56,13.25,5.3,15.06,18,35.11,11.3
1038,5.099076306388226,4,12.82,6.29,21.99,9.51,6.78,13.51,5.48,14.51,18.25,37,11.48
1039,5.099076306388226,4,12.62,6.14,21.69,9.32,6.59,13.3,5.32,14.16,18,36.14,11.71
1040,5.099076306388226,4,12.72,6.19,21.79,9.4,6.67,13.41,5.36,14.33,18.08,36.57,11.43
1041,5.099076306388226,4,12.67,6.16,21.79,9.36,6.64,13.41,5.43,14.33,18.17,37.67,11.34
1042,5.099076306388226,4,12.92,6.32,22.09,9.55,6.81,13.57,5.48,16.43,18.34,38.12,11.26
1043,5.099076306388226,4,12.92,6.32,22.19,9.55,6.81,13.62,5.48,14.51,18.34,37.67,11.99
1044,5.099076306388226,4,12.92,6.34,22.19,9.55,6.83,13.62,5.5,14.51,18.43,37.22,11.71
1045,5.099076306388226,4,12.87,6.32,22.09,9.51,6.83,13.62,5.45,14.39,18.34,37.9,11.89
1046,5.099076306388226,4,12.87,6.32,22.09,9.55,6.83,13.62,5.45,16.23,18.34,37.9,11.43
1047,5.099076306388226,4,12.87,6.32,22.09,9.55,6.83,13.62,5.45,14.39,18.34,37.9,11.99
1048,5.099076306388226,4,12.92,6.34,22.19,9.55,6.83,13.62,5.48,14.51,18.34,37.9,12.03
1049,5.099076306388226,4,12.82,6.26,21.89,9.47,6.75,13.51,5.41,16.23,18.17,37.67,11.99
1050,5.099076306388226,4,12.82,6.26,21.89,9.47,6.75,13.51,5.43,14.51,18.25,37,11.89
1051,5.099076306388226,4,12.92,6.32,22.19,9.51,6.81,13.62,5.48,16.64,18.34,37.67,11.8
1052,5.099076306388226,4,12.92,6.29,22.09,9.51,6.78,13.57,5.43,14.33,18.34,37.22,11.8
1053,5.099076306388226,4,12.82,6.26,21.99,9.43,6.72,13.51,5.41,15.12,18.17,37.67,11.71
1054,5.099076306388226,4,12.98,6.37,22.19,9.58,6.83,13.68,5.48,15.69,18.34,39.3,11.89
1055,5.099076306388226,4,13.03,6.42,22.3,9.66,6.89,13.79,5.52,14.69,18.43,38.36,11.94
1056,5.099076306388226,4,12.82,6.29,22.09,9.51,6.7,13.57,5.36,14.22,18.25,39.06,11.62
1057,5.099076306388226,4,12.28,5.86,21.31,9,6.27,12.98,5.04,13.71,17.75,36.57,11.21
1058,5.099076306388226,4,12.67,6.14,21.79,9.32,6.59,13.41,5.3,14.22,18.08,39.06,11.48
1059,5.099076306388226,4,12.77,6.21,21.89,9.4,6.7,13.57,5.39,14.45,18.17,37.9,11.75
1060,5.099076306388226,4,12.67,6.14,21.79,9.32,6.61,13.41,5.32,14.57,18.08,37.22,11.26
1061,5.099076306388226,4,13.13,6.42,22.3,9.66,6.92,13.84,5.54,14.51,18.51,38.36,10.99
1062,5.099076306388226,4,13.03,6.42,22.09,9.66,6.89,13.79,5.5,14.51,18.43,37.67,11.85
1063,5.099076306388226,4,13.03,6.39,22.3,9.62,6.86,13.79,5.48,14.51,18.43,37.67,11.43
1064,5.099076306388226,4,12.82,6.29,21.99,9.51,6.75,13.57,5.39,16.57,18.25,38.12,11.43
1065,5.099076306388226,4,12.92,6.29,22.09,9.51,6.78,13.62,5.43,15.89,18.25,37.9,11.39
1066,5.099076306388226,4,12.87,6.24,21.99,9.47,6.72,13.57,5.39,14.39,18.25,38.12,11.48
1067,5.099076306388226,4,12.87,6.29,22.09,9.55,6.78,13.68,5.43,14.45,18.34,38.36,11.66
1068,5.099076306388226,4,12.98,6.37,22.09,9.62,6.86,13.79,5.48,16.43,18.34,38.83,11.57
1069,5.099076306388226,4,12.98,6.34,22.09,9.58,6.83,13.73,5.45,14.69,18.34,37.9,11.8
1070,5.099076306388226,4,12.87,6.26,21.99,9.47,6.75,13.62,5.39,16.43,18.17,42.11,11.75
1071,5.099076306388226,4,12.92,6.29,21.99,9.51,6.78,13.68,5.43,14.45,18.69,39.55,11.75
1072,5.099076306388226,4,12.98,6.34,22.09,9.55,6.83,13.73,5.45,16.5,18.69,39.55,11.8
1073,5.099076306388226,4,12.98,6.32,21.99,9.55,6.78,13.68,5.41,15.89,18.6,37.67,11.75
1074,5.099076306388226,4,13.03,6.34,22.09,9.58,6.83,13.79,5.45,15,18.6,39.06,11.75
1075,5.099076306388226,4,12.98,6.34,22.09,9.58,6.83,13.73,5.45,16.57,18.69,38.59,12.03
1076,5.099076306388226,4,13.5,6.32,21.99,9.55,6.78,13.73,5.41,14.45,18.6,37.22,11.71
1077,5.099076306388226,4,13.4,6.21,21.79,9.43,6.67,13.57,5.34,15,18.17,38.83,11.57
1078,5.099076306388226,4,12.77,6.19,21.79,9.4,6.64,13.57,5.34,14.28,18.51,36.78,11.57
1079,5.099076306388226,4,12.92,6.26,21.99,9.47,6.72,13.68,5.41,14.33,18.25,37.44,11.75
1080,5.099076306388226,4,12.92,6.34,21.99,9.55,6.81,13.73,5.45,17.29,18.25,37.44,11.75
1081,5.122623225840886,4,12.92,6.29,21.99,9.51,6.75,13.73,5.41,14.87,18.25,35.93,11.71
1082,5.122623225840886,4,13.29,6.26,21.99,9.47,6.75,13.68,5.36,14.93,18.6,38.36,11.62
1083,5.122623225840886,4,13.13,6.34,22.09,9.58,6.83,13.79,5.43,15.06,18.34,39.55,11.52
1084,5.122623225840886,4,12.92,6.26,21.99,9.51,6.75,13.68,5.36,15.25,18.25,38.83,11.66
1085,5.122623225840886,4,13.03,6.32,21.99,9.58,6.81,13.79,5.41,15.12,18.34,41.32,11.52
1086,5.122623225840886,4,12.82,6.21,21.89,9.4,6.7,13.62,5.34,14.81,18.17,37.44,11.57
1087,5.122623225840886,4,13.72,6.39,22.09,9.62,6.89,13.84,5.52,14.87,18.43,38.36,11.94
1088,5.122623225840886,4,12.98,6.32,21.99,9.55,6.81,13.79,5.41,16.86,18.34,37.9,11.75
1089,5.122623225840886,4,12.87,6.24,21.89,9.47,6.75,13.68,5.34,17.59,18.17,37.44,11.48
1090,5.122623225840886,4,12.87,6.24,21.89,9.43,6.72,13.68,5.34,14.45,18.25,37.44,11.57
1091,5.122623225840886,4,13.03,6.26,21.79,9.51,6.7,13.73,5.36,14.75,18.25,37.67,11.94
1092,5.122623225840886,4,13.03,6.39,22.09,9.66,6.81,13.9,5.45,14.63,18.43,38.59,11.8
1093,5.122623225840886,4,12.92,6.29,22.09,9.55,6.72,13.73,5.39,14.45,18.34,37.44,11.26
1094,5.122623225840886,4,12.98,6.34,22.09,9.58,6.75,13.79,5.41,14.63,18.34,41.32,11.75
1095,5.122623225840886,4,13.45,6.29,21.99,9.55,6.72,13.73,5.39,15.63,18.25,37,11.71
1096,5.122623225840886,4,13.56,6.37,22.09,9.62,6.83,13.84,5.43,14.51,18.43,37.9,11.66
1097,5.122623225840886,4,13.5,6.37,22.09,9.62,6.83,13.84,5.41,14.63,18.34,36.14,11.8
1098,5.122623225840886,4,12.98,6.34,21.99,9.58,6.81,13.84,5.36,14.63,18.34,39.06,11.66
1099,5.122623225840886,4,12.87,6.26,21.89,9.51,6.78,13.73,5.36,16.86,18.25,37.44,11.8
1100,5.122623225840886,4,12.82,6.19,21.79,9.43,6.67,13.62,5.3,14.51,18.17,35.11,11.57
1101,5.122623225840886,4,12.87,6.19,21.69,9.43,6.67,13.62,5.32,14.63,18.17,38.36,11.52
1102,5.122623225840886,4,13.03,6.24,21.79,9.47,6.72,13.68,5.36,16.36,18.17,40.29,11.71
1103,5.122623225840886,4,12.92,6.21,21.69,9.43,6.7,13.68,5.34,16.71,18.08,37.22,11.75
1104,5.122623225840886,4,12.98,6.19,21.79,9.43,6.7,13.68,5.32,14.39,18.17,37,11.66
1105,5.122623225840886,4,12.98,6.21,21.79,9.47,6.72,13.68,5.32,14.45,18.17,35.51,11.75
1106,5.122623225840886,4,13.13,6.29,21.79,9.55,6.78,13.79,5.36,16.71,18.17,37.67,11.94
1107,5.122623225840886,4,13.18,6.32,21.89,9.58,6.83,13.84,5.36,16.57,18.25,37,11.99
1108,5.122623225840886,4,13.56,6.37,22.09,9.62,6.86,13.9,5.39,15.25,18.34,38.12,11.94
1109,5.122623225840886,4,13.4,6.34,21.99,9.58,6.83,13.9,5.39,14.45,18.34,37.9,11.99
1110,5.122623225840886,4,13.03,6.19,21.79,9.4,6.67,13.62,5.3,14.39,18.17,35.51,11.43
1111,5.122623225840886,4,13.08,6.29,21.89,9.51,6.78,13.79,5.39,14.69,18.25,38.12,11.71
1112,5.122623225840886,4,13.24,6.34,22.09,9.62,6.86,13.9,5.39,14.69,18.34,38.59,11.62
1113,5.122623225840886,4,13.18,6.34,22.19,9.62,6.86,13.9,5.41,14.63,18.34,38.59,12.08
1114,5.122623225840886,4,13.18,6.34,22.09,9.62,6.86,13.9,5.39,14.57,18.43,38.36,11.89
1115,5.122623225840886,4,13.13,6.34,22.09,9.58,6.83,13.9,5.39,14.87,18.34,40.8,11.66
1116,5.122623225840886,4,13.13,6.32,21.99,9.58,6.81,13.84,5.34,14.63,18.34,39.3,11.48
1117,5.122623225840886,4,13.67,6.29,21.99,9.51,6.78,13.79,5.34,14.75,18.25,36.35,11.57
1118,5.122623225840886,4,13.78,6.26,21.89,9.51,6.75,13.79,5.36,14.63,18.25,40.54,11.21
1119,5.122623225840886,4,13.61,6.26,21.79,9.51,6.78,13.73,5.34,16.02,18.17,38.59,12.08
1120,5.122623225840886,4,13.5,6.24,21.79,9.47,6.72,13.73,5.3,14.57,18.17,35.31,11.57
1121,5.122623225840886,4,13.5,6.26,21.79,9.51,6.78,13.79,5.32,14.45,18.25,39.06,11.43
1122,5.122623225840886,4,13.45,6.26,21.69,9.51,6.78,13.73,5.3,14.51,18.08,37.22,11.57
1123,5.122623225840886,4,13.5,6.26,21.79,9.51,6.78,13.79,5.3,16.43,18.08,35.93,11.66
1124,5.122623225840886,4,13.5,6.29,21.79,9.51,6.78,13.79,5.32,14.57,18.17,36.78,11.48
1125,5.122623225840886,4,13.45,6.26,21.79,9.51,6.72,13.68,5.28,14.63,18.08,37.22,11.75
1126,5.122623225840886,4,12.82,6.21,21.69,9.43,6.72,13.68,5.28,14.51,18.08,35.31,11.75
1127,5.122623225840886,4,12.87,6.26,21.79,9.51,6.78,13.79,5.32,14.57,18.17,37.22,11.85
1128,5.122623225840886,4,12.82,6.24,21.69,9.47,6.78,13.73,5.3,14.81,18.08,37.22,11.85
1129,5.122623225840886,4,12.92,6.26,21.79,9.51,6.78,13.79,5.3,14.57,18.08,37.44,11.99
1130,5.122623225840886,4,12.18,5.76,20.83,8.9,6.19,13.04,4.86,13.82,17.42,36.78,11.21
1131,5.122623225840886,4,12.98,6.29,21.79,9.51,6.78,13.79,5.32,15.12,18.17,37.22,11.94
1132,5.122623225840886,4,12.72,6.14,21.6,9.32,6.61,13.62,5.23,14.45,18,37,11.17
1133,5.122623225840886,4,12.82,6.19,21.6,9.4,6.67,13.68,5.26,14.63,18,37.44,11.52
1134,5.122623225840886,4,12.77,6.16,21.6,9.36,6.67,13.68,5.28,15.76,18,36.78,11.71
1135,5.122623225840886,4,12.87,6.21,21.69,9.43,6.7,13.73,5.26,14.57,18.08,37.44,11.99
1136,5.122623225840886,4,12.67,6.09,21.5,9.29,6.56,13.57,5.19,14.45,17.91,38.36,11.71
1137,5.122623225840886,4,12.23,6.11,21.5,9.29,6.4,13.57,5.19,14.51,17.91,38.12,11.62
1138,5.122623225840886,4,12.72,6.14,21.5,9.36,6.64,13.68,5.21,16.02,18,37.9,11.3
1139,5.122623225840886,4,12.62,6.04,21.4,9.25,6.51,13.35,5.06,16.3,17.75,37.9,11.57
1140,5.122623225840886,4,12.82,6.19,21.6,9.36,6.7,13.68,5.23,14.57,18,37.44,11.71
1141,5.137436616319461,4,12.67,6.09,21.4,9.29,6.61,13.57,5.17,16.43,17.83,37.9,11.8
1142,5.137436616319461,4,12.72,6.11,21.5,9.4,6.59,13.57,5.19,14.39,17.91,35.93,11.71
1143,5.137436616319461,4,12.57,6.01,21.31,9.29,6.48,13.46,5.11,14.28,17.83,36.35,11.71
1144,5.137436616319461,4,12.82,6.16,21.6,9.47,6.64,13.68,5.23,14.57,18,37.9,11.71
1145,5.137436616319461,4,12.82,6.19,21.6,9.51,6.67,13.68,5.23,14.81,18,34.91,11.75
1146,5.137436616319461,4,12.98,6.26,21.79,9.62,6.78,13.84,5.3,14.69,18.17,37.9,11.85
1147,5.137436616319461,4,12.92,6.26,21.79,9.62,6.81,13.84,5.28,14.63,18.08,36.78,11.75
1148,5.137436616319461,4,13.03,6.29,21.79,9.66,6.83,13.84,5.3,14.93,18.17,35.51,11.71
1149,5.137436616319461,4,11.94,5.5,20.55,8.62,6.02,12.73,4.8,16.02,17.18,33.93,10.87
1150,5.137436616319461,4,13.03,6.32,21.79,9.7,6.86,13.96,5.39,15.37,18.17,37.9,11.8
1151,5.137436616319461,4,12.47,5.94,21.21,9.25,6.45,13.35,5.04,14.16,17.75,35.72,11.43
1152,5.137436616319461,4,13.56,6.21,21.6,9.55,6.75,13.79,5.23,16.3,18,37.9,11.75
1153,5.137436616319461,4,12.98,6.29,21.79,9.62,6.83,13.9,5.28,14.81,18.17,37.22,11.85
1154,5.137436616319461,4,12.72,6.14,21.5,9.43,6.7,13.68,5.17,14.69,17.91,36.78,11.75
1155,5.137436616319461,4,12.87,6.21,21.6,9.55,6.75,13.73,5.23,17.51,18,36.57,11.8
1156,5.137436616319461,4,12.98,6.26,21.79,9.58,6.81,13.84,5.34,14.69,18.17,35.93,11.85
1157,5.137436616319461,4,13.24,6.39,21.89,9.77,6.94,14.01,5.39,16.09,18.25,39.06,11.99
1158,5.137436616319461,4,13.29,6.39,21.99,9.77,6.94,14.07,5.36,14.93,18.25,38.36,11.99
1159,5.137436616319461,4,13.18,6.29,21.79,9.66,6.86,13.9,5.3,16.3,18.17,36.35,11.85
1160,5.137436616319461,4,13.13,6.29,21.79,9.66,6.86,13.9,5.26,14.63,18.17,37.22,11.75
1161,5.137436616319461,4,13.18,6.37,21.89,9.73,6.86,13.96,5.32,16.43,18.17,37.44,11.89
1162,5.137436616319461,4,13.4,6.34,21.89,9.7,6.83,13.96,5.3,16.71,18.25,36.78,11.85
1163,5.137436616319461,4,13.24,6.39,21.99,9.77,6.86,14.01,5.32,17,18.25,37.67,11.48
1164,5.137436616319461,4,13.24,6.39,21.99,9.73,6.86,14.01,5.34,15.06,18.25,35.31,11.89
1165,5.137436616319461,4,13.08,6.29,21.79,9.62,6.75,13.9,5.28,14.93,18.34,37.22,11.75
1166,5.137436616319461,4,13.13,6.32,21.89,9.66,6.81,13.9,5.3,16.71,18.17,37.44,11.66
1167,5.137436616319461,4,13.08,6.26,21.79,9.62,6.75,13.84,5.23,16.5,18.08,38.36,10.99
1168,5.137436616319461,4,12.42,5.79,21.21,9.04,6.27,13.19,4.96,14.51,17.5,35.51,11.26
1169,5.137436616319461,4,13.03,6.29,21.69,9.62,6.78,13.96,5.32,14.87,18.08,37.22,11.85
1170,5.137436616319461,4,13.24,6.34,21.79,9.7,6.83,14.01,5.3,14.93,18.17,38.36,11.89
1171,5.137436616319461,4,13.45,6.32,21.79,9.7,6.86,14.01,5.3,14.69,18.17,38.36,11.85
1172,5.137436616319461,4,13.34,6.29,21.79,9.7,6.81,13.96,5.28,14.75,18.08,38.59,11.39
1173,5.137436616319461,4,13.18,6.24,21.69,9.58,6.72,13.84,5.21,14.57,18,36.35,11.62
1174,5.137436616319461,4,13.18,6.29,21.79,9.66,6.78,13.96,5.28,14.69,18.08,37.22,11.89
1175,5.137436616319461,4,13.34,6.29,21.79,9.66,6.81,13.96,5.26,14.69,18.08,38.12,11.89
1176,5.137436616319461,4,13.24,6.32,21.89,9.7,6.86,14.01,5.28,16.09,18.17,39.3,11.94
1177,5.137436616319461,4,13.18,6.29,21.89,9.66,6.83,13.96,5.26,14.75,18.17,35.72,11.85
1178,5.137436616319461,4,13.18,6.29,21.79,9.66,6.81,13.9,5.23,16.23,18.08,41.05,11.85
1179,5.137436616319461,4,13.67,6.34,21.89,9.73,6.86,14.07,5.3,14.93,18.17,37.67,11.94
1180,5.137436616319461,4,13.03,6.34,21.99,9.73,6.86,14.01,5.3,14.75,18.17,37.44,11.89
1181,5.137436616319461,4,13.08,6.39,22.09,9.81,6.92,14.13,5.34,15,18.25,37.9,11.99
1182,5.137436616319461,4,13.18,6.45,22.09,9.85,6.97,14.18,5.36,15.12,18.25,38.12,12.03
1183,5.137436616319461,4,12.98,6.32,21.89,9.7,6.83,14.01,5.28,14.81,18.17,36.57,11.94
1184,5.137436616319461,4,13.03,6.34,21.99,9.77,6.86,14.01,5.28,15.12,18.17,37.22,11.62
1185,5.137436616319461,4,13.08,6.39,21.6,9.58,6.92,14.13,5.32,15,18.25,37.67,11.66
1186,5.137436616319461,4,13.08,6.39,21.99,9.81,6.92,14.07,5.3,15.31,18.25,37.67,11.94
1187,5.137436616319461,4,12.98,6.34,21.89,9.73,6.86,14.01,5.3,17.22,18.08,37.22,11.89
1188,5.137436616319461,4,13.08,6.37,21.99,9.81,6.89,14.07,5.3,14.81,18.17,38.59,11.94
1189,5.137436616319461,4,13.03,6.34,21.99,9.77,6.83,14.01,5.28,14.81,18.17,37.22,12.03
1190,5.137436616319461,4,13.08,6.42,22.09,9.85,6.92,14.18,5.32,15.12,18.34,36.14,12.08
1191,5.137436616319461,4,13.08,6.39,21.99,9.81,6.92,14.13,5.32,15,18.17,35.72,12.03
1192,5.137436616319461,4,13.08,6.39,22.09,9.81,6.89,14.13,5.34,15,18.25,38.59,12.03
1193,5.137436616319461,4,13.13,6.42,22.09,9.89,6.92,14.18,5.32,16.3,18.25,37.67,11.8
1194,5.137436616319461,4,13.08,6.37,21.89,9.77,6.89,14.13,5.28,16.71,18.17,36.35,11.99
1195,5.137436616319461,4,13.13,6.42,22.09,9.85,6.94,14.18,5.32,16.86,18.25,36.35,12.03
1196,5.137436616319461,4,13.03,6.37,21.99,9.77,6.86,14.07,5.26,16.71,18.17,37.22,11.94
1197,5.137436616319461,4,13.08,6.39,21.99,9.81,6.89,14.13,5.28,16.93,18.17,37.67,11.8
1198,5.137436616319461,4,13.18,6.47,22.09,9.93,7,14.24,5.36,16.43,18.25,36.78,12.13
1199,5.137436616319461,4,13.18,6.47,22.19,9.93,7,14.3,5.34,15.12,18.43,38.36,12.23
1200,5.137436616319461,4,13.18,6.47,22.09,9.93,6.97,14.3,5.36,15,18.43,38.12,12.18
1201,5.1484808162643185,4,13.18,6.47,22.09,9.93,6.97,14.3,5.34,15.06,18.34,38.12,12.18
1202,5.1484808162643185,4,13.13,6.45,22.09,9.89,6.94,14.24,5.28,15,18.34,37.44,12.03
1203,5.1484808162643185,4,13.24,6.5,22.3,9.97,7.03,14.36,5.36,15.18,18.43,38.36,12.27
1204,5.1484808162643185,4,13.13,6.45,22.09,9.93,6.97,14.3,5.32,15.18,18.34,36.35,12.13
1205,5.1484808162643185,4,13.18,6.47,22.19,9.93,6.89,14.3,5.34,15.06,18.34,37.44,12.18
1206,5.1484808162643185,4,13.13,6.47,22.09,9.93,6.89,14.3,5.32,15,18.25,38.59,12.18
1207,5.1484808162643185,4,12.98,6.32,21.99,9.77,6.75,14.13,5.23,14.93,18.25,37.44,12.08
1208,5.1484808162643185,4,12.98,6.34,21.99,9.77,6.75,14.18,5.26,15.18,18.25,37.44,12.08
1209,5.1484808162643185,4,13.03,6.37,21.99,9.77,6.78,14.18,5.26,16.57,18.25,37.67,12.08
1210,5.1484808162643185,4,12.52,6.06,21.4,9.43,6.48,13.68,4.96,14.51,17.83,37.67,11.66
1211,5.1484808162643185,4,13.24,6.47,22.19,9.93,6.97,14.36,5.34,15.31,18.43,38.12,12.18
1212,5.1484808162643185,4,13.18,6.47,22.19,9.93,6.97,14.3,5.32,16.78,18.34,37.9,12.23
1213,5.1484808162643185,4,12.82,6.21,21.79,9.66,6.7,14.01,5.13,14.87,18.08,35.72,11.85
1214,5.1484808162643185,4,13.03,6.39,22.09,9.81,6.86,14.24,5.26,15.06,18.25,37.9,12.03
1215,5.1484808162643185,4,13.24,6.5,22.3,9.97,7,14.42,5.36,15.18,18.34,38.59,12.23
1216,5.1484808162643185,4,13.24,6.53,22.4,10.01,7.03,14.42,5.34,15.37,18.43,43.22,12.27
1217,5.1484808162643185,4,13.29,6.5,22.3,10.01,7.03,14.47,5.34,15.37,18.34,38.36,11.94
1218,5.1484808162643185,4,13.34,6.55,22.4,10.05,7.06,14.47,5.36,15.37,18.43,38.59,12.62
1219,5.1484808162643185,4,13.24,6.47,22.19,9.97,6.97,14.42,5.3,15.31,18.43,41.32,12.42
1220,5.1484808162643185,4,12.98,6.32,21.99,9.77,6.81,14.18,5.19,15.18,18.17,38.36,11.57
1221,5.1484808162643185,4,13.13,6.45,22.19,9.93,6.94,14.36,5.3,15.44,18.34,38.12,11.85
1222,5.1484808162643185,4,13.13,6.45,22.19,9.93,6.97,14.36,5.3,15.44,18.34,38.36,11.99
1223,5.1484808162643185,4,13.18,6.47,22.19,9.97,7,14.42,5.32,15.44,18.34,37.9,11.89
1224,5.1484808162643185,4,13.24,6.5,22.3,9.97,7.03,14.47,5.32,15.56,18.43,38.36,11.99
1225,5.1484808162643185,4,13.18,6.47,22.19,9.97,7,14.42,5.3,15.63,18.34,37.9,12.27
1226,5.1484808162643185,4,13.18,6.47,22.3,9.97,7,14.42,5.3,15.44,18.34,38.36,12.27
1227,5.1484808162643185,4,13.18,6.47,22.19,9.97,7.03,14.47,5.32,15.5,18.43,37.67,12.23
1228,5.1484808162643185,4,13.08,6.39,21.99,9.85,6.94,14.36,5.26,15.37,18.25,37.9,12.03
1229,5.1484808162643185,4,13.13,6.45,22.19,9.93,6.97,14.42,5.28,15.63,18.34,37.44,11.8
1230,5.1484808162643185,4,13.08,6.39,21.99,9.89,6.94,14.36,5.26,15.44,18.25,37.9,11.85
1231,5.1484808162643185,4,13.13,6.47,22.19,9.97,7.03,14.47,5.32,17,18.25,38.36,12.23
1232,5.1484808162643185,4,13.18,6.47,22.19,9.97,7,14.47,5.34,15.56,18.25,37.67,12.18
1233,5.1484808162643185,4,13.13,6.47,22.19,9.93,7,14.47,5.28,15.44,18.25,37,12.13
1234,5.1484808162643185,4,13.24,6.53,22.3,10.01,7.06,14.53,5.32,15.5,18.43,38.12,11.94
1235,5.1484808162643185,4,12.87,6.32,21.89,9.77,6.72,14.18,5.15,15.44,18,35.51,11.94
1236,5.1484808162643185,4,12.87,6.29,21.79,9.73,6.81,14.18,5.17,15.37,18.08,36.78,11.89
1237,5.1484808162643185,4,13.08,6.42,22.09,9.93,6.92,14.42,5.26,15.63,18.25,38.12,12.08
1238,5.1484808162643185,4,12.92,6.34,21.89,9.81,6.83,14.3,5.17,15.44,18.17,37,11.94
1239,5.1484808162643185,4,13.08,6.45,21.99,9.89,6.94,14.42,5.26,17,18.25,37,12.03
1240,5.1484808162643185,4,13.18,6.5,22.09,9.97,7,14.47,5.28,15.63,18.87,37,12.08
1241,5.1484808162643185,4,12.98,6.37,21.89,9.81,6.86,14.3,5.19,16.86,18.51,36.57,11.8
1242,5.1484808162643185,4,12.98,6.37,21.99,9.81,6.86,14.36,5.19,15.56,18.6,38.12,12.03
1243,5.1484808162643185,4,13.13,6.47,22.09,9.93,6.97,14.47,5.26,15.44,18.34,38.12,11.99
1244,5.1484808162643185,4,13.08,6.45,22.19,9.93,6.94,14.47,5.21,17,18.43,39.06,12.08
1245,5.1484808162643185,4,13.08,6.45,21.99,9.93,6.94,14.47,5.23,15.5,18.34,38.36,12.13
1246,5.1484808162643185,4,13.13,6.47,22.19,9.97,6.97,14.47,5.26,15.56,18.34,37.9,12.13
1247,5.1484808162643185,4,13.13,6.5,22.19,10.01,7.03,14.53,5.3,17,18.34,37,12.08
1248,5.1484808162643185,4,12.98,6.39,22.09,9.81,6.92,14.36,5.19,15.44,18.25,37,12.03
1249,5.1484808162643185,4,13.08,6.45,22.3,9.97,6.94,14.47,5.26,15.37,18.25,41.84,12.03
1250,5.1484808162643185,4,13.03,6.39,22.19,9.89,6.89,14.42,5.19,17.36,18.87,36.57,11.99
1251,5.1484808162643185,4,12.82,6.24,21.89,9.7,6.75,14.18,5.06,15.18,18.69,36.35,11.85
1252,5.1484808162643185,4,13.13,6.47,22.3,9.97,6.97,14.53,5.23,15.5,19.05,39.06,12.08
1253,5.1484808162643185,4,13.13,6.45,22.3,9.97,6.94,14.53,5.21,15.44,19.05,38.12,12.08
1254,5.1484808162643185,4,13.08,6.45,22.3,9.97,6.94,14.47,5.21,15.44,18.96,37.9,12.18
1255,5.1484808162643185,4,13.24,6.55,22.4,10.08,7.06,14.65,5.28,15.56,19.05,37.44,12.18
1256,5.1484808162643185,4,13.24,6.53,22.5,10.05,7.03,14.65,5.28,15.56,19.05,39.3,12.23
1257,5.1484808162643185,4,13.03,6.37,22.19,9.89,6.89,14.42,5.17,15.44,18.87,37.44,11.89
1258,5.1484808162643185,4,13.08,6.39,22.3,9.93,6.92,14.47,5.21,16.02,18.87,36.78,12.13
1259,5.1484808162643185,4,12.98,6.34,22.09,9.81,6.86,14.36,5.13,15.44,18.78,37.44,11.57
1260,5.1484808162643185,4,13.08,6.42,22.3,9.93,6.94,14.53,5.19,15.5,18.96,37.22,11.99
1261,5.164698666346285,4,13.29,6.55,22.4,10.08,7.06,14.65,5.28,16.23,19.05,42.38,12.18
1262,5.164698666346285,4,13.29,6.53,22.5,10.08,7.06,14.65,5.26,15.69,19.05,37.44,12.18
1263,5.164698666346285,4,13.24,6.5,22.3,10.05,7,14.59,5.23,15.56,18.96,37.67,12.23
1264,5.164698666346285,4,13.29,6.55,22.4,10.08,7.06,14.65,5.28,15.63,19.05,35.31,12.23
1265,5.164698666346285,4,13.18,6.47,22.3,10.01,6.92,14.59,5.23,15.56,18.96,37.67,11.8
1266,5.164698666346285,4,13.24,6.53,22.4,10.05,6.97,14.65,5.26,15.56,18.96,37.22,11.89
1267,5.164698666346285,4,13.29,6.53,22.4,10.08,6.97,14.71,5.26,15.89,19.05,37.67,11.94
1268,5.164698666346285,4,13.24,6.45,22.4,9.97,6.92,14.53,5.19,15.63,18.87,37.44,11.99
1269,5.164698666346285,4,13.34,6.55,22.5,10.08,7.03,14.77,5.3,15.69,19.05,36.35,12.03
1270,5.164698666346285,4,13.34,6.55,22.5,10.12,7.06,14.77,5.28,15.83,19.05,37.67,12.08
1271,5.164698666346285,4,13.13,6.47,22.4,10.05,6.92,14.65,5.23,15.89,18.96,37.22,11.99
1272,5.164698666346285,4,13.34,6.58,22.5,10.12,7.06,14.77,5.3,16.09,19.05,37.44,11.99
1273,5.164698666346285,4,12.98,6.37,22.09,9.89,6.92,14.53,5.19,15.83,18.78,37,11.85
1274,5.164698666346285,4,13.13,6.45,22.19,10.01,6.94,14.59,5.19,15.63,18.78,37.9,11.8
1275,5.164698666346285,4,13.13,6.42,22.19,9.93,6.92,14.59,5.15,15.76,18.78,36.57,11.85
1276,5.164698666346285,4,13.13,6.45,22.19,9.97,6.94,14.65,5.19,15.83,18.87,36.78,11.85
1277,5.164698666346285,4,13.24,6.53,22.4,10.08,7.03,14.77,5.23,15.76,18.87,37,12.03
1278,5.164698666346285,4,13.24,6.53,22.4,10.05,7.03,14.77,5.23,15.89,18.96,38.12,11.94
1279,5.164698666346285,4,13.24,6.5,22.3,10.01,7.03,14.71,5.21,16.02,18.87,37.22,12.03
1280,5.164698666346285,4,13.24,6.5,22.4,10.08,7.03,14.77,5.23,15.83,18.87,37.44,12.03
1281,5.164698666346285,4,12.72,6.26,22.19,9.73,6.61,14.24,5,16.3,18.51,37,11.71
1282,5.164698666346285,4,11.99,5.64,20.93,9,6.09,13.46,4.62,15,17.75,34.31,10.91
1283,5.164698666346285,4,11.94,5.6,20.83,8.97,6.04,13.46,4.64,15.76,17.75,32.27,10.74
1284,5.164698666346285,4,11.99,5.62,20.83,8.97,6.07,13.51,4.64,15.63,17.67,34.12,10.78
1285,5.164698666346285,4,11.85,5.57,20.65,8.93,5.97,13.46,4.6,14.81,17.5,33.93,10.74
1286,5.164698666346285,4,11.89,5.6,20.55,8.97,5.94,13.46,4.62,14.93,17.5,34.31,10.61
1287,5.164698666346285,4,12.47,5.69,20.83,9.07,6.04,13.62,4.68,14.93,17.67,32.99,10.95
1288,5.164698666346285,4,12.23,5.57,20.46,8.93,5.89,13.41,4.56,15.76,17.34,32.63,10.74
1289,5.164698666346285,4,11.94,5.67,20.74,9.04,6.02,13.62,4.68,15.25,17.67,33.55,10.74
1290,5.164698666346285,4,11.89,5.62,20.55,8.97,5.97,13.57,4.64,14.75,17.1,35.51,10.57
1291,5.164698666346285,4,13.13,6.53,21.99,10.05,6.92,14.89,5.32,15.76,18.34,35.11,11.99
1292,5.164698666346285,4,13.24,6.66,22.09,10.16,7,14.95,5.26,15.76,18.34,40.8,12.03
1293,5.164698666346285,4,13.29,6.66,22.09,10.2,7,15.02,5.26,15.83,18.43,37.9,12.03
1294,5.164698666346285,4,13.29,6.61,22.19,10.12,6.97,14.95,5.23,15.83,18.34,38.59,12.13
1295,5.164698666346285,4,13.18,6.53,21.99,10.05,6.89,14.83,5.17,15.63,18.25,37.22,11.99
1296,5.164698666346285,4,13.08,6.42,21.79,9.97,6.78,14.65,5.06,15.37,18,35.51,11.8
1297,5.164698666346285,4,13.29,6.61,22.19,10.16,6.94,14.89,5.21,15.83,18.34,37.22,11.99
1298,5.164698666346285,4,13.29,6.63,22.19,10.2,7,14.95,5.23,15.83,18.43,37.67,12.13
1299,5.164698666346285,4,13.34,6.63,22.4,10.2,7,14.95,5.23,15.89,18.43,35.31,11.85
1300,5.164698666346285,4,13.29,6.58,22.19,10.2,6.94,14.89,5.19,15.83,18.34,37.9,12.03
1301,5.164698666346285,4,13.4,6.66,22.4,10.28,7.06,15.02,5.28,16.16,18.51,37,12.18
1302,5.164698666346285,4,12.92,6.37,21.79,9.93,6.7,14.36,5.04,15.76,18.08,36.78,11.57
1303,5.164698666346285,4,13.5,6.74,22.4,10.32,7.09,15.08,5.3,16.16,18.51,37.9,12.23
1304,5.164698666346285,4,13.5,6.74,22.5,10.41,7.11,15.14,5.3,16.3,18.6,35.72,12.42
1305,5.164698666346285,4,14.11,6.77,22.5,10.41,7.14,15.14,5.32,16.23,18.6,38.12,12.42
1306,5.164698666346285,4,14.11,6.77,22.5,10.41,7.14,15.14,5.32,16.23,18.6,38.12,12.42
1307,5.164698666346285,4,14.06,6.77,22.5,10.41,7.09,15.14,5.28,16.16,18.51,38.12,12.42
1308,5.164698666346285,4,14.06,6.77,22.5,10.41,7.11,15.14,5.3,17.74,18.6,39.79,12.27
1309,5.164698666346285,4,14.11,6.8,22.61,10.45,7.14,15.14,5.3,16.23,18.6,37.67,12.23
1310,5.164698666346285,4,13.4,6.72,22.5,10.37,7.06,15.08,5.26,16.16,18.6,38.36,12.03
1311,5.164698666346285,4,13.83,6.58,22.19,10.2,6.92,14.89,5.17,15.96,18.34,36.78,11.66
1312,5.164698666346285,4,13.29,6.66,22.4,10.32,7.03,15.02,5.26,16.09,18.51,37.9,11.71
1313,5.164698666346285,4,13.24,6.55,22.19,10.2,7.09,14.89,5.17,16.02,18.34,37.44,12.37
1314,5.164698666346285,4,13.67,6.55,22.3,10.2,7.09,14.89,5.17,16.16,18.34,37.44,12.32
1315,5.164698666346285,4,13.5,6.42,21.99,10.05,6.89,14.65,5.06,15.83,18.17,37.44,11.66
1316,5.164698666346285,4,13.83,6.61,22.3,10.28,7.17,15.02,5.21,16.36,18.43,39.06,11.8
1317,5.164698666346285,4,14.06,6.66,22.4,10.32,7.2,15.08,5.28,16.23,18.51,37.44,12.13
1318,5.164698666346285,4,13.29,6.32,21.89,9.93,6.59,14.36,4.88,15.63,17.91,36.57,11.94
1319,5.164698666346285,4,13.72,6.47,21.99,10.12,7.03,14.83,5.15,15.96,18.25,35.93,12.03
1320,5.164698666346285,4,13.89,6.61,22.3,10.28,7.17,15.08,5.23,16.23,18.43,37.9,12.13
1321,5.205280350711826,4,13.78,6.58,22.19,10.24,7.14,15.02,5.19,16.09,18.43,37.44,12.13
1322,5.205280350711826,4,13.83,6.58,22.3,10.24,7.14,14.95,5.17,16.16,18.43,37.22,12.08
1323,5.205280350711826,4,14,6.66,22.3,10.32,7.23,15.08,5.23,16.3,18.51,37,12.52
1324,5.205280350711826,4,14.06,6.69,22.4,10.41,7.29,15.2,5.28,16.36,18.6,38.12,12.57
1325,5.205280350711826,4,14,6.66,22.3,10.32,7.23,15.08,5.21,16.16,18.51,37.44,12.72
1326,5.205280350711826,4,13.94,6.63,22.4,10.32,7.23,15.08,5.19,16.16,18.51,37.9,11.66
1327,5.205280350711826,4,14,6.74,22.61,10.45,7.32,15.2,5.28,16.43,18.6,37.9,11.94
1328,5.205280350711826,4,13.72,6.42,21.99,10.08,7.03,14.77,5.04,16.16,18.25,40.54,11.52
1329,5.205280350711826,4,14.17,6.74,22.5,10.45,7.32,15.26,5.28,16.43,18.6,39.3,12.27
1330,5.205280350711826,4,13.94,6.63,22.4,10.32,7.2,15.08,5.21,16.43,18.51,37.9,12.03
1331,5.205280350711826,4,13.94,6.61,22.3,10.32,7.2,15.08,5.19,16.36,18.51,36.57,11.75
1332,5.205280350711826,4,14,6.66,22.3,10.37,7.2,15.14,5.21,16.3,18.69,35.93,11.85
1333,5.205280350711826,4,14.06,6.66,22.4,10.37,7.23,15.14,5.21,16.43,18.51,36.78,11.85
1334,5.205280350711826,4,14,6.63,22.3,10.32,7.2,15.14,5.19,16.36,18.51,36.78,11.89
1335,5.205280350711826,4,13.78,6.47,22.09,10.16,7.09,14.89,5.09,16.16,18.34,36.78,11.66
1336,5.205280350711826,4,13.94,6.69,22.4,10.41,7.29,15.2,5.23,16.3,18.51,35.93,12.03
1337,5.205280350711826,4,14.06,6.69,22.4,10.45,7.29,15.2,5.26,16.43,18.51,37.9,12.32
1338,5.205280350711826,4,13.78,6.5,22.09,10.2,7.09,14.95,5.09,16.23,18.34,37,12.08
1339,5.205280350711826,4,13.4,6.66,22.4,10.37,7.26,15.2,5.21,16.43,18.69,37,11.85
1340,5.205280350711826,4,13.34,6.63,22.4,10.37,7.26,15.2,5.21,16.43,18.6,37.67,11.8
1341,5.205280350711826,4,14.06,6.72,22.5,10.49,7.32,15.33,5.26,16.5,18.6,37.44,11.94
1342,5.205280350711826,4,13.72,6.47,22.09,10.16,7.06,14.89,5.06,16.02,18.34,36.57,11.66
1343,5.205280350711826,4,13.61,6.42,21.99,10.08,7,14.83,5.04,16.09,18.25,36.78,11.66
1344,5.205280350711826,4,13.67,6.42,21.89,10.08,7,14.89,5.04,16.16,18.69,36.78,11.66
1345,5.205280350711826,4,13.56,6.39,21.89,10.05,6.97,14.83,5,16.02,18.6,35.93,11.57
1346,5.205280350711826,4,13.56,6.39,21.89,10.05,6.97,14.83,5.02,16.09,18.6,36.57,11.48
1347,5.205280350711826,4,14,6.66,22.3,10.37,7.26,15.26,5.23,16.36,18.96,37.67,11.85
1348,5.205280350711826,4,13.89,6.58,22.09,10.32,7.2,15.14,5.15,16.3,18.87,36.78,11.71
1349,5.205280350711826,4,13.89,6.58,22.19,10.32,7.17,15.14,5.15,16.5,18.87,37.44,11.99
1350,5.205280350711826,4,13.89,6.61,22.09,10.32,7.2,15.14,5.15,16.5,18.87,37.44,11.99
1351,5.205280350711826,4,13.89,6.61,22.19,10.32,7.23,15.2,5.15,16.64,18.96,35.11,11.66
1352,5.205280350711826,4,13.61,6.45,21.89,10.16,7.09,14.95,5.02,16.16,18.69,36.78,11.62
1353,5.205280350711826,4,13.94,6.69,22.3,10.45,7.29,15.26,5.19,16.43,19.05,38.12,11.8
1354,5.205280350711826,4,13.89,6.66,22.19,10.41,7.26,15.26,5.17,16.3,19.05,37.22,11.89
1355,5.205280350711826,4,13.45,6.66,22.19,10.41,7.29,15.26,5.17,19.62,18.96,40.04,11.75
1356,5.205280350711826,4,13.5,6.72,22.4,10.49,7.41,15.2,5.19,16.3,19.05,38.36,11.94
1357,5.205280350711826,4,12.67,6.09,21.11,9.77,6.7,14.42,4.72,15.37,18.25,36.35,11.21
1358,5.205280350711826,4,13.4,6.66,22.4,10.41,7.29,15.26,5.19,16.36,19.05,38.36,11.94
1359,5.205280350711826,4,13.45,6.74,22.4,10.49,7.38,15.39,5.21,16.3,19.14,39.3,12.03
1360,5.205280350711826,4,13.34,6.66,22.3,10.45,7.29,15.26,5.17,16.36,19.05,36.57,11.75
1361,5.205280350711826,4,13.4,6.72,22.3,10.45,7.32,15.33,5.17,16.5,19.05,38.83,12.03
1362,5.205280350711826,4,13.45,6.72,22.3,10.45,7.32,15.33,5.17,16.3,19.14,38.12,12.03
1363,5.205280350711826,4,12.92,6.45,21.5,10.05,6.97,14.77,4.9,15.83,18.51,37,11.66
1364,5.205280350711826,4,13.45,6.72,22.19,10.49,7.35,15.39,5.19,16.43,19.05,37.67,11.89
1365,5.205280350711826,4,13.34,6.63,22.19,10.32,7.26,15.26,5.11,16.71,19.05,35.51,11.89
1366,5.205280350711826,4,13.4,6.69,22.3,10.37,7.29,15.33,5.15,16.36,19.05,37.22,12.03
1367,5.205280350711826,4,12.92,6.42,21.79,10.24,7,14.89,4.94,18.53,18.6,37.67,11.75
1368,5.205280350711826,4,12.72,6.19,21.21,9.77,6.75,14.59,4.74,15.56,18.34,37,11.3
1369,5.205280350711826,4,13.34,6.58,22.09,10.32,7.26,15.26,5.17,16.23,18.87,37.67,11.85
1370,5.205280350711826,4,13.45,6.69,22.3,10.49,7.38,15.39,5.19,16.43,19.05,38.59,11.99
1371,5.205280350711826,4,12.77,6.21,21.4,9.85,6.83,14.65,4.8,15.76,18.34,35.93,11.3
1372,5.205280350711826,4,13.13,6.39,21.79,10.12,7.06,14.95,5,16.3,18.69,35.72,11.52
1373,5.205280350711826,4,13.08,6.42,21.69,10.12,7.03,14.95,4.98,16.09,18.69,36.14,11.57
1374,5.205280350711826,4,12.67,6.19,21.31,9.85,6.75,14.65,4.74,15.83,18.34,35.31,11.21
1375,5.205280350711826,4,12.98,6.34,21.69,10.08,7,14.95,4.96,16.23,18.6,35.93,11.48
1376,5.205280350711826,4,13.08,6.5,21.79,10.24,7.09,15.02,5,16.23,18.69,37,11.57
1377,5.205280350711826,4,13.24,6.61,21.89,10.32,7.2,15.2,5.09,16.36,18.78,36.57,11.89
1378,5.205280350711826,4,13.13,6.55,21.79,10.24,7.11,15.08,5.02,16.43,18.69,36.35,11.52
1379,5.205280350711826,4,12.57,6.16,21.11,9.77,6.64,14.53,4.72,15.96,17.75,35.51,11.43
1380,5.205280350711826,4,12.87,6.32,21.5,10.01,6.86,14.77,4.88,16.5,18,34.12,11.34
1381,5.228207681211135,4,12.08,5.86,20.46,9.4,6.3,14.01,4.44,15.25,17.34,33.17,10.65
1382,5.228207681211135,4,13.83,6.61,21.79,10.32,7.17,15.2,5.06,16.36,18.69,36.57,11.57
1383,5.228207681211135,4,13.67,6.5,21.69,10.16,7.06,15.02,4.96,16.3,18.6,36.14,11.57
1384,5.228207681211135,4,13.61,6.45,21.69,10.16,7.09,15.02,5,16.43,18.6,35.72,11.8
1385,5.228207681211135,4,12.92,6.37,21.31,10.12,7,14.83,4.88,16.16,18.51,36.35,11.34
1386,5.228207681211135,4,13.83,6.61,21.79,10.45,7.26,15.33,5.11,16.43,18.87,37.44,11.85
1387,5.228207681211135,4,13.78,6.61,21.79,10.41,7.23,15.33,5.09,16.5,18.87,38.83,11.85
1388,5.228207681211135,4,13.72,6.55,21.69,10.37,7.17,15.26,5.09,16.5,18.78,39.3,11.8
1389,5.228207681211135,4,13.45,6.37,21.4,10.12,6.97,14.95,4.92,16.3,18.6,37,11.52
1390,5.228207681211135,4,13.61,6.42,21.5,10.2,7.06,15.08,4.98,16.5,18.69,36.35,11.57
1391,5.228207681211135,4,13.61,6.5,21.5,10.24,7.09,15.14,5,16.57,18.69,36.57,11.71
1392,5.228207681211135,4,13.67,6.5,21.5,10.28,7.06,15.08,4.98,16.5,18.6,37,11.52
1393,5.228207681211135,4,13.08,6.55,21.69,10.28,7.09,15.2,5,16.5,18.69,36.78,11.57
1394,5.228207681211135,4,12.98,6.5,21.5,10.24,7,15.02,4.94,16.43,18.6,37.44,11.89
1395,5.228207681211135,4,12.87,6.39,21.21,10.08,6.92,14.95,4.86,16.16,18.51,35.31,11.26
1396,5.228207681211135,4,11.8,5.5,19.93,9.07,5.97,13.62,4.22,15.25,17.34,32.81,10.29
1397,5.228207681211135,4,11.85,5.62,20.1,9.14,6.14,13.84,4.39,15.96,17.5,33.17,10.49
1398,5.228207681211135,4,11.75,5.55,20.1,9.07,6.04,13.79,4.35,15.37,17.42,32.81,10.49
1399,5.228207681211135,4,11.8,5.57,20.1,9.07,6.09,13.84,4.37,15.63,17.5,32.99,10.37
1400,5.228207681211135,4,11.66,5.48,19.93,8.97,5.97,13.68,4.29,15.12,17.34,31.92,10.33
1401,5.228207681211135,4,11.71,5.5,19.84,9.04,6.04,13.79,4.29,15.37,17.42,32.63,10.33
1402,5.228207681211135,4,11.66,5.45,19.75,9,5.99,13.68,4.29,15.12,17.34,32.27,10.29
1403,5.228207681211135,4,11.71,5.5,19.75,9.04,6.02,13.79,4.31,16.16,17.34,31.74,10.29
1404,5.228207681211135,4,11.62,5.48,19.75,9,6.02,13.73,4.31,15.12,17.26,32.45,10.29
1405,5.228207681211135,4,12.13,5.45,19.67,8.97,5.97,13.68,4.29,14.93,17.1,32.27,10.29
1406,5.228207681211135,4,11.57,5.43,19.67,8.93,5.92,13.68,4.26,14.75,17.18,32.81,10.57
1407,5.228207681211135,4,11.57,5.48,19.67,9,6.02,13.73,4.29,14.87,17.18,32.99,10.61
1408,5.228207681211135,4,11.8,5.6,19.84,9.18,6.14,13.96,4.39,15.18,17.34,32.81,10.49
1409,5.228207681211135,4,11.53,5.45,19.67,9,5.99,13.68,4.27,14.93,17.1,32.63,10.45
1410,5.228207681211135,4,11.53,5.45,19.67,9,5.87,13.68,4.26,14.93,17.18,33.55,10.41
1411,5.228207681211135,4,11.48,5.41,19.49,8.9,5.84,13.62,4.26,15,17.03,32.81,10.53
1412,5.228207681211135,4,11.53,5.45,19.58,8.93,5.92,13.68,4.26,14.93,17.03,31.4,10.13
1413,5.228207681211135,4,11.39,5.38,19.41,8.86,5.82,13.57,4.22,14.87,17.03,30.73,10.41
1414,5.228207681211135,4,11.48,5.43,19.49,8.93,5.82,13.62,4.26,14.93,17.03,31.4,10.21
1415,5.228207681211135,4,11.48,5.41,19.49,8.9,5.82,13.68,4.26,15.12,17.03,31.23,10.17
1416,5.228207681211135,4,11.53,5.48,19.58,8.97,5.87,13.73,4.29,15,17.1,31.23,10.29
1417,5.228207681211135,4,11.62,5.48,19.58,8.93,5.97,13.73,4.27,14.87,17.1,31.57,10.29
1418,5.228207681211135,4,11.62,5.48,19.58,9,5.97,13.68,4.27,15,17.03,30.73,10.29
1419,5.228207681211135,4,11.71,5.55,19.67,9.07,6.04,13.84,4.33,15.25,17.1,31.57,10.78
1420,5.228207681211135,4,11.71,5.55,19.67,9.07,6.04,13.84,4.31,15.12,17.1,31.4,10.53
1421,5.228207681211135,4,11.66,5.55,19.67,9.04,6.02,13.79,4.31,15.12,17.1,32.45,10.61
1422,5.228207681211135,4,11.71,5.6,19.84,9.14,6.07,13.9,4.35,15.44,17.18,31.06,10.61
1423,5.228207681211135,4,11.71,5.57,19.67,9.07,6.04,13.84,4.31,15.18,17.1,31.4,10.61
1424,5.228207681211135,4,11.66,5.57,19.75,9.11,6.07,13.84,4.31,15.12,17.1,31.4,10.33
1425,5.228207681211135,4,11.62,5.57,19.67,9.07,6.04,13.79,4.27,14.87,17.03,31.23,10.25
1426,5.228207681211135,4,11.85,5.72,19.84,9.25,6.19,14.01,4.39,15.06,17.18,32.27,10.7
1427,5.228207681211135,4,11.89,5.76,20.02,9.36,6.25,14.13,4.44,15.25,17.34,33.36,10.78
1428,5.228207681211135,4,13.34,6.77,21.6,10.61,7.35,15.65,5.15,16.23,18.6,36.57,11.75
1429,5.228207681211135,4,12.23,6.06,20.37,9.58,6.48,14.42,4.52,15.44,17.67,33.55,10.87
1430,5.228207681211135,4,13.4,6.83,21.69,10.65,7.41,15.65,5.11,16.5,18.69,35.93,12.23
1431,5.228207681211135,4,13.29,6.74,21.5,10.57,7.26,15.45,5.02,16.09,18.43,36.35,12.03
1432,5.228207681211135,4,12.57,6.19,20.65,10.16,6.78,14.89,4.74,15.69,18,35.51,10.87
1433,5.228207681211135,4,12.37,6.19,20.74,10.01,6.7,14.83,4.78,15.83,18,34.31,10.91
1434,5.228207681211135,4,13.24,6.74,21.79,10.57,7.35,15.52,5.09,16.43,18.6,36.14,11.48
1435,5.228207681211135,4,13.08,6.63,21.5,10.49,7.2,15.33,4.96,16.23,18.43,36.57,11.26
1436,5.228207681211135,4,13.56,6.94,21.99,10.87,7.52,15.78,5.17,16.43,18.78,37.9,11.71
1437,5.228207681211135,4,13.5,6.88,21.99,10.82,7.49,15.71,5.13,16.5,18.78,37.67,11.75
1438,5.228207681211135,4,13.5,6.77,21.89,10.7,7.49,15.71,5.15,16.5,18.78,37.67,11.71
1439,5.228207681211135,4,13.5,6.91,22.09,10.82,7.46,15.65,5.13,16.57,18.78,37.67,12.18
1440,5.228207681211135,4,13.4,6.85,21.89,10.74,7.43,15.65,5.09,16.71,18.69,37.9,11.99
1441,5.238025894158153,4,13.5,6.66,21.69,10.41,7.2,15.33,4.96,16.43,18.51,36.78,11.8
1442,5.238025894158153,4,13.45,6.88,21.99,10.78,7.41,15.71,5.11,17.14,18.69,37.44,11.75
1443,5.238025894158153,4,13.34,6.83,21.99,10.61,7.35,15.65,5.11,16.71,18.69,37,11.75
1444,5.238025894158153,4,13.4,6.85,21.99,10.74,7.41,15.71,5.15,16.64,18.78,37.44,12.08
1445,5.238025894158153,4,13.4,6.8,21.99,10.78,7.41,15.71,5.09,16.86,18.78,37,12.03
1446,5.238025894158153,4,13.45,6.85,22.09,10.74,7.43,15.71,5.11,16.64,18.78,38.36,11.66
1447,5.238025894158153,4,13.45,6.88,22.09,10.78,7.43,15.71,5.13,16.64,18.78,37.44,11.71
1448,5.238025894158153,4,13.45,6.88,22.09,10.82,7.43,15.78,5.11,16.64,18.78,38.12,11.71
1449,5.238025894158153,4,13.4,6.88,21.99,10.74,7.41,15.71,5.09,16.64,18.78,39.55,11.57
1450,5.238025894158153,4,13.45,6.85,22.09,10.82,7.43,15.78,5.11,16.78,18.87,38.59,12.03
1451,5.238025894158153,4,13.45,6.91,22.09,10.82,7.46,15.78,5.13,17.59,18.87,37.44,11.99
1452,5.238025894158153,4,13.45,6.85,22.09,10.82,7.46,15.84,5.13,16.86,18.96,38.36,12.03
1453,5.238025894158153,4,13.5,6.83,22.09,10.78,7.41,15.78,5.11,16.86,18.87,38.12,12.03
1454,5.238025894158153,4,13.56,6.85,22.09,10.82,7.46,15.78,5.13,16.86,18.96,37.9,12.08
1455,5.238025894158153,4,13.56,6.88,22.19,10.82,7.46,15.84,5.15,16.78,18.96,39.55,12.03
1456,5.238025894158153,4,13.56,6.91,22.19,10.87,7.49,15.91,5.15,16.93,18.96,38.83,12.27
1457,5.238025894158153,4,13.56,6.88,22.19,10.91,7.49,15.91,5.15,16.93,18.96,38.59,12.23
1458,5.238025894158153,4,13.56,6.94,22.09,10.82,7.49,15.84,5.13,16.93,18.96,38.12,12.37
1459,5.238025894158153,4,13.5,6.88,22.09,10.87,7.46,15.84,5.11,16.86,18.96,37.9,12.32
1460,5.238025894158153,4,13.5,6.88,22.09,10.87,7.43,15.84,5.11,16.93,18.96,37.9,12.23
1461,5.238025894158153,4,13.56,6.91,22.19,10.91,7.49,15.91,5.13,16.86,18.96,37.9,11.8
1462,5.238025894158153,4,13.45,6.83,21.89,10.82,7.41,15.78,5.06,16.78,18.87,37.9,11.62
1463,5.238025894158153,4,13.94,6.94,22.19,10.95,7.49,15.97,5.15,16.86,18.96,38.12,12.13
1464,5.238025894158153,4,13.61,6.94,22.19,11,7.49,15.91,5.13,16.93,19.05,37.9,12.08
1465,5.238025894158153,4,13.67,6.99,22.3,10.95,7.55,15.97,5.19,19.1,19.14,38.12,11.89
1466,5.238025894158153,4,13.72,7.02,22.3,11.04,7.58,16.04,5.19,17.07,19.23,39.06,12.23
1467,5.238025894158153,4,13.72,6.99,22.3,11.08,7.58,16.04,5.17,17,19.14,43.22,12.08
1468,5.238025894158153,4,13.67,6.99,22.3,11.08,7.58,16.04,5.17,16.93,19.14,38.36,11.66
1469,5.238025894158153,4,13.72,7.05,22.3,11.08,7.65,16.11,5.19,20.33,19.14,37.9,11.99
1470,5.238025894158153,4,13.67,7.02,22.3,11.08,7.62,16.11,5.19,16.93,19.14,38.12,12.03
1471,5.238025894158153,4,13.72,7.05,22.3,11.08,7.62,16.11,5.19,17,19.14,38.59,11.99
1472,5.238025894158153,4,13.72,6.99,22.19,11,7.55,16.04,5.17,16.93,19.14,37.9,12.18
1473,5.238025894158153,4,13.72,6.91,22.09,10.95,7.55,15.97,5.13,17,19.14,37.67,11.8
1474,5.238025894158153,4,13.61,6.97,22.19,10.91,7.58,15.97,5.15,16.93,19.05,37.22,11.89
1475,5.238025894158153,4,13.56,6.88,22.09,11,7.58,15.97,5.13,16.93,18.96,37.44,11.85
1476,5.238025894158153,4,13.67,6.94,22.19,11,7.68,16.11,5.17,17.29,19.14,41.32,12.23
1477,5.238025894158153,4,13.61,6.91,22.09,11.04,7.62,16.04,5.15,17.44,19.05,42.38,12.08
1478,5.238025894158153,4,13.67,6.94,22.09,11.04,7.65,16.04,5.15,17.29,19.05,38.36,12.47
1479,5.238025894158153,4,13.67,6.97,22.3,11.13,7.68,16.11,5.17,17.29,19.14,37,11.89
1480,5.238025894158153,4,13.67,6.94,22.19,11.04,7.62,16.11,5.15,17.29,19.14,39.55,12.52
1481,5.238025894158153,4,13.67,6.94,21.89,11,7.62,16.11,5.15,17.14,19.14,38.59,12.27
1482,5.238025894158153,4,13.61,6.91,22.19,10.95,7.62,16.04,5.15,17.14,19.14,38.83,12.42
1483,5.238025894158153,4,13.72,6.97,22.19,11.08,7.68,16.17,5.17,17.22,19.23,39.79,12.47
1484,5.238025894158153,4,13.78,6.99,22.19,11.08,7.71,16.17,5.17,17.29,19.23,39.79,12.47
1485,5.238025894158153,4,13.67,6.97,22.3,11.04,7.68,16.17,5.17,17.14,19.14,40.04,12.47
1486,5.238025894158153,4,13.67,6.97,22.19,11.08,7.71,16.24,5.17,17.29,19.23,40.29,12.13
1487,5.238025894158153,4,13.67,6.97,22.19,11.08,7.68,16.17,5.17,17.29,19.23,38.12,11.94
1488,5.238025894158153,4,13.56,6.94,22.19,11.04,7.68,16.11,5.17,17.29,19.14,39.3,12.08
1489,5.238025894158153,4,13.5,6.94,22.09,11,7.65,16.11,5.15,17.07,19.14,36.14,12.37
1490,5.238025894158153,4,13.45,6.88,21.99,10.91,7.58,16.04,5.11,17.14,19.05,36.78,11.85
1491,5.238025894158153,4,13.29,6.77,21.79,10.87,7.46,15.84,5.02,16.93,18.87,37.44,12.03
1492,5.238025894158153,4,13.4,6.83,21.89,10.87,7.58,15.97,5.06,17,18.96,37.67,11.75
1493,5.238025894158153,4,13.5,6.8,21.79,10.87,7.52,15.97,5.04,17.22,18.96,35.72,12.18
1494,5.238025894158153,4,13.56,6.85,21.89,10.91,7.58,16.04,5.06,17.14,19.05,37.9,12.18
1495,5.238025894158153,4,13.5,6.85,21.89,10.91,7.58,16.04,5.09,17.14,19.05,37.44,12.18
1496,5.238025894158153,4,13.4,6.83,21.89,10.91,7.58,16.04,5.09,17,18.96,37.67,12.18
1497,5.238025894158153,4,13.4,6.83,21.79,10.91,7.58,16.04,5.06,16.93,18.96,37.67,12.18
1498,5.238025894158153,4,13.56,6.91,21.99,11.04,7.71,16.17,5.13,17.14,19.14,37.67,12.23
1499,5.238025894158153,4,13.61,6.99,21.99,11.08,7.77,16.31,5.17,17.22,19.23,37.44,12.03
1500,5.238025894158153,4,13.45,6.85,21.79,10.95,7.58,16.11,5.06,17.14,19.05,38.36,11.85
1501,5.264711348803211,4,13.4,6.85,21.89,11,7.62,16.11,5.06,17.14,18.96,37.44,12.23
1502,5.264711348803211,4,13.4,6.85,21.79,10.95,7.62,16.11,5.06,17.07,18.96,38.12,11.89
1503,5.264711348803211,4,13.34,6.83,21.79,10.91,7.58,16.04,5,17.14,18.96,37.67,11.75
1504,5.264711348803211,4,13.45,6.85,21.79,10.95,7.62,16.11,5.06,17.14,19.05,37,11.89
1505,5.264711348803211,4,13.45,6.88,21.79,11.04,7.65,16.11,5.09,17,19.05,38.12,11.8
1506,5.264711348803211,4,13.45,6.85,21.79,11,7.65,16.11,5.06,17.22,18.96,38.12,12.23
1507,5.264711348803211,4,13.45,6.88,21.69,11,7.68,16.11,5.06,17.22,18.96,37.9,11.89
1508,5.264711348803211,4,13.18,6.72,21.4,10.78,7.43,15.84,4.94,17.29,18.78,37,11.57
1509,5.264711348803211,4,13.4,6.88,21.69,10.95,7.62,16.04,5.06,17.67,18.96,37.67,11.94
1510,5.264711348803211,4,13.34,6.85,21.69,10.91,7.55,16.04,5.04,17.22,18.87,37.9,12.13
1511,5.264711348803211,4,13.45,6.88,21.69,10.95,7.62,16.11,5.09,17.36,18.96,38.83,12.08
1512,5.264711348803211,4,13.45,6.91,21.69,10.95,7.62,16.11,5.06,17.51,19.05,37,12.08
1513,5.264711348803211,4,13.4,6.88,21.69,10.95,7.58,16.11,5.04,17.44,18.96,37.67,12.23
1514,5.264711348803211,4,13.4,6.88,21.69,10.95,7.58,16.11,5.06,17.29,18.96,37.67,12.08
1515,5.264711348803211,4,13.45,6.91,21.69,10.95,7.62,16.17,5.06,17.22,18.96,37.9,12.32
1516,5.264711348803211,4,13.4,6.88,21.6,10.95,7.58,16.11,5.04,17.29,18.96,38.83,11.89
1517,5.264711348803211,4,13.56,6.99,21.79,11.08,7.71,16.24,5.13,17.29,19.14,38.83,12.37
1518,5.264711348803211,4,13.4,6.88,21.69,10.95,7.62,16.11,5.04,17.29,18.96,35.93,12.13
1519,5.264711348803211,4,13.4,6.91,21.6,10.95,7.58,16.17,5.06,17.29,18.96,37.9,11.94
1520,5.264711348803211,4,13.61,6.94,21.69,11.04,7.65,16.17,5.06,17.29,18.96,38.59,12.18
1521,5.264711348803211,4,13.5,6.88,21.6,10.95,7.58,16.11,5.02,17.29,18.96,38.83,12.08
1522,5.264711348803211,4,13.45,6.97,21.69,11.08,7.68,16.24,5.11,17.14,19.05,38.83,12.32
1523,5.264711348803211,4,13.56,7.02,21.79,11.13,7.74,16.31,5.13,17.22,19.14,37.9,12.42
1524,5.264711348803211,4,13.56,7.02,21.69,11.13,7.74,16.31,5.13,17.29,19.14,38.83,12.52
1525,5.264711348803211,4,13.56,6.99,21.69,11.13,7.74,16.31,5.11,17.36,19.05,38.59,12.37
1526,5.264711348803211,4,13.56,6.97,21.69,11.13,7.71,16.31,5.11,17.36,19.05,39.55,12.32
1527,5.264711348803211,4,13.5,6.99,21.69,11.13,7.71,16.31,5.11,17.59,19.14,37.9,12.57
1528,5.264711348803211,4,13.61,6.99,21.69,11.13,7.71,16.31,5.11,17.51,19.14,38.36,12.57
1529,5.264711348803211,4,13.56,6.99,21.69,11.13,7.71,16.31,5.11,17.36,19.23,38.59,12.57
1530,5.264711348803211,4,13.61,6.99,21.69,11.13,7.71,16.31,5.11,17.44,19.14,38.59,12.57
1531,5.264711348803211,4,13.5,6.99,21.69,11.13,7.71,16.31,5.13,17.44,19.14,38.36,12.57
1532,5.264711348803211,4,13.56,7.02,21.69,11.17,7.74,16.38,5.13,18.21,19.14,40.04,12.62
1533,5.264711348803211,4,13.56,6.99,21.69,11.13,7.71,16.31,5.11,17.51,19.14,39.3,12.52
1534,5.264711348803211,4,13.56,6.97,21.6,11.13,7.74,16.31,5.11,17.44,19.14,36.35,12.47
1535,5.264711348803211,4,13.56,6.99,21.69,11.17,7.71,16.38,5.11,17.51,19.14,38.36,12.47
1536,5.264711348803211,4,13.61,7.02,21.69,11.17,7.74,16.38,5.13,17.44,19.23,38.12,12.32
1537,5.264711348803211,4,13.56,6.99,21.6,11.17,7.71,16.31,5.11,17.67,19.14,38.12,12.32
1538,5.264711348803211,4,13.56,7.02,21.69,11.17,7.71,16.38,5.11,17.44,19.23,37.44,12.52
1539,5.264711348803211,4,13.61,7.05,21.69,11.22,7.74,16.38,5.13,17.89,19.14,38.83,12.52
1540,5.264711348803211,4,13.67,6.99,21.6,11.13,7.68,16.38,5.13,17.51,19.14,38.12,11.85
1541,5.264711348803211,4,13.67,6.99,21.6,11.13,7.68,16.31,5.09,17.44,19.14,42.66,12.27
1542,5.264711348803211,4,13.61,6.97,21.5,11.17,7.65,16.24,5.06,17.51,19.05,37.67,12.18
1543,5.264711348803211,4,13.67,7.08,21.69,11.3,7.74,16.38,5.13,17.74,19.33,37.9,12.18
1544,5.264711348803211,4,13.72,7.05,21.69,11.22,7.77,16.38,5.13,17.59,19.23,38.12,12.23
1545,5.264711348803211,4,13.67,7.05,21.6,11.26,7.71,16.38,5.11,17.67,19.23,38.36,12.23
1546,5.264711348803211,4,13.67,7.08,21.6,11.3,7.71,16.38,5.11,17.67,19.23,38.83,12.27
1547,5.264711348803211,4,13.61,6.99,21.6,11.13,7.68,16.31,5.09,17.74,19.23,37.9,12.23
1548,5.264711348803211,4,13.56,7.05,21.6,11.22,7.71,16.38,5.09,17.82,19.14,37.9,12.27
1549,5.264711348803211,4,13.61,7.08,21.6,11.22,7.71,16.38,5.11,17.89,19.23,38.36,12.23
1550,5.264711348803211,4,13.5,7.05,21.6,11.26,7.71,16.38,5.09,17.74,19.23,37.9,12.13
1551,5.264711348803211,4,13.67,7.08,21.6,11.17,7.71,16.38,5.11,17.89,19.23,37.67,12.27
1552,5.264711348803211,4,13.56,7.05,21.6,11.22,7.68,16.38,5.11,17.59,19.14,38.36,12.18
1553,5.264711348803211,4,13.5,7.05,21.6,11.22,7.71,16.38,5.11,17.67,19.23,37.22,12.08
1554,5.264711348803211,4,12.18,6.11,20.19,10.01,6.61,14.77,4.39,16.36,18,34.12,10.87
1555,5.264711348803211,4,12.23,6.14,20.1,10.05,6.67,14.95,4.43,16.57,18,35.11,10.7
1556,5.264711348803211,4,12.67,6.39,20.46,10.45,6.97,15.33,4.62,16.93,18.25,34.71,11.17
1557,5.264711348803211,4,12.42,6.24,20.1,10.2,6.78,15.02,4.48,16.5,18,35.31,10.91
1558,5.264711348803211,4,13.45,6.99,21.4,11.17,7.62,16.17,5.09,17.97,19.05,36.57,11.66
1559,5.264711348803211,4,13.56,7.05,21.4,11.26,7.71,16.24,5.09,17.89,19.14,36.57,12.23
1560,5.264711348803211,4,13.61,7.05,21.31,11.26,7.68,16.31,5.09,18.05,19.14,37.67,11.85
1561,5.266678857948716,4,13.67,7.02,21.31,11.26,7.68,16.24,5.11,18.05,19.14,37.67,11.75
1562,5.266678857948716,4,13.5,7.02,21.31,11.22,7.65,16.24,5.06,18.29,19.14,36.57,11.8
1563,5.266678857948716,4,13.5,6.94,21.11,11.17,7.58,16.11,5,17.36,18.96,38.36,12.18
1564,5.266678857948716,4,13.45,7.02,21.31,11.22,7.65,16.24,5.06,17.59,19.05,37,12.27
1565,5.266678857948716,4,13.5,7.05,21.31,11.3,7.68,16.24,5.09,17.67,19.14,36.78,12.47
1566,5.266678857948716,4,13.67,7.08,21.31,11.3,7.65,16.31,5.09,17.59,19.14,36.35,12.47
1567,5.266678857948716,4,13.5,7.08,21.31,11.3,7.65,16.31,5.11,17.82,19.14,37.44,12.32
1568,5.266678857948716,4,13.56,7.08,21.31,11.39,7.65,16.31,5.09,17.74,19.14,37.22,12.42
1569,5.266678857948716,4,13.61,7.11,21.31,11.39,7.68,16.44,5.11,17.82,19.23,37.67,12.42
1570,5.266678857948716,4,13.56,7.11,21.31,11.39,7.71,16.44,5.11,17.89,19.23,37.9,12.37
1571,5.266678857948716,4,13.56,7.08,21.31,11.39,7.74,16.38,5.09,17.59,19.23,37.44,12.13
1572,5.266678857948716,4,13.5,6.99,21.11,11.3,7.58,16.31,5.02,17.59,19.14,37.67,12.37
1573,5.266678857948716,4,13.56,7.08,21.31,11.39,7.68,16.44,5.09,17.74,19.23,38.36,12.18
1574,5.266678857948716,4,13.72,7.11,21.4,11.44,7.68,16.51,5.11,17.82,19.23,37.9,12.52
1575,5.266678857948716,4,14.17,7.08,21.31,11.39,7.68,16.44,5.11,17.74,19.23,37.44,12.13
1576,5.266678857948716,4,13.13,6.47,20.19,10.61,6.83,15.33,4.5,17.07,18.25,36.57,11.52
1577,5.266678857948716,4,13.89,6.97,21.21,11.26,7.55,16.31,5.02,18.05,19.05,37.44,12.08
1578,5.266678857948716,4,14.06,6.94,21.11,11.17,7.52,16.24,4.98,17.67,19.05,37.22,12.27
1579,5.266678857948716,4,13.13,6.37,20.28,10.45,6.83,15.33,4.54,17,18.25,35.11,11.26
1580,5.266678857948716,4,12.57,5.94,19.67,9.97,6.45,14.77,4.29,16.23,17.75,33.74,11.04
1581,5.266678857948716,4,12.67,6.14,19.67,10.28,6.67,15.14,4.41,17.14,18,34.91,10.99
1582,5.266678857948716,4,13.94,6.91,21.21,11.17,7.52,16.31,5.02,17.67,19.05,37.44,12.08
1583,5.266678857948716,4,13.4,6.83,21.11,11.08,7.43,16.24,4.96,17.67,18.96,37.44,11.94
1584,5.266678857948716,4,13.4,6.85,21.21,11.08,7.49,16.24,5,17.89,18.96,36.35,11.99
1585,5.266678857948716,4,12.77,6.42,20.28,10.61,6.94,15.45,4.6,17,18.25,34.31,11.66
1586,5.266678857948716,4,13.4,6.85,21.11,11.04,7.43,16.17,4.96,17.74,18.96,35.51,12.18
1587,5.266678857948716,4,12.57,6.29,20.1,10.37,6.83,15.2,4.52,16.78,18.08,35.31,11.17
1588,5.266678857948716,4,13.08,6.63,20.46,10.82,7.2,15.91,4.76,17.14,18.6,37,11.57
1589,5.266678857948716,4,13.4,6.85,20.93,11.08,7.41,16.24,4.94,17.59,18.87,36.78,12.18
1590,5.266678857948716,4,13.34,6.83,21.02,11.04,7.41,16.24,4.94,17.29,18.87,34.71,11.75
1591,5.266678857948716,4,13.29,6.8,20.93,11.04,7.38,16.17,4.9,17.67,18.78,35.93,11.99
1592,5.266678857948716,4,12.32,6.11,19.93,10.16,6.59,15.08,4.39,16.5,17.91,33.74,11.12
1593,5.266678857948716,4,13.45,6.94,21.02,11.17,7.46,16.38,4.98,17.51,18.87,36.14,12.08
1594,5.266678857948716,4,13.4,6.91,21.11,11.13,7.43,16.38,4.98,17.67,18.87,36.14,12.03
1595,5.266678857948716,4,13.5,6.97,21.11,11.22,7.46,16.44,5,17.59,18.96,36.78,11.89
1596,5.266678857948716,4,11.94,5.84,19.24,9.85,6.25,14.65,4.13,16.09,17.42,32.99,10.25
1597,5.266678857948716,4,13.5,7.02,21.31,11.35,7.55,16.58,5.04,17.89,19.05,36.57,12.32
1598,5.266678857948716,4,13.56,7.08,21.4,11.3,7.58,16.65,5.09,17.82,19.05,36.57,12.42
1599,5.266678857948716,4,13.5,6.94,21.11,11.22,7.52,16.51,5.02,17.74,19.05,36.35,12.13
1600,5.266678857948716,4,13.45,7.02,21.11,11.39,7.49,16.44,5,17.74,18.96,36.78,11.94
1601,5.266678857948716,4,13.4,6.97,21.11,11.3,7.43,16.38,4.96,17.67,18.87,37,12.18
1602,5.266678857948716,4,13.4,6.99,21.21,11.35,7.49,16.44,4.98,17.89,18.96,37.22,11.89
1603,5.266678857948716,4,13.45,7.02,21.31,11.35,7.52,16.44,5,17.89,18.96,37,12.27
1604,5.266678857948716,4,13.29,6.88,21.31,11.13,7.41,16.24,4.94,18.37,18.87,36.78,11.99
1605,5.266678857948716,4,13.5,7.08,21.02,11.35,7.58,16.58,5.04,18.13,18.96,37,12.32
1606,5.266678857948716,4,12.57,6.42,20.46,10.57,6.89,15.52,4.58,17.44,18.25,34.12,11.39
1607,5.266678857948716,4,13.56,7.08,21.31,11.35,7.58,16.58,5.04,17.89,19.05,37.22,12.13
1608,5.266678857948716,4,13.5,7.08,21.31,11.39,7.58,16.58,5.02,17.67,19.05,35.51,12.08
1609,5.266678857948716,4,13.03,6.58,20.37,10.7,7.23,16.04,4.7,16.93,18.43,36.14,11.43
1610,5.266678857948716,4,13.45,7.02,21.21,11.35,7.52,16.51,5,17.59,18.96,37.22,12.37
1611,5.266678857948716,4,13.45,7.02,21.31,11.35,7.52,16.11,5,17.74,18.96,35.93,12.32
1612,5.266678857948716,4,13.45,7.02,21.31,11.35,7.55,16.38,5,17.67,18.96,37.44,12.27
1613,5.266678857948716,4,13.56,7.08,21.31,11.39,7.58,16.44,5.02,17.59,19.05,37.67,12.03
1614,5.266678857948716,4,12.87,6.83,20.83,11.13,7.09,15.91,4.72,17.22,18.51,36.78,11.62
1615,5.266678857948716,4,13.5,7.02,21.21,11.35,7.52,16.44,4.98,20.15,18.96,39.06,11.94
1616,5.266678857948716,4,13.61,7.11,21.31,11.58,7.52,16.51,5,17.59,19.05,39.55,12.42
1617,5.266678857948716,4,13.67,7.11,21.21,11.58,7.62,16.58,5.04,17.67,19.05,37.67,12.03
1618,5.266678857948716,4,13.61,7.11,21.21,11.58,7.65,16.58,5.06,17.67,19.05,41.32,12.03
1619,5.266678857948716,4,13.67,7.11,21.21,11.58,7.62,16.65,5.04,17.67,19.05,38.59,12.03
1620,5.266678857948716,4,13.67,7.14,21.31,11.58,7.65,16.65,5.04,17.82,19.05,37.9,12.13
1621,5.487667223495886,4,13.67,7.11,21.31,11.58,7.68,16.65,5.04,17.89,19.05,37.67,12.13
1622,5.487667223495886,4,13.61,7.11,21.21,11.58,7.65,16.65,5.04,17.89,19.05,37.22,12.13
1623,5.487667223495886,4,13.61,7.11,21.21,11.58,7.68,16.65,5.04,18.05,19.05,36.57,12.03
1624,5.487667223495886,4,13.5,7.05,21.02,11.49,7.58,16.51,5,18.21,18.87,36.35,12.08
1625,5.487667223495886,4,13.5,7.08,20.93,11.49,7.58,16.51,5.02,18.13,18.78,37.22,11.94
1626,5.487667223495886,4,13.5,7.08,20.93,11.53,7.58,16.44,5.02,17.74,18.69,37,12.32
1627,5.487667223495886,4,13.5,7.05,21.21,11.44,7.58,16.58,5.02,17.74,18.96,36.78,12.32
1628,5.487667223495886,4,13.61,7.11,21.31,11.62,7.65,16.79,5.04,17.59,19.14,36.14,12.42
1629,5.487667223495886,4,13.61,7.11,21.31,11.62,7.62,16.72,5.04,17.82,19.14,37.44,12.42
1630,5.487667223495886,4,13.45,6.99,21.11,11.44,7.49,16.51,4.94,17.74,18.96,37,12.18
1631,5.487667223495886,4,13.67,7.14,21.4,11.62,7.65,16.79,5.06,18.29,19.14,37.44,12.08
1632,5.487667223495886,4,13.67,7.14,21.4,11.62,7.68,16.79,5.06,17.97,19.14,37.44,11.99
1633,5.487667223495886,4,13.61,7.08,21.4,11.58,7.62,16.72,5.04,17.82,19.23,39.06,12.13
1634,5.487667223495886,4,13.61,7.08,21.4,11.62,7.62,16.72,5.04,17.67,19.23,38.12,11.99
1635,5.487667223495886,4,12.37,6.19,20.19,10.49,6.67,15.39,4.43,16.93,18,34.51,10.99
1636,5.487667223495886,4,13.56,7.05,21.4,11.53,7.62,16.79,5.04,17.82,19.14,41.58,11.99
1637,5.487667223495886,4,13.56,7.08,21.4,11.62,7.65,16.79,5.04,17.82,19.23,36.78,12.03
1638,5.487667223495886,4,13.56,7.08,21.4,11.58,7.62,16.79,5.04,17.89,19.14,36.78,12.13
1639,5.487667223495886,4,13.61,7.11,21.4,11.72,7.65,16.79,5.04,17.97,19.14,37.67,12.37
1640,5.487667223495886,4,13.56,7.11,21.4,11.62,7.65,16.79,5.04,17.89,19.14,38.12,12.03
1641,5.487667223495886,4,13.5,7.05,21.31,11.67,7.58,16.65,5,17.82,19.05,39.06,11.48
1642,5.487667223495886,4,13.56,7.11,21.4,11.67,7.65,16.79,5.04,17.97,19.23,38.83,11.99
1643,5.487667223495886,4,13.56,7.11,21.4,11.67,7.65,16.79,5.04,17.89,19.23,38.12,12.23
1644,5.487667223495886,4,13.5,7.05,21.31,11.58,7.65,16.72,5.02,17.89,19.52,37.9,11.57
1645,5.487667223495886,4,13.61,7.14,21.4,11.72,7.68,16.79,5.06,17.82,19.23,38.12,12.13
1646,5.487667223495886,4,13.61,7.14,21.5,11.72,7.68,16.79,5.06,17.89,19.23,37.9,12.27
1647,5.487667223495886,4,13.5,7.05,21.31,11.58,7.58,16.65,4.98,18.21,19.05,37.67,11.99
1648,5.487667223495886,4,13.45,7.05,21.31,11.62,7.55,16.65,4.98,17.82,19.05,37.9,12.18
1649,5.487667223495886,4,13.45,7.02,21.21,11.53,7.52,16.65,4.98,17.74,18.96,37,11.8
1650,5.487667223495886,4,13.45,7.05,21.21,11.53,7.55,16.72,4.98,17.82,19.05,38.36,11.89
1651,5.487667223495886,4,13.4,7.05,21.31,11.58,7.55,16.65,4.98,17.82,18.96,36.78,12.32
1652,5.487667223495886,4,13.5,7.11,21.4,11.62,7.62,16.79,5.02,17.89,19.14,39.06,12.32
1653,5.487667223495886,4,13.5,7.11,21.4,11.67,7.68,16.79,5.02,17.89,19.14,37.67,12.08
1654,5.487667223495886,4,13.5,7.14,21.4,11.67,7.68,16.79,5.04,18.29,19.14,37.22,12.08
1655,5.487667223495886,4,13.4,7.08,21.31,11.67,7.62,16.72,4.98,18.29,19.05,37,11.57
1656,5.487667223495886,4,13.03,6.58,20.28,11,7.32,16.17,4.78,17.74,18.43,35.31,11.66
1657,5.487667223495886,4,13.34,7.05,21.31,11.67,7.58,16.65,4.98,17.82,19.05,36.78,12.27
1658,5.487667223495886,4,13.4,7.08,21.31,11.67,7.62,16.72,5,17.74,19.05,37,12.08
1659,5.487667223495886,4,13.45,7.08,21.4,11.72,7.65,16.72,5,17.82,19.05,35.72,12.32
1660,5.487667223495886,4,13.4,7.08,21.31,11.67,7.62,16.65,4.98,17.89,18.96,36.35,12.18
1661,5.487667223495886,4,13.4,7.05,21.4,11.58,7.58,16.72,4.96,17.82,19.05,36.57,11.94
1662,5.487667223495886,4,13.4,7.05,21.4,11.67,7.58,16.65,4.96,17.74,19.05,35.11,11.89
1663,5.487667223495886,4,13.4,7.05,21.5,11.67,7.58,16.65,4.96,17.74,18.96,35.93,11.99
1664,5.487667223495886,4,13.45,7.05,21.4,11.67,7.65,16.72,4.98,17.89,18.96,35.51,12.18
1665,5.487667223495886,4,13.45,7.05,21.4,11.67,7.62,16.65,4.98,17.82,18.96,36.57,12.08
1666,5.487667223495886,4,13.61,7.16,21.69,11.81,7.74,16.86,5.04,18.05,19.14,37.22,11.99
1667,5.487667223495886,4,13.5,7.19,21.79,11.86,7.77,16.93,5.06,17.97,19.23,37.67,12.03
1668,5.487667223495886,4,13.45,7.16,21.69,11.81,7.71,16.86,5.04,18.29,19.14,36.78,12.37
1669,5.487667223495886,4,13.08,7.11,21.6,11.72,7.68,16.79,5,18.61,19.05,37.44,12.23
1670,5.487667223495886,4,13.5,7.14,21.69,11.81,7.71,16.86,5.02,18.21,19.05,38.59,12.32
1671,5.487667223495886,4,13.61,7.19,21.69,11.86,7.77,16.93,5.06,17.97,19.14,37,12.42
1672,5.487667223495886,4,13.34,7.19,21.69,11.86,7.77,16.93,5.04,18.21,19.14,37.9,12.27
1673,5.487667223495886,4,13.5,7.08,21.6,11.72,7.62,16.72,4.98,17.82,18.96,37.44,12.37
1674,5.487667223495886,4,13.5,7.08,21.6,11.72,7.71,16.79,4.98,17.89,18.96,36.35,12.32
1675,5.487667223495886,4,13.56,7.11,21.69,11.76,7.65,16.79,4.98,17.89,19.05,38.12,12.08
1676,5.487667223495886,4,13.08,7.08,21.6,11.72,7.65,16.79,4.98,18.05,18.96,36.78,12.08
1677,5.487667223495886,4,13.03,7.02,21.5,11.62,7.55,16.65,4.92,17.89,18.87,36.57,12.13
1678,5.487667223495886,4,13.13,7.08,21.6,11.72,7.62,16.72,4.96,17.97,18.96,36.57,12.13
1679,5.487667223495886,4,13.13,7.08,21.6,11.72,7.62,16.72,4.96,17.97,18.87,36.78,11.94
1680,5.487667223495886,4,13.18,7.08,21.6,11.72,7.65,16.79,4.96,17.82,18.96,37.9,12.13
1681,5.493846274716354,4,13.13,7.05,21.69,11.72,7.58,16.72,4.94,17.89,18.96,36.57,11.89
1682,5.493846274716354,4,13.08,7.02,21.6,11.62,7.55,16.72,4.92,17.97,18.96,36.78,11.75
1683,5.493846274716354,4,13.45,6.97,21.5,11.53,7.52,16.65,4.88,17.82,18.87,35.93,11.89
1684,5.493846274716354,4,12.42,6.34,20.55,10.74,6.78,15.52,4.39,16.93,17.91,34.91,10.95
1685,5.493846274716354,4,13.13,7.05,21.6,11.58,7.58,16.72,4.94,17.82,18.96,37.44,12.18
1686,5.493846274716354,4,13.08,6.99,21.5,11.58,7.55,16.65,4.9,17.82,18.96,35.72,11.94
1687,5.493846274716354,4,13.45,7.05,21.21,11.53,7.62,16.58,4.94,17.67,18.6,36.57,12.23
1688,5.493846274716354,4,13.18,7.08,21.69,11.67,7.65,16.79,4.94,17.97,19.05,38.59,12.32
1689,5.493846274716354,4,13.13,7.05,21.69,11.62,7.55,16.72,4.92,17.97,18.96,37,12.03
1690,5.493846274716354,4,13.29,7.14,21.79,11.86,7.68,16.93,5,18.37,19.14,37.9,12.18
1691,5.493846274716354,4,13.4,7.22,21.89,11.9,7.74,17.01,5.04,18.53,19.14,39.3,12.08
1692,5.493846274716354,4,13.29,7.14,21.79,11.76,7.65,16.93,5,18.37,19.05,37.22,12.32
1693,5.493846274716354,4,13.34,7.19,21.89,11.86,7.74,17.01,5.02,18.45,19.23,37.22,11.75
1694,5.493846274716354,4,13.34,7.22,21.89,11.95,7.74,17.01,5.04,18.53,19.14,35.51,12.03
1695,5.493846274716354,4,13.29,7.19,21.79,11.81,7.68,16.93,5,18.61,19.14,37,11.99
1696,5.493846274716354,4,13.34,7.22,21.79,11.9,7.74,17.01,5.04,18.53,19.14,37.22,11.99
1697,5.493846274716354,4,13.4,7.25,21.79,11.9,7.77,17.08,5.04,18.45,19.23,37.22,12.23
1698,5.493846274716354,4,13.4,7.25,21.69,11.95,7.77,17.08,5.06,18.37,19.23,38.12,12.08
1699,5.493846274716354,4,13.29,7.22,21.69,11.9,7.74,17.01,5.02,18.45,19.14,37.22,12.42
1700,5.493846274716354,4,13.4,7.22,21.69,11.9,7.77,17.08,5.06,18.45,19.23,36.78,12.37
1701,5.493846274716354,4,13.4,7.25,21.69,11.95,7.8,17.01,5.06,18.45,19.14,37,12.37
1702,5.493846274716354,4,13.34,7.25,21.69,11.9,7.77,17.01,5.04,18.69,19.14,38.59,12.37
1703,5.493846274716354,4,13.4,7.25,21.79,11.95,7.8,17.08,5.06,18.61,19.23,37.44,12.03
1704,5.493846274716354,4,13.29,7.19,21.69,11.9,7.74,17.01,5.02,18.45,19.14,37,11.99
1705,5.493846274716354,4,13.4,7.25,21.79,11.9,7.77,17.08,5.06,18.61,19.23,37.44,11.99
1706,5.493846274716354,4,13.4,7.22,21.79,12.05,7.77,17.08,5.06,18.53,19.23,36.78,12.23
1707,5.493846274716354,4,13.45,7.28,21.79,12,7.8,17.15,5.09,18.69,19.23,37.44,12.13
1708,5.493846274716354,4,13.4,7.28,21.79,12,7.8,17.08,5.06,18.69,19.23,37.22,12.37
1709,5.493846274716354,4,13.4,7.25,21.79,11.95,7.77,17.08,5.04,18.61,19.23,36.35,11.94
1710,5.493846274716354,4,13.4,7.25,21.79,11.95,7.65,17.08,5.04,18.61,19.14,37.22,11.89
1711,5.493846274716354,4,13.4,7.19,21.69,11.95,7.74,17.01,5.04,18.53,19.14,37.22,12.23
1712,5.493846274716354,4,13.34,7.22,21.69,11.95,7.8,17.08,5.06,18.61,19.14,35.31,12.32
1713,5.493846274716354,4,13.4,7.25,21.79,12,7.77,17.08,5.04,18.45,19.14,36.57,11.71
1714,5.493846274716354,4,13.4,7.28,21.89,11.95,7.8,17.08,5.06,18.61,19.14,37,12.47
1715,5.493846274716354,4,13.4,7.25,21.69,11.95,7.8,17.08,5.06,18.53,19.14,37.22,12.18
1716,5.493846274716354,4,13.4,7.28,21.79,12,7.83,17.08,5.06,18.61,19.23,37.67,12.32
1717,5.493846274716354,4,13.4,7.25,21.79,11.95,7.83,17.08,5.06,18.61,19.14,37,12.27
1718,5.493846274716354,4,13.4,7.25,21.79,12,7.86,17.08,5.09,18.53,19.14,37,12.42
1719,5.493846274716354,4,13.4,7.25,21.69,11.95,7.8,17.08,5.06,18.53,19.14,37.22,12.08
1720,5.493846274716354,4,13.4,7.25,21.79,12,7.8,17.08,5.06,18.69,19.23,37.22,12.42
1721,5.493846274716354,4,13.4,7.22,21.79,11.95,7.8,17.08,5.06,18.61,19.14,38.59,12.03
1722,5.493846274716354,4,13.4,7.22,21.79,11.95,7.77,17.08,5.04,18.61,19.14,37.22,11.99
1723,5.493846274716354,4,13.4,7.22,21.79,11.95,7.8,17.08,5.06,18.61,19.23,37.22,12.18
1724,5.493846274716354,4,13.45,7.31,21.89,12.14,7.83,17.15,5.09,18.61,19.23,36.35,12.42
1725,5.493846274716354,4,13.4,7.25,21.79,12.05,7.8,17.08,5.06,18.61,19.23,37.44,12.03
1726,5.493846274716354,4,13.4,7.25,21.79,12.1,7.77,17.08,5.04,18.61,19.14,36.57,12.13
1727,5.493846274716354,4,13.4,7.28,21.99,12.14,7.8,17.08,5.06,18.69,19.14,35.72,12.18
1728,5.493846274716354,4,13.29,7.19,21.69,12,7.71,16.93,5,18.61,19.05,36.57,12.27
1729,5.493846274716354,4,13.4,7.25,21.79,12.1,7.8,17.08,5.04,18.85,19.14,37.44,12.37
1730,5.493846274716354,4,13.34,7.22,21.79,12.05,7.77,17.08,5.04,18.69,19.14,37.22,12.37
1731,5.493846274716354,4,13.45,7.28,21.79,12.05,7.83,17.08,5.06,18.69,19.14,35.72,12.52
1732,5.493846274716354,4,13.34,7.22,21.69,12,7.74,17.01,5.02,19.36,19.05,37.22,12.42
1733,5.493846274716354,4,13.4,7.25,21.79,12.05,7.77,17.08,5.06,18.69,19.14,37.9,12.47
1734,5.493846274716354,4,13.4,7.25,21.79,12.14,7.83,17.08,5.04,18.53,19.14,37.22,12.23
1735,5.493846274716354,4,13.4,7.25,21.69,12,7.8,17.08,5.04,18.69,19.14,37.44,12.32
1736,5.493846274716354,4,13.29,7.22,21.69,11.95,7.74,17.01,5,18.61,19.05,37,12.42
1737,5.493846274716354,4,13.34,7.22,21.69,12,7.77,17.01,5.02,18.61,19.05,37,12.37
1738,5.493846274716354,4,13.34,7.25,21.79,11.95,7.77,17.08,5.02,18.61,19.05,37.22,12.32
1739,5.493846274716354,4,13.4,7.22,21.69,12.05,7.77,17.08,5.02,18.53,19.05,36.78,12.42
1740,5.493846274716354,4,13.4,7.28,21.89,12,7.83,17.15,5.06,18.61,19.14,36.78,12.32
1741,5.494820150920704,4,13.4,7.25,21.79,12.14,7.8,17.08,5.04,18.61,19.14,37.22,12.32
1742,5.494820150920704,4,13.4,7.25,21.79,12.14,7.8,17.08,5.02,18.61,19.14,37.22,12.42
1743,5.494820150920704,4,13.45,7.31,21.79,12.19,7.83,17.15,5.06,18.69,19.14,37,12.37
1744,5.494820150920704,4,13.4,7.28,21.79,12.14,7.83,17.08,5.04,18.69,19.14,37.44,12.52
1745,5.494820150920704,4,13.4,7.25,21.89,12.14,7.8,17.08,5.04,18.85,19.14,37.44,12.47
1746,5.494820150920704,4,13.34,7.25,21.79,12.05,7.8,17.08,5.02,18.69,19.14,37,12.47
1747,5.494820150920704,4,13.4,7.25,21.69,12.14,7.8,17.08,5.04,18.85,19.05,37.44,12.47
1748,5.494820150920704,4,13.34,7.22,21.69,12.1,7.77,17.08,5,18.69,19.05,37.44,12.42
1749,5.494820150920704,4,13.4,7.25,21.79,12.1,7.8,17.08,5.04,18.77,19.05,38.12,12.27
1750,5.494820150920704,4,13.34,7.22,21.69,12.19,7.8,17.08,5.02,18.69,19.05,38.36,12.37
1751,5.494820150920704,4,13.34,7.25,21.69,12.05,7.71,17.08,5.02,18.85,19.05,36.78,12.23
1752,5.494820150920704,4,13.29,7.19,21.69,11.95,7.71,16.93,4.98,18.69,18.96,37.22,12.27
1753,5.494820150920704,4,13.4,7.31,21.79,12.05,7.83,17.15,5.06,18.94,19.05,37.22,12.52
1754,5.494820150920704,4,13.34,7.25,21.79,12,7.8,17.08,5.04,18.85,19.05,36.35,12.47
1755,5.494820150920704,4,13.34,7.22,21.69,12.1,7.8,17.08,5.02,18.77,18.96,35.11,12.42
1756,5.494820150920704,4,13.34,7.25,21.69,12.1,7.8,17.01,5.02,18.85,18.96,37.9,12.42
1757,5.494820150920704,4,13.34,7.25,21.79,12.14,7.8,17.08,5.02,19.27,19.05,36.14,12.37
1758,5.494820150920704,4,13.34,7.25,21.79,12.05,7.8,17.08,5.02,18.94,19.05,36.57,12.03
1759,5.494820150920704,4,13.29,7.25,21.79,12.05,7.8,17.08,5.02,18.94,19.05,37.22,12.23
1760,5.494820150920704,4,13.78,7.28,21.79,12.05,7.83,17.08,5.04,18.94,19.05,36.78,11.8
1761,5.494820150920704,4,13.78,7.28,21.89,12.05,7.83,17.15,5.04,19.02,19.14,36.57,12.47
1762,5.494820150920704,4,13.34,7.22,21.89,11.95,7.74,17.08,5.02,18.85,19.14,36.35,11.8
1763,5.494820150920704,4,13.34,7.22,21.79,12,7.77,17.08,5,18.85,19.05,36.57,12.23
1764,5.494820150920704,4,13.4,7.28,21.89,12.05,7.8,17.15,5.04,18.94,19.14,36.57,12.32
1765,5.494820150920704,4,13.34,7.25,21.89,12,7.77,17.15,5.02,19.02,19.05,36.78,12.23
1766,5.494820150920704,4,13.34,7.22,21.79,12,7.77,17.08,5,18.94,19.05,37.67,12.37
1767,5.494820150920704,4,13.29,7.19,21.69,12,7.71,17.08,4.98,18.85,19.05,36.57,12.32
1768,5.494820150920704,4,13.4,7.25,21.89,12.1,7.8,17.15,5.04,19.02,19.14,37,12.37
1769,5.494820150920704,4,13.34,7.22,21.79,12,7.74,17.08,5.02,18.85,19.05,37,12.32
1770,5.494820150920704,4,13.34,7.19,21.79,11.95,7.74,17.08,5,21.97,19.05,36.78,12.13
1771,5.494820150920704,4,13.34,7.25,21.89,12,7.77,17.15,5.02,18.94,19.14,36.57,12.37
1772,5.494820150920704,4,13.34,7.22,21.89,12,7.74,17.08,5,19.02,19.14,37,12.27
1773,5.494820150920704,4,13.29,7.16,21.79,11.95,7.71,17.08,4.98,19.02,19.05,38.12,11.62
1774,5.494820150920704,4,13.24,7.14,21.69,11.9,7.65,16.93,4.94,18.85,18.96,37,12.13
1775,5.494820150920704,4,13.34,7.22,21.89,12.05,7.74,17.08,5,19.44,19.05,37.44,12.37
1776,5.494820150920704,4,13.29,7.14,21.79,11.95,7.68,17.01,4.94,19.27,18.96,37.67,12.32
1777,5.494820150920704,4,13.24,7.14,21.79,11.9,7.65,17.01,4.94,18.94,18.96,37.44,11.94
1778,5.494820150920704,4,13.29,7.14,21.79,11.95,7.68,17.08,4.96,18.85,18.96,37.22,12.13
1779,5.494820150920704,4,13.24,7.11,21.69,11.9,7.65,17.01,4.94,18.85,18.96,37,12.32
1780,5.494820150920704,4,13.29,7.16,21.79,12,7.71,17.08,4.96,18.77,18.96,38.36,12.37
1781,5.494820150920704,4,13.29,7.16,21.79,11.95,7.71,17.08,4.96,18.85,18.96,37,12.37
1782,5.494820150920704,4,13.24,7.11,21.79,11.95,7.68,17.01,4.94,18.77,18.96,36.78,12.32
1783,5.494820150920704,4,13.18,7.08,21.69,11.86,7.62,16.93,4.92,18.77,18.87,36.78,12.27
1784,5.494820150920704,4,13.24,7.08,21.79,11.95,7.68,17.01,4.92,18.53,18.96,36.14,12.23
1785,5.494820150920704,4,13.24,7.08,21.69,11.9,7.68,17.01,4.92,18.69,18.96,37.9,12.18
1786,5.494820150920704,4,13.18,7.11,21.69,11.9,7.65,17.01,4.92,18.61,18.87,36.14,11.85
1787,5.494820150920704,4,13.24,7.11,21.79,11.9,7.62,17.01,4.92,18.53,18.96,37.22,12.27
1788,5.494820150920704,4,13.24,7.14,21.69,11.95,7.68,17.01,4.94,18.45,18.96,37,12.32
1789,5.494820150920704,4,13.24,7.11,21.79,11.95,7.68,17.01,4.92,18.37,18.87,37.44,12.23
1790,5.494820150920704,4,13.24,7.11,21.69,11.95,7.65,17.01,4.92,18.69,18.87,36.14,12.32
1791,5.494820150920704,4,12.98,6.91,21.5,11.72,7.43,16.72,4.78,18.53,18.69,37,12.03
1792,5.494820150920704,4,12.87,6.85,21.31,11.58,7.38,16.58,4.74,18.45,18.6,37.9,11.99
1793,5.494820150920704,4,13.24,6.85,21.4,11.67,7.38,16.58,4.74,18.37,18.6,35.72,11.94
1794,5.494820150920704,4,12.98,6.97,21.5,11.72,7.49,16.79,4.82,18.45,18.78,35.51,11.75
1795,5.494820150920704,4,13.13,7.08,21.69,11.9,7.65,17.01,4.9,19.27,18.87,35.93,11.99
1796,5.494820150920704,4,13.03,6.97,21.79,11.76,7.52,16.79,4.84,18.69,18.78,35.51,12.13
1797,5.494820150920704,4,12.82,6.83,21.4,11.58,7.35,16.58,4.72,18.21,18.6,35.51,11.94
1798,5.494820150920704,4,12.72,6.72,21.21,11.39,7.2,16.38,4.64,18.05,18.43,34.91,11.75
1799,5.494820150920704,4,12.72,6.72,21.31,11.44,7.14,16.44,4.64,18.21,18.43,34.91,11.89
1800,5.494820150920704,4,12.57,6.61,21.11,11.3,7.09,16.24,4.56,18.29,18.25,33.74,11.43
1801,5.542510604929012,4,12.62,6.61,21.02,11.3,7.11,16.31,4.56,17.74,18.25,34.31,11.57
1802,5.542510604929012,4,12.52,6.58,21.02,11.26,7.06,16.24,4.54,17.74,18.25,35.93,11.71
1803,5.542510604929012,4,12.77,6.74,21.31,11.44,7.23,16.44,4.66,18.13,18.43,35.31,11.57
1804,5.542510604929012,4,12.42,6.53,20.93,11.17,6.89,16.11,4.48,17.82,18.17,34.12,11.26
1805,5.542510604929012,4,12.62,6.63,21.11,11.44,7.03,16.31,4.58,17.97,18.25,34.91,11.8
1806,5.542510604929012,4,12.62,6.66,21.11,11.35,7.14,16.38,4.6,17.97,18.34,33.74,11.75
1807,5.542510604929012,4,12.52,6.55,21.02,11.22,7.03,16.24,4.52,17.97,18.17,36.35,11.39
1808,5.542510604929012,4,12.42,6.53,20.93,11.17,7,16.11,4.48,17.89,18.08,34.12,11.52
1809,5.542510604929012,4,12.37,6.42,20.83,11.08,6.92,15.97,4.43,17.67,18.08,32.99,11.43
1810,5.542510604929012,4,12.47,6.53,20.93,11.17,7.03,16.17,4.5,17.67,18.17,34.12,11.3
1811,5.542510604929012,4,12.67,6.66,21.21,11.35,7.17,16.38,4.6,17.89,18.34,33.93,11.57
1812,5.542510604929012,4,12.47,6.53,20.93,11.13,7.03,16.17,4.5,18.05,18.17,33.55,11.62
1813,5.542510604929012,4,12.47,6.53,21.02,11.17,7.03,16.17,4.5,17.74,18.17,33.93,11.26
1814,5.542510604929012,4,12.47,6.5,20.83,11.13,7,16.17,4.46,17.67,18.08,33.74,11.57
1815,5.542510604929012,4,12.72,6.69,21.31,11.35,7.2,16.44,4.62,18.05,18.34,34.71,11.71
1816,5.542510604929012,4,12.23,6.32,20.65,10.91,6.81,15.91,4.35,17.59,17.91,33.93,11.26
1817,5.542510604929012,4,12.37,6.42,20.93,11.08,6.94,16.11,4.44,17.74,18,34.71,11.43
1818,5.542510604929012,4,12.52,6.53,21.02,11.17,7.03,16.24,4.5,17.89,18.08,33.74,11.34
1819,5.542510604929012,4,12.23,6.32,20.65,10.95,6.81,15.91,4.37,17.67,17.83,32.81,11.52
1820,5.542510604929012,4,12.37,6.42,20.65,11.08,7,16.11,4.44,17.67,18,33.36,11.62
1821,5.542510604929012,4,12.57,6.53,21.11,11.22,7.06,16.31,4.54,17.89,18.17,32.27,11.39
1822,5.542510604929012,4,12.42,6.47,20.93,11.13,6.97,16.17,4.46,17.89,18.08,31.4,11.57
1823,5.542510604929012,4,12.23,6.32,20.74,10.91,6.81,15.97,4.37,17.51,17.91,34.12,11.34
1824,5.542510604929012,4,12.52,6.53,21.02,11.22,7.06,16.31,4.52,17.89,18.17,34.31,11.66
1825,5.542510604929012,4,12.32,6.42,20.83,11.08,6.92,16.11,4.43,17.82,18,33.93,11.48
1826,5.542510604929012,4,12.28,6.34,20.74,11.04,6.86,15.97,4.37,17.67,17.91,32.45,11.43
1827,5.542510604929012,4,12.28,6.37,20.74,11,6.86,16.04,4.39,17.67,18,33.93,11.39
1828,5.542510604929012,4,12.62,6.58,21.11,11.26,7.11,16.38,4.56,17.97,18.25,34.31,11.75
1829,5.542510604929012,4,12.32,6.37,20.83,11,6.89,16.11,4.41,17.82,18,37.22,11.43
1830,5.542510604929012,4,12.28,6.34,20.74,10.95,6.86,16.04,4.37,17.89,17.91,33.93,11.34
1831,5.542510604929012,4,12.28,6.37,20.83,11,6.92,16.04,4.39,17.97,18,33.74,11.43
1832,5.542510604929012,4,12.52,6.55,21.02,11.26,7.09,16.38,4.52,17.97,18.25,34.31,11.66
1833,5.542510604929012,4,12.42,6.47,21.02,11.13,7,16.17,4.46,18.69,18.08,32.99,11.52
1834,5.542510604929012,4,12.32,6.42,20.74,11.08,6.92,16.11,4.41,18.53,18,33.55,11.3
1835,5.542510604929012,4,12.47,6.53,21.11,11.17,7.03,16.31,4.5,18.53,18.17,33.55,11.75
1836,5.542510604929012,4,12.32,6.42,21.11,11.04,6.92,16.11,4.41,18.21,18,32.99,11.62
1837,5.542510604929012,4,12.67,6.69,21.21,11.44,7.2,16.58,4.6,18.05,18.34,33.55,11.71
1838,5.542510604929012,4,12.04,6.21,20.55,10.95,6.7,15.78,4.26,17.44,17.67,31.74,11.26
1839,5.542510604929012,4,12.18,6.34,20.65,11.08,6.81,15.97,4.33,17.67,17.91,34.12,11.43
1840,5.542510604929012,4,12.18,6.29,20.74,11.04,6.81,15.97,4.33,17.59,17.83,32.99,11.52
1841,5.542510604929012,4,12.82,6.8,21.5,11.72,7.32,16.79,4.68,18.21,18.43,34.51,11.89
1842,5.542510604929012,4,12.23,6.39,20.65,11.13,6.86,16.11,4.37,18.13,17.91,32.81,10.99
1843,5.542510604929012,4,12.08,6.29,20.46,11,6.75,16.04,4.29,17.44,17.75,32.45,11.08
1844,5.542510604929012,4,12.13,6.32,20.65,11.04,6.61,16.17,4.31,17.59,17.83,33.93,11.12
1845,5.542510604929012,4,12.72,6.77,21.31,11.62,7.14,16.65,4.64,18.05,18.43,33.93,11.71
1846,5.542510604929012,4,12.67,6.69,21.11,11.53,7.11,16.51,4.58,18.21,18.25,34.51,11.62
1847,5.542510604929012,4,12.72,6.74,21.21,11.58,7.17,16.58,4.62,18.05,18.34,34.91,11.62
1848,5.542510604929012,4,12.62,6.66,21.11,11.49,7.09,16.38,4.54,18.05,18.25,33.93,11.21
1849,5.542510604929012,4,12.72,6.74,21.21,11.62,7.17,16.58,4.62,18.13,18.34,35.51,11.39
1850,5.542510604929012,4,12.62,6.69,21.21,11.53,7.11,16.44,4.56,18.05,18.25,34.51,11.48
1851,5.542510604929012,4,12.18,6.32,20.74,11.04,6.72,15.84,4.31,17.74,17.91,32.81,10.87
1852,5.542510604929012,4,12.42,6.55,21.11,11.3,6.97,16.24,4.48,19.79,18.08,33.36,11.3
1853,5.542510604929012,4,12.37,6.5,20.83,11.26,6.83,16.11,4.43,21.37,18,32.63,11.17
1854,5.542510604929012,4,12.13,6.32,20.65,11.04,6.75,15.84,4.31,17.67,17.83,32.81,11.04
1855,5.542510604929012,4,12.18,6.37,20.83,11.13,6.81,15.91,4.35,17.97,17.91,32.45,11.17
1856,5.542510604929012,4,12.57,6.58,21.11,11.39,7.06,16.38,4.52,18.13,18.25,34.51,11.17
1857,5.542510604929012,4,12.77,6.8,21.5,11.62,7.26,16.58,4.66,18.37,18.51,33.74,11.43
1858,5.542510604929012,4,12.32,6.47,20.93,11.26,6.89,16.11,4.41,17.97,18,33.36,11.17
1859,5.542510604929012,4,12.37,6.47,20.93,11.26,6.92,16.11,4.43,18.77,18,33.17,11.04
1860,5.542510604929012,4,12.23,6.39,20.83,11.13,6.83,15.91,4.35,17.97,17.91,32.81,11.12
1861,5.605639496503537,4,12.23,6.39,20.83,11.17,6.86,15.91,4.37,18.21,17.91,32.09,10.95
1862,5.605639496503537,4,12.67,6.74,21.4,11.58,7.23,16.44,4.62,18.53,18.34,35.31,11.26
1863,5.605639496503537,4,12.47,6.58,21.11,11.3,7.03,16.17,4.48,18.37,18.08,32.99,11.34
1864,5.605639496503537,4,12.18,6.34,20.65,11.13,6.83,15.84,4.35,18.05,17.75,32.63,10.41
1865,5.605639496503537,4,12.77,6.8,21.4,11.67,7.29,16.51,4.64,19.1,18.34,34.12,11.57
1866,5.605639496503537,4,12.98,6.97,21.6,11.9,7.46,16.79,4.76,18.77,18.6,33.17,11.66
1867,5.605639496503537,4,12.82,6.91,21.31,11.81,7.38,16.58,4.7,18.61,18.34,34.71,11.57
1868,5.605639496503537,4,12.87,6.97,21.4,11.86,7.46,16.65,4.74,18.53,18.34,34.31,11.75
1869,5.605639496503537,4,12.87,6.94,21.4,11.86,7.35,16.65,4.74,18.37,18.51,35.93,11.66
1870,5.605639496503537,4,12.87,6.94,21.5,11.86,7.32,16.65,4.74,18.53,18.51,35.11,11.66
1871,5.605639496503537,4,12.87,6.91,21.5,11.81,7.29,16.58,4.72,18.45,18.51,34.51,11.62
1872,5.605639496503537,4,12.87,6.94,21.31,11.81,7.32,16.51,4.74,18.29,18.34,36.35,11.62
1873,5.605639496503537,4,12.82,6.88,21.31,11.81,7.29,16.51,4.72,18.45,18.34,36.57,11.52
1874,5.605639496503537,4,12.98,7.02,21.5,11.95,7.43,16.65,4.78,18.45,18.43,35.11,11.62
1875,5.605639496503537,4,12.98,7.02,21.69,11.95,7.41,16.72,4.78,18.53,18.6,35.93,11.75
1876,5.605639496503537,4,12.98,6.99,21.6,11.95,7.38,16.65,4.76,18.53,18.51,35.31,11.66
1877,5.605639496503537,4,12.92,6.97,21.6,11.9,7.35,16.65,4.76,18.53,18.6,36.35,11.52
1878,5.605639496503537,4,12.92,6.97,21.6,11.86,7.38,16.65,4.74,18.53,18.51,35.11,11.66
1879,5.605639496503537,4,12.77,6.88,21.31,11.76,7.35,16.38,4.68,18.29,18.25,34.71,11.52
1880,5.605639496503537,4,12.72,6.85,21.11,11.76,7.29,16.38,4.66,18.29,18.17,34.12,11.52
1881,5.605639496503537,4,12.98,6.97,21.69,11.95,7.43,16.72,4.76,18.69,18.6,34.71,11.66
1882,5.605639496503537,4,12.98,6.97,21.69,11.95,7.38,16.72,4.76,18.69,18.69,35.31,11.43
1883,5.605639496503537,4,12.87,6.94,21.6,11.86,7.41,16.58,4.72,18.61,18.51,34.51,11.62
1884,5.605639496503537,4,12.23,6.37,20.83,11.22,6.83,15.78,4.33,17.89,17.91,33.55,10.91
1885,5.605639496503537,4,12.18,6.34,20.93,11.08,6.81,15.84,4.33,18.21,17.91,33.17,10.74
1886,5.605639496503537,4,12.18,6.39,20.93,11.17,6.86,15.84,4.35,18.29,17.91,34.71,10.99
1887,5.605639496503537,4,12.13,6.29,20.83,11.04,6.78,15.71,4.29,18.05,17.83,32.63,10.91
1888,5.605639496503537,4,12.18,6.34,20.93,11.08,6.83,15.84,4.31,18.69,17.83,32.99,10.95
1889,5.605639496503537,4,12.37,6.47,21.02,11.26,6.89,16.04,4.43,18.21,18,31.57,10.99
1890,5.605639496503537,4,12.32,6.42,21.02,11.22,6.83,15.97,4.39,19.27,17.91,32.99,11.08
1891,5.605639496503537,4,12.32,6.42,21.02,11.17,6.86,15.97,4.39,18.21,18,31.4,11.08
1892,5.605639496503537,4,12.28,6.34,20.74,11.13,6.86,15.91,4.37,17.97,31.71,32.81,11.04
1893,5.605639496503537,4,12.42,6.42,21.02,11.3,6.92,16.04,4.41,18.13,18.08,37.44,11.21
1894,5.605639496503537,4,12.47,6.5,21.21,11.35,6.89,16.11,4.44,18.29,17.91,33.36,11.12
1895,5.605639496503537,4,12.18,6.04,20.83,11,6.56,15.78,4.29,18.05,17.75,33.17,10.53
1896,5.605639496503537,4,12.18,6.24,20.83,11,6.7,15.71,4.27,18.13,17.5,32.45,10.87
1897,5.605639496503537,4,12.23,6.19,20.74,10.95,6.67,15.65,4.24,17.97,17.5,31.92,10.87
1898,5.605639496503537,4,12.28,6.19,20.83,10.95,6.64,15.71,4.24,17.97,17.5,32.09,10.95
1899,5.605639496503537,4,12.32,6.16,20.83,10.95,6.67,15.65,4.22,17.97,17.5,34.91,10.95
1900,5.605639496503537,4,12.18,6.24,20.83,11,6.75,15.78,4.29,18.05,17.5,34.71,10.95
1901,5.605639496503537,4,12.13,6.24,20.93,11,6.78,15.78,4.27,18.05,17.58,33.17,10.95
1902,5.605639496503537,4,12.08,6.16,20.83,10.91,6.67,15.65,4.22,17.97,17.5,33.55,10.74
1903,5.605639496503537,4,12.04,6.16,20.83,10.91,6.7,15.71,4.22,17.97,17.42,33.93,10.87
1904,5.605639496503537,4,11.94,6.16,20.74,10.95,6.72,15.71,4.22,18.05,17.42,32.27,10.82
1905,5.605639496503537,4,11.99,6.21,20.93,11.08,6.75,15.78,4.26,17.97,17.5,32.27,10.74
1906,5.605639496503537,4,11.99,6.16,20.93,11.04,6.72,15.65,4.24,18.13,17.5,31.4,10.53
1907,5.605639496503537,4,12.08,6.29,21.02,11.22,6.83,15.84,4.31,18.13,17.75,33.55,10.99
1908,5.605639496503537,4,12.04,6.24,20.93,11.17,6.81,15.78,4.27,18.13,17.5,34.91,10.78
1909,5.605639496503537,4,12.13,6.32,21.02,11.26,6.89,15.91,4.31,18.13,17.58,31.23,10.82
1910,5.605639496503537,4,12.08,6.24,21.02,11.17,6.78,15.78,4.27,19.1,17.5,32.81,10.74
1911,5.605639496503537,4,12.18,6.34,21.21,11.26,6.89,15.97,4.35,18.21,17.75,33.74,11.08
1912,5.605639496503537,4,12.13,6.32,21.11,11.26,6.86,15.91,4.31,18.21,17.67,31.4,10.99
1913,5.605639496503537,4,12.18,6.37,21.21,11.3,6.89,15.97,4.35,18.77,17.75,32.45,11.04
1914,5.605639496503537,4,12.13,6.34,21.21,11.3,6.83,15.97,4.33,18.85,17.75,32.99,11.04
1915,5.605639496503537,4,12.32,6.47,21.4,11.49,7.03,16.17,4.43,18.61,17.91,33.17,11.12
1916,5.605639496503537,4,12.23,6.37,21.31,11.35,6.94,16.04,4.35,18.45,17.75,32.99,11.12
1917,5.605639496503537,4,12.18,6.32,21.21,11.26,6.89,15.91,4.33,18.45,17.75,32.81,10.78
1918,5.605639496503537,4,12.08,6.24,21.11,11.17,6.81,15.84,4.27,18.29,17.67,33.74,10.99
1919,5.605639496503537,4,12.13,6.29,21.21,11.26,6.83,15.91,4.31,18.21,17.67,32.81,11.04
1920,5.605639496503537,4,12.13,6.32,21.21,11.3,6.86,15.97,4.33,18.45,17.75,32.27,10.65
1921,5.6118000725943435,4,12.04,6.21,21.11,11.08,6.02,15.78,4.26,18.29,17.58,32.09,10.74
1922,5.6118000725943435,4,12.18,6.34,21.21,11.35,6.14,15.97,4.33,18.45,17.67,32.09,10.95
1923,5.6118000725943435,4,12.13,6.29,21.11,11.26,6.09,15.91,4.31,18.21,17.67,32.09,10.99
1924,5.6118000725943435,4,12.08,6.29,21.21,11.13,6.04,15.84,4.29,18.21,17.58,32.45,10.87
1925,5.6118000725943435,4,11.53,5.89,20.65,10.7,5.65,15.2,3.98,17.59,17.1,29.46,10.49
1926,5.6118000725943435,4,11.39,5.76,20.28,10.41,5.58,15.02,3.9,17.36,16.95,29.61,10.33
1927,5.6118000725943435,4,11.85,6.11,21.02,10.95,5.87,15.65,4.16,18.13,17.42,31.74,10.65
1928,5.6118000725943435,4,12.13,6.29,21.31,11.22,6.07,15.91,4.29,18.29,17.67,32.63,10.87
1929,5.6118000725943435,4,12.08,6.26,21.31,11.17,6.02,15.84,4.27,18.21,17.67,32.27,10.7
1930,5.6118000725943435,4,12.04,6.21,21.31,11.17,6.12,15.84,4.26,18.21,17.58,31.92,10.82
1931,5.6118000725943435,4,12.04,6.24,21.31,11.17,6.12,15.84,4.26,18.37,17.58,32.27,10.61
1932,5.6118000725943435,4,12.23,6.37,21.4,11.35,6.22,16.04,4.35,18.45,17.75,32.27,11.04
1933,5.6118000725943435,4,12.32,6.45,21.6,11.44,6.35,16.17,4.41,18.53,17.83,33.17,11.04
1934,5.6118000725943435,4,12.32,6.47,21.69,11.49,6.35,16.17,4.41,18.37,17.91,33.17,11.17
1935,5.6118000725943435,4,12.47,6.58,21.79,11.62,6.83,16.38,4.5,18.77,18,32.09,11.21
1936,5.6118000725943435,4,12.42,6.55,21.6,11.58,6.4,16.24,4.48,18.61,17.91,32.27,11.3
1937,5.6118000725943435,4,12.23,6.39,21.31,11.39,6.19,15.97,4.37,18.21,17.67,32.45,11.12
1938,5.6118000725943435,4,12.42,6.55,21.5,11.53,6.19,16.17,4.46,19.19,17.75,33.17,11.26
1939,5.6118000725943435,4,12.13,6.37,21.21,11.3,6.02,15.91,4.35,18.37,17.5,32.09,10.91
1940,5.6118000725943435,4,12.23,6.42,21.5,11.39,6.02,16.04,4.39,20.15,17.75,32.63,10.82
1941,5.6118000725943435,4,12.28,6.45,21.5,11.44,6.09,16.11,4.41,18.37,17.83,33.36,11.12
1942,5.6118000725943435,4,12.28,6.47,21.6,11.49,6.19,16.11,4.41,18.37,17.83,32.99,11.21
1943,5.6118000725943435,4,12.13,6.32,21.31,11.26,6.02,15.84,4.31,20.61,17.67,32.09,10.82
1944,5.6118000725943435,4,12.13,6.37,21.4,11.35,6.3,15.97,4.33,18.45,17.75,31.57,10.99
1945,5.6118000725943435,4,11.66,5.96,20.65,10.82,5.82,15.26,4.02,17.59,17.26,31.23,10.33
1946,5.6118000725943435,4,12.13,6.34,21.5,11.35,6.22,15.97,4.33,18.53,17.75,32.45,10.82
1947,5.6118000725943435,4,12.04,6.26,21.31,11.22,6.17,15.84,4.27,18.13,17.67,31.92,10.61
1948,5.6118000725943435,4,12.04,6.26,21.21,11.22,6.14,15.84,4.26,18.05,17.58,31.23,10.95
1949,5.6118000725943435,4,12.18,6.34,21.5,11.35,6.27,15.97,4.33,18.29,17.75,34.12,10.82
1950,5.6118000725943435,4,12.13,6.26,21.21,11.22,6.12,15.84,4.27,18.21,17.67,31.74,10.99
1951,5.6118000725943435,4,12.13,6.24,21.4,11.17,6.12,15.84,4.27,18.37,17.58,32.63,10.74
1952,5.6118000725943435,4,12.04,6.21,21.21,11.17,6.12,15.78,4.24,18.29,17.67,30.57,10.78
1953,5.6118000725943435,4,12.04,6.21,21.31,11.17,6.12,15.78,4.24,18.29,17.58,31.74,10.87
1954,5.6118000725943435,4,12.13,6.29,21.4,11.35,6.14,15.91,4.29,18.21,17.67,31.74,10.95
1955,5.6118000725943435,4,12.23,6.37,21.5,11.39,6.14,16.04,4.35,18.45,17.75,32.45,11.12
1956,5.6118000725943435,4,12.18,6.32,21.5,11.35,6.07,15.97,4.33,18.29,17.67,32.27,11.12
1957,5.6118000725943435,4,12.28,6.39,21.5,11.39,6.07,16.04,4.37,18.37,17.75,32.45,11.17
1958,5.6118000725943435,4,12.77,6.72,21.99,11.81,6.38,16.51,4.6,19.1,18.08,33.55,11.52
1959,5.6118000725943435,4,12.52,6.61,21.69,11.67,6.25,16.31,4.52,18.61,18,33.36,11.21
1960,5.6118000725943435,4,12.42,6.58,21.6,11.58,6.19,16.24,4.46,18.45,17.91,32.99,11.26
1961,5.6118000725943435,4,11.99,6.24,21.11,11.13,5.94,15.71,4.24,17.97,17.58,31.74,10.74
1962,5.6118000725943435,4,12.08,6.34,21.31,11.26,6.02,15.84,4.29,18.21,17.5,32.09,10.95
1963,5.6118000725943435,4,12.08,6.29,21.31,11.22,5.92,15.78,4.26,18.45,17.58,32.09,10.87
1964,5.6118000725943435,4,12.08,6.32,21.4,11.26,5.99,15.84,4.29,19.44,17.58,32.09,10.82
1965,5.6118000725943435,4,12.04,6.24,21.21,11.17,5.89,15.78,4.22,18.21,17.58,32.27,10.87
1966,5.6118000725943435,4,12.28,6.42,21.5,11.39,6.07,16.04,4.35,18.53,17.75,32.45,11.12
1967,5.6118000725943435,4,12.13,6.34,21.31,11.3,5.99,15.91,4.29,18.37,17.67,32.27,10.95
1968,5.6118000725943435,4,12.28,6.45,21.6,11.44,6.09,16.11,4.39,18.77,17.83,32.45,11.04
1969,5.6118000725943435,4,12.57,6.63,21.69,11.67,6.27,16.44,4.5,18.61,18,34.71,11.39
1970,5.6118000725943435,4,12.13,6.37,21.31,11.39,6.02,15.91,4.29,20.24,17.67,32.27,10.82
1971,5.6118000725943435,4,12.04,6.29,21.02,11.22,5.92,15.78,4.24,18.45,17.67,32.09,10.49
1972,5.6118000725943435,4,12.23,6.39,21.5,11.39,6.04,15.97,4.33,18.37,17.67,31.92,10.78
1973,5.6118000725943435,4,12.82,6.85,22.09,12,6.48,16.72,4.66,18.94,18.25,34.12,11.48
1974,5.6118000725943435,4,12.98,6.97,22.4,12.14,6.61,16.86,4.74,19.1,18.43,34.71,11.8
1975,5.6118000725943435,4,12.62,6.72,21.79,11.81,6.35,16.44,4.54,18.53,18,33.74,11.43
1976,5.6118000725943435,4,12.28,6.47,21.6,11.53,6.12,16.04,4.39,18.45,17.75,33.36,11.12
1977,5.6118000725943435,4,12.47,6.63,21.79,11.67,6.3,16.31,4.5,18.61,17.91,33.55,11.39
1978,5.6118000725943435,4,12.57,6.69,21.79,11.76,6.35,16.38,4.54,18.69,18,33.55,11.52
1979,5.6118000725943435,4,12.67,6.72,21.89,11.81,6.38,16.38,4.56,18.77,18.08,34.31,11.12
1980,5.6118000725943435,4,12.67,6.77,21.99,11.9,6.43,16.44,4.58,18.77,18.08,33.93,11.39
1981,5.617753011115387,4,12.72,6.77,21.89,11.9,6.43,16.51,4.58,18.85,18.17,33.74,10.99
1982,5.617753011115387,4,12.62,6.74,21.89,11.86,6.4,16.44,4.56,18.69,18.08,33.74,11.43
1983,5.617753011115387,4,12.57,6.72,21.79,11.76,6.35,16.38,4.54,18.61,18,32.45,11.48
1984,5.617753011115387,4,12.72,6.8,21.99,11.9,6.43,16.51,4.6,18.85,18.17,32.99,11.62
1985,5.617753011115387,4,12.72,6.8,21.99,11.9,6.45,16.51,4.6,19.02,18.17,34.12,11.62
1986,5.617753011115387,4,12.67,6.74,21.99,11.86,6.4,16.44,4.56,18.77,18.17,33.74,11.39
1987,5.617753011115387,4,12.72,6.74,21.89,11.86,6.4,16.38,4.56,18.85,18.17,33.55,11.39
1988,5.617753011115387,4,12.62,6.74,21.89,11.81,6.45,16.38,4.58,18.85,18.08,33.74,11.39
1989,5.617753011115387,4,12.67,6.74,21.89,11.86,6.48,16.44,4.58,18.77,18.08,33.74,11.34
1990,5.617753011115387,4,12.52,6.66,21.79,11.72,6.43,16.31,4.52,19.44,18,33.55,11.26
1991,5.617753011115387,4,12.62,6.69,21.89,11.76,6.51,16.31,4.54,18.77,18.08,32.99,11.26
1992,5.617753011115387,4,12.62,6.69,21.89,11.76,6.45,16.31,4.52,18.85,18.08,37.44,11.17
1993,5.617753011115387,4,12.62,6.72,21.89,11.81,6.53,16.31,4.54,18.85,18.08,33.74,11.48
1994,5.617753011115387,4,12.62,6.66,21.89,11.76,6.59,16.38,4.54,18.85,18,33.74,11.43
1995,5.617753011115387,4,12.62,6.63,21.89,11.76,6.45,16.31,4.54,18.94,18.08,33.17,11.08
1996,5.617753011115387,4,12.67,6.69,21.89,11.81,6.72,16.38,4.56,20.24,18,32.27,11.39
1997,5.617753011115387,4,12.62,6.69,21.89,11.81,6.78,16.38,4.54,19.71,18.08,33.74,11.34
1998,5.617753011115387,4,12.62,6.74,21.89,11.86,6.59,16.44,4.58,19.71,18.08,34.12,11.43
1999,5.617753011115387,4,12.57,6.72,21.89,11.81,6.92,16.31,4.54,19.44,18.08,33.93,11.26
2000,5.617753011115387,4,12.67,6.77,21.99,11.86,7.06,16.44,4.58,19.62,18.17,34.31,11.43
2001,5.617753011115387,4,12.67,6.8,21.99,11.9,7.03,16.51,4.6,19.62,18.08,35.51,11.43
2002,5.617753011115387,4,12.62,6.77,21.99,11.9,7.03,16.44,4.58,19.79,18.08,34.31,11.39
2003,5.617753011115387,4,12.67,6.77,21.99,11.9,7.06,16.44,4.58,19.88,18.17,33.36,11.39
2004,5.617753011115387,4,12.72,6.8,21.99,11.9,7.11,16.51,4.6,19.97,18.17,34.51,11.43
2005,5.617753011115387,4,11.53,5.91,20.37,10.82,6.17,15.08,3.93,18.21,17.03,31.92,10.33
2006,5.617753011115387,4,12.72,6.8,22.19,11.9,7.17,16.51,4.62,19.71,18.17,33.93,11.34
2007,5.617753011115387,4,12.72,6.85,21.99,12,7.2,16.58,4.64,20.06,18.17,34.31,11.39
2008,5.617753011115387,4,12.72,6.83,21.89,11.95,7.2,16.51,4.62,19.79,18.17,34.31,11.57
2009,5.617753011115387,4,12.72,6.83,21.99,11.95,7.2,16.51,4.62,19.88,18.17,34.51,11.52
2010,5.617753011115387,4,12.72,6.83,21.99,11.95,7.23,16.51,4.62,19.88,18.17,34.51,11.52
2011,5.617753011115387,4,12.67,6.74,21.89,11.86,7.11,16.44,4.56,19.79,18.08,33.74,11.3
2012,5.617753011115387,4,12.42,6.61,21.69,11.72,7,16.24,4.46,19.53,18,33.55,11.26
2013,5.617753011115387,4,12.57,6.72,21.89,11.81,7.11,16.38,4.54,19.62,18.08,33.55,11.26
2014,5.617753011115387,4,12.37,6.55,21.69,11.58,7,16.17,4.44,19.53,17.91,34.51,10.91
2015,5.617753011115387,4,12.32,6.53,21.6,11.58,6.97,16.11,4.41,19.53,17.91,32.27,11.21
2016,5.617753011115387,4,12.37,6.53,21.79,11.58,6.97,16.17,4.43,19.62,18,33.36,11.08
2017,5.617753011115387,4,11.99,6.29,21.21,11.22,6.72,15.71,4.24,19.1,17.58,32.45,10.95
2018,5.617753011115387,4,12.08,6.34,21.4,11.3,6.81,15.78,4.27,19.19,17.58,32.99,10.87
2019,5.617753011115387,4,12.08,6.37,21.31,11.3,6.83,15.78,4.29,19.02,17.5,32.09,10.91
2020,5.617753011115387,4,12.23,6.47,21.6,11.44,6.92,15.97,4.37,19.36,17.67,34.51,11.04
2021,5.617753011115387,4,12.37,6.55,21.79,11.58,7.06,16.11,4.43,20.24,17.75,33.36,11.21
2022,5.617753011115387,4,12.13,6.39,21.6,11.35,6.86,15.91,4.29,19.36,17.67,32.99,11.08
2023,5.617753011115387,4,12.18,6.39,21.6,11.35,6.86,15.91,4.31,19.44,17.67,32.81,10.91
2024,5.617753011115387,4,12.57,6.69,22.19,11.86,7.17,16.38,4.52,20.06,18.08,33.55,11.21
2025,5.617753011115387,4,12.67,6.77,22.19,11.86,7.26,16.51,4.58,19.97,18.17,33.17,11.52
2026,5.617753011115387,4,11.99,6.21,21.4,11.17,6.72,15.65,4.2,19.19,17.58,32.63,10.87
2027,5.617753011115387,4,12.18,6.34,21.69,11.35,6.86,15.91,4.31,19.44,17.75,33.36,10.82
2028,5.617753011115387,4,12.28,6.37,21.69,11.49,6.89,15.97,4.31,19.36,17.67,33.74,10.95
2029,5.617753011115387,4,12.77,6.72,22.09,11.9,7.26,16.51,4.56,19.71,18.17,35.11,11.48
2030,5.617753011115387,4,12.62,6.69,22.19,11.86,7.26,16.51,4.56,20.7,18.17,33.74,10.99
2031,5.617753011115387,4,12.62,6.69,22.09,11.86,7.26,16.44,4.56,19.79,18.08,34.71,11.17
2032,5.617753011115387,4,12.42,6.58,21.79,11.67,7.14,16.17,4.46,19.53,17.83,33.74,11.08
2033,5.617753011115387,4,12.62,6.72,22.09,11.86,7.26,16.44,4.56,19.97,18.08,34.71,11.04
2034,5.617753011115387,4,12.42,6.55,21.89,11.62,7.09,16.24,4.44,19.62,17.91,33.55,10.7
2035,5.617753011115387,4,12.57,6.66,21.99,11.81,7.2,16.38,4.52,19.88,18,33.36,11.08
2036,5.617753011115387,4,12.18,6.37,21.69,11.53,6.89,15.91,4.31,19.62,17.75,34.12,10.91
2037,5.617753011115387,4,12.77,6.8,22.3,12,7.38,16.58,4.64,20.15,18.17,34.51,11.26
2038,5.617753011115387,4,12.67,6.72,22.19,11.9,7.29,16.51,4.58,19.79,18.08,33.93,10.99
2039,5.617753011115387,4,12.52,6.63,21.99,11.72,7.2,16.31,4.5,19.71,18,35.31,11.17
2040,5.617753011115387,4,12.28,6.45,21.69,11.53,7,16.04,4.39,19.36,17.83,33.74,10.91
2041,5.618562164450362,4,12.52,6.58,21.31,11.44,7.14,16.24,4.48,19.62,17.91,34.12,11.04
2042,5.618562164450362,4,12.92,6.58,21.99,11.72,7.14,16.24,4.46,19.71,18,34.31,11.17
2043,5.618562164450362,4,12.47,6.58,21.99,11.72,7.14,16.24,4.46,19.79,18,34.31,10.99
2044,5.618562164450362,4,12.62,6.69,22.09,11.9,7.26,16.38,4.52,19.88,18.17,34.51,11.08
2045,5.618562164450362,4,12.62,6.69,22.09,11.76,7.23,16.38,4.5,21.87,18.08,33.55,11.34
2046,5.618562164450362,4,12.62,6.69,22.09,11.81,7.29,16.38,4.52,21.97,18.08,34.91,10.95
2047,5.618562164450362,4,12.52,6.69,21.89,11.76,7.26,16.31,4.5,21.87,18,34.51,11.17
2048,5.618562164450362,4,12.28,6.66,21.89,11.76,7.26,16.31,4.5,19.53,18,34.31,11.21
2049,5.618562164450362,4,12.52,6.69,21.89,11.76,7.29,16.31,4.52,19.62,18,35.11,11.17
2050,5.618562164450362,4,12.62,6.69,21.99,11.81,7.29,16.31,4.52,19.36,17.67,34.31,10.95
2051,5.618562164450362,4,11.53,5.89,20.83,10.74,6.4,15.08,3.95,18.69,17.1,31.4,10.21
2052,5.618562164450362,4,12.18,6.37,21.69,11.3,6.94,15.84,4.29,19.88,17.67,35.51,10.7
2053,5.618562164450362,4,11.57,5.89,20.93,10.74,6.43,15.14,3.97,18.94,17.1,32.27,10.21
2054,5.618562164450362,4,11.39,5.72,20.65,10.49,6.27,15.02,3.86,18.61,16.95,30.9,9.89
2055,5.618562164450362,4,12.92,6.53,21.79,11.53,7.09,16.17,4.39,19.62,17.83,33.36,10.99
2056,5.618562164450362,4,11.89,6.11,21.21,11,6.7,15.52,4.13,19.19,17.34,32.09,10.53
2057,5.618562164450362,4,12.57,6.66,21.99,11.72,7.23,16.38,4.48,19.88,18,33.55,10.91
2058,5.618562164450362,4,12.67,6.74,22.19,11.81,7.32,16.51,4.54,20.15,18.17,33.74,11.34
2059,5.618562164450362,4,12.62,6.72,22.09,11.81,7.32,16.38,4.54,20.06,18.08,33.93,10.82
2060,5.618562164450362,4,12.67,6.72,22.09,11.81,7.32,16.38,4.52,19.88,18.08,33.93,10.91
2061,5.618562164450362,4,12.47,6.55,21.89,11.62,7.14,16.11,4.43,19.79,17.91,34.12,10.82
2062,5.618562164450362,4,11.39,5.76,20.65,10.57,6.25,14.83,3.83,18.85,16.87,31.57,10.13
2063,5.618562164450362,4,12.52,6.61,21.99,11.67,7.17,16.31,4.46,19.97,18,33.36,11.3
2064,5.618562164450362,4,12.62,6.69,22.09,11.81,7.29,16.44,4.52,19.88,18,33.74,11.39
2065,5.618562164450362,4,12.57,6.63,22.09,11.76,7.23,16.31,4.5,19.97,18,33.74,11.21
2066,5.618562164450362,4,12.52,6.58,21.89,11.67,7.17,16.24,4.44,19.71,17.91,33.55,11.21
2067,5.618562164450362,4,12.52,6.58,21.89,11.67,7.17,16.24,4.46,19.71,18,33.36,11.08
2068,5.618562164450362,4,12.72,6.66,22.09,11.76,7.26,16.38,4.5,19.88,18,34.31,11.26
2069,5.618562164450362,4,12.47,6.58,21.89,11.67,7,16.17,4.44,19.79,17.91,33.74,11.17
2070,5.618562164450362,4,12.67,6.74,22.19,11.86,7.17,16.44,4.56,20.15,18.17,34.12,11.21
2071,5.618562164450362,4,12.77,6.8,22.19,11.95,7.29,16.51,4.6,19.97,18.17,33.74,11.43
2072,5.618562164450362,4,12.47,6.58,21.89,11.67,7.03,16.17,4.44,20.06,17.83,33.36,11.17
2073,5.618562164450362,4,12.72,6.74,22.19,11.9,7.23,16.44,4.56,20.06,18.08,33.93,11.34
2074,5.618562164450362,4,12.52,6.58,21.89,11.67,6.94,16.17,4.44,19.71,17.91,33.36,11.17
2075,5.618562164450362,4,12.72,6.72,21.89,11.86,6.97,16.38,4.54,19.97,18,33.93,11.3
2076,5.618562164450362,4,12.47,6.53,21.69,11.58,6.75,16.11,4.43,19.62,17.91,33.36,10.65
2077,5.618562164450362,4,12.82,6.55,21.6,11.72,6.92,16.11,4.43,19.88,17.83,33.36,10.61
2078,5.618562164450362,4,12.67,6.72,21.79,11.9,7.23,16.38,4.54,22.39,18,32.99,11.08
2079,5.618562164450362,4,12.67,6.74,21.89,11.95,7.14,16.38,4.56,22.49,18.08,33.74,11.3
2080,5.618562164450362,4,12.77,6.37,21.4,11.44,6.83,15.84,4.31,19.53,17.58,31.06,10.87
2081,5.618562164450362,4,11.17,5.55,20.28,10.28,5.94,14.59,3.72,18.53,16.72,30.9,9.74
2082,5.618562164450362,4,12.28,6.37,21.4,11.49,6.81,15.97,4.31,19.44,17.67,33.17,10.74
2083,5.618562164450362,4,12.42,6.5,21.69,11.58,6.92,16.11,4.41,19.53,17.83,33.17,10.74
2084,5.618562164450362,4,12.52,6.55,21.69,11.67,6.92,16.17,4.44,19.53,17.83,34.51,10.74
2085,5.618562164450362,4,11.85,6.06,20.93,11,6.48,15.33,4.09,22.18,17.26,32.63,10.41
2086,5.618562164450362,4,12.57,6.58,21.79,11.76,7.03,16.31,4.48,19.71,17.91,34.51,10.74
2087,5.618562164450362,4,12.67,6.66,21.89,11.81,7.09,16.38,4.52,19.79,18.08,34.51,11.21
2088,5.618562164450362,4,11.94,6.11,20.93,11.08,6.48,15.78,4.09,18.85,17.26,32.99,10.57
2089,5.618562164450362,4,12.57,6.58,21.79,11.81,7.06,16.24,4.46,19.53,18,34.51,11.17
2090,5.618562164450362,4,12.62,6.61,21.89,11.76,7.23,16.31,4.5,19.71,18,33.93,11.17
2091,5.618562164450362,4,12.72,6.72,21.99,11.9,7.26,16.51,4.56,19.88,18.17,35.51,11.3
2092,5.618562164450362,4,12.72,6.69,21.99,11.9,7.26,16.38,4.54,19.79,18.17,36.14,11.26
2093,5.618562164450362,4,12.57,6.58,21.79,11.76,7.09,16.24,4.46,19.71,18,33.55,11.12
2094,5.618562164450362,4,12.67,6.69,21.89,11.86,7.23,16.38,4.52,19.79,18.08,34.51,11.26
2095,5.618562164450362,4,12.67,6.69,21.99,11.86,7.29,16.38,4.54,19.88,18.17,34.31,11.17
2096,5.618562164450362,4,12.87,6.69,21.99,11.86,6.7,16.38,4.54,19.79,18.17,35.31,11.12
2097,5.618562164450362,4,12.67,6.66,21.99,11.81,7.11,16.38,4.52,19.88,18.17,34.51,11.12
2098,5.618562164450362,4,12.67,6.66,21.99,11.86,7.14,16.38,4.52,20.06,18.17,32.99,11.04
2099,5.618562164450362,4,12.72,6.69,21.99,11.9,7.2,16.38,4.54,20.24,18.08,35.11,10.95
2100,5.618562164450362,4,12.62,6.66,21.99,11.86,7.26,16.38,4.52,19.88,18.08,34.71,11.04
2101,5.61973276543441,4,12.62,6.58,21.79,11.72,7.14,16.24,4.44,19.97,18,33.55,10.95
2102,5.61973276543441,4,12.82,6.74,22.09,11.95,7.32,16.51,4.58,19.97,18.17,34.31,11.17
2103,5.61973276543441,4,12.82,6.69,21.99,11.9,7.29,16.38,4.54,19.97,18.08,34.51,11.26
2104,5.61973276543441,4,12.67,6.72,21.99,11.9,7.29,16.44,4.54,19.88,18.08,34.51,11.26
2105,5.61973276543441,4,12.82,6.72,22.09,11.9,7.29,16.38,4.56,20.15,18.17,35.93,11.26
2106,5.61973276543441,4,12.77,6.69,22.19,11.86,7.29,16.44,4.54,19.97,18.17,34.31,11.17
2107,5.61973276543441,4,12.67,6.69,21.99,11.86,7.26,16.38,4.52,20.06,18.17,34.91,11.34
2108,5.61973276543441,4,12.67,6.69,22.09,11.86,7.29,16.38,4.52,19.97,18.17,35.72,11.34
2109,5.61973276543441,4,12.37,6.45,21.69,11.53,7,16.04,4.37,20.06,17.91,34.12,10.99
2110,5.61973276543441,4,12.37,6.45,21.69,11.49,7,16.04,4.37,19.97,17.83,35.93,10.41
2111,5.61973276543441,4,12.47,6.5,21.79,11.62,7.11,16.11,4.41,19.79,17.91,34.31,11.08
2112,5.61973276543441,4,12.42,6.5,21.79,11.62,7.29,16.17,4.41,19.62,17.83,34.91,11.08
2113,5.61973276543441,4,12.52,6.55,21.89,11.62,7.38,16.17,4.44,19.88,17.91,35.51,10.95
2114,5.61973276543441,4,12.57,6.55,21.89,11.62,7.43,16.24,4.46,19.97,18.08,34.71,11.04
2115,5.61973276543441,4,12.52,6.53,21.79,11.58,7.38,16.17,4.43,19.88,18,34.12,11.08
2116,5.61973276543441,4,12.57,6.55,21.89,11.62,7.41,16.24,4.44,19.88,18,35.11,11.08
2117,5.61973276543441,4,12.52,6.55,21.69,11.62,5.72,16.17,4.43,20.06,17.91,34.71,11.08
2118,5.61973276543441,4,11.71,5.99,20.74,10.87,4.9,15.26,4,18.85,17.1,31.74,10.13
2119,5.61973276543441,4,12.47,6.55,21.69,11.58,5.55,16.17,4.44,19.88,17.91,33.93,11.08
2120,5.61973276543441,4,12.47,6.58,21.79,11.58,5.53,16.17,4.44,19.62,18,33.93,11.12
2121,5.61973276543441,4,12.82,6.69,22.19,11.58,7.14,16.38,4.56,20.24,18.34,33.93,11.21
2122,5.61973276543441,4,12.67,6.69,21.99,11.81,7.14,16.38,4.52,20.24,18.25,35.11,11.21
2123,5.61973276543441,4,12.72,6.72,22.09,11.86,7.17,16.44,4.56,20.15,18.25,34.91,11.12
2124,5.61973276543441,4,12.72,6.69,21.99,11.9,6.64,16.38,4.54,20.06,18.17,34.71,11.12
2125,5.61973276543441,4,12.67,6.66,21.99,11.76,6.86,16.31,4.52,20.06,18.08,35.31,11.04
2126,5.61973276543441,4,12.67,6.66,21.89,11.81,6.86,16.31,4.5,19.97,18.08,33.93,11.17
2127,5.61973276543441,4,12.77,6.69,21.99,11.9,6.75,16.38,4.54,20.15,18.17,35.31,11.3
2128,5.61973276543441,4,12.57,6.66,21.99,11.86,6.94,16.31,4.5,20.06,18.08,34.12,11.34
2129,5.61973276543441,4,12.62,6.63,21.89,11.81,6.78,16.31,4.5,19.97,18.08,34.71,11.3
2130,5.61973276543441,4,12.62,6.63,21.89,11.76,6.81,16.31,4.5,20.33,18.08,36.14,11.3
2131,5.61973276543441,4,12.67,6.74,22.09,11.9,6.94,16.44,4.56,20.15,18.17,34.91,11.39
2132,5.61973276543441,4,12.67,6.72,22.09,11.86,7,16.38,4.54,20.06,18.17,35.11,11.3
2133,5.61973276543441,4,12.72,6.69,21.99,11.86,6.94,16.38,4.52,20.24,18.17,37.67,11.3
2134,5.61973276543441,4,12.77,6.74,21.99,12.1,7.09,16.44,4.54,20.33,18.25,35.72,11.08
2135,5.61973276543441,4,12.72,6.72,21.99,12.1,7,16.38,4.52,20.42,18.17,35.93,11.3
2136,5.61973276543441,4,12.82,6.77,22.09,12.19,7.03,16.44,4.58,20.24,18.17,33.17,11.43
2137,5.61973276543441,4,12.77,6.74,21.99,12.14,7,16.38,4.56,20.15,18.17,34.12,11.39
2138,5.61973276543441,4,12.52,6.58,21.79,11.81,6.81,16.17,4.43,19.97,17.91,34.31,11.08
2139,5.61973276543441,4,12.23,6.29,21.5,11.44,6.51,15.71,4.26,19.71,17.67,32.63,10.82
2140,5.61973276543441,4,12.47,6.55,21.99,11.72,6.72,16.17,4.44,20.24,18,31.23,11.17
2141,5.61973276543441,4,12.82,6.8,22.19,12.1,7.03,16.51,4.6,20.24,18.25,34.31,11.39
2142,5.61973276543441,4,12.72,6.72,22.09,12.05,6.94,16.38,4.56,20.06,18.17,33.74,11.26
2143,5.61973276543441,4,12.72,6.74,22.09,12.1,6.97,16.44,4.58,20.15,17.75,33.36,11.34
2144,5.61973276543441,4,12.47,6.55,21.79,11.86,6.81,16.17,4.44,19.97,17.91,32.99,11.12
2145,5.61973276543441,4,12.57,6.63,21.99,11.95,6.89,16.24,4.5,20.06,18,33.74,11.08
2146,5.61973276543441,4,12.67,6.72,22.09,12.05,6.97,16.38,4.54,20.06,18.17,34.12,11.08
2147,5.61973276543441,4,12.62,6.69,21.89,12,6.92,16.31,4.52,19.79,18.08,34.91,11.34
2148,5.61973276543441,4,12.62,6.69,21.89,11.95,6.89,16.31,4.52,19.88,18.08,34.91,11.26
2149,5.61973276543441,4,12.62,6.66,21.99,11.95,6.89,16.24,4.5,19.97,18.08,33.93,11.26
2150,5.61973276543441,4,12.67,6.72,21.99,12,6.92,16.31,4.54,19.88,18,33.93,11.3
2151,5.61973276543441,4,12.72,6.72,22.09,12.05,6.92,16.38,4.54,20.24,18.17,34.12,11.26
2152,5.61973276543441,4,12.67,6.72,21.89,12,6.89,16.24,4.54,20.15,18.08,34.51,11.21
2153,5.61973276543441,4,12.57,6.61,21.89,11.9,6.83,16.17,4.48,19.79,18,32.09,11.12
2154,5.61973276543441,4,12.37,6.5,21.69,11.72,6.64,15.97,4.39,19.71,17.83,33.36,11.04
2155,5.61973276543441,4,12.42,6.53,21.79,11.72,6.67,16.04,4.41,19.97,17.83,33.17,10.99
2156,5.61973276543441,4,12.57,6.55,21.79,11.76,6.72,16.11,4.44,19.97,17.91,33.93,10.99
2157,5.61973276543441,4,12.42,6.53,21.79,11.76,6.67,16.04,4.43,19.79,17.91,34.12,10.99
2158,5.61973276543441,4,12.52,6.61,21.99,11.86,6.72,16.17,4.46,19.97,18,34.31,11.08
2159,5.61973276543441,4,12.67,6.66,22.09,12,6.75,16.24,4.5,20.24,18.08,33.93,11.17
2160,5.61973276543441,4,12.57,6.63,22.09,12,6.75,16.24,4.48,20.15,18.08,34.12,11.12
2161,5.61973276543441,4,12.67,6.69,22.19,12.05,6.67,16.38,4.54,20.33,18.25,34.12,11.26
2162,5.61973276543441,4,11.66,5.91,20.83,11.04,5.99,15.08,3.95,19.19,17.26,31.92,10.21
2163,5.61973276543441,4,12.72,6.69,22.09,12.05,6.75,16.38,4.52,20.24,18.08,34.51,11.12
2164,5.61973276543441,4,12.77,6.69,22.09,12.05,6.75,16.38,4.52,20.24,18.08,33.93,11.17
2165,5.61973276543441,4,12.82,6.72,22.09,12.1,6.64,16.38,4.54,20.42,18.17,34.12,11.17
2166,5.61973276543441,4,12.62,6.55,21.89,11.86,6.59,16.11,4.44,20.15,18,34.12,11.08
2167,5.61973276543441,4,12.32,6.39,21.69,11.62,6.45,15.91,4.33,19.88,17.83,32.27,10.82
2168,5.61973276543441,4,12.32,6.42,21.79,11.62,6.45,15.97,4.33,20.24,17.91,31.4,10.74
2169,5.61973276543441,4,12.37,6.42,21.79,11.67,6.51,16.04,4.35,19.97,17.91,36.78,10.74
2170,5.61973276543441,4,12.23,6.37,21.69,11.58,6.48,15.97,4.29,19.97,17.83,32.63,10.82
2171,5.61973276543441,4,13.13,6.88,22.61,12.29,7.06,16.79,4.7,20.89,18.51,33.55,11.43
2172,5.61973276543441,4,12.87,6.8,22.4,12.19,6.97,16.65,4.62,20.8,18.34,35.51,11.26
2173,5.61973276543441,4,13.03,6.97,22.61,12.39,7.17,16.93,4.72,20.7,18.6,35.11,11.43
2174,5.61973276543441,4,12.92,6.88,22.5,12.29,7.06,16.72,4.66,20.61,18.34,35.11,11.34
2175,5.61973276543441,4,12.82,6.8,22.4,12.14,6.94,16.58,4.62,20.52,18.25,35.11,11.26
2176,5.61973276543441,4,12.98,6.94,22.61,12.34,7.14,16.86,4.7,20.7,18.51,35.31,11.39
2177,5.61973276543441,4,12.67,6.72,22.19,12.05,6.89,16.44,4.56,20.52,18.25,33.93,11.3
2178,5.61973276543441,4,12.52,6.63,21.99,11.95,6.78,16.31,4.48,20.24,18.08,33.55,11.17
2179,5.61973276543441,4,12.72,6.77,22.3,12.1,6.94,16.58,4.6,20.52,18.34,34.12,11.08
2180,5.61973276543441,4,12.77,6.77,22.3,12.1,6.94,16.79,4.6,20.8,18.34,34.12,11.21
2181,5.61973276543441,4,12.57,6.61,22.09,11.95,6.75,16.44,4.48,20.52,18.08,33.55,11.12
2182,5.61973276543441,4,12.52,6.58,22.09,11.86,6.72,15.78,4.46,20.52,18.08,33.55,11.04
2183,5.61973276543441,4,12.92,6.91,22.61,12.29,7.06,16.24,4.7,20.89,18.51,33.93,11.34
2184,5.61973276543441,4,12.52,6.55,21.99,11.81,6.61,15.65,4.43,20.15,17.91,33.36,10.99
2185,5.61973276543441,4,13.03,6.88,22.5,12.29,7.03,16.24,4.7,20.52,18.34,34.91,11.43
2186,5.61973276543441,4,12.82,6.74,22.3,12.05,6.83,15.97,4.58,20.33,18.25,33.74,11.17
2187,5.61973276543441,4,12.77,6.74,22.4,12.05,6.89,16.04,4.6,20.61,18.25,34.51,11.26
2188,5.61973276543441,4,12.87,6.77,22.4,12.05,6.86,16.04,4.6,20.33,18.25,34.51,11.3
2189,5.61973276543441,4,12.82,6.74,22.5,12,6.83,15.97,4.58,20.89,18.25,34.91,11.21
2190,5.61973276543441,4,12.87,6.83,22.5,12.1,6.97,16.11,4.64,20.61,18.34,34.91,11.26
2191,5.61973276543441,4,12.32,6.42,21.89,11.58,6.51,15.45,4.37,20.06,17.91,33.55,10.57
2192,5.61973276543441,4,12.18,6.29,21.69,11.44,6.38,15.33,4.27,19.97,17.83,32.99,10.37
2193,5.61973276543441,4,12.77,6.72,22.4,11.95,6.86,16.04,4.6,20.99,18.34,33.55,11.17
2194,5.61973276543441,4,12.82,6.72,22.4,12,6.94,16.04,4.62,20.99,18.34,34.12,11.12
2195,5.61973276543441,4,12.67,6.63,22.3,11.81,6.81,15.84,4.52,20.42,18.17,33.93,10.95
2196,5.61973276543441,4,13.08,6.97,22.71,12.29,7.14,16.38,4.76,20.7,18.51,36.35,11.34
2197,5.61973276543441,4,12.72,6.69,22.4,11.9,6.86,15.91,4.58,20.52,18.34,32.45,11.21
2198,5.61973276543441,4,12.67,6.66,22.3,11.86,6.81,15.84,4.56,20.61,18.17,33.74,11.21
2199,5.61973276543441,4,12.52,6.47,21.99,11.58,6.59,15.52,4.41,20.24,18,33.36,10.91
2200,5.61973276543441,4,11.75,5.91,21.31,10.82,6.07,14.65,4.04,19.44,17.34,31.06,10.29
2201,5.61973276543441,4,12.82,6.72,22.4,11.86,6.89,15.97,4.6,20.89,18.25,34.12,11.12
2202,5.61973276543441,4,12.32,6.34,21.79,11.35,6.48,15.26,4.33,20.24,17.83,32.81,10.78
2203,5.61973276543441,4,12.52,6.5,22.09,11.58,6.67,15.58,4.46,20.7,18.08,34.31,10.95
2204,5.61973276543441,4,12.87,6.74,22.4,11.86,6.89,15.91,4.6,21.08,18.34,34.51,11.3
2205,5.61973276543441,4,12.37,6.29,21.79,11.3,6.43,15.2,4.29,20.52,17.75,32.99,10.74
2206,5.61973276543441,4,12.77,6.55,22.19,11.62,6.72,15.65,4.5,20.42,18.08,34.31,11.04
2207,5.61973276543441,4,12.77,6.61,22.3,11.62,6.75,15.65,4.52,20.61,18.17,33.36,11.17
2208,5.61973276543441,4,12.62,6.45,22.09,11.44,6.59,15.45,4.43,20.33,18,34.12,10.99
2209,5.61973276543441,4,12.18,6.32,21.89,11.22,6.48,15.26,4.33,20.24,17.83,30.9,10.95
2210,5.61973276543441,4,12.13,6.29,21.89,11.13,6.45,15.14,4.29,20.15,17.75,32.45,10.82
2211,5.61973276543441,4,12.28,6.32,21.89,11.17,6.48,15.26,4.33,20.61,17.83,32.09,10.78
2212,5.61973276543441,4,12.67,6.66,22.61,11.67,6.86,15.78,4.58,20.52,18.25,34.12,11.34
2213,5.61973276543441,4,11.99,6.16,21.69,11.13,6.35,15.02,4.24,19.97,17.67,32.09,10.74
2214,5.61973276543441,4,11.94,6.16,21.69,11.22,6.38,14.95,4.22,19.97,17.5,31.92,10.7
2215,5.61973276543441,4,11.99,6.16,21.69,11.17,6.35,14.95,4.24,20.42,17.67,32.45,10.57
2216,5.61973276543441,4,11.99,6.16,21.69,11.22,6.35,14.95,4.22,20.42,17.67,30.9,10.7
2217,5.61973276543441,4,12.13,6.16,21.79,11.22,6.35,14.95,4.24,20.15,17.67,34.71,10.49
2218,5.61973276543441,4,11.99,6.16,21.69,11.17,6.35,14.95,4.22,20.15,17.75,34.12,10.74
2219,5.61973276543441,4,11.94,6.11,21.69,11.13,6.32,14.89,4.2,20.42,17.58,33.17,10.57
2220,5.61973276543441,4,11.94,6.11,21.69,11.04,6.25,14.83,4.16,19.97,17.58,32.27,10.41
