Minute,TVC,Label,MQ135,MQ136,MQ137,MQ138,MQ2,MQ3,MQ4,MQ5,MQ6,MQ8,MQ9
1,1.87589,1,15,12.94,9.98,15.07,8.05,17.74,6.06,10.8,16.2,35.93,15
2,1.87589,1,15,12.73,9.98,15.14,8.11,17.82,6.15,11.01,15.98,36.14,13.08
3,1.87589,1,15,12.68,9.94,15.07,8.02,17.82,6.18,10.76,15.84,35.93,13.18
4,1.87589,1,15.06,12.83,10.02,15.2,8.08,17.89,6.25,10.63,15.84,39.55,12.72
5,1.87589,1,14.94,12.63,9.98,15.01,8.15,17.82,6.23,10.63,15.77,36.14,10.37
6,1.87589,1,15,12.83,10.06,15.26,8.21,17.89,6.33,10.63,15.7,34.91,13.03
7,1.87589,1,15.12,12.99,10.1,15.39,8.24,18.05,6.43,10.55,15.7,36.57,13.5
8,1.87589,1,15.18,13.09,10.14,15.39,8.24,18.13,6.51,10.47,15.7,35.93,13.18
9,1.87589,1,15.12,12.99,10.06,15.33,8.34,18.05,6.53,10.43,15.42,37.22,13.13
10,1.87589,1,14.87,12.78,9.98,15.07,8.05,17.82,6.35,10.55,15.35,35.93,13.67
11,1.87589,1,14.81,12.68,9.98,15.07,8.11,17.82,6.38,10.26,15.42,35.93,12.87
12,1.87589,1,14.81,12.63,9.98,15.01,8.08,17.82,6.28,10.22,15.35,34.12,12.98
13,1.87589,1,14.81,12.68,9.98,15.01,7.99,17.74,6.33,10.18,15.09,34.12,12.98
14,1.87589,1,14.94,12.73,9.98,15.07,8.15,17.82,6.35,10.06,15.15,36.35,11.66
15,1.87589,1,14.87,12.73,10.02,15.14,8.15,17.82,6.38,10.22,15.02,35.93,12.62
16,1.87589,1,14.94,12.78,10.02,15.14,8.15,17.82,6.43,10.1,14.89,35.31,12.67
17,1.87589,1,14.87,12.68,9.98,15.07,8.11,17.74,6.35,10.06,15.56,35.31,15.37
18,1.87589,1,14.81,12.63,10.02,15.07,8.08,17.74,6.35,10.1,15.35,35.93,14.46
19,1.87589,1,14.94,12.78,10.1,15.2,8.15,17.89,6.43,10.06,17.42,39.3,14.94
20,1.87589,1,14.87,12.63,10.06,15.14,7.95,17.82,6.38,10.06,17.34,37,15.43
21,1.87589,1,14.69,12.53,10.02,15.01,7.92,17.67,6.3,10.06,17.18,35.72,15.75
22,1.87589,1,14.81,12.58,10.06,15.01,7.95,17.74,6.33,10.06,17.26,34.91,16.28
23,1.87589,1,14.81,12.63,10.1,15.07,8.02,17.82,6.35,9.99,17.34,36.35,15.56
24,1.87589,1,14.81,12.63,10.1,15.07,7.99,17.74,6.35,9.99,17.34,37.22,15.5
25,1.87589,1,14.87,12.63,10.1,15.14,8.02,17.82,6.38,9.99,17.42,36.35,17.05
26,1.87589,1,14.81,12.63,10.14,15.14,8.05,17.82,6.38,9.91,17.58,35.51,16.28
27,1.87589,1,14.81,12.63,10.26,15.14,7.99,17.82,6.35,9.91,17.5,35.93,16.56
28,1.87589,1,14.75,12.58,10.14,15.07,7.99,17.74,6.38,9.99,17.5,36.14,17.27
29,1.87589,1,14.69,12.53,10.1,15.14,7.99,17.74,6.38,9.87,17.42,36.35,16.02
30,1.87589,1,14.75,12.53,10.18,15.14,7.95,17.82,6.48,9.87,17.5,37.44,17.41
31,1.87589,1,14.81,12.53,10.26,15.14,7.95,17.74,6.35,9.87,17.5,36.35,16.63
32,1.87589,1,14.75,12.48,10.14,15.07,7.89,17.74,6.38,9.87,17.42,37.22,17.71
33,1.87589,1,14.75,12.48,10.14,15.07,7.95,17.67,6.35,9.75,17.42,34.12,16.91
34,1.87589,1,14.75,12.48,10.14,15.07,7.92,17.67,6.35,9.83,17.34,36.14,17.27
35,1.87589,1,14.87,12.53,10.3,15.2,7.95,17.82,6.4,9.91,17.5,37.22,17.27
36,1.87589,1,14.75,12.43,10.22,15.07,7.92,17.74,6.4,9.95,17.5,36.14,17.34
37,1.87589,1,14.81,12.43,10.26,15.26,7.99,17.82,6.35,9.79,17.5,36.35,17.56
38,1.87589,1,14.87,12.38,10.34,15.2,7.86,17.89,6.33,9.87,17.5,35.51,17.49
39,1.87589,1,14.58,12.24,10.18,14.95,7.8,17.52,6.3,9.64,17.18,36.78,17.27
40,1.87589,1,14.69,12.29,10.22,15.01,7.83,17.59,6.3,9.72,17.18,35.93,17.49
41,1.87589,1,14.75,12.29,10.26,15.01,7.83,17.67,6.3,9.75,17.26,36.14,17.19
42,1.87589,1,14.87,12.34,10.38,15.2,7.89,17.82,6.33,9.87,17.5,36.78,17.34
43,1.87589,1,14.87,12.24,10.38,15.14,7.89,17.74,6.28,9.91,17.42,36.78,17.19
44,1.87589,1,14.81,12.24,10.34,15.07,7.83,17.74,6.3,9.83,17.26,36.14,17.49
45,1.87589,1,14.64,12.19,10.26,15.01,7.83,17.52,6.28,9.83,17.03,33.74,16.98
46,1.87589,1,14.64,12.14,10.3,14.95,7.77,17.52,6.28,9.64,17.1,35.72,17.27
47,1.87589,1,14.69,12.14,10.3,15.01,7.8,17.59,6.3,9.72,17.18,36.57,17.34
48,1.87589,1,14.64,12.09,10.3,14.95,7.83,17.52,6.28,9.6,17.1,34.91,17.05
49,1.87589,1,14.64,12.09,10.3,14.95,7.83,17.52,6.28,9.64,17.18,35.51,18.4
50,1.87589,1,14.69,12.14,10.34,15.01,7.89,17.59,6.33,9.72,17.18,39.3,17.19
51,1.87589,1,14.69,12.19,10.34,15.01,7.89,17.52,6.35,9.68,17.18,35.93,17.41
52,1.87589,1,14.64,12.09,10.3,15.01,7.92,17.52,6.33,9.75,17.34,34.51,16.15
53,1.87589,1,14.69,12.14,10.38,15.07,7.89,17.59,6.38,9.75,17.34,36.14,17.63
54,1.87589,1,14.64,12.09,10.34,15.01,7.92,17.52,6.35,9.68,17.26,36.14,17.27
55,1.87589,1,14.64,12.05,10.38,14.95,7.89,17.44,6.33,9.6,17.26,35.93,15.88
56,1.87589,1,14.58,12,10.46,14.95,7.86,17.44,6.33,9.72,17.26,36.14,16.84
57,1.87589,1,14.64,12,10.38,14.95,7.83,17.44,6.33,9.75,17.26,36.57,16.08
58,1.87589,1,14.64,11.95,10.38,14.95,7.89,17.37,6.3,9.72,17.34,35.72,17.49
59,1.87589,1,14.64,12,10.38,14.95,7.83,17.44,6.33,9.68,17.34,36.35,16.7
60,1.87589,1,14.64,11.9,10.42,14.89,7.8,17.37,6.3,9.72,17.34,37.22,16.91
61,2.14988,1,14.58,11.9,10.42,14.89,7.83,17.37,6.3,9.72,17.42,38.12,16.22
62,2.14988,1,14.64,11.9,10.42,14.95,7.8,17.37,6.3,9.75,17.34,36.14,16.28
63,2.14988,1,14.64,11.9,10.46,14.95,7.83,17.44,6.33,9.75,17.42,36.35,16.35
64,2.14988,1,14.64,11.9,10.5,15.01,7.86,17.37,6.35,9.95,17.42,35.93,16.42
65,2.14988,1,14.69,11.9,10.5,14.95,7.86,17.44,6.35,9.72,17.26,36.14,16.84
66,2.14988,1,14.69,11.86,10.54,14.95,7.86,17.44,6.35,9.75,17.26,36.35,16.42
67,2.14988,1,14.69,11.86,10.54,14.95,7.83,17.37,6.33,9.79,17.42,36.14,16.42
68,2.14988,1,14.69,11.81,10.54,15.07,7.89,17.37,6.35,9.68,17.34,36.57,18.64
69,2.14988,1,14.69,11.77,10.54,14.95,7.86,17.37,6.33,9.72,17.42,36.14,17.41
70,2.14988,1,14.64,11.72,10.5,14.89,7.83,17.3,6.3,9.87,17.34,36.14,16.35
71,2.14988,1,14.64,11.72,10.58,14.95,7.83,17.37,6.33,9.72,17.34,36.35,16.35
72,2.14988,1,14.64,11.72,10.62,14.95,7.86,17.37,6.33,9.72,17.34,36.35,16.22
73,2.14988,1,14.64,11.67,10.62,14.89,7.83,17.3,6.33,9.72,17.26,36.14,16.28
74,2.14988,1,14.64,11.67,10.66,14.95,7.89,17.3,6.28,9.75,17.18,35.72,17.34
75,2.14988,1,14.58,11.54,10.58,14.89,7.74,17.22,6.25,9.79,17.26,36.57,16.42
76,2.14988,1,14.52,11.49,10.71,14.82,7.74,17.15,6.25,9.72,17.18,36.14,17.19
77,2.14988,1,14.52,11.54,10.62,14.76,7.74,17.15,6.23,9.68,17.18,35.93,16.42
78,2.14988,1,14.58,11.49,10.62,14.82,7.68,17.22,6.25,9.68,17.26,36.78,16.63
79,2.14988,1,14.64,11.58,10.71,14.95,7.8,17.3,6.33,9.79,17.26,36.78,17.34
80,2.14988,1,14.46,11.36,10.62,14.76,7.68,17.08,6.2,9.72,17.1,36.35,15.88
81,2.14988,1,14.4,11.27,10.62,14.7,7.62,17.01,6.15,9.79,17.03,35.72,16.22
82,2.14988,1,14.4,11.22,10.62,14.7,7.62,17.01,6.2,9.64,17.03,36.14,16.42
83,2.14988,1,14.46,11.31,10.71,14.76,7.68,17.08,6.2,9.68,17.1,37.67,16.35
84,2.14988,1,14.52,11.27,10.71,14.76,7.65,17.08,6.18,9.68,17.03,36.57,16.56
85,2.14988,1,14.46,11.27,10.71,14.76,7.62,17.08,6.18,9.68,17.03,37.22,16.22
86,2.14988,1,14.52,11.27,10.75,14.76,7.65,17.15,6.2,9.64,17.03,35.72,16.35
87,2.14988,1,14.58,11.27,10.71,14.82,7.65,17.08,6.2,9.72,17.03,35.72,17.34
88,2.14988,1,14.46,11.18,10.71,14.76,7.58,17.08,6.18,9.68,16.95,37.22,16.08
89,2.14988,1,14.52,11.22,10.75,14.76,7.55,17.08,6.2,9.68,17.5,35.11,16.15
90,2.14988,1,14.4,11.05,10.75,14.7,7.52,16.93,6.13,9.72,17.42,35.93,17.12
91,2.14988,1,14.4,11.09,10.75,14.7,7.52,16.93,6.18,9.72,17.42,35.93,16.15
92,2.14988,1,14.46,11.09,10.79,14.76,7.55,17.01,6.18,9.75,17.58,36.14,16.28
93,2.14988,1,14.46,11.14,10.83,14.76,7.58,17.08,6.2,9.79,17.5,36.35,16.49
94,2.14988,1,14.52,11.09,10.83,14.76,7.58,17.01,6.2,9.75,17.42,36.35,16.22
95,2.14988,1,14.52,11.09,10.83,14.76,7.58,17.01,6.2,9.68,17.58,36.14,17.63
96,2.14988,1,14.46,11.01,10.79,14.7,7.55,16.93,6.18,9.95,17.58,36.14,16.15
97,2.14988,1,14.46,11.01,10.83,14.7,7.58,17.01,6.2,9.72,17.58,34.51,17.56
98,2.14988,1,14.52,11.05,10.88,14.76,7.55,17.01,6.2,9.72,17.67,35.11,16.22
99,2.14988,1,14.52,11.01,10.88,14.76,7.62,17.01,6.2,9.75,17.75,36.14,16.22
100,2.14988,1,14.46,10.96,10.88,14.7,7.55,17.01,6.23,9.72,17.67,33.93,17.19
101,2.14988,1,14.46,10.92,10.92,14.7,7.52,16.93,6.2,9.83,17.67,36.35,16.91
102,2.14988,1,14.46,10.92,10.92,14.7,7.55,16.93,6.2,9.6,17.75,36.35,17.49
103,2.14988,1,14.46,10.92,10.96,14.7,7.55,16.93,6.33,9.6,17.83,36.35,17.34
104,2.14988,1,14.46,10.92,10.96,14.7,7.55,16.93,6.2,9.72,17.75,36.14,16.84
105,2.14988,1,14.46,10.88,11,14.7,7.49,17.01,6.2,9.79,17.83,36.14,15.75
106,2.14988,1,14.46,10.88,11,14.76,7.58,17.01,6.2,9.79,17.83,36.35,17.12
107,2.14988,1,14.46,10.83,11,14.7,7.62,16.93,6.18,9.6,17.75,36.35,17.27
108,2.14988,1,14.46,10.79,11,14.7,7.55,16.93,6.2,9.91,17.75,34.31,16.15
109,2.14988,1,14.46,10.79,11,14.7,7.58,16.93,6.2,9.83,17.75,35.93,16.02
110,2.14988,1,14.46,10.79,11.05,14.76,7.58,16.93,6.23,9.75,17.75,36.14,16.22
111,2.14988,1,14.52,10.79,11.09,14.7,7.68,17.01,6.23,9.79,17.75,36.57,17.49
112,2.14988,1,14.52,10.79,11.09,14.7,7.62,16.93,6.2,9.87,17.75,35.93,16.28
113,2.14988,1,14.52,10.75,11.09,14.7,7.62,16.93,6.2,9.79,17.75,36.78,16.42
114,2.14988,1,14.52,10.71,11.09,14.7,7.58,16.93,6.15,9.75,17.83,36.35,17.41
115,2.14988,1,14.52,10.75,11.13,14.7,7.65,16.93,6.23,10.93,17.83,39.55,17.71
116,2.14988,1,14.58,10.79,11.18,14.89,7.68,17.01,6.28,10.97,17.91,36.35,17.63
117,2.14988,1,14.64,10.75,11.27,14.89,7.68,17.08,6.23,11.5,18.17,37.67,17.05
118,2.14988,1,14.81,10.83,11.35,15.01,7.74,17.3,6.33,11.32,18.34,38.12,16.77
119,2.14988,1,14.81,10.79,11.4,15.01,7.71,17.22,6.33,11.19,18.25,37.22,16.7
120,2.14988,1,14.69,10.71,11.35,14.89,7.68,17.15,6.35,11.01,18.17,38.12,16.63
121,2.40975,1,14.81,10.75,11.44,15.01,7.71,17.3,6.28,11.28,18.43,37,16.77
122,2.40975,1,15.95,10.71,11.49,15.01,7.68,17.22,6.33,11.23,18.43,38.83,18.09
123,2.40975,1,15.69,10.75,11.49,15.01,7.74,17.3,6.33,11.28,18.34,39.06,16.7
124,2.40975,1,15.12,10.67,11.35,14.89,7.68,17.08,6.28,11.15,18.08,37,17.71
125,2.40975,1,14.87,10.62,11.31,14.82,7.62,16.93,6.33,11.19,17.91,35.72,16.7
126,2.40975,1,14.87,10.54,11.4,14.7,7.55,16.93,6.23,11.19,17.91,37,16.42
127,2.40975,1,14.81,10.62,11.31,14.82,7.65,16.93,6.3,11.1,17.91,36.78,17.79
128,2.40975,1,14.94,10.62,11.35,14.82,7.68,16.93,6.28,11.06,17.91,37.22,16.63
129,2.40975,1,14.64,10.58,11.35,14.89,7.68,16.93,6.25,11.28,17.91,36.35,16.49
130,2.40975,1,14.75,10.58,11.35,14.95,7.62,16.93,6.33,11.23,17.91,36.35,17.49
131,2.40975,1,14.69,10.58,11.4,14.82,7.62,16.93,6.3,11.28,17.91,35.93,17.63
132,2.40975,1,14.58,10.46,11.31,14.7,7.58,16.79,6.23,11.37,17.83,39.79,16.15
133,2.40975,1,14.58,10.46,11.35,14.7,7.55,16.86,6.25,11.37,17.91,36.14,16.56
134,2.40975,1,14.46,10.42,11.35,14.64,7.55,16.79,6.23,11.37,17.91,36.57,17.71
135,2.40975,1,14.64,10.46,11.44,14.76,7.62,16.93,6.28,11.28,18,37.22,16.15
136,2.40975,1,14.52,10.38,11.35,14.7,7.52,16.79,6.3,11.28,17.91,36.78,17.56
137,2.40975,1,14.52,10.38,11.4,14.7,7.58,16.79,6.25,11.28,17.91,35.31,17.27
138,2.40975,1,14.52,10.34,11.4,14.7,7.55,17.01,6.23,11.37,17.91,34.91,17.63
139,2.40975,1,14.52,10.34,11.4,14.7,7.58,18.6,6.38,11.28,17.83,35.93,16.42
140,2.40975,1,14.46,10.3,11.4,14.64,7.49,17.97,6.23,11.32,17.75,33.74,16.28
141,2.40975,1,14.58,10.3,11.53,14.7,7.52,19.01,6.3,11.46,18.08,34.31,16.77
142,2.40975,1,14.46,10.26,11.44,14.64,7.52,19.01,6.23,11.41,17.91,35.51,16.91
143,2.40975,1,14.46,10.22,11.44,14.64,7.49,18.93,6.2,11.46,17.83,35.11,16.63
144,2.40975,1,14.4,10.22,11.44,14.64,7.52,19.01,6.23,11.41,17.83,37.9,16.15
145,2.40975,1,14.4,10.22,11.49,14.7,7.49,18.76,6.23,11.41,17.83,36.14,16.84
146,2.40975,1,14.4,10.22,11.49,14.64,7.49,19.01,6.23,11.28,17.83,35.51,16.84
147,2.40975,1,14.52,10.18,11.53,14.7,7.52,19.01,6.33,11.55,18.08,38.12,16.7
148,2.40975,1,14.4,10.18,11.53,14.64,7.46,19.01,6.23,11.59,17.91,38.36,16.28
149,2.40975,1,14.4,10.18,11.53,14.64,7.52,19.01,6.25,11.55,17.91,34.51,16.56
150,2.40975,1,14.46,10.14,11.53,14.64,7.49,18.93,6.23,11.64,18,35.11,16.7
151,2.40975,1,14.4,10.1,11.53,14.64,7.49,19.01,6.23,11.59,17.83,37,16.7
152,2.40975,1,14.46,10.1,11.58,14.58,7.49,18.93,6.23,11.5,17.91,36.14,16.7
153,2.40975,1,14.4,10.34,11.58,14.64,7.26,19.01,6.23,11.55,17.83,36.35,16.56
154,2.40975,1,14.4,10.02,11.58,14.58,7.43,18.84,6.2,11.73,17.83,36.35,16.49
155,2.40975,1,14.46,10.1,11.63,14.64,7.86,19.09,6.28,11.73,17.91,36.57,17.49
156,2.40975,1,14.46,10.1,11.63,14.64,7.83,19.09,6.25,11.73,18,35.72,16.35
157,2.40975,1,14.4,10.06,11.63,14.64,7.86,19.18,6.23,11.64,17.91,36.78,16.28
158,2.40975,1,14.4,10.02,11.67,14.64,7.86,19.18,6.25,11.59,17.91,36.57,16.42
159,2.40975,1,14.4,10.06,11.67,14.58,7.83,19.09,6.23,11.55,17.91,34.12,16.49
160,2.40975,1,14.46,9.98,11.72,14.64,7.95,19.01,6.25,11.59,18,36.57,17.79
161,2.40975,1,14.46,9.98,11.72,14.64,7.8,19.09,6.23,11.37,18,36.78,16.56
162,2.40975,1,14.4,9.94,11.67,14.58,7.83,19.01,6.25,11.59,17.91,36.57,17.27
163,2.40975,1,14.4,9.9,11.72,14.58,7.83,19.01,6.23,11.59,17.91,37,16.28
164,2.40975,1,14.4,9.94,11.72,14.58,7.77,18.84,6.23,11.59,17.91,36.78,16.56
165,2.40975,1,14.4,9.9,11.72,14.58,7.83,18.93,6.23,12.06,17.91,34.91,16.28
166,2.40975,1,14.4,9.9,11.76,14.64,7.86,19.09,6.25,11.59,17.91,36.57,16.35
167,2.40975,1,14.52,9.86,11.76,14.58,7.86,19.01,6.23,11.69,17.91,36.57,16.7
168,2.40975,1,14.52,9.9,11.81,14.7,7.86,19.01,6.25,11.59,17.75,36.35,16.63
169,2.40975,1,14.4,9.79,11.76,14.46,7.83,18.93,6.2,11.69,17.83,36.57,16.28
170,2.40975,1,14.58,9.94,11.86,14.7,7.95,19.18,6.4,11.78,18,36.78,16.42
171,2.40975,1,14.58,9.9,11.86,14.7,7.92,19.18,6.3,11.64,18,36.78,16.63
172,2.40975,1,14.52,9.86,11.86,14.58,7.8,19.18,6.28,10.8,18,37.67,16.42
173,2.40975,1,14.46,9.82,11.86,14.64,7.83,19.18,6.25,10.26,18,35.11,16.77
174,2.40975,1,14.52,9.82,11.9,14.7,7.89,19.18,6.28,10.3,18.08,37,16.98
175,2.40975,1,14.52,9.79,11.9,14.64,7.86,19.18,6.25,10.18,18,37.44,16.28
176,2.40975,1,14.46,9.82,11.9,14.76,7.86,19.18,6.28,11.37,18,36.78,16.35
177,2.40975,1,14.46,9.75,11.95,14.64,7.83,19.09,6.28,10.14,18,37,17.71
178,2.40975,1,14.4,9.67,11.9,14.58,7.8,18.93,6.23,10.3,18.08,36.35,16.56
179,2.40975,1,14.4,9.63,11.9,14.58,7.77,18.93,6.2,10.26,17.91,34.91,16.49
180,2.40975,1,14.46,9.71,11.9,14.58,7.83,19.01,6.25,11.19,17.91,36.57,16.42
181,2.65592,1,14.52,9.71,12,14.64,7.83,19.09,6.25,10.26,18.08,37.67,17.49
182,2.65592,1,14.4,9.67,12,14.58,7.8,19.01,6.2,10.22,18,37.22,16.7
183,2.65592,1,14.23,9.56,11.9,14.52,7.71,18.84,6.15,10.14,17.91,36.78,17.05
184,2.65592,1,14.17,9.48,11.9,14.4,7.68,18.84,6.15,10.18,18.08,36.35,16.22
185,2.65592,1,14.28,9.48,11.95,14.46,7.68,18.84,6.11,10.03,17.91,40.04,16.42
186,2.65592,1,14.23,9.41,11.9,14.34,7.65,18.84,6.11,10.06,17.83,35.72,16.22
187,2.65592,1,14.23,9.41,11.95,14.34,7.65,18.76,6.13,10.06,17.83,35.93,16.35
188,2.65592,1,14.28,9.48,12,14.46,7.68,18.93,6.15,10.14,17.91,36.57,16.35
189,2.65592,1,14.28,9.48,12,14.46,7.71,18.93,6.15,10.14,17.91,36.14,16.56
190,2.65592,1,14.23,9.45,12,14.46,7.65,18.84,6.15,10.14,17.91,36.78,16.28
191,2.65592,1,14.28,9.45,12,14.46,7.68,18.93,6.15,9.95,17.91,36.78,16.56
192,2.65592,1,14.34,9.48,12.05,14.46,7.68,18.93,6.15,10.14,18,37.22,16.42
193,2.65592,1,14.28,9.37,12.05,14.4,7.65,18.84,6.13,10.06,17.83,36.78,16.22
194,2.65592,1,14.28,9.37,12.05,14.34,7.71,18.84,6.13,10.1,17.91,36.78,16.08
195,2.65592,1,14.28,9.37,12,14.4,7.62,18.84,6.13,9.99,17.91,37,16.22
196,2.65592,1,14.28,9.37,12,14.4,7.58,18.84,6.13,10.03,17.91,36.35,16.56
197,2.65592,1,14.28,9.34,12,14.4,7.58,18.84,6.15,10.03,17.91,37.67,16.02
198,2.65592,1,14.28,9.34,12.05,14.4,7.58,18.84,6.13,10.03,17.91,35.11,16.7
199,2.65592,1,14.23,9.34,12.05,14.4,7.62,18.76,6.25,10.26,17.91,36.14,16.56
200,2.65592,1,14.06,9.19,11.86,14.11,7.49,18.52,6.08,9.83,17.58,36.35,15.88
201,2.65592,1,14.28,9.26,12.09,14.4,7.55,18.76,6.11,9.99,18,35.11,16.28
202,2.65592,1,14.17,9.23,12,14.28,7.52,18.68,6.08,9.91,17.83,35.93,16.08
203,2.65592,1,14.23,9.23,12.05,14.4,7.52,18.76,6.11,9.91,18,36.14,16.56
204,2.65592,1,14.28,9.23,12.09,14.34,7.52,18.76,6.11,9.99,18,36.57,16.42
205,2.65592,1,14.17,9.16,12.05,14.28,7.43,18.68,6.08,9.91,18,37,16.28
206,2.65592,1,14.28,9.23,12.14,14.4,7.46,18.84,6.15,9.99,18,36.57,16.56
207,2.65592,1,14.34,9.3,12.19,14.4,7.49,18.84,6.18,9.99,18,36.57,17.56
208,2.65592,1,14.4,9.26,12.19,14.4,7.46,18.84,6.18,9.95,17.91,36.78,16.42
209,2.65592,1,14.34,9.19,12.14,14.4,7.41,18.84,6.13,9.87,17.83,36.78,16.42
210,2.65592,1,14.4,9.23,12.19,14.4,7.62,18.84,6.15,9.99,17.83,36.57,16.15
211,2.65592,1,14.34,9.19,12.19,14.4,7.55,18.84,6.15,9.99,17.83,36.57,16.28
212,2.65592,1,14.34,9.19,12.14,14.34,7.55,18.76,6.15,9.95,17.83,34.71,16.56
213,2.65592,1,14.4,9.19,12.24,14.4,7.52,18.93,6.13,9.99,18,37.67,16.35
214,2.65592,1,14.4,9.16,12.29,14.4,7.52,18.84,6.18,10.1,18.08,37,16.35
215,2.65592,1,14.4,9.16,12.24,14.34,7.52,18.84,6.15,9.79,18,36.57,17.41
216,2.65592,1,14.4,9.16,12.24,14.34,7.55,18.84,6.15,9.95,18,36.14,17.49
217,2.65592,1,14.4,9.16,12.29,14.34,7.55,18.84,6.15,9.99,17.75,36.14,16.42
218,2.65592,1,14.4,9.12,12.29,14.28,7.17,18.84,6.15,9.99,17.75,37.9,18.01
219,2.65592,1,14.4,9.09,12.29,14.22,7.29,18.84,6.13,10.03,18,36.57,16.49
220,2.65592,1,14.46,9.12,12.29,14.28,7.26,18.84,6.18,9.95,17.83,36.35,16.42
221,2.65592,1,14.4,9.09,12.48,14.28,7.26,18.84,6.15,9.99,17.83,37.44,16.35
222,2.65592,1,14.46,9.16,12.38,14.34,7.26,18.93,6.2,10.1,17.91,37.44,17.71
223,2.65592,1,14.34,9.09,12.33,14.28,7.26,18.84,6.15,10.14,17.91,35.93,16.49
224,2.65592,1,14.34,9.05,12.33,14.28,7.23,18.76,6.15,9.79,17.91,36.57,16.42
225,2.65592,1,14.34,9.05,12.33,14.22,7.23,18.76,6.15,9.91,17.91,37,17.94
226,2.65592,1,14.34,9.01,12.33,14.22,7.23,18.76,6.18,9.91,17.91,36.35,18.01
227,2.65592,1,14.34,9.01,12.33,14.22,7.2,18.76,6.15,9.91,18,36.78,18.25
228,2.65592,1,14.46,9.01,12.38,14.28,7.26,18.76,6.13,9.87,17.91,37,17.86
229,2.65592,1,14.4,8.98,12.38,14.22,7.23,18.76,6.15,9.91,17.83,34.71,16.28
230,2.65592,1,14.34,8.94,12.38,14.22,7.17,18.76,6.13,9.91,17.83,36.78,16.35
231,2.65592,1,14.34,8.94,12.38,14.22,7.17,18.76,6.13,9.99,17.83,36.78,16.63
232,2.65592,1,14.4,8.94,12.43,14.22,7.11,18.76,6.15,9.99,17.91,36.78,16.35
233,2.65592,1,14.4,8.91,12.43,14.22,7.17,18.76,6.13,9.75,17.91,37,16.49
234,2.65592,1,14.64,8.91,12.43,14.22,7.2,18.76,6.15,9.91,17.91,38.36,17.41
235,2.65592,1,14.75,8.91,12.43,14.22,7.17,18.68,6.13,9.91,17.91,36.78,17.56
236,2.65592,1,14.75,8.87,12.43,14.22,7.17,18.68,6.13,9.91,17.67,37,16.42
237,2.65592,1,14.75,8.87,12.43,14.16,7.2,18.68,6.15,9.95,17.75,36.78,16.77
238,2.65592,1,14.75,8.84,12.48,14.16,7.14,18.68,6.13,9.91,17.83,38.12,16.28
239,2.65592,1,14.75,8.84,12.48,14.16,7.09,18.68,6.13,9.75,17.75,36.78,17.19
240,2.65592,1,14.75,8.84,12.48,14.16,7.06,18.68,6.15,9.91,17.75,37.9,16.28
241,2.88881,1,14.69,8.8,12.48,14.16,7.03,18.6,6.13,9.91,17.75,36.57,16.15
242,2.88881,1,14.75,8.8,12.53,14.16,7.03,18.68,6.13,9.87,17.83,36.78,16.08
243,2.88881,1,14.69,8.87,12.53,14.16,7.06,18.68,6.15,9.95,17.75,37,16.7
244,2.88881,1,14.69,8.77,12.53,14.11,7.06,18.6,6.13,9.95,17.83,36.35,16.49
245,2.88881,1,14.69,8.77,12.53,14.05,7.09,18.52,6.11,9.91,17.83,36.78,17.63
246,2.88881,1,14.69,8.74,12.53,14.11,7.14,18.52,6.11,9.99,17.75,38.12,17.19
247,2.88881,1,14.69,8.74,12.53,14.11,7.14,18.6,6.13,9.91,17.83,37,16.15
248,2.88881,1,14.69,8.74,12.53,14.05,7.09,18.52,6.11,10.03,17.83,39.79,16.35
249,2.88881,1,14.64,8.67,12.53,14.05,7.03,18.52,6.08,9.91,17.83,37,17.49
250,2.88881,1,14.69,8.7,12.58,14.11,7.09,18.52,6.11,9.91,17.83,36.78,18.17
251,2.88881,1,14.69,8.7,12.73,14.05,7.09,18.52,6.11,9.95,17.83,37,16.08
252,2.88881,1,14.69,8.67,12.63,14.05,7.11,18.52,6.11,9.87,17.83,38.83,17.79
253,2.88881,1,14.69,8.7,12.58,14.11,7.14,18.52,6.13,10.76,17.83,36.57,17.63
254,2.88881,1,14.69,8.7,12.58,14.05,7.09,18.52,6.15,10.3,17.83,36.57,17.49
255,2.88881,1,14.69,8.67,12.58,14.05,7.17,18.44,6.15,10.14,17.83,35.72,17.71
256,2.88881,1,14.46,8.43,12.48,13.82,6.94,18.2,5.98,9.83,17.67,36.14,17.56
257,2.88881,1,14.46,8.4,12.48,13.76,6.92,18.13,5.96,9.83,17.58,36.14,17.12
258,2.88881,1,14.46,8.37,12.43,13.76,6.89,18.13,5.96,10.03,17.58,40.8,17.27
259,2.88881,1,14.4,8.33,12.48,13.71,6.94,18.13,5.98,10.06,17.58,36.35,16.98
260,2.88881,1,14.4,8.33,12.48,13.71,6.83,18.05,5.94,10.14,17.58,36.14,17.19
261,2.88881,1,14.34,8.33,12.43,13.71,6.86,18.05,5.94,10.18,17.5,38.12,16.91
262,2.88881,1,14.4,8.3,12.48,13.65,6.83,18.05,5.94,10.18,17.58,36.57,17.05
263,2.88881,1,14.34,8.27,12.48,13.65,6.81,17.97,5.91,9.91,17.58,35.51,17.12
264,2.88881,1,14.34,8.27,12.53,13.71,6.83,18.05,5.94,9.91,17.58,36.35,15.75
265,2.88881,1,14.34,8.23,12.53,13.65,6.81,17.97,5.89,9.95,17.58,36.14,15.69
266,2.88881,1,14.34,8.23,12.53,13.6,6.78,17.97,5.91,9.91,17.58,37,15.88
267,2.88881,1,14.34,8.2,12.53,13.6,6.78,17.97,5.91,9.91,17.58,34.91,15.82
268,2.88881,1,14.28,8.2,12.53,13.6,6.81,17.97,5.91,9.91,17.5,35.93,15.95
269,2.88881,1,14.28,8.17,12.53,13.6,6.75,17.97,5.91,9.95,17.5,36.14,16.15
270,2.88881,1,14.34,8.17,12.53,13.6,6.72,17.89,5.89,9.91,17.58,35.93,15.88
271,2.88881,1,14.34,8.14,12.53,13.54,6.72,17.97,5.89,9.91,17.58,37,16.56
272,2.88881,1,14.28,8.11,12.63,13.6,6.72,17.89,5.89,9.91,17.5,35.72,16.98
273,2.88881,1,14.28,8.11,12.48,13.49,6.72,17.89,5.89,9.91,17.5,36.14,15.95
274,2.88881,1,14.34,8.11,12.58,13.49,6.75,17.89,5.91,9.95,17.5,35.51,16.7
275,2.88881,1,14.28,8.07,12.53,13.49,6.72,17.89,5.89,9.95,17.5,35.93,16.15
276,2.88881,1,14.28,8.07,12.58,13.49,6.72,17.89,5.89,9.95,17.58,35.72,16.35
277,2.88881,1,14.34,8.07,12.63,13.49,6.72,17.89,5.91,10.03,17.58,36.35,16.02
278,2.88881,1,14.34,8.07,12.58,13.49,6.72,17.89,5.89,10.03,17.5,36.57,16.28
279,2.88881,1,14.34,8.07,12.63,13.49,6.75,17.89,5.91,10.3,17.58,36.78,16.02
280,2.88881,1,14.34,8.07,12.63,13.49,6.75,17.89,5.91,10.06,17.58,33.93,16.15
281,2.88881,1,14.28,8.04,12.63,13.49,6.72,17.89,5.94,10.03,17.5,36.57,16.02
282,2.88881,1,14.28,8.01,12.63,13.43,6.67,17.82,5.89,9.91,17.5,36.14,15.88
283,2.88881,1,14.28,8.01,12.68,13.38,6.7,17.89,5.89,9.99,17.58,36.14,16.22
284,2.88881,1,14.28,8.01,12.68,13.43,6.78,17.89,5.87,10.03,17.58,36.78,16.08
285,2.88881,1,14.28,7.98,12.73,13.43,6.64,17.89,5.89,9.95,17.58,35.93,15.88
286,2.88881,1,14.28,7.98,12.68,13.38,6.61,17.89,5.89,10.1,17.58,36.35,15.88
287,2.88881,1,14.28,7.98,12.73,13.38,6.7,17.89,5.89,10.1,17.58,36.78,17.41
288,2.88881,1,14.28,7.98,12.73,13.38,6.48,17.89,5.89,9.99,17.58,36.14,16.15
289,2.88881,1,14.28,7.92,12.73,13.32,6.48,17.82,5.87,9.99,17.5,37.44,16.15
290,2.88881,1,14.28,7.92,12.73,13.32,6.45,16.38,5.87,9.99,17.58,35.93,16.35
291,2.88881,1,14.23,7.92,12.73,13.32,6.78,17.82,5.91,10.76,17.5,34.51,16.56
292,2.88881,1,14.23,7.88,12.73,13.32,6.75,17.82,5.96,11.32,17.5,36.35,16.35
293,2.88881,1,14.28,7.85,12.73,13.32,6.81,17.74,5.89,11.15,17.58,34.91,16.22
294,2.88881,1,14.34,7.88,12.83,13.38,6.75,17.67,5.94,11.06,17.58,36.78,16.22
295,2.88881,1,14.34,7.88,12.83,13.38,6.72,17.67,5.94,11.06,17.58,36.57,16.91
296,2.88881,1,14.34,7.82,12.83,13.32,6.7,17.74,5.89,10.06,17.67,37,16.22
297,2.88881,1,14.28,7.79,12.83,13.32,6.61,17.67,5.89,10.26,17.58,36.57,16.49
298,2.88881,1,14.28,7.76,12.83,13.27,6.61,17.67,5.89,10.03,17.58,37.67,16.22
299,2.88881,1,14.28,7.76,12.83,13.27,6.67,17.67,5.89,10.3,17.58,36.57,16.28
300,2.88881,1,14.28,7.73,12.83,13.27,6.67,17.59,5.89,10.22,17.58,37.67,17.27
301,3.10884,2,14.23,7.73,12.83,13.21,6.64,17.59,6.03,10.14,17.58,37,17.71
302,3.10884,2,14.28,7.76,12.83,13.27,6.7,17.59,5.91,10.1,17.42,36.35,12.03
303,3.10884,2,14.17,7.73,12.83,13.21,6.67,17.52,5.91,10.1,17.34,36.35,11.39
304,3.10884,2,14.23,7.73,12.88,13.21,6.7,17.52,5.91,9.99,17.18,35.72,11.12
305,3.10884,2,14.23,7.76,12.88,13.21,6.72,17.59,5.98,10.1,17.1,37.22,11.85
306,3.10884,2,14.23,7.73,12.88,13.21,6.67,17.52,5.94,10.14,17.18,35.93,11.34
307,3.10884,2,14.23,7.7,12.83,13.21,6.67,17.59,5.94,10.06,16.34,36.14,11.62
308,3.10884,2,14.23,7.7,12.88,13.16,6.64,17.52,5.94,10.14,16.34,35.51,11.21
309,3.10884,2,14.23,7.7,12.94,13.16,6.67,17.52,5.94,10.14,16.79,35.72,11.08
310,3.10884,2,14.23,7.64,12.88,13.11,6.61,17.52,5.91,10.1,16.72,36.14,11.26
311,3.10884,2,14.17,7.61,12.88,13.06,6.56,17.44,5.87,10.03,16.64,35.72,11.57
312,3.10884,2,14.17,7.61,12.88,13.06,6.59,17.44,5.89,10.06,16.2,37.22,11.43
313,3.10884,2,14.23,7.58,12.99,13.06,6.61,17.44,5.89,10.06,15.77,36.14,11.85
314,3.10884,2,14.23,7.61,12.94,13.06,6.59,17.52,5.91,10.26,15.7,35.93,11.89
315,3.10884,2,14.17,7.55,12.94,13.06,6.59,17.44,5.89,9.99,15.63,40.8,11.8
316,3.10884,2,14.17,7.52,12.94,13.11,6.56,17.44,5.89,10.03,15.77,38.83,11.57
317,3.10884,2,14.17,7.52,12.99,13.06,6.56,17.44,5.89,10.1,17.18,37,11.43
318,3.10884,2,14.06,7.55,12.99,13.06,6.61,17.44,5.91,10.14,18.6,35.93,11.17
319,3.10884,2,14.23,7.52,12.99,13.06,6.59,17.44,5.91,10.06,18.08,36.14,11.66
320,3.10884,2,14.17,7.52,13.04,13.11,6.59,17.44,5.94,10.22,18.34,36.14,11.48
321,3.10884,2,14.17,7.49,12.99,13,6.56,17.37,5.91,10.18,18.25,36.35,11.62
322,3.10884,2,14.17,7.46,13.04,12.95,6.53,17.37,5.89,10.1,18.08,36.57,11.89
323,3.10884,2,14.11,7.46,13.04,12.9,6.53,17.37,5.89,10.06,17.91,36.14,11.17
324,3.10884,2,14.11,7.43,13.04,12.95,6.48,17.37,5.84,9.99,18,36.57,11.34
325,3.10884,2,14.28,7.46,13.25,13.06,6.51,17.59,5.94,10.1,18.34,36.57,12.23
326,3.10884,2,14.11,7.4,13.09,12.9,6.45,17.37,5.87,9.91,17.83,38.59,12.03
327,3.10884,2,14.11,7.4,13.09,12.9,6.48,17.37,5.89,10.03,17.83,37.22,11.48
328,3.10884,2,13.94,7.4,13.09,12.9,6.45,17.3,5.87,10.14,17.83,36.14,11.04
329,3.10884,2,13.94,7.4,13.09,12.9,6.4,17.37,5.87,10.14,17.83,35.31,11.08
330,3.10884,2,13.94,7.37,13.09,12.9,6.4,17.3,5.87,10.3,17.83,34.91,12.27
331,3.10884,2,13.94,7.34,13.09,12.85,6.4,17.3,5.87,10.06,17.83,36.57,11.34
332,3.10884,2,13.94,7.34,13.14,12.85,6.45,17.3,5.91,9.99,17.83,36.35,11.12
333,3.10884,2,13.94,7.34,13.14,12.79,6.38,17.3,5.87,10.03,17.91,36.57,12.08
334,3.10884,2,13.94,7.43,13.14,12.79,6.38,17.3,5.87,9.99,17.91,36.35,11.39
335,3.10884,2,14.06,7.43,13.14,12.74,6.38,17.22,5.82,9.99,17.83,36.14,12.08
336,3.10884,2,14.06,7.25,13.14,12.69,6.35,17.22,5.84,10.14,17.83,35.72,11.12
337,3.10884,2,14.06,7.22,13.14,12.74,6.38,17.22,5.84,9.99,17.83,36.14,11.52
338,3.10884,2,14.06,7.19,13.14,12.69,6.38,17.22,5.84,9.87,17.83,35.31,11.34
339,3.10884,2,14,7.19,13.14,12.69,6.35,17.15,5.84,10.1,17.83,36.57,11.48
340,3.10884,2,14,7.16,13.14,12.69,6.35,17.15,5.84,9.95,17.83,35.93,11.66
341,3.10884,2,14,7.16,13.14,12.64,6.35,17.15,5.87,10.03,18.96,35.72,12.27
342,3.10884,2,14,7.14,13.2,12.64,6.22,17.15,5.84,10.03,18.78,35.72,11.43
343,3.10884,2,14,7.14,13.2,12.64,6.25,17.15,5.87,10.03,18.51,35.72,11.3
344,3.10884,2,14,7.14,13.2,12.69,6.3,17.15,5.87,10.06,18.78,35.93,11.43
345,3.10884,2,14,7.11,13.25,12.64,6.3,17.15,5.87,10.06,18.78,34.31,11.39
346,3.10884,2,14,7.11,13.25,12.59,6.3,17.15,5.89,10.03,18.87,35.72,11.62
347,3.10884,2,14.06,7.11,13.25,12.64,6.3,17.15,5.87,10.06,18.78,35.72,11.34
348,3.10884,2,14,7.11,13.25,12.64,6.32,17.15,5.87,10.06,18.6,34.12,12.27
349,3.10884,2,14.11,7.14,13.41,12.74,6.35,17.3,5.91,10.22,18.78,36.78,12.13
350,3.10884,2,14,7.05,13.3,12.54,6.32,17.08,5.84,10.03,18.43,35.72,11.99
351,3.10884,2,14,7.05,13.3,12.59,6.35,17.08,5.87,10.06,18.6,37.9,11.3
352,3.10884,2,14.06,7.05,13.3,12.54,6.32,17.08,5.87,10.18,18.6,36.35,11.21
353,3.10884,2,14.17,7.08,13.46,12.64,6.32,17.22,5.89,10.22,18.78,35.93,11.57
354,3.10884,2,14,7.02,13.36,12.54,6.35,17.08,5.87,10.06,18.51,40.04,11.57
355,3.10884,2,14,7.02,13.36,12.54,6.25,17.08,5.82,9.99,18.51,36.57,12.03
356,3.10884,2,14.06,7.05,13.41,12.59,6.27,17.08,5.89,10.1,18.69,35.93,11.62
357,3.10884,2,14.11,7.08,13.46,12.59,6.3,17.15,5.94,10.22,18.6,36.35,11.39
358,3.10884,2,14.11,7.05,13.46,12.54,6.32,17.08,5.89,10.22,18.43,36.14,11.34
359,3.10884,2,13.94,7.02,13.52,12.59,6.27,17.15,5.91,10.3,18.34,36.78,11.3
360,3.10884,2,14.17,7.02,13.52,12.59,6.32,17.15,5.94,10.22,18.34,36.35,11.48
361,3.31643,2,14.17,7.05,13.52,12.54,6.32,17.15,5.94,10.14,18.43,36.57,11.3
362,3.31643,2,14.11,7.02,13.52,12.54,6.35,17.08,5.94,10.22,18.43,37.44,11.34
363,3.31643,2,14.11,7.02,13.57,12.54,6.27,17.08,5.94,10.22,18.43,35.51,11.52
364,3.31643,2,14.11,6.99,13.52,12.54,6.3,17.08,5.94,10.34,18.34,34.31,11.3
365,3.31643,2,14.11,6.99,13.52,12.54,6.32,17.08,5.91,10.1,18.43,36.78,11.21
366,3.31643,2,14.11,6.97,13.52,12.49,6.32,17.08,5.91,10.03,18.43,35.72,11.43
367,3.31643,2,14.06,6.94,13.52,12.44,6.3,17.01,5.91,10.14,18.43,36.35,11.3
368,3.31643,2,14.06,6.94,13.52,12.44,6.32,17.01,5.91,10.55,18.43,36.78,11.26
369,3.31643,2,14.06,6.91,13.52,12.39,6.3,17.01,5.89,10.14,18.96,34.71,11.08
370,3.31643,2,14.11,6.91,13.63,12.39,6.27,17.01,5.91,10.14,19.05,36.35,11.21
371,3.31643,2,14.06,6.88,13.57,12.34,6.25,16.93,5.89,10.18,20.49,36.35,11.04
372,3.31643,2,13.94,6.85,13.57,12.34,6.25,16.93,5.87,10.18,19.05,35.72,11.21
373,3.31643,2,13.94,6.85,13.57,12.29,6.25,16.93,5.89,10.18,19.05,36.14,11.75
374,3.31643,2,13.94,6.85,13.57,12.29,6.14,16.86,5.89,10.22,19.14,35.93,11.17
375,3.31643,2,13.94,6.83,13.57,12.24,6.14,16.86,5.87,10.06,19.23,35.72,11.17
376,3.31643,2,13.89,6.83,13.52,12.24,6.14,16.86,5.87,10.3,19.05,35.11,11.66
377,3.31643,2,14,6.83,13.74,12.29,6.17,16.93,5.89,10.34,19.23,35.11,11.52
378,3.31643,2,14.11,6.83,13.9,12.39,6.22,17.08,5.91,10.39,19.71,37.44,11.43
379,3.31643,2,14.11,6.8,13.9,12.29,6.17,17.08,5.91,10.39,19.33,37.22,11.43
380,3.31643,2,14.11,6.8,13.96,12.34,6.22,17.15,5.89,10.47,19.52,37.22,11.34
381,3.31643,2,14.11,6.8,13.96,12.34,6.19,17.15,5.91,10.72,19.33,37.22,11.57
382,3.31643,2,14.17,6.83,14.01,12.34,6.19,17.15,5.91,10.55,19.52,37.22,11.43
383,3.31643,2,14.17,6.8,14.07,12.34,6.19,17.15,5.94,10.51,19.71,38.12,11.39
384,3.31643,2,14.28,6.77,14.13,12.29,6.17,17.15,5.89,10.39,19.8,37.44,15.69
385,3.31643,2,14.34,6.8,14.13,12.29,6.22,17.15,5.91,10.47,22.45,35.51,11.62
386,3.31643,2,14.23,6.77,14.18,12.29,6.19,17.08,5.87,10.43,20.6,37.44,11.3
387,3.31643,2,14.11,6.77,14.18,12.29,6.19,17.08,5.91,10.63,21.22,37.44,11.04
388,3.31643,2,14.17,6.74,14.18,12.24,6.17,17.08,5.91,10.63,21.55,37,11.08
389,3.31643,2,14.34,6.74,13.9,12.24,6.19,17.08,5.91,10.63,21.55,37.67,11.26
390,3.31643,2,14.17,6.77,13.9,12.19,6.14,17.01,5.89,10.34,21.55,37.22,11.21
391,3.31643,2,14.23,6.72,13.96,12.19,6.17,17.08,5.87,10.63,21.99,37.67,11.08
392,3.31643,2,14.17,6.69,13.9,12.19,6.17,17.01,5.89,10.59,20.09,35.31,11.17
393,3.31643,2,14.23,6.69,13.96,12.14,6.27,17.01,5.91,10.67,20,38.83,11.26
394,3.31643,2,14.23,6.69,14.01,12.14,6.17,17.01,5.89,10.63,19.9,37.44,11.04
395,3.31643,2,14.28,6.69,14.01,12.14,6.17,17.01,5.91,10.51,19.9,36.14,11.12
396,3.31643,2,14.23,6.66,14.01,12.14,6.17,17.01,5.91,10.72,19.8,38.83,11.26
397,3.31643,2,14.17,6.66,14.07,12.1,6.17,17.01,5.94,10.63,19.71,37.44,11.04
398,3.31643,2,14.11,6.66,14.07,12.1,6.17,17.08,5.89,10.67,19.14,38.12,11.21
399,3.31643,2,14.11,6.63,14.07,12.1,6.19,17.01,5.91,10.89,18.78,37.9,11.12
400,3.31643,2,14.17,6.63,14.13,12.05,6.19,17.01,5.91,10.67,18.69,37.9,11.21
401,3.31643,2,14.17,6.61,14.07,12.05,6.17,16.93,5.89,10.59,18.51,42.11,11.04
402,3.31643,2,14.17,6.61,14.07,12.05,6.17,17.01,5.89,10.63,18.51,38.12,11.21
403,3.31643,2,14.17,6.63,14.13,12,6.17,17.01,5.91,10.72,18.87,37.22,11.21
404,3.31643,2,14.17,6.61,14.13,12.05,6.17,16.93,5.91,10.67,18.87,37.67,11.12
405,3.31643,2,14.17,6.61,14.13,12,6.17,16.93,5.87,11.15,18.87,37.67,11.39
406,3.31643,2,14.23,6.58,14.13,12,6.17,16.93,5.91,10.84,18.69,38.36,11.39
407,3.31643,2,14.17,6.58,14.13,11.95,6.14,16.93,5.87,10.67,18.69,39.06,11.21
408,3.31643,2,14.23,6.58,14.18,11.95,6.14,16.93,5.91,10.76,18.51,37.9,11.39
409,3.31643,2,14.28,6.55,14.18,11.95,6.17,16.93,5.91,11.19,17.34,36.78,11.8
410,3.31643,2,14.23,6.55,14.18,11.95,6.14,16.93,5.91,11.06,16.79,38.83,11.21
411,3.31643,2,14.23,6.53,14.24,11.9,6.17,16.93,5.89,10.76,16.95,37.22,11.34
412,3.31643,2,14.23,6.53,14.24,11.95,6.14,16.86,5.89,10.89,16.42,37.67,11.08
413,3.31643,2,14.23,6.53,14.24,11.86,6.12,16.86,5.89,10.76,16.27,37.67,11.12
414,3.31643,2,14.23,6.47,14.24,11.86,6.12,16.86,5.89,10.63,16.12,37.9,11.21
415,3.31643,2,14.23,6.5,14.24,11.86,6.14,16.86,5.91,10.8,18.08,37.67,11.8
416,3.31643,2,14.23,6.5,14.3,11.86,6.12,16.79,5.89,10.84,18.08,37.67,11.04
417,3.31643,2,14.17,6.45,14.24,11.76,6.14,16.79,5.89,10.8,18.43,37.67,11.12
418,3.31643,2,14.11,6.42,14.3,11.76,6.07,16.72,5.82,10.59,18.34,37.9,11.08
419,3.31643,2,14.11,6.45,14.24,11.72,6.07,16.72,5.87,10.76,18.43,35.31,10.91
420,3.31643,2,14.06,6.42,14.3,11.72,6.09,16.72,5.87,10.8,18.43,37.67,11.34
421,3.943121396628808,2,14.06,6.39,14.24,11.67,6.09,16.72,5.87,10.84,18.43,37.67,10.87
422,3.943121396628808,2,14.06,6.39,14.36,11.72,6.07,16.65,5.87,10.8,18.43,41.84,11.04
423,3.943121396628808,2,14.06,6.39,14.3,11.67,6.07,16.65,5.84,10.72,18.43,37.22,11.17
424,3.943121396628808,2,14.06,6.37,14.3,11.67,6.07,16.65,5.84,10.84,18.34,42.11,11.12
425,3.943121396628808,2,14.06,6.37,14.3,11.62,6.07,16.65,5.89,11.19,18.43,37.67,11.08
426,3.943121396628808,2,14.06,6.37,14.3,11.62,6.07,16.65,5.87,10.84,18.51,37.67,10.95
427,3.943121396628808,2,14.06,6.37,14.36,11.58,6.07,16.58,5.82,10.76,18.6,37.67,10.95
428,3.943121396628808,2,14.06,6.34,14.36,11.58,6.07,16.58,5.84,10.89,18.51,37.44,11.3
429,3.943121396628808,2,14.06,6.34,14.36,11.58,6.09,16.58,5.84,10.84,18.69,37.67,11.08
430,3.943121396628808,2,14.06,6.34,14.36,11.58,6.07,16.58,5.84,10.93,18.6,37.67,11.3
431,3.943121396628808,2,14.06,6.34,14.42,11.58,6.09,16.58,5.84,10.97,18.6,37.9,11.3
432,3.943121396628808,2,14,6.32,14.42,11.53,6.12,16.58,5.84,10.97,18.6,38.12,11.17
433,3.943121396628808,2,14,6.29,14.36,11.49,6.07,16.51,5.84,10.89,18.69,37.67,10.95
434,3.943121396628808,2,13.94,6.29,14.42,11.44,6.09,16.51,5.84,10.93,18.6,37.9,11.43
435,3.943121396628808,2,13.94,6.34,14.36,11.49,6.07,16.51,5.84,10.93,18.69,37.9,11.26
436,3.943121396628808,2,13.94,6.29,14.36,11.44,6.07,16.51,5.84,10.97,18.78,37.9,10.95
437,3.943121396628808,2,13.89,6.29,14.36,11.44,6.07,16.51,5.84,10.93,18.69,40.04,10.99
438,3.943121396628808,2,13.83,6.29,14.36,11.44,6.07,16.44,5.84,11.1,18.78,38.36,10.65
439,3.943121396628808,2,13.94,6.29,14.42,11.39,6.07,16.44,5.84,11.06,18.78,38.12,10.99
440,3.943121396628808,2,13.94,6.29,14.53,11.39,6.07,16.44,5.84,10.89,18.78,37.9,11.12
441,3.943121396628808,2,13.94,6.26,14.42,11.39,6.07,16.44,5.84,11.1,18.69,37.67,11.75
442,3.943121396628808,2,13.94,6.26,14.42,11.35,6.07,16.44,5.84,11.06,18.78,37.67,11.43
443,3.943121396628808,2,13.89,6.24,14.47,11.35,6.04,16.38,5.82,11.01,18.69,40.29,11.12
444,3.943121396628808,2,13.83,6.24,14.42,11.3,6.07,16.38,5.82,10.93,18.69,37.44,11.17
445,3.943121396628808,2,13.89,6.26,14.47,11.3,6.07,16.38,5.84,11.28,18.69,37.22,11.08
446,3.943121396628808,2,13.83,6.24,14.42,11.3,6.09,16.44,5.84,11.23,18.69,38.36,10.95
447,3.943121396628808,2,14.06,6.26,14.47,11.3,6.09,16.44,5.87,11.15,18.78,37.9,11.34
448,3.943121396628808,2,14.06,6.24,14.47,11.26,6.09,16.38,5.84,11.23,18.69,37.9,11.04
449,3.943121396628808,2,14.11,6.26,14.65,11.39,6.14,16.44,5.87,11.37,18.78,37.9,11.62
450,3.943121396628808,2,14.11,6.24,14.53,11.3,6.12,16.38,5.87,11.28,18.78,38.12,11.04
451,3.943121396628808,2,14.11,6.24,14.59,11.3,6.09,16.44,5.82,11.37,18.78,38.12,11.08
452,3.943121396628808,2,14.11,6.24,14.59,11.3,6.12,16.44,5.84,11.37,18.78,37.67,11.43
453,3.943121396628808,2,14.17,6.26,14.59,11.3,6.19,16.44,5.89,11.41,18.78,37.67,10.99
454,3.943121396628808,2,14.06,6.16,14.53,11.17,5.97,16.31,5.82,11.37,18.69,37.67,10.95
455,3.943121396628808,2,14.06,6.14,14.53,11.13,6.09,16.24,5.8,11.06,18.69,37.67,11.04
456,3.943121396628808,2,14,6.14,14.59,11.13,6.09,16.24,5.8,11.1,18.69,36.57,10.99
457,3.943121396628808,2,14,6.16,14.59,11.17,6.12,16.31,5.87,11.15,18.78,37.9,10.99
458,3.943121396628808,2,14,6.16,14.65,11.17,6.14,16.31,5.84,11.23,18.78,37.67,11.3
459,3.943121396628808,2,14.06,6.14,14.65,11.13,6.12,16.24,5.82,11.19,18.87,37,10.99
460,3.943121396628808,2,14.06,6.14,14.65,11.08,6.04,16.24,5.82,11.1,18.78,37.44,11.34
461,3.943121396628808,2,14,6.14,14.65,11.08,6.04,16.24,5.82,11.28,18.78,37.67,10.95
462,3.943121396628808,2,14,6.11,14.65,11.04,6.04,16.24,5.82,11.28,18.78,38.12,11.21
463,3.943121396628808,2,14.06,6.14,14.71,11.08,6.02,16.24,5.84,11.37,18.78,37.44,11.04
464,3.943121396628808,2,14.06,6.11,14.71,11.08,6.02,16.24,5.82,11.28,18.78,42.38,10.82
465,3.943121396628808,2,14,6.09,14.65,11,6.07,16.31,5.8,11.19,18.69,37.67,10.87
466,3.943121396628808,2,14,6.06,14.71,10.95,6.09,16.24,5.8,11.32,18.69,37.67,10.78
467,3.943121396628808,2,13.89,6.06,14.71,10.95,6.07,16.24,5.8,11.23,18.69,37.9,10.82
468,3.943121396628808,2,13.94,6.06,14.77,10.95,6.07,16.24,5.82,11.82,18.78,37.67,11.3
469,3.943121396628808,2,13.94,6.06,14.77,10.95,6.04,16.04,5.8,11.32,18.69,37.9,11.52
470,3.943121396628808,2,13.94,6.04,14.77,10.91,6.04,16.11,5.8,11.69,18.78,36.78,11.21
471,3.943121396628808,2,13.94,6.01,14.71,10.87,6.02,16.11,5.77,11.32,18.69,37,10.82
472,3.943121396628808,2,14,6.04,14.77,10.82,6.04,16.11,5.75,11.41,18.69,38.12,11.26
473,3.943121396628808,2,14,6.01,14.83,10.87,6.02,16.11,5.77,11.32,18.69,37.22,10.91
474,3.943121396628808,2,14,6.01,14.83,10.87,6.02,16.11,5.77,11.37,18.78,37.22,10.87
475,3.943121396628808,2,14,6.01,14.83,10.82,6.02,16.11,5.75,11.41,18.78,37.9,10.82
476,3.943121396628808,2,14,5.99,14.83,10.82,6.04,16.11,5.8,11.32,18.69,38.59,10.91
477,3.943121396628808,2,13.89,5.94,14.77,10.7,5.94,16.04,5.73,11.37,18.69,38.36,11.08
478,3.943121396628808,2,13.89,5.91,14.83,10.74,5.89,16.04,5.73,11.5,18.69,37.9,11.04
479,3.943121396628808,2,13.89,5.89,14.83,10.65,5.89,16.04,5.7,11.41,18.6,37.9,10.74
480,3.943121396628808,2,13.83,5.89,14.83,10.65,5.87,15.97,5.7,11.37,18.6,40.8,10.65
481,3.9544586377939432,2,13.78,5.89,14.95,10.65,5.87,15.97,5.7,11.5,18.6,37.67,10.87
482,3.9544586377939432,2,13.78,5.86,14.83,10.65,5.87,16.31,5.7,11.37,18.6,38.83,10.74
483,3.9544586377939432,2,13.72,5.86,14.83,10.61,5.87,15.97,5.7,11.37,18.6,38.12,10.78
484,3.9544586377939432,2,13.72,5.86,14.83,10.61,5.87,15.97,5.7,11.41,18.6,37.44,10.78
485,3.9544586377939432,2,13.72,5.84,14.89,10.57,5.89,15.91,5.7,11.82,18.51,37.67,11.12
486,3.9544586377939432,2,13.56,5.81,14.89,10.53,5.84,15.91,5.68,11.55,18.51,37.44,10.78
487,3.9544586377939432,2,13.61,5.81,14.89,10.53,5.82,15.84,5.63,11.41,18.51,37.44,10.7
488,3.9544586377939432,2,13.61,5.81,14.89,10.49,5.79,15.84,5.68,12.3,18.51,37.67,10.57
489,3.9544586377939432,2,13.56,5.79,14.89,10.49,5.84,15.84,5.66,11.46,18.51,38.83,10.74
490,3.9544586377939432,2,13.5,5.76,14.89,10.45,5.82,15.78,5.77,11.41,18.51,37.67,10.91
491,3.9544586377939432,2,13.56,5.76,14.95,10.45,5.82,15.78,5.66,11.5,18.43,39.06,10.74
492,3.9544586377939432,2,13.5,5.74,14.95,10.41,5.89,15.78,5.66,11.5,18.43,38.36,10.78
493,3.9544586377939432,2,13.5,5.74,14.95,10.41,5.82,15.78,5.66,11.64,18.51,37.67,10.65
494,3.9544586377939432,2,13.5,5.74,14.95,10.41,5.79,15.78,5.68,11.55,18.43,36.57,11.39
495,3.9544586377939432,2,13.72,5.74,15.01,10.41,5.84,15.71,5.68,11.55,18.43,38.12,11.04
496,3.9544586377939432,2,13.72,5.74,15.01,10.37,5.87,15.71,5.66,11.59,18.6,37.67,11.34
497,3.9544586377939432,2,13.72,5.74,15.01,10.41,5.84,15.71,5.66,11.55,18.51,35.72,10.91
498,3.9544586377939432,2,13.67,5.72,15.01,10.32,5.84,15.71,5.63,11.59,18.43,39.3,10.61
499,3.9544586377939432,2,13.61,5.69,15.01,10.28,5.82,15.65,5.63,11.59,18.43,35.72,10.65
500,3.9544586377939432,2,13.61,5.69,15.01,10.28,5.79,15.65,5.63,11.55,18.43,37.9,10.53
501,3.9544586377939432,2,13.61,5.69,15.01,10.24,5.82,15.65,5.61,11.73,18.43,37.67,10.65
502,3.9544586377939432,2,13.67,5.69,15.08,10.24,5.82,15.65,5.63,11.64,18.43,37.44,10.61
503,3.9544586377939432,2,13.61,5.69,15.08,10.24,5.82,15.65,5.63,11.64,18.51,37.22,10.78
504,3.9544586377939432,2,13.61,5.67,15.08,10.2,5.89,15.58,5.61,11.69,18.43,38.83,10.61
505,3.9544586377939432,2,13.61,5.69,15.08,10.2,5.89,15.58,5.63,11.64,18.43,38.12,10.91
506,3.9544586377939432,2,13.5,5.57,15.01,10.08,5.79,15.45,5.54,11.59,18.34,36.57,10.99
507,3.9544586377939432,2,13.4,5.52,14.95,10.01,5.72,15.33,5.5,11.59,18.34,37,10.41
508,3.9544586377939432,2,13.45,5.57,15.08,10.08,5.79,15.45,5.54,11.69,18.43,37,10.7
509,3.9544586377939432,2,13.56,5.62,15.14,10.08,5.82,15.52,5.59,11.69,18.51,37,10.65
510,3.9544586377939432,2,13.45,5.6,15.08,10.05,5.7,15.39,5.57,11.69,18.34,38.12,10.49
511,3.9544586377939432,2,13.5,5.6,15.14,10.05,5.72,15.39,5.57,11.69,18.43,37.67,10.87
512,3.9544586377939432,2,13.45,5.57,15.14,10.01,5.75,15.39,5.54,11.64,18.43,40.54,10.21
513,3.9544586377939432,2,13.45,5.57,15.14,10.01,5.75,15.39,5.54,11.73,18.43,42.11,10.57
514,3.9544586377939432,2,13.45,5.57,15.14,10.01,5.75,15.39,5.54,11.78,18.43,40.54,10.57
515,3.9544586377939432,2,13.45,5.55,15.14,9.93,5.75,15.33,5.54,11.78,18.43,37.44,10.87
516,3.9544586377939432,2,13.45,5.55,15.2,9.97,5.77,15.33,5.54,11.82,18.43,37,10.61
517,3.9544586377939432,2,13.5,5.6,15.2,10.01,5.82,15.39,5.57,11.82,18.51,37.44,10.53
518,3.9544586377939432,2,13.45,5.6,15.2,10.01,5.82,15.39,5.59,12.91,18.51,37.22,10.95
519,3.9544586377939432,2,13.45,5.6,15.2,9.97,5.82,15.39,5.59,13.06,18.78,37.22,10.57
520,3.9544586377939432,2,13.45,5.57,15.2,9.97,5.82,15.33,5.59,11.82,18.51,36.78,10.7
521,3.9544586377939432,2,13.4,5.55,15.26,9.93,5.77,15.33,5.57,11.82,18.51,37.22,10.7
522,3.9544586377939432,2,13.4,5.55,15.26,9.93,5.72,15.33,5.57,11.87,18.51,36.57,10.61
523,3.9544586377939432,2,13.4,5.55,15.39,9.89,5.75,15.33,5.54,11.78,18.51,34.51,10.53
524,3.9544586377939432,2,13.34,5.52,15.26,9.85,5.79,15.26,5.54,11.82,18.43,35.93,11.3
525,3.9544586377939432,2,13.34,5.5,15.26,9.85,5.79,15.2,5.54,11.97,18.43,36.35,10.53
526,3.9544586377939432,2,13.34,5.5,15.26,9.81,5.79,15.2,5.52,11.97,18.51,40.04,10.61
527,3.9544586377939432,2,13.29,5.5,15.26,9.81,5.72,15.2,5.52,11.92,18.43,36.57,10.53
528,3.9544586377939432,2,13.34,5.48,15.32,9.77,5.75,15.2,5.52,12.01,18.51,36.57,10.53
529,3.9544586377939432,2,13.29,5.48,15.32,9.77,5.75,15.2,5.52,12.4,18.51,35.51,10.65
530,3.9544586377939432,2,13.34,5.5,15.32,9.77,5.75,15.2,5.52,12.5,18.51,36.57,10.7
531,3.9544586377939432,2,13.4,5.52,15.45,9.81,5.79,15.26,5.57,12.06,18.6,38.83,10.61
532,3.9544586377939432,2,13.29,5.48,15.39,9.77,5.72,15.14,5.52,12.01,18.6,37.22,10.74
533,3.9544586377939432,2,13.34,5.48,15.45,9.73,5.75,15.2,5.5,12.06,18.6,36.35,10.53
534,3.9544586377939432,2,13.34,5.5,15.45,9.77,5.75,15.2,5.54,12.11,18.6,37.22,10.57
535,3.9544586377939432,2,13.34,5.5,15.45,9.77,5.77,15.2,5.52,13.33,18.6,37.22,10.45
536,3.9544586377939432,2,13.34,5.48,15.45,9.73,5.77,15.2,5.52,12.65,18.6,37.22,10.33
537,3.9544586377939432,2,13.34,5.5,15.51,9.73,5.77,15.2,5.52,12.7,18.6,37.44,10.53
538,3.9544586377939432,2,13.34,5.48,15.58,9.7,5.75,15.14,5.54,12.75,18.69,37.44,10.41
539,3.9544586377939432,2,13.34,5.48,15.51,9.7,5.77,15.14,5.59,12.65,18.69,36.78,10.53
540,3.9544586377939432,2,13.29,5.48,15.58,9.7,5.79,15.14,5.52,12.75,18.69,37.22,10.61
541,3.993666323564176,2,13.24,5.48,15.58,9.7,5.79,15.14,5.52,13.11,18.69,37.9,10.65
542,3.993666323564176,2,13.18,5.43,15.51,9.62,5.77,15.08,5.52,12.65,18.69,37.9,10.61
543,3.993666323564176,2,13.18,5.43,15.51,9.62,5.77,15.08,5.5,12.7,18.6,37.44,10.7
544,3.993666323564176,2,13.29,5.5,15.64,9.7,5.84,15.14,5.54,12.75,18.78,37.22,10.57
545,3.993666323564176,2,13.24,5.45,15.58,9.62,5.79,15.08,5.52,12.75,18.69,37.44,10.74
546,3.993666323564176,2,13.18,5.43,15.58,9.58,5.79,15.02,5.48,12.8,18.69,37.22,10.91
547,3.993666323564176,2,13.18,5.41,15.58,9.58,5.79,15.02,5.48,12.85,18.6,36.57,10.74
548,3.993666323564176,2,13.13,5.38,15.58,9.55,5.75,14.95,5.48,12.8,18.51,36.78,10.57
549,3.993666323564176,2,13.13,5.41,15.77,9.55,5.77,15.02,5.48,12.8,18.6,36.14,10.65
550,3.993666323564176,2,13.13,5.38,15.64,9.51,5.82,14.95,5.48,12.85,18.6,37,10.57
551,3.993666323564176,2,13.08,5.38,15.71,9.47,5.75,14.95,5.45,12.8,18.6,37,11.17
552,3.993666323564176,2,13.24,5.41,15.71,9.51,5.75,15.02,5.48,12.85,18.69,37,10.61
553,3.993666323564176,2,13.24,5.43,15.84,9.51,5.77,15.02,5.48,12.21,18.78,36.57,10.82
554,3.993666323564176,2,13.24,5.84,15.77,9.47,5.82,14.95,5.45,12.3,18.69,37.9,11.3
555,3.993666323564176,2,13.24,5.41,15.77,9.47,5.7,14.95,5.48,12.3,18.78,39.79,10.61
556,3.993666323564176,2,13.24,5.36,15.84,9.51,5.75,15.02,5.5,12.3,18.78,39.3,10.57
557,3.993666323564176,2,13.24,5.36,15.77,9.51,5.72,15.02,5.5,13.71,18.69,37.22,10.87
558,3.993666323564176,2,13.24,5.29,15.9,9.47,5.72,14.95,5.48,12.35,18.69,35.72,10.41
559,3.993666323564176,2,13.13,5.29,15.77,9.47,5.7,14.89,5.5,12.4,18.51,37.22,11.43
560,3.993666323564176,2,13.13,5.29,15.77,9.43,5.7,14.89,5.48,13.49,18.51,37.44,11.17
561,3.993666323564176,2,13.18,5.29,15.84,9.43,5.7,14.89,5.48,12.55,18.51,37.22,11.17
562,3.993666323564176,2,13.24,5.29,15.9,9.43,5.72,14.89,5.48,12.4,18.6,35.31,11.08
563,3.993666323564176,2,13.24,5.29,15.9,9.47,5.75,14.95,5.48,12.45,18.69,38.12,10.95
564,3.993666323564176,2,13.24,5.32,15.97,9.47,5.75,14.95,5.52,12.45,18.69,38.36,10.74
565,3.993666323564176,2,13.24,5.29,15.97,9.43,5.75,14.95,5.45,12.45,18.69,37.22,10.87
566,3.993666323564176,2,13.24,5.29,15.9,9.47,5.75,14.95,5.5,12.5,18.69,37.67,11.17
567,3.993666323564176,2,13.24,5.27,15.97,9.4,5.77,14.89,5.5,12.6,18.69,38.36,11.17
568,3.993666323564176,2,13.18,5.27,15.97,9.4,5.75,14.89,5.48,12.55,18.69,37.22,11.3
569,3.993666323564176,2,13.13,5.27,16.03,9.4,5.79,14.89,5.48,13.27,18.78,37.9,11.34
570,3.993666323564176,2,13.08,5.32,16.03,9.4,5.75,14.89,5.48,12.55,18.69,36.14,11.3
571,3.993666323564176,2,13.13,5.27,16.03,9.36,5.77,14.89,5.48,12.65,18.69,38.12,11.12
572,3.993666323564176,2,13.08,5.25,16.1,9.36,5.75,14.89,5.48,12.7,18.78,37.44,11.04
573,3.993666323564176,2,13.08,5.25,16.1,9.32,5.75,14.89,5.45,12.65,18.78,37.67,11.04
574,3.993666323564176,2,13.08,5.25,16.1,9.32,5.75,14.89,5.45,12.7,18.78,37.22,11.34
575,3.993666323564176,2,13.08,5.22,16.17,9.32,5.77,14.83,5.43,12.75,18.69,37.67,10.91
576,3.993666323564176,2,13.03,5.25,16.17,9.29,5.79,14.83,5.45,12.85,18.69,37.22,10.95
577,3.993666323564176,2,13.18,5.25,16.17,9.32,5.79,14.83,5.48,14.22,18.78,37.9,11.04
578,3.993666323564176,2,13.18,5.25,16.24,9.29,5.82,14.83,5.45,12.7,18.78,35.51,10.91
579,3.993666323564176,2,13.18,5.25,16.24,9.32,5.82,14.83,5.45,12.8,18.78,37.67,10.91
580,3.993666323564176,2,13.13,5.25,16.24,9.29,5.82,14.83,5.45,12.8,18.78,37.22,11.12
581,3.993666323564176,2,13.18,5.25,16.37,9.32,5.82,14.83,5.48,12.75,18.78,37.67,11.26
582,3.993666323564176,2,13.18,5.27,16.3,9.32,5.82,14.83,5.45,12.85,18.78,38.36,10.95
583,3.993666323564176,2,13.18,5.34,16.3,9.29,5.84,14.83,5.48,12.91,18.78,37.67,11.21
584,3.993666323564176,2,13.08,5.25,16.24,9.25,5.82,14.77,5.48,12.65,18.69,37.9,10.99
585,3.993666323564176,2,12.98,5.2,16.03,9.18,5.77,14.59,5.39,12.65,18.25,37.67,10.65
586,3.993666323564176,2,12.92,5.18,16.03,9.14,5.77,14.53,5.39,12.75,18.25,36.35,10.78
587,3.993666323564176,2,12.92,5.18,16.03,9.14,5.79,14.53,5.39,12.65,18.34,36.35,11.21
588,3.993666323564176,2,12.87,5.18,16.03,9.11,5.75,14.53,5.43,12.65,18.25,34.71,10.82
589,3.993666323564176,2,12.87,5.18,16.03,9.11,5.72,14.53,5.39,12.6,18.25,34.71,10.87
590,3.993666323564176,2,13.29,5.16,16.03,9.07,5.75,14.53,5.36,12.7,18.17,36.35,10.87
591,3.993666323564176,2,12.82,5.11,16.03,9.04,5.7,14.42,5.34,12.65,18.17,36.35,10.74
592,3.993666323564176,2,12.87,5.13,16.1,9.07,5.75,14.47,5.34,12.7,18.17,35.51,10.82
593,3.993666323564176,2,12.87,5.13,16.1,9.04,5.75,14.53,5.34,12.75,18.25,35.93,10.78
594,3.993666323564176,2,12.82,5.09,16.1,9,5.75,14.42,5.32,12.85,18.25,35.51,10.95
595,3.993666323564176,2,12.82,5.11,16.1,9,5.77,14.47,5.32,12.8,18.25,36.57,10.74
596,3.993666323564176,2,12.87,5.11,16.17,9.04,5.77,14.47,5.34,12.91,18.25,36.35,10.91
597,3.993666323564176,2,12.87,5.13,16.17,9,5.75,14.53,5.34,12.85,18.25,35.93,10.82
598,3.993666323564176,2,12.87,5.11,16.24,9,5.77,14.47,5.32,12.85,18.25,36.14,10.78
599,3.993666323564176,2,12.82,5.11,16.17,9,5.77,14.42,5.32,12.85,18.17,36.14,10.87
600,3.993666323564176,2,12.92,5.11,16.17,9,5.77,14.47,5.34,12.91,18.25,35.72,10.87
601,3.9997581174861336,2,12.82,5.09,16.17,8.97,5.77,14.42,5.32,12.91,18.17,35.93,11.39
602,3.9997581174861336,2,12.82,5.09,16.17,8.97,5.77,14.42,5.32,12.91,18.17,34.51,10.82
603,3.9997581174861336,2,12.92,5.16,16.37,9.04,5.82,14.53,5.36,13.27,18.34,36.78,10.87
604,3.9997581174861336,2,12.77,5.11,16.17,8.93,5.79,14.36,5.32,12.8,18,34.31,11.26
605,3.9997581174861336,2,12.87,5.11,16.3,8.97,5.79,14.42,5.32,12.96,18.17,39.06,10.87
606,3.9997581174861336,2,12.82,5.13,16.44,9,5.82,14.53,5.34,13.06,18.43,37,10.91
607,3.9997581174861336,2,12.87,5.11,16.44,8.97,5.82,14.53,5.32,13.11,18.43,34.71,10.95
608,3.9997581174861336,2,12.92,5.13,16.51,9,5.82,14.53,5.32,13.11,18.43,35.31,10.87
609,3.9997581174861336,2,12.87,5.11,16.44,8.97,5.79,14.47,5.34,13.22,18.34,36.14,10.87
610,3.9997581174861336,2,12.82,5.11,16.51,8.93,5.79,14.47,5.32,13.27,18.34,36.57,11.08
611,3.9997581174861336,2,12.87,5.11,16.58,8.97,5.82,14.53,5.32,13.17,18.43,35.72,11.21
612,3.9997581174861336,2,12.87,5.11,16.58,8.97,5.79,14.47,5.28,13.22,18.43,35.93,11.21
613,3.9997581174861336,2,12.87,5.11,16.58,8.93,5.79,14.47,5.32,13.22,18.43,37.22,11.43
614,3.9997581174861336,2,12.87,5.11,16.58,8.93,5.77,14.47,5.32,13.49,18.43,37,11.04
615,3.9997581174861336,2,12.87,5.13,16.58,8.93,5.77,14.47,5.3,13.49,18.43,36.78,11.12
616,3.9997581174861336,2,12.92,5.16,16.65,8.93,5.77,14.47,5.32,13.49,18.43,36.57,10.95
617,3.9997581174861336,2,12.87,5.16,16.65,8.93,5.79,14.47,5.32,13.22,18.43,36.78,11.12
618,3.9997581174861336,2,12.87,5.16,16.65,8.9,5.77,14.47,5.3,13.33,18.43,36.35,11.17
619,3.9997581174861336,2,12.87,5.16,16.72,8.9,5.77,14.47,5.3,13.33,18.43,37.9,11.08
620,3.9997581174861336,2,12.87,5.16,16.72,8.9,5.79,14.47,5.3,13.38,18.43,37.44,11.48
621,3.9997581174861336,2,12.82,5.16,16.72,8.9,5.77,14.47,5.28,13.33,18.43,36.35,11.39
622,3.9997581174861336,2,12.82,5.13,16.72,8.86,5.77,14.42,5.28,13.33,18.34,40.04,11.43
623,3.9997581174861336,2,12.82,5.13,16.79,8.86,5.77,14.42,5.26,13.33,18.34,36.78,11.43
624,3.9997581174861336,2,12.77,5.13,16.79,8.86,5.77,14.42,5.28,13.33,18.34,35.31,11.48
625,3.9997581174861336,2,12.82,5.16,16.86,8.86,5.79,14.47,5.26,13.44,18.34,37.22,11.39
626,3.9997581174861336,2,12.82,5.18,16.86,8.86,5.82,14.47,5.3,13.49,18.34,37,11.34
627,3.9997581174861336,2,12.77,5.13,16.86,8.83,5.79,14.42,5.28,13.44,18.34,36.57,11.3
628,3.9997581174861336,2,12.72,5.13,16.86,8.83,5.77,14.42,5.26,13.44,18.34,36.78,11.26
629,3.9997581174861336,2,12.72,5.13,16.86,8.79,5.77,14.36,5.23,13.44,18.34,37.44,11.21
630,3.9997581174861336,2,12.72,5.16,17,8.83,5.77,14.42,5.26,13.6,18.43,35.51,11.34
631,3.9997581174861336,2,12.62,5.11,16.86,8.76,5.75,14.3,5.23,13.49,18.25,36.78,11.08
632,3.9997581174861336,2,12.67,5.13,16.93,8.79,5.79,14.36,5.23,13.88,18.34,36.78,11.12
633,3.9997581174861336,2,12.72,5.13,17,8.79,5.77,14.42,5.3,13.54,18.43,37.44,11.21
634,3.9997581174861336,2,12.72,5.16,17,8.79,5.79,14.42,5.28,13.54,18.43,37.67,11.3
635,3.9997581174861336,2,12.72,5.16,17,8.79,5.79,14.42,5.23,13.6,18.51,37.22,11.43
636,3.9997581174861336,2,12.67,5.13,17,8.76,5.77,14.36,5.23,13.6,18.51,37,11.3
637,3.9997581174861336,2,12.67,5.13,17,8.76,5.77,14.36,5.23,13.6,18.51,36.35,11.34
638,3.9997581174861336,2,12.67,5.16,17.07,8.76,5.77,14.36,5.23,13.49,18.51,36.57,10.95
639,3.9997581174861336,2,12.67,5.16,17.07,8.76,5.75,14.36,5.23,13.65,18.51,35.93,10.99
640,3.9997581174861336,2,12.67,5.16,17.07,8.76,5.75,14.36,5.23,13.71,18.51,36.35,11.04
641,3.9997581174861336,2,12.67,5.13,17.07,8.76,5.75,14.36,5.21,13.65,18.51,36.57,11.26
642,3.9997581174861336,2,12.67,5.13,17.29,8.76,5.75,14.36,5.23,13.65,18.51,37,10.91
643,3.9997581174861336,2,12.67,5.13,17.14,8.73,5.75,14.36,5.21,13.76,18.51,36.14,10.95
644,3.9997581174861336,2,12.62,5.16,17.14,8.73,5.75,14.36,5.21,13.82,18.51,36.35,11.12
645,3.9997581174861336,2,12.62,5.16,17.14,8.73,5.72,14.3,5.19,13.88,18.51,36.78,11.17
646,3.9997581174861336,2,12.57,5.16,17.21,8.69,5.75,14.36,5.21,13.76,18.51,35.51,11.17
647,3.9997581174861336,2,12.57,5.11,17.14,8.69,5.72,14.3,5.19,13.71,18.51,37.22,11.12
648,3.9997581174861336,2,12.57,5.11,17.21,8.66,5.72,14.3,5.19,13.82,18.51,37,11.04
649,3.9997581174861336,2,12.67,5.16,17.29,8.69,5.75,14.36,5.21,13.88,18.51,37.22,11.12
650,3.9997581174861336,2,12.52,5.07,17.21,8.59,5.67,14.24,5.15,13.71,18.43,37.22,10.87
651,3.9997581174861336,2,12.47,5.07,17.21,8.59,5.63,14.18,5.19,13.76,18.43,36.78,10.87
652,3.9997581174861336,2,12.47,5.09,17.29,8.62,5.63,14.24,5.15,13.76,18.34,35.51,10.91
653,3.9997581174861336,2,12.52,5.09,17.29,8.59,5.6,14.24,5.17,13.76,18.34,37,10.82
654,3.9997581174861336,2,12.52,5.09,17.36,8.59,5.6,14.18,5.13,13.76,18.08,36.35,10.82
655,3.9997581174861336,2,12.52,5.07,17.36,8.59,5.58,14.18,5.15,13.76,18.17,37.44,10.74
656,3.9997581174861336,2,12.52,5.11,17.51,8.62,5.58,14.18,5.15,13.76,18.17,34.91,10.78
657,3.9997581174861336,2,12.47,5.07,17.43,8.56,5.6,14.18,5.13,13.76,18.17,36.35,10.78
658,3.9997581174861336,2,12.52,5.09,17.36,8.59,5.65,14.18,5.13,13.82,18.08,36.57,10.87
659,3.9997581174861336,2,12.47,5.09,17.43,8.59,5.72,14.18,5.13,13.82,18.17,36.57,10.74
660,3.9997581174861336,2,12.42,5.07,17.43,8.56,5.7,14.13,5.13,13.88,18.08,36.57,10.95
661,4.049554083074122,3,12.47,5.09,17.51,8.59,5.75,14.18,5.15,13.99,18.08,36.35,10.78
662,4.049554083074122,3,12.52,5.09,17.51,8.59,5.77,14.18,5.13,13.93,18.25,36.35,10.53
663,4.049554083074122,3,12.62,5.11,17.58,8.62,5.82,14.24,5.17,14.05,18.17,41.58,10.82
664,4.049554083074122,3,12.72,5.22,17.73,8.73,6.04,14.42,5.23,14.22,18.43,37,10.87
665,4.049554083074122,3,12.67,5.13,17.66,8.69,5.87,14.3,5.17,14.1,18.25,36.78,10.82
666,4.049554083074122,3,12.72,5.2,17.88,8.73,5.94,14.42,5.3,14.22,18.43,37.44,10.99
667,4.049554083074122,3,12.77,5.25,17.88,8.76,5.99,14.47,5.26,14.28,18.43,36.78,10.91
668,4.049554083074122,3,12.77,5.25,17.96,8.79,5.99,14.47,5.26,14.1,18.43,38.83,11.04
669,4.049554083074122,3,12.62,5.18,17.81,8.66,5.94,14.36,5.19,13.99,18.25,37.22,10.87
670,4.049554083074122,3,12.82,5.27,17.96,8.79,6.07,14.47,5.28,14.22,18.43,35.31,11.04
671,4.049554083074122,3,12.87,5.32,18.04,8.86,6.12,14.59,5.32,14.16,18.51,40.8,11.08
672,4.049554083074122,3,12.77,5.25,17.96,8.76,6.04,14.47,5.23,14.16,18.43,37.22,11.3
673,4.049554083074122,3,12.72,5.22,17.96,8.73,6.02,14.42,5.21,13.93,18.25,35.31,10.91
674,4.049554083074122,3,13.24,5.55,18.35,9.11,6.38,14.95,5.5,14.28,18.69,38.36,11.66
675,4.049554083074122,3,13.13,5.45,18.43,9,6.3,14.83,5.41,14.33,18.6,37.9,11.26
676,4.049554083074122,3,12.67,5.16,18.04,8.62,5.97,14.3,5.15,13.93,18.25,40.29,10.87
677,4.049554083074122,3,13.13,5.48,18.51,9,6.32,14.89,5.45,14.51,18.69,38.83,11.48
678,4.049554083074122,3,13.89,5.99,19.16,9.66,6.86,15.71,5.94,15.37,19.23,40.04,11.85
679,4.049554083074122,3,13.56,5.76,18.99,9.29,6.67,15.39,5.7,14.93,19.05,39.3,11.66
680,4.049554083074122,3,13.24,5.55,18.67,9.11,6.4,15.02,5.45,14.57,18.69,38.59,11.39
681,4.049554083074122,3,13.45,5.67,18.91,9.25,6.53,15.26,5.57,14.87,18.96,39.06,11.48
682,4.049554083074122,3,13.4,5.64,18.91,9.22,6.51,15.2,5.57,14.81,18.96,36.35,11.52
683,4.049554083074122,3,13.45,5.69,18.99,9.29,6.53,15.26,5.61,14.93,18.96,38.36,11.66
684,4.049554083074122,3,13.45,5.64,19.07,9.22,6.45,15.39,5.54,14.93,18.87,39.06,11.48
685,4.049554083074122,3,12.92,5.32,18.43,8.83,6.07,14.65,5.23,14.39,18.34,38.59,11.04
686,4.049554083074122,3,13.29,5.6,18.99,9.14,6.4,15.14,5.5,14.87,18.78,38.83,11.71
687,4.049554083074122,3,13.4,5.6,18.99,9.18,6.43,15.2,5.5,14.87,18.78,38.36,11.43
688,4.049554083074122,3,13.24,5.5,18.83,9,6.3,15.02,5.41,14.81,18.6,38.36,11.26
689,4.049554083074122,3,13.29,5.55,18.99,9.11,6.35,15.08,5.45,14.87,18.69,38.59,11.43
690,4.049554083074122,3,13.45,5.64,19.16,9.18,6.45,15.26,5.52,15.37,18.87,36.78,11.52
691,4.049554083074122,3,13.45,5.62,19.24,9.18,6.43,15.26,5.52,15.06,18.87,40.29,11.52
692,4.049554083074122,3,13.5,5.67,19.33,9.25,6.45,15.33,5.54,15.56,18.96,39.3,11.57
693,4.049554083074122,3,13.56,5.69,19.41,9.29,6.53,15.39,5.59,15.18,18.96,38.36,11.66
694,4.049554083074122,3,13.45,5.6,19.33,9.18,6.43,15.26,5.5,15.06,18.87,39.3,11.43
695,4.049554083074122,3,13.34,5.55,19.24,9.07,6.35,15.14,5.45,15.37,18.78,39.06,11.39
696,4.049554083074122,3,13.29,5.52,19.24,9.04,6.35,15.14,5.43,15,18.78,39.06,11.34
697,4.049554083074122,3,13.29,5.48,19.33,9,6.3,15.08,5.39,15.06,18.87,37,11.3
698,4.049554083074122,3,13.24,5.5,19.24,9,6.3,15.08,5.39,15,18.69,38.36,11.26
699,4.049554083074122,3,13.29,5.5,19.33,9,6.35,15.14,5.41,15.06,18.69,39.3,11.57
700,4.049554083074122,3,13.24,5.48,19.24,8.97,6.27,15.08,5.39,15,18.69,39.3,11.71
701,4.049554083074122,3,13.34,5.52,19.41,9.04,6.35,15.14,5.43,15.12,18.78,39.06,11.34
702,4.049554083074122,3,13.03,5.32,19.07,8.79,6.14,14.83,5.26,14.93,18.43,37.67,11.12
703,4.049554083074122,3,13.24,5.45,19.24,8.97,6.3,15.02,5.36,15.06,18.78,38.59,11.34
704,4.049554083074122,3,13.24,5.45,19.33,8.97,6.3,15.02,5.36,15.06,18.78,38.36,11.3
705,4.049554083074122,3,13.29,5.52,19.33,9.04,6.35,15.14,5.43,15.12,18.87,38.59,11.48
706,4.049554083074122,3,12.57,5.05,18.67,8.42,5.84,14.3,5,14.69,18.17,37,10.78
707,4.049554083074122,3,12.57,5.05,18.59,8.42,5.84,14.3,5,14.63,18,35.93,10.82
708,4.049554083074122,3,12.52,5.02,18.51,8.42,5.82,14.24,5.02,14.57,17.91,36.78,10.61
709,4.049554083074122,3,12.52,5.05,18.51,8.39,5.84,14.24,5,14.51,18,37,10.78
710,4.049554083074122,3,12.57,5.09,18.51,8.49,5.92,14.36,5.04,14.57,18,36.57,10.78
711,4.049554083074122,3,12.87,5.27,18.75,8.69,6.09,14.65,5.23,14.93,18.25,38.83,11.04
712,4.049554083074122,3,13.18,5.48,19.07,8.97,6.3,15.02,5.39,15.12,18.43,42.66,11.3
713,4.049554083074122,3,13.29,5.55,19.24,9.04,6.4,15.14,5.45,15.25,18.43,40.04,11.39
714,4.049554083074122,3,13.4,5.6,19.33,9.11,6.48,15.2,5.5,15.37,18.43,38.12,11.66
715,4.049554083074122,3,12.92,5.38,18.91,8.83,6.25,14.83,5.28,14.87,18,38.12,11.08
716,4.049554083074122,3,13.67,5.86,19.93,9.4,6.75,15.65,5.7,15.5,18.78,44.37,11.89
717,4.049554083074122,3,13.03,5.38,19.24,8.86,6.25,14.83,5.28,15.06,18.17,38.83,11.17
718,4.049554083074122,3,13.56,5.76,19.93,9.29,6.67,15.45,5.61,15.56,18.78,39.3,11.62
719,4.049554083074122,3,13.94,6.04,20.28,9.62,6.94,15.97,5.84,15.76,19.05,40.8,12.08
720,4.049554083074122,3,12.82,5.25,19.16,8.66,6.09,14.59,5.15,15,17.91,39.06,11.08
721,4.122483910931027,3,13.89,5.96,20.46,9.51,6.89,15.84,5.77,15.96,18.96,40.29,12.03
722,4.122483910931027,3,12.52,5.05,18.91,8.39,5.89,14.24,4.96,14.69,17.75,35.93,10.7
723,4.122483910931027,3,13.61,5.81,19.93,9.29,6.67,15.39,5.63,15.56,18.6,39.3,11.52
724,4.122483910931027,3,13.61,5.74,20.1,9.25,6.67,15.45,5.59,15.5,18.69,39.3,11.8
725,4.122483910931027,3,13.94,5.99,20.28,9.55,6.92,15.84,5.75,15.83,19.05,41.58,11.99
726,4.122483910931027,3,13.56,5.72,20.02,9.36,6.61,15.39,5.54,15.63,18.69,39.55,11.71
727,4.122483910931027,3,12.87,5.25,19.24,8.62,6.09,14.59,5.13,15.31,18,39.79,11.04
728,4.122483910931027,3,13.89,5.69,20.1,9.22,6.78,15.71,5.68,15.96,18.78,39.06,11.8
729,4.122483910931027,3,13.18,5.48,19.58,8.9,6.35,15.02,5.32,15.25,18.34,38.83,11.39
730,4.122483910931027,3,12.82,5.22,19.24,8.59,6.12,14.59,5.13,15.06,17.91,38.36,10.99
731,4.122483910931027,3,13.5,5.72,19.84,9.22,6.61,15.39,5.54,15.44,18.43,39.06,11.71
732,4.122483910931027,3,13.08,5.38,19.49,8.79,6.27,14.83,5.26,15.18,18.08,38.83,11.26
733,4.122483910931027,3,13.08,5.41,19.49,8.86,6.3,14.83,5.26,15.5,18.17,38.12,11.34
734,4.122483910931027,3,12.92,5.32,19.41,8.69,6.19,14.71,5.17,15.18,17.91,37.67,11.17
735,4.122483910931027,3,13.72,5.74,20.19,9.22,6.75,15.65,5.66,15.89,18.51,42.38,11.8
736,4.122483910931027,3,14.17,6.11,20.74,9.66,7.09,16.11,5.8,15.96,19.05,41.05,12.23
737,4.122483910931027,3,14.28,6.19,21.02,9.77,7.2,16.31,5.94,16.43,19.33,41.32,12.37
738,4.122483910931027,3,13.89,5.91,20.65,9.47,6.92,15.97,5.73,16.3,19.14,42.11,11.89
739,4.122483910931027,3,13.4,5.6,20.02,9.07,6.53,15.26,5.39,15.69,18.43,38.12,11.62
740,4.122483910931027,3,13.83,5.89,20.46,9.43,6.83,15.84,5.68,16.02,18.87,40.8,11.85
741,4.122483910931027,3,13.89,5.91,20.65,9.43,6.89,15.84,5.7,16.09,18.87,40.8,11.99
742,4.122483910931027,3,13.72,5.89,20.65,9.22,6.7,15.58,5.59,16.02,18.78,40.29,12.03
743,4.122483910931027,3,13.56,5.69,20.28,9.14,6.64,15.45,5.5,15.89,18.43,39.55,11.8
744,4.122483910931027,3,14,5.99,20.83,9.51,6.94,15.97,5.75,16.3,18.87,41.32,12.08
745,4.122483910931027,3,13.56,5.69,20.28,9.14,6.64,15.45,5.48,15.89,18.43,40.04,11.75
746,4.122483910931027,3,13.29,5.5,20.02,8.93,6.45,15.2,5.34,15.76,18.25,39.3,11.57
747,4.122483910931027,3,13.29,5.5,20.02,8.97,6.45,15.14,5.34,15.63,18.17,38.59,11.43
748,4.122483910931027,3,13.08,5.41,19.93,8.83,6.32,14.95,5.26,15.63,18,39.3,11.43
749,4.122483910931027,3,13.08,5.38,19.84,8.79,6.3,14.95,5.23,15.63,18.08,38.59,11.43
750,4.122483910931027,3,13.13,5.38,19.84,8.76,6.3,14.89,5.23,16.3,18.08,38.83,11.34
751,4.122483910931027,3,12.98,5.29,19.67,8.66,6.22,14.77,5.17,15.63,17.91,38.12,11.17
752,4.122483910931027,3,12.92,5.25,19.67,8.62,6.17,14.71,5.13,15.5,17.75,37.44,11.26
753,4.122483910931027,3,12.92,5.27,19.67,8.62,6.17,14.71,5.15,15.5,17.67,38.36,11.17
754,4.122483910931027,3,12.98,5.29,19.67,8.66,6.22,14.77,5.17,15.5,17.83,36.35,11.21
755,4.122483910931027,3,12.92,5.27,19.58,8.62,6.19,14.71,5.15,15.44,17.58,41.58,11.12
756,4.122483910931027,3,12.87,5.25,19.58,8.59,6.17,14.65,5.13,15.44,17.58,37.9,11.17
757,4.122483910931027,3,13.03,5.34,19.75,8.73,6.25,14.83,5.21,15.56,17.67,39.06,11.17
758,4.122483910931027,3,13.34,5.55,20.02,8.97,6.51,15.2,5.36,15.76,17.91,39.55,11.57
759,4.122483910931027,3,14.11,6.06,20.83,9.62,7.06,16.11,5.82,16.36,18.51,41.58,12.08
760,4.122483910931027,3,12.98,5.32,19.75,8.73,6.25,14.77,5.15,15.56,17.42,37.9,11.21
761,4.122483910931027,3,12.87,5.25,19.67,8.62,6.17,14.71,5.11,15.37,17.42,40.04,11.21
762,4.122483910931027,3,13.03,5.36,19.84,8.73,6.3,14.89,5.21,15.63,17.58,38.83,11.21
763,4.122483910931027,3,12.72,5.16,19.58,8.52,6.07,14.47,5.02,15.25,17.18,38.12,11.43
764,4.122483910931027,3,12.72,5.16,19.67,8.49,6.09,14.53,5.02,15.44,17.34,37.67,10.99
765,4.122483910931027,3,12.82,5.22,19.75,8.56,6.14,14.65,5.13,15.44,17.26,37.9,11.12
766,4.122483910931027,3,14,6.01,20.93,9.55,7,15.97,5.77,16.16,18.34,41.84,12.18
767,4.122483910931027,3,13.08,5.38,19.93,8.79,6.32,14.89,5.23,15.56,17.83,38.59,11.39
768,4.122483910931027,3,12.98,5.32,19.84,8.66,6.27,14.71,5.15,15.44,17.83,38.83,11.3
769,4.122483910931027,3,12.77,5.2,19.67,8.56,6.12,14.59,5.06,15.31,17.58,37.9,11.17
770,4.122483910931027,3,12.87,5.27,19.75,8.62,6.19,14.65,5.13,15.37,17.67,38.59,11.3
771,4.122483910931027,3,12.87,5.27,19.84,8.62,6.22,14.71,5.13,15.69,17.67,38.36,11.26
772,4.122483910931027,3,12.82,5.25,19.75,8.59,6.19,14.59,5.11,15.31,17.67,36.57,11.12
773,4.122483910931027,3,13.89,5.96,20.83,9.43,6.97,15.84,5.73,16.16,18.51,41.05,11.99
774,4.122483910931027,3,13.94,6.01,20.93,9.51,7.03,15.91,5.77,16.23,18.6,41.32,12.08
775,4.122483910931027,3,13.94,5.96,21.11,9.43,7,15.84,5.73,16.36,18.69,40.8,12.03
776,4.122483910931027,3,12.92,5.32,19.93,8.69,6.27,14.77,5.15,15.5,17.75,38.36,11.26
777,4.122483910931027,3,14,6.04,21.11,9.55,7.06,15.97,5.77,16.36,18.6,42.38,12.18
778,4.122483910931027,3,13.45,5.72,20.46,9.14,6.67,15.39,5.45,15.83,18,40.04,11.66
779,4.122483910931027,3,13.83,6.01,21.11,9.51,7.03,15.91,5.73,16.3,18.51,41.32,12.87
780,4.122483910931027,3,12.72,5.25,20.02,8.59,6.19,14.59,5.04,15.56,17.42,38.83,11.12
781,4.257484898736022,3,12.77,5.29,19.93,8.66,6.25,14.71,5.13,15.63,17.42,38.59,11.17
782,4.257484898736022,3,13.94,5.96,21.11,9.43,6.97,15.91,5.7,16.36,18.43,42.66,12.18
783,4.257484898736022,3,12.87,5.25,20.02,8.59,6.19,14.65,5.06,15.5,17.58,40.54,11.17
784,4.257484898736022,3,14.06,6.04,21.21,9.55,7.06,16.04,5.75,16.93,18.51,41.05,12.18
785,4.257484898736022,3,13.94,5.94,21.21,9.43,6.94,15.84,5.63,16.3,18.43,42.11,12.03
786,4.257484898736022,3,14.11,6.01,21.31,9.58,7.06,16.04,5.75,16.5,18.6,43.22,12.23
787,4.257484898736022,3,14.11,6.06,21.31,9.55,7.09,16.04,5.75,16.43,18.51,42.38,12.13
788,4.257484898736022,3,13.94,5.96,21.21,9.43,6.97,15.91,5.66,16.36,18.34,38.59,12.08
789,4.257484898736022,3,14.17,6.09,21.4,9.62,7.11,16.11,5.8,16.64,18.51,41.84,12.18
790,4.257484898736022,3,13.83,5.86,21.02,9.36,6.89,15.78,5.59,16.43,18.17,40.8,11.85
791,4.257484898736022,3,14.06,6.01,21.31,9.55,7.06,16.04,5.7,16.57,18.43,42.38,12.23
792,4.257484898736022,3,13.83,5.89,21.21,9.32,6.94,15.78,5.61,16.78,18.25,39.3,11.89
793,4.257484898736022,3,14.06,6.01,21.31,9.51,7.06,16.04,5.7,16.64,18.51,42.38,12.62
794,4.257484898736022,3,14.28,6.14,21.5,9.66,7.23,16.24,5.82,16.78,18.6,41.32,12.42
795,4.257484898736022,3,13.5,5.62,20.65,9.07,6.64,15.33,5.36,16.36,18,38.83,11.66
796,4.257484898736022,3,13.5,5.69,20.93,9.11,6.7,15.45,5.43,16.36,18.08,40.8,11.89
797,4.257484898736022,3,13.4,5.6,20.74,9,6.59,15.26,5.34,16.3,17.83,39.3,11.94
798,4.257484898736022,3,13.29,5.48,20.65,8.9,6.51,15.14,5.28,16.09,17.75,39.55,11.71
799,4.257484898736022,3,12.92,5.32,20.28,8.66,6.3,14.83,5.11,16.02,17.42,38.59,11.34
800,4.257484898736022,3,13.13,5.52,20.65,8.93,6.53,15.2,5.32,16.02,17.75,39.55,11.66
801,4.257484898736022,3,13.61,5.74,20.93,9.18,6.78,15.58,5.48,16.57,17.91,40.8,11.89
802,4.257484898736022,3,13.29,5.48,20.55,8.86,6.48,15.14,5.26,16.02,17.58,39.55,11.75
803,4.257484898736022,3,13.34,5.52,20.55,8.93,6.53,15.2,5.3,16.16,17.5,39.3,11.57
804,4.257484898736022,3,12.92,5.27,20.19,8.59,6.25,14.71,5.06,15.69,17.1,37.9,11.26
805,4.257484898736022,3,12.47,4.98,19.75,8.23,5.92,14.24,4.82,15.44,16.72,35.93,10.87
806,4.257484898736022,3,12.32,4.89,19.58,8.13,5.82,14.07,4.76,15.25,16.79,36.78,10.82
807,4.257484898736022,3,12.92,5.27,20.19,8.59,6.25,14.71,5.09,15.63,17.18,38.36,11.3
808,4.257484898736022,3,13.4,5.6,20.65,8.97,6.61,15.26,5.39,16.09,17.5,39.3,11.66
809,4.257484898736022,3,12.67,5.13,19.93,8.46,6.07,14.47,4.96,15.5,16.87,37.9,10.99
810,4.257484898736022,3,13.13,5.43,20.46,8.76,6.43,14.95,5.23,15.96,16.79,39.06,11.39
811,4.257484898736022,3,13.18,5.45,20.37,8.83,6.43,15.02,5.26,15.83,16.87,41.32,11.43
812,4.257484898736022,3,13.29,5.52,20.55,8.9,6.51,15.14,5.3,16.02,17.1,39.3,11.43
813,4.257484898736022,3,12.98,5.34,20.19,8.69,6.32,14.77,5.13,15.96,16.79,37.44,11.26
814,4.257484898736022,3,13.18,5.48,20.37,8.83,6.4,15.02,5.26,17.67,17.03,36.57,11.48
815,4.257484898736022,3,13.24,5.5,20.46,8.86,6.48,15.08,5.28,15.89,17.1,39.79,11.85
816,4.257484898736022,3,13.45,5.64,20.74,9.07,6.64,15.33,5.39,16.09,17.42,41.05,11.71
817,4.257484898736022,3,12.77,5.2,20.1,8.52,6.17,14.53,5,15.63,16.87,40.54,11.12
818,4.257484898736022,3,12.98,5.34,20.28,8.69,6.3,14.77,5.15,15.69,17.03,38.36,11.3
819,4.257484898736022,3,13.29,5.52,20.55,8.93,6.53,15.14,5.3,16.02,17.18,39.55,11.57
820,4.257484898736022,3,13.34,5.6,20.74,8.93,6.59,15.2,5.34,16.09,17.26,39.3,11.62
821,4.257484898736022,3,12.77,5.2,20.1,8.52,6.17,14.53,5,15.83,16.79,37.44,11.17
822,4.257484898736022,3,12.98,5.36,20.37,8.69,6.35,14.83,5.17,15.96,16.72,38.59,11.34
823,4.257484898736022,3,12.87,5.32,20.28,8.59,6.3,14.71,5.11,15.96,16.64,38.83,11.34
824,4.257484898736022,3,12.67,5.16,20.02,8.46,6.12,14.42,4.98,15.69,16.34,37.22,11.3
825,4.257484898736022,3,12.62,5.11,19.93,8.39,6.07,14.36,4.92,15.44,16.2,37,11.08
826,4.257484898736022,3,13.34,5.6,20.74,9,6.64,15.26,5.34,16.23,16.79,39.55,11.71
827,4.257484898736022,3,12.67,5.16,20.02,8.46,6.12,14.42,4.98,15.37,16.2,38.59,10.95
828,4.257484898736022,3,12.72,5.18,20.02,8.49,6.14,14.47,4.98,15.5,16.12,37.9,11.17
829,4.257484898736022,3,12.52,5.09,19.84,8.39,6.04,14.3,4.9,15.25,15.91,37,11.08
830,4.257484898736022,3,12.52,5.07,19.75,8.36,6.02,14.3,4.9,15.37,15.84,37.44,11.04
831,4.257484898736022,3,12.62,5.16,19.93,8.49,6.14,14.42,4.98,15.44,15.84,38.36,10.87
832,4.257484898736022,3,12.37,4.98,19.67,8.26,5.94,14.13,4.84,15.25,15.56,37,10.45
833,4.257484898736022,3,12.42,5.05,19.75,8.29,5.99,14.24,4.88,15.31,15.29,37.67,10.95
834,4.257484898736022,3,12.47,5.05,19.75,8.29,5.99,14.18,4.86,15.31,15.09,37,11.17
835,4.257484898736022,3,12.42,5.02,19.67,8.26,5.97,14.13,4.86,15.12,15.02,34.71,12.03
836,4.257484898736022,3,12.42,5.02,19.67,8.29,5.97,14.13,4.86,15.25,15.35,38.12,10.33
837,4.257484898736022,3,12.37,5,19.58,8.26,5.97,14.07,4.84,15.25,15.77,38.83,10.49
838,4.257484898736022,3,12.28,4.96,19.49,8.23,5.89,14.01,4.8,15.12,15.56,37.9,10.49
839,4.257484898736022,3,12.42,5.05,19.58,8.32,5.99,14.13,4.88,15.25,15.91,34.91,10.57
840,4.257484898736022,3,12.42,5.05,19.67,8.32,5.99,14.18,4.88,15.25,15.84,36.57,10.57
841,4.942929912481451,3,12.52,5.11,19.75,8.46,6.07,14.3,4.94,15.31,15.63,37.44,10.74
842,4.942929912481451,3,12.87,5.36,20.02,8.73,6.32,14.65,5.13,15.5,15.84,38.59,10.99
843,4.942929912481451,3,12.92,5.38,20.19,8.73,6.38,14.71,5.15,15.56,15.84,38.36,11.04
844,4.942929912481451,3,12.77,5.29,20.1,8.62,6.27,14.59,5.09,15.63,15.77,38.12,10.74
845,4.942929912481451,3,12.92,5.41,20.19,8.73,6.38,14.71,5.15,15.76,16.49,37.9,11.04
846,4.942929912481451,3,13.67,5.89,21.21,9.32,6.94,15.58,5.59,16.36,16.64,39.3,11.71
847,4.942929912481451,3,13.67,5.86,20.93,9.32,6.92,15.58,5.57,16.5,16.49,40.8,11.62
848,4.942929912481451,3,13.34,5.67,20.83,9.04,6.7,15.2,5.39,16.23,16.49,38.36,11.17
849,4.942929912481451,3,13.08,5.48,20.46,8.83,6.48,14.83,5.21,15.83,16.42,36.57,11.04
850,4.942929912481451,3,12.72,5.22,20.02,8.52,6.19,14.42,5,15.44,15.91,38.36,10.87
851,4.942929912481451,3,12.77,5.25,20.1,8.56,6.25,14.53,5.02,15.63,16.72,37.67,10.82
852,4.942929912481451,3,13.56,5.79,21.02,9.22,6.86,15.45,5.5,16.36,17.42,39.55,11.52
853,4.942929912481451,3,13.34,5.62,20.65,9.04,6.64,15.14,5.34,15.83,17.26,40.54,11.3
854,4.942929912481451,3,13.45,5.69,20.83,9.11,6.72,15.26,5.41,16.02,17.34,41.84,11.52
855,4.942929912481451,3,13.13,5.48,20.55,8.83,6.51,14.89,5.21,15.83,17.1,39.06,11.21
856,4.942929912481451,3,13.24,5.5,20.65,8.9,6.56,15.02,5.28,15.83,16.95,39.3,11.21
857,4.942929912481451,3,12.98,5.36,20.46,8.69,6.38,14.77,5.13,15.69,16.87,38.59,10.99
858,4.942929912481451,3,13.29,5.62,20.83,9,6.64,15.14,5.34,16.09,17.26,38.83,11.34
859,4.942929912481451,3,13.24,5.55,20.74,8.93,6.59,15.08,5.28,16.36,17.26,39.55,11.26
860,4.942929912481451,3,13.4,5.69,20.93,9.11,6.72,15.33,5.39,15.96,17.5,39.55,11.52
861,4.942929912481451,3,12.52,5.09,19.84,8.39,6.04,14.24,4.86,15.31,16.64,37.44,10.65
862,4.942929912481451,3,13.08,5.45,20.55,8.83,6.48,14.89,5.19,15.96,17.58,39.3,11.17
863,4.942929912481451,3,13.34,5.62,20.74,9,6.67,15.2,5.34,16.02,17.75,39.55,11.34
864,4.942929912481451,3,13.45,5.69,21.02,9.11,6.75,15.26,5.41,16.23,17.75,40.04,11.8
865,4.942929912481451,3,13.18,5.52,20.65,8.9,6.51,15.02,5.23,15.89,17.42,39.3,11.08
866,4.942929912481451,3,12.42,5,19.84,8.26,5.94,14.13,4.8,15.37,16.79,37.22,10.49
867,4.942929912481451,3,13.45,5.69,20.93,9.11,6.72,15.33,5.36,16.43,17.67,40.04,11.43
868,4.942929912481451,3,13.5,5.72,21.02,9.14,6.78,15.39,5.43,16.36,17.67,40.04,11.89
869,4.942929912481451,3,13.45,5.69,21.02,9.11,6.75,15.33,5.41,16.36,17.75,40.04,11.43
870,4.942929912481451,3,13.45,5.67,20.93,9.11,6.72,15.26,5.36,16.3,17.83,40.04,11.39
871,4.942929912481451,3,13.5,5.72,21.02,9.14,6.75,15.33,5.41,16.16,17.83,40.04,11.43
872,4.942929912481451,3,13.45,5.67,20.93,9.07,6.72,15.26,5.36,16.16,18,40.54,11.43
873,4.942929912481451,3,13.5,5.72,21.02,9.11,6.75,15.33,5.41,16.09,17.91,39.3,11.43
874,4.942929912481451,3,13.5,5.72,21.11,9.14,6.78,15.39,5.41,16.3,17.91,41.58,11.66
875,4.942929912481451,3,13.5,5.79,21.11,9.14,6.78,15.39,5.41,16.16,17.91,39.3,11.8
876,4.942929912481451,3,13.61,5.76,21.21,9.18,6.83,15.45,5.45,16.36,17.83,40.54,11.57
877,4.942929912481451,3,13.4,5.5,20.93,8.93,6.67,15.2,5.36,16.23,17.75,39.3,11.43
878,4.942929912481451,3,12.72,5.22,20.19,8.56,6.22,14.53,4.98,15.56,17.1,38.59,10.78
879,4.942929912481451,3,13.4,5.76,21.21,9.22,6.83,15.45,5.45,16.36,17.83,41.32,11.52
880,4.942929912481451,3,13.5,5.72,21.21,9.14,6.75,15.33,5.39,16.23,17.83,40.04,11.39
881,4.942929912481451,3,13.61,5.76,21.21,9.18,6.83,15.52,5.43,16.3,17.83,40.54,11.3
882,4.942929912481451,3,13.5,5.72,21.21,9.11,6.78,15.39,5.39,16.36,17.58,40.8,11.48
883,4.942929912481451,3,13.45,5.67,21.11,9.07,6.72,15.33,5.36,16.36,17.58,40.54,11.39
884,4.942929912481451,3,13.56,5.74,21.21,9.14,6.81,15.45,5.43,16.57,17.67,39.55,11.43
885,4.942929912481451,3,13.45,5.67,21.11,9.07,6.72,15.33,5.36,16.3,17.75,39.3,11.39
886,4.942929912481451,3,13.45,5.64,21.11,9.07,6.72,15.33,5.34,16.23,17.83,38.12,11.34
887,4.942929912481451,3,13.56,5.74,21.21,9.18,6.81,15.39,5.43,16.36,17.91,43.22,11.62
888,4.942929912481451,3,13.61,5.74,21.31,9.18,6.83,15.45,5.43,16.3,17.83,39.06,11.85
889,4.942929912481451,3,13.56,5.72,21.21,9.14,6.78,15.39,5.41,16.57,17.83,38.36,11.48
890,4.942929912481451,3,13.56,5.74,21.21,9.14,6.81,15.39,5.39,16.43,18,42.94,11.39
891,4.942929912481451,3,13.61,5.76,21.31,9.22,6.83,15.39,5.48,16.5,17.83,40.54,11.71
892,4.942929912481451,3,13.61,5.76,21.31,9.18,6.83,15.45,5.43,16.3,17.75,41.84,11.48
893,4.942929912481451,3,13.61,5.76,21.31,9.18,6.83,15.45,5.43,16.43,17.75,40.29,11.43
894,4.942929912481451,3,12.98,5.34,20.46,8.69,6.32,14.71,5.04,15.83,17.18,38.12,10.87
895,4.942929912481451,3,13.78,5.79,21.69,9.25,6.86,15.65,5.45,17.14,18,40.54,11.57
896,4.942929912481451,3,13.72,5.76,21.5,9.25,6.86,15.58,5.45,16.71,17.83,41.05,11.57
897,4.942929912481451,3,13.72,5.79,21.5,9.25,6.86,15.58,5.48,16.64,17.83,40.8,11.48
898,4.942929912481451,3,12.72,5.16,20.37,8.49,6.14,14.47,4.92,15.76,16.87,38.36,10.61
899,4.942929912481451,3,13.61,5.76,21.21,9.18,6.83,15.45,5.43,16.5,17.67,39.3,11.43
900,4.942929912481451,3,13.45,5.64,21.11,9.07,6.72,15.26,5.34,16.5,17.26,39.79,11.26
901,5.095707786858631,4,13.5,5.69,21.11,9.07,6.75,15.39,5.36,16.43,17.34,40.04,11.26
902,5.095707786858631,4,13.56,5.72,21.21,9.11,6.78,15.39,5.39,16.57,17.34,40.04,11.39
903,5.095707786858631,4,13.56,5.72,21.21,9.14,6.78,15.45,5.39,16.5,17.5,39.3,11.43
904,5.095707786858631,4,12.92,5.29,20.55,8.62,6.32,14.71,5.04,15.96,16.72,37.67,10.91
905,5.095707786858631,4,13.56,5.69,21.21,9.11,6.75,15.45,5.39,16.43,17.34,39.3,11.43
906,5.095707786858631,4,13.56,5.69,21.21,9.11,6.78,15.39,5.39,16.3,17.26,40.04,11.3
907,5.095707786858631,4,13.61,5.74,21.21,9.14,6.78,15.45,5.41,16.5,18,40.04,11.34
908,5.095707786858631,4,13.61,5.72,21.21,9.14,6.78,15.52,5.43,16.57,17.5,37.9,11.3
909,5.095707786858631,4,13.56,5.72,21.21,9.14,6.81,15.45,5.41,16.43,17.34,39.79,11.39
910,5.095707786858631,4,13.56,5.67,21.21,9.11,6.75,15.39,5.36,16.3,17.26,40.04,11.26
911,5.095707786858631,4,13.56,5.67,21.11,9.07,6.72,15.39,5.36,16.3,17.18,39.3,11.21
912,5.095707786858631,4,13.56,5.64,21.11,9.07,6.7,15.33,5.34,16.57,17.18,39.3,11.17
913,5.095707786858631,4,13.56,5.62,21.11,9.04,6.67,15.33,5.32,16.71,17.1,39.06,11.08
914,5.095707786858631,4,13.56,5.67,21.11,9.07,6.72,15.33,5.34,16.64,17.18,39.55,11.08
915,5.095707786858631,4,13.67,5.69,21.11,9.14,6.78,15.45,5.39,16.64,17.18,39.3,11.12
916,5.095707786858631,4,13.67,5.69,21.21,9.11,6.75,15.39,5.36,16.64,17.34,39.3,11.17
917,5.095707786858631,4,13.61,5.64,21.11,9.07,6.7,15.33,5.34,16.57,17.26,37.67,11.34
918,5.095707786858631,4,13.5,5.6,21.02,9,6.64,15.26,5.3,16.5,17.26,37,11.21
919,5.095707786858631,4,13.61,5.62,21.11,9.04,6.7,15.33,5.34,16.5,17.26,39.55,11.12
920,5.095707786858631,4,13.56,5.62,21.02,9.04,6.67,15.33,5.32,16.43,17.18,39.55,11.26
921,5.095707786858631,4,13.56,5.5,20.83,8.9,6.53,15.14,5.23,16.23,16.95,39.3,10.95
922,5.095707786858631,4,13.72,5.62,21.02,9.04,6.7,15.33,5.32,16.5,17.18,39.3,11.3
923,5.095707786858631,4,13.72,5.64,21.11,9.07,6.72,15.33,5.34,16.43,17.18,40.29,11.34
924,5.095707786858631,4,13.78,5.67,21.11,9.11,6.75,15.45,5.36,16.5,17.26,40.04,11.3
925,5.095707786858631,4,13.78,5.67,21.11,9.11,6.72,15.39,5.36,16.78,17.1,39.06,11.39
926,5.095707786858631,4,13.83,5.72,21.11,9.14,6.81,15.52,5.41,16.64,17.18,37.67,11.12
927,5.095707786858631,4,14.23,5.96,21.6,9.51,7.03,15.91,5.61,16.78,17.34,41.58,11.99
928,5.095707786858631,4,14.23,5.99,21.6,9.47,7.09,15.97,5.63,16.57,17.5,40.8,11.89
929,5.095707786858631,4,14.23,5.99,21.6,9.55,7.09,15.97,5.61,16.57,17.5,40.54,11.85
930,5.095707786858631,4,14.23,5.94,21.5,9.47,7.03,15.91,5.61,16.57,18.08,41.05,11.75
931,5.095707786858631,4,14.34,6.04,21.79,9.55,7.14,16.11,5.66,16.78,17.91,41.05,11.75
932,5.095707786858631,4,14.34,6.01,21.89,9.55,7.11,16.04,5.63,16.64,17.83,41.58,11.71
933,5.095707786858631,4,14.28,6.01,21.69,9.51,7.11,16.04,5.63,16.57,18.25,41.84,11.66
934,5.095707786858631,4,14.28,5.99,21.69,9.51,7.11,16.04,5.63,16.64,17.91,42.38,11.71
935,5.095707786858631,4,14.28,6.01,21.79,9.51,7.11,16.04,5.63,16.64,18.08,41.05,11.52
936,5.095707786858631,4,14.28,6.01,21.79,9.51,7.11,16.04,5.63,16.71,18.25,41.32,11.34
937,5.095707786858631,4,14.34,6.01,21.79,9.55,7.11,16.11,5.63,16.64,17.83,41.58,11.48
938,5.095707786858631,4,14.17,5.91,21.6,9.43,7,15.91,5.57,16.57,17.58,40.8,11.43
939,5.095707786858631,4,14.06,5.86,21.5,9.36,6.94,15.84,5.52,16.5,18,41.32,11.48
940,5.095707786858631,4,14.34,6.04,21.79,9.58,7.14,16.11,5.7,16.64,18.25,41.58,11.48
941,5.095707786858631,4,14.28,6.01,21.79,9.51,7.14,16.11,5.63,16.71,18.08,41.32,11.71
942,5.095707786858631,4,14.28,6.01,21.79,9.55,7.14,16.11,5.63,16.78,17.75,40.29,11.66
943,5.095707786858631,4,14.28,6.01,21.69,9.55,7.14,16.11,5.63,16.78,18.08,41.84,12.08
944,5.095707786858631,4,14.34,6.06,21.89,9.58,7.17,16.17,5.66,16.71,18.08,42.11,11.71
945,5.095707786858631,4,14.34,6.04,21.79,9.55,7.17,16.11,5.66,16.71,18.08,42.94,11.66
946,5.095707786858631,4,14.34,6.06,21.79,9.58,7.17,16.17,5.68,16.78,18.17,41.05,11.71
947,5.095707786858631,4,14.4,6.09,21.99,9.62,7.23,16.24,5.7,16.86,17.75,42.11,11.75
948,5.095707786858631,4,14.46,6.14,21.89,9.66,7.26,16.31,5.73,16.78,18.17,42.11,11.85
949,5.095707786858631,4,14,5.81,21.5,9.29,6.89,15.78,5.48,16.43,17.83,40.54,11.43
950,5.095707786858631,4,14,5.84,21.5,9.29,6.92,15.78,5.48,16.5,17.42,40.54,11.57
951,5.095707786858631,4,13.72,5.62,21.11,9.04,6.7,15.39,5.3,16.43,17.58,39.3,11.21
952,5.095707786858631,4,13.89,5.76,21.4,9.22,6.86,15.71,5.43,16.64,17.67,41.58,11.48
953,5.095707786858631,4,14.4,6.04,21.99,9.58,7.17,16.24,5.66,17.14,18.25,43.22,11.85
954,5.095707786858631,4,14.28,6.01,21.79,9.55,7.14,16.17,5.66,17.36,18.08,41.32,11.8
955,5.095707786858631,4,14.23,5.99,21.69,9.51,7.09,16.11,5.61,16.71,18.08,39.06,11.62
956,5.095707786858631,4,14.28,5.96,21.79,9.51,7.09,16.17,5.61,17,18.08,41.58,12.23
957,5.095707786858631,4,14.28,5.99,21.79,9.51,7.11,16.11,5.61,17,18.08,41.32,11.75
958,5.095707786858631,4,14.28,6.01,21.69,9.55,7.14,16.17,5.66,17.07,18.08,40.04,11.75
959,5.095707786858631,4,14.28,6.01,21.79,9.55,7.14,16.17,5.66,17,17.75,42.38,11.71
960,5.095707786858631,4,14.28,6.01,21.69,9.55,7.14,16.11,5.63,16.64,17.5,41.05,11.85
961,5.1317081826527025,4,14.23,5.99,21.69,9.51,7.11,16.17,5.63,16.71,18,41.32,11.85
962,5.1317081826527025,4,13.4,5.45,20.83,8.86,6.51,15.2,5.17,16.23,17.26,38.83,11.12
963,5.1317081826527025,4,14.28,6.04,21.69,9.58,7.17,16.24,5.68,17.07,18,40.8,12.08
964,5.1317081826527025,4,14.23,6.01,21.69,9.55,7.14,16.17,5.63,16.71,18,40.8,11.75
965,5.1317081826527025,4,14.28,6.04,21.69,9.58,7.17,16.24,5.66,16.78,17.75,40.8,11.8
966,5.1317081826527025,4,14.34,6.04,21.79,9.58,7.14,16.24,5.66,16.93,17.58,42.11,11.8
967,5.1317081826527025,4,14.28,6.01,21.69,9.55,7.14,16.17,5.63,17.14,17.67,41.05,11.75
968,5.1317081826527025,4,14.17,5.94,21.6,9.47,7.06,16.04,5.59,16.64,17.34,41.32,11.85
969,5.1317081826527025,4,14.28,6.04,21.69,9.55,7.14,16.24,5.63,16.64,17.5,45.26,11.8
970,5.1317081826527025,4,14.28,6.04,21.79,9.58,7.14,16.24,5.63,16.71,17.5,40.8,11.71
971,5.1317081826527025,4,14.28,6.04,21.69,9.55,7.14,16.24,5.66,16.71,17.58,39.06,11.75
972,5.1317081826527025,4,13.94,5.81,21.31,9.32,6.89,15.84,5.45,16.3,17.34,41.05,11.3
973,5.1317081826527025,4,13.34,5.41,20.55,8.83,6.43,15.14,5.11,15.83,17.03,38.59,10.99
974,5.1317081826527025,4,14.11,5.94,21.5,9.4,7.06,16.04,5.57,16.64,17.67,40.54,11.66
975,5.1317081826527025,4,13.56,5.55,20.93,9,6.61,15.39,5.23,16.02,16.87,39.06,11.26
976,5.1317081826527025,4,13.94,5.84,21.4,9.32,6.94,15.91,5.5,16.86,17.58,45.57,11.62
977,5.1317081826527025,4,13.78,5.72,21.11,9.22,6.81,15.71,5.41,16.43,17.34,39.55,11.43
978,5.1317081826527025,4,14.28,6.04,21.6,9.58,7.14,16.24,5.66,17,17.58,41.84,11.8
979,5.1317081826527025,4,14.28,6.09,21.6,9.7,7.2,16.31,5.68,16.57,18.08,42.11,11.89
980,5.1317081826527025,4,14.34,6.09,21.69,9.66,7.23,16.31,5.7,16.71,18.08,39.06,11.89
981,5.1317081826527025,4,14.34,6.04,21.6,9.58,7.2,16.31,5.68,17.22,18.08,40.8,11.85
982,5.1317081826527025,4,14.4,6.11,21.69,9.7,7.23,16.38,5.7,16.64,18.17,41.58,11.85
983,5.1317081826527025,4,13.29,5.41,20.65,8.79,6.45,15.14,5.11,15.83,17.18,38.59,11.04
984,5.1317081826527025,4,13.45,5.52,20.74,8.97,6.56,15.33,5.21,15.89,17.34,39.06,11.12
985,5.1317081826527025,4,13.89,5.81,21.11,9.32,6.89,15.91,5.48,16.23,17.75,40.04,11.48
986,5.1317081826527025,4,13.56,5.64,20.93,9.11,6.7,15.52,5.3,16.09,17.5,39.79,11.12
987,5.1317081826527025,4,14.28,6.09,21.6,9.66,7.2,16.38,5.7,16.5,18.17,45.26,11.75
988,5.1317081826527025,4,14.28,6.06,21.6,9.62,7.17,16.31,5.68,16.5,18.08,41.32,11.89
989,5.1317081826527025,4,14.11,6.09,21.6,9.66,7.17,16.31,5.68,16.64,18.08,41.84,11.85
990,5.1317081826527025,4,13.18,5.34,20.37,8.73,6.35,14.95,5.04,15.63,17.03,36.35,10.82
991,5.1317081826527025,4,14.34,6.11,21.6,9.66,7.2,16.44,5.7,16.71,18.17,41.32,11.89
992,5.1317081826527025,4,13.83,5.76,21.02,9.25,6.83,15.84,5.45,16.3,17.67,38.36,11.43
993,5.1317081826527025,4,14.28,6.04,21.6,9.58,7.14,16.31,5.63,16.86,18.08,41.32,11.85
994,5.1317081826527025,4,14.28,6.04,21.5,9.62,7.14,16.31,5.66,16.64,18,40.54,11.85
995,5.1317081826527025,4,14.28,6.04,21.5,9.62,7.14,16.31,5.63,16.71,17.91,39.06,11.85
996,5.1317081826527025,4,14.28,6.06,21.5,9.62,7.17,16.31,5.66,16.57,18,41.05,11.85
997,5.1317081826527025,4,14.23,6.01,21.4,9.55,7.06,16.24,5.61,16.5,17.91,39.55,11.75
998,5.1317081826527025,4,14.28,6.01,21.5,9.58,7.09,16.24,5.63,16.57,18,40.54,11.8
999,5.1317081826527025,4,14.28,6.04,21.5,9.62,7.11,16.31,5.63,16.5,18,42.38,11.8
1000,5.1317081826527025,4,14.23,6.01,21.5,9.58,7.09,16.24,5.63,16.5,17.91,45.57,11.8
1001,5.1317081826527025,4,14.28,6.04,21.5,9.62,7.11,16.31,5.66,16.57,17.91,40.54,11.85
1002,5.1317081826527025,4,14.34,6.09,21.6,9.66,7.17,16.38,5.73,16.5,18,40.8,11.89
1003,5.1317081826527025,4,14.34,6.06,21.5,9.66,7.17,16.38,5.68,16.57,18,39.79,11.85
1004,5.1317081826527025,4,14.34,6.06,21.4,9.66,7.14,16.38,5.66,16.5,17.91,39.79,11.8
1005,5.1317081826527025,4,14.06,5.91,21.31,9.47,7,16.11,5.52,16.23,17.67,41.84,11.52
1006,5.1317081826527025,4,14.11,5.91,21.31,9.47,7,16.11,5.54,16.3,17.67,38.83,11.66
1007,5.1317081826527025,4,13.56,5.62,20.83,9.07,6.67,15.58,5.3,15.96,17.18,39.06,11.04
1008,5.1317081826527025,4,14.23,6.04,21.4,9.62,7.14,16.31,5.63,16.5,17.83,40.54,11.66
1009,5.1317081826527025,4,14.23,6.04,21.4,9.62,7.2,16.31,5.63,16.43,17.83,41.32,11.75
1010,5.1317081826527025,4,14.28,6.06,21.5,9.62,7.17,16.38,5.66,16.43,17.83,41.05,11.75
1011,5.1317081826527025,4,14.28,6.06,21.5,9.66,7.2,16.38,5.68,16.5,17.75,41.32,11.85
1012,5.1317081826527025,4,14.28,6.06,21.5,9.66,7.2,16.38,5.66,16.5,17.83,41.58,11.85
1013,5.1317081826527025,4,14.34,6.11,21.5,9.7,7.23,16.44,5.7,16.57,17.83,41.84,11.94
1014,5.1317081826527025,4,13.4,5.5,20.55,8.93,6.53,15.33,5.17,15.96,16.95,39.3,11.08
1015,5.1317081826527025,4,14.4,6.11,21.5,9.73,7.26,16.51,5.7,16.57,17.91,41.32,11.89
1016,5.1317081826527025,4,14.4,6.11,21.5,9.73,7.26,16.51,5.7,16.5,17.75,40.54,11.85
1017,5.1317081826527025,4,14.34,6.09,21.4,9.7,7.2,16.44,5.68,16.5,17.67,41.58,11.8
1018,5.1317081826527025,4,14.34,6.09,21.4,9.7,7.2,16.44,5.68,16.5,17.91,39.3,11.85
1019,5.1317081826527025,4,14.34,6.11,21.5,9.73,7.23,16.44,5.7,16.93,17.83,42.38,11.89
1020,5.1317081826527025,4,14.4,6.11,21.4,9.7,7.23,16.51,5.7,16.5,17.83,40.8,11.89
1021,5.158727049897808,4,14.34,6.11,21.4,9.7,6.92,16.44,5.7,16.5,17.83,39.06,11.8
1022,5.158727049897808,4,14.4,6.11,21.6,9.73,6.97,16.44,5.7,16.78,17.83,45.26,11.85
1023,5.158727049897808,4,14.34,6.11,21.5,9.73,6.97,16.44,5.68,16.5,17.83,40.8,11.89
1024,5.158727049897808,4,13.34,5.43,20.37,8.9,6.14,15.26,5.11,15.69,16.87,38.12,11.08
1025,5.158727049897808,4,13.89,5.79,20.83,9.32,6.64,15.91,5.41,16.09,17.34,39.06,11.62
1026,5.158727049897808,4,14.11,5.94,21.02,9.51,6.75,16.17,5.54,16.36,17.42,42.11,11.71
1027,5.158727049897808,4,14.34,6.09,21.21,9.7,6.94,16.44,5.68,16.5,17.83,40.29,11.8
1028,5.158727049897808,4,14.34,6.11,21.21,9.73,6.97,16.44,5.68,16.93,17.83,41.84,11.99
1029,5.158727049897808,4,13.18,5.36,20.19,8.76,6.12,15.14,5.04,15.83,16.87,36.57,11.08
1030,5.158727049897808,4,14.28,6.09,21.21,9.7,6.94,16.44,5.66,16.5,17.83,39.79,11.99
1031,5.158727049897808,4,14.23,6.01,21.11,9.62,6.83,16.31,5.63,16.5,17.83,40.54,11.94
1032,5.158727049897808,4,14.28,6.04,21.11,9.51,6.89,16.38,5.63,16.43,17.83,41.05,11.94
1033,5.158727049897808,4,14.34,6.09,21.31,9.7,6.94,16.51,5.68,16.71,17.91,41.05,12.03
1034,5.158727049897808,4,14.34,6.09,21.31,9.7,6.92,16.51,5.68,16.57,17.91,41.05,11.99
1035,5.158727049897808,4,14.4,6.11,21.31,9.73,6.94,16.51,5.7,16.64,17.91,39.55,12.03
1036,5.158727049897808,4,14.34,6.11,21.21,9.73,6.94,16.51,5.68,16.57,17.75,40.54,12.03
1037,5.158727049897808,4,14.34,6.11,21.21,9.77,6.97,16.51,5.68,16.64,17.75,40.29,12.08
1038,5.158727049897808,4,14.34,6.11,21.31,9.73,6.89,16.51,5.68,16.57,17.67,40.54,11.99
1039,5.158727049897808,4,14.34,6.09,21.21,9.73,6.86,16.51,5.68,16.57,17.5,40.8,12.08
1040,5.158727049897808,4,14.34,6.11,21.21,9.77,6.92,16.51,5.7,16.57,18,42.38,12.08
1041,5.158727049897808,4,14.34,6.11,21.21,9.77,6.92,16.51,5.68,16.43,18,39.3,12.27
1042,5.158727049897808,4,14.34,6.11,21.21,9.77,7,16.51,5.68,16.5,18,41.05,12.13
1043,5.158727049897808,4,14.34,6.11,21.21,9.77,6.92,16.51,5.7,16.57,17.91,41.05,12.13
1044,5.158727049897808,4,14.23,6.11,21.21,9.73,6.89,16.51,5.68,16.64,17.91,45.57,12.13
1045,5.158727049897808,4,14.23,6.14,21.21,9.77,7,16.58,5.7,16.57,17.83,39.3,12.13
1046,5.158727049897808,4,14.23,6.11,21.21,9.73,6.89,16.51,5.68,16.36,17.83,41.05,12.13
1047,5.158727049897808,4,14.23,6.14,21.21,9.81,6.94,16.58,5.7,16.64,17.91,47.15,12.13
1048,5.158727049897808,4,14.23,6.14,21.21,9.77,6.94,16.58,5.73,16.57,17.83,40.8,12.27
1049,5.158727049897808,4,14.23,6.14,21.21,9.81,6.97,16.58,5.73,16.57,17.83,41.32,12.47
1050,5.158727049897808,4,14.46,6.14,21.21,9.77,6.97,16.58,5.7,16.57,17.83,40.29,12.47
1051,5.158727049897808,4,14.46,6.14,21.21,9.81,6.89,16.58,5.7,16.71,17.75,39.3,12.67
1052,5.158727049897808,4,14.46,6.14,21.21,9.81,6.92,16.58,5.7,16.64,17.75,41.05,12.67
1053,5.158727049897808,4,14.4,6.11,21.21,9.73,6.89,16.51,5.68,16.78,17.67,40.8,11.89
1054,5.158727049897808,4,14.4,6.11,21.11,9.77,6.89,16.58,5.7,16.5,17.58,41.05,11.94
1055,5.158727049897808,4,14.4,6.14,21.11,9.81,6.94,16.58,5.7,16.5,17.75,40.04,11.94
1056,5.158727049897808,4,14.46,6.14,21.11,9.77,6.97,16.58,5.7,16.57,17.75,40.8,11.8
1057,5.158727049897808,4,14.52,6.16,21.11,9.85,7,16.65,5.73,16.57,17.83,41.32,11.94
1058,5.158727049897808,4,14.46,6.16,21.11,9.81,6.97,16.58,5.7,16.5,18,39.3,12.08
1059,5.158727049897808,4,14.46,6.14,21.11,9.81,7,16.65,5.73,16.64,18,42.38,11.89
1060,5.158727049897808,4,14.46,6.16,21.11,9.81,6.97,16.65,5.73,16.64,18,40.8,11.75
1061,5.158727049897808,4,14.46,6.16,21.02,9.85,7.03,16.65,5.7,16.5,17.91,38.83,11.89
1062,5.158727049897808,4,14.46,6.16,21.02,9.85,6.97,16.65,5.73,16.57,17.91,41.32,11.99
1063,5.158727049897808,4,14.4,6.14,21.02,9.81,6.97,16.58,5.73,16.43,17.83,40.8,11.85
1064,5.158727049897808,4,14.4,6.14,20.93,9.81,6.97,16.58,5.68,16.5,17.83,40.54,11.8
1065,5.158727049897808,4,14.4,6.14,20.93,9.81,6.97,16.58,5.68,16.71,17.83,40.29,11.89
1066,5.158727049897808,4,14.23,6.01,20.93,9.62,6.83,16.38,5.61,16.5,17.75,39.79,11.75
1067,5.158727049897808,4,14.46,6.14,20.93,9.85,6.97,16.65,5.73,16.43,17.91,40.54,11.94
1068,5.158727049897808,4,14.46,6.14,20.93,9.85,6.97,16.65,5.7,16.43,17.83,40.54,11.94
1069,5.158727049897808,4,14.4,6.11,20.93,9.81,6.97,16.58,5.68,16.78,17.83,38.36,11.94
1070,5.158727049897808,4,14.4,6.14,20.83,9.81,7,16.58,5.7,16.43,17.83,41.58,11.99
1071,5.158727049897808,4,14.46,6.16,20.83,9.85,7,16.65,5.7,16.5,17.83,41.05,12.03
1072,5.158727049897808,4,14.46,6.16,20.93,9.89,7.03,16.65,5.73,16.5,17.91,41.05,11.99
1073,5.158727049897808,4,14.46,6.16,20.83,9.89,6.97,16.65,5.73,16.5,17.91,38.59,11.99
1074,5.158727049897808,4,14.46,6.14,20.83,9.85,6.94,16.58,5.7,16.43,17.83,41.32,12.03
1075,5.158727049897808,4,14.52,6.19,20.83,9.89,7,16.72,5.73,16.43,17.91,41.32,12.18
1076,5.158727049897808,4,14.46,6.19,20.83,9.97,7.03,16.72,5.73,16.5,17.91,42.66,12.23
1077,5.158727049897808,4,14.52,6.16,20.93,9.89,6.97,16.72,5.73,16.57,18,41.58,12.18
1078,5.158727049897808,4,14.52,6.19,20.93,9.93,7,16.79,5.75,16.57,18,41.58,12.23
1079,5.158727049897808,4,14.58,6.21,21.02,9.97,6.97,16.79,5.75,16.78,18,41.05,12.37
1080,5.158727049897808,4,14.52,6.19,20.93,9.93,6.94,16.72,5.73,16.57,17.91,42.94,16.22
1081,5.184470594125643,4,14.46,6.16,20.83,9.93,6.97,16.72,5.7,16.64,17.91,42.66,16.56
1082,5.184470594125643,4,14,5.89,20.37,9.55,6.61,16.17,5.48,16.43,17.5,40.54,11.8
1083,5.184470594125643,4,13.83,5.79,20.19,9.43,6.53,16.04,5.39,16.16,17.34,40.04,11.89
1084,5.184470594125643,4,14,5.89,20.28,9.55,6.64,16.17,5.48,16.23,17.42,39.79,11.89
1085,5.184470594125643,4,14,5.91,20.28,9.58,6.64,16.17,5.48,16.16,17.5,40.29,11.66
1086,5.184470594125643,4,14.46,6.21,20.65,9.97,7,16.79,5.75,16.36,17.91,41.05,12.18
1087,5.184470594125643,4,14.46,6.21,20.65,9.97,7,16.79,5.77,16.36,17.91,44.07,12.13
1088,5.184470594125643,4,14.06,5.94,20.19,9.62,6.72,16.24,5.5,16.09,17.58,40.54,11.8
1089,5.184470594125643,4,13.94,5.89,20.1,9.55,6.7,16.17,5.45,16.3,17.5,38.36,11.75
1090,5.184470594125643,4,13.94,5.89,20.1,9.55,6.64,16.17,5.45,16.09,17.42,38.59,11.66
1091,5.184470594125643,4,13.94,5.86,20.1,9.55,6.67,16.17,5.45,16.02,17.42,40.04,11.57
1092,5.184470594125643,4,13.94,5.89,20.1,9.58,6.64,16.17,5.45,16.43,17.42,39.3,11.48
1093,5.184470594125643,4,13.94,5.89,20.02,9.58,6.64,16.17,5.48,16.93,17.42,39.55,11.57
1094,5.184470594125643,4,13.94,5.89,20.02,9.55,6.61,16.17,5.45,16.02,17.42,39.79,11.57
1095,5.184470594125643,4,13.94,5.89,20.02,9.58,6.64,16.24,5.48,15.96,17.5,40.04,11.52
1096,5.184470594125643,4,14,5.91,20.1,9.62,6.64,16.24,5.5,15.96,17.5,39.3,11.62
1097,5.184470594125643,4,14,5.91,20.02,9.62,6.67,16.24,5.5,15.96,17.42,40.04,11.52
1098,5.184470594125643,4,13.94,5.89,20.02,9.58,6.64,16.17,5.45,15.96,17.42,38.12,11.57
1099,5.184470594125643,4,13.94,5.91,19.93,9.62,6.64,16.24,5.48,15.96,17.34,39.79,11.52
1100,5.184470594125643,4,14,5.91,20.02,9.66,6.64,16.31,5.5,16.16,17.42,40.04,11.48
1101,5.184470594125643,4,14,5.94,20.02,9.66,6.67,16.31,5.52,15.96,17.42,40.04,11.57
1102,5.184470594125643,4,14,5.89,20.02,9.66,6.7,16.31,5.52,15.96,17.42,40.04,11.57
1103,5.184470594125643,4,14,5.96,19.93,9.66,6.72,16.31,5.5,15.89,17.42,41.05,11.94
1104,5.184470594125643,4,14,5.96,19.93,9.7,6.72,16.31,5.52,15.76,17.34,40.29,11.71
1105,5.184470594125643,4,14.06,5.99,20.02,9.73,6.72,16.38,5.52,16.02,17.42,40.29,11.57
1106,5.184470594125643,4,14.06,5.99,20.02,9.7,6.72,16.38,5.54,16.02,17.34,39.06,11.75
1107,5.184470594125643,4,14,5.96,19.93,9.66,6.72,16.31,5.52,16.09,17.34,40.54,11.71
1108,5.184470594125643,4,14.06,5.99,19.93,9.7,6.72,16.31,5.52,16.09,17.34,39.55,11.8
1109,5.184470594125643,4,14,5.96,19.84,9.7,6.67,16.31,5.5,15.96,17.26,38.59,11.75
1110,5.184470594125643,4,14,5.96,19.84,9.7,6.67,16.31,5.5,15.83,17.26,39.3,11.71
1111,5.184470594125643,4,14,5.94,19.75,9.66,6.67,16.31,5.48,15.89,17.26,39.55,11.66
1112,5.184470594125643,4,14.06,5.99,19.84,9.7,6.72,16.31,5.52,15.96,17.26,40.8,11.75
1113,5.184470594125643,4,14.06,5.99,19.84,9.73,6.72,16.38,5.52,16.02,17.26,39.79,11.66
1114,5.184470594125643,4,14.11,6.01,19.93,9.77,6.75,16.44,5.54,16.3,17.34,44.07,11.71
1115,5.184470594125643,4,14.11,6.01,19.84,9.77,6.75,16.38,5.54,15.96,17.26,39.79,11.75
1116,5.184470594125643,4,14.11,6.01,19.84,9.77,6.78,16.38,5.54,16.16,17.26,40.29,11.8
1117,5.184470594125643,4,14.11,6.04,19.84,9.81,6.83,16.44,5.57,16.09,17.18,39.55,11.8
1118,5.184470594125643,4,14.11,6.04,19.84,9.81,6.78,16.44,5.57,16.02,17.42,39.79,11.8
1119,5.184470594125643,4,13.34,5.52,19.16,9.18,6.25,15.52,5.13,15.44,16.79,38.12,11.04
1120,5.184470594125643,4,13.5,5.62,19.24,9.29,6.35,15.71,5.21,15.63,16.87,39.55,11.26
1121,5.184470594125643,4,14.11,6.06,19.75,9.85,6.81,16.51,5.59,16.02,17.18,38.12,11.75
1122,5.184470594125643,4,14.11,6.09,19.84,9.81,6.81,16.44,5.57,16.02,17.18,39.06,11.8
1123,5.184470594125643,4,14.11,6.04,19.75,9.81,6.83,16.44,5.57,15.96,17.18,40.29,11.75
1124,5.184470594125643,4,14.11,6.04,19.75,9.81,6.81,16.44,5.54,15.96,17.18,41.05,11.8
1125,5.184470594125643,4,14.17,6.06,19.84,9.85,6.78,16.44,5.57,16.09,17.18,40.29,11.8
1126,5.184470594125643,4,14.06,6.01,19.75,9.77,6.78,16.38,5.54,16.02,17.18,39.06,11.8
1127,5.184470594125643,4,14.06,5.99,19.67,9.77,6.7,16.38,5.52,15.83,17.1,39.79,11.71
1128,5.184470594125643,4,13.72,5.79,19.49,9.47,6.51,16.04,5.34,15.83,16.95,37.67,11.48
1129,5.184470594125643,4,14.06,6.01,19.84,9.73,6.75,16.38,5.54,16.09,17.18,39.79,11.8
1130,5.184470594125643,4,14.23,6.14,19.75,9.97,6.86,16.58,5.63,16.02,17.34,40.29,11.89
1131,5.184470594125643,4,13.5,5.69,19.16,9.4,6.38,15.84,5.26,15.76,16.79,39.06,11.43
1132,5.184470594125643,4,13.5,5.64,19.07,9.32,6.35,15.78,5.21,15.5,16.72,37.67,11.34
1133,5.184470594125643,4,13.56,5.67,19.16,9.4,6.4,15.78,5.26,15.56,16.79,39.06,11.48
1134,5.184470594125643,4,14.11,6.06,19.75,9.81,6.81,16.44,5.57,17.67,17.34,39.79,15.25
1135,5.184470594125643,4,14.06,6.04,19.58,9.81,6.78,16.44,5.54,17.59,17.26,40.54,11.89
1136,5.184470594125643,4,14.17,6.09,19.67,9.89,6.83,16.51,5.59,17.44,17.34,41.05,11.85
1137,5.184470594125643,4,14.11,6.06,19.75,9.85,6.81,16.44,5.57,17.51,17.34,39.06,11.75
1138,5.184470594125643,4,14.11,6.06,19.58,9.85,6.83,16.44,5.57,17.44,17.18,40.04,11.8
1139,5.184470594125643,4,14.11,6.04,19.58,9.85,6.78,16.44,5.54,17.22,17.18,39.79,11.85
1140,5.184470594125643,4,14.17,6.11,19.67,9.89,6.86,16.51,5.59,17.36,17.26,40.8,11.99
1141,5.213297919138807,4,14.06,6.01,19.58,9.77,6.72,16.38,5.52,17.36,17.18,40.04,15.43
1142,5.213297919138807,4,14.17,6.09,19.67,9.93,6.83,16.58,5.59,17.44,17.34,39.06,15.56
1143,5.213297919138807,4,14.46,6.26,19.93,10.12,7.03,16.79,5.73,17.67,17.5,42.38,16.02
1144,5.213297919138807,4,14.52,6.32,19.93,10.2,7.06,16.93,5.75,17.67,17.58,41.32,16.22
1145,5.213297919138807,4,14.52,6.29,19.93,10.16,7.06,16.93,5.75,17.74,17.67,41.32,16.02
1146,5.213297919138807,4,14.58,6.32,19.93,10.2,7.11,16.93,5.75,17.59,17.67,41.32,16.49
1147,5.213297919138807,4,14.52,6.32,19.93,10.2,7.11,16.93,5.75,17.67,17.75,41.05,15.95
1148,5.213297919138807,4,14.52,6.32,19.93,10.16,7.09,16.93,5.75,17.67,17.67,41.05,16.15
1149,5.213297919138807,4,14.58,6.32,19.93,10.2,7.14,16.93,5.75,17,17.83,44.37,16.22
1150,5.213297919138807,4,14.52,6.32,19.93,10.2,7.09,16.86,5.73,17.29,17.67,46.83,16.15
1151,5.213297919138807,4,14.58,6.32,19.93,10.2,7.11,16.93,5.75,17.36,17.75,39.55,15.95
1152,5.213297919138807,4,14.58,6.32,19.93,10.2,7.09,16.93,5.75,17.74,17.75,41.58,16.08
1153,5.213297919138807,4,14.52,6.29,19.84,10.16,7.06,16.86,5.73,17.36,17.67,40.8,16.02
1154,5.213297919138807,4,14.58,6.34,19.93,10.2,7.11,16.93,5.77,17,17.83,41.05,16.15
1155,5.213297919138807,4,14.58,6.32,19.93,10.24,7.11,16.93,5.77,17.51,17.83,39.79,16.15
1156,5.213297919138807,4,14.58,6.34,19.84,10.24,7.09,17.01,5.77,17.59,17.83,41.84,16.15
1157,5.213297919138807,4,14.58,6.32,19.93,10.24,7.09,16.93,5.75,17.29,17.83,40.29,16.15
1158,5.213297919138807,4,14.58,6.34,19.93,10.24,7.09,17.01,5.77,17.44,17.83,40.04,16.22
1159,5.213297919138807,4,14.58,6.34,19.93,10.24,7.11,17.01,5.77,17.74,17.91,41.05,16.28
1160,5.213297919138807,4,14.64,6.34,19.93,10.28,7.14,17.01,5.77,17.44,17.83,40.8,16.42
1161,5.213297919138807,4,14.58,6.34,19.93,10.24,7.11,17.01,5.77,17.44,17.83,41.32,16.42
1162,5.213297919138807,4,14.64,6.37,20.02,10.24,7.11,17.08,5.77,17.59,17.91,41.58,16.42
1163,5.213297919138807,4,14.52,6.29,19.84,10.2,7.06,16.93,5.73,17.36,17.75,41.58,16.42
1164,5.213297919138807,4,14.58,6.32,19.93,10.24,7.09,17.01,5.75,17.67,17.75,41.84,16.35
1165,5.213297919138807,4,14.64,6.34,20.02,10.28,7.14,17.01,5.77,17.44,17.83,42.11,16.56
1166,5.213297919138807,4,14.58,6.34,19.93,10.24,7.11,17.01,5.77,17.22,17.75,41.84,16.49
1167,5.213297919138807,4,14.58,6.34,19.84,10.28,7.11,17.01,5.77,17.22,17.75,38.83,16.42
1168,5.213297919138807,4,14.58,6.34,19.93,10.28,7.09,17.01,5.77,17.36,17.75,41.05,16.42
1169,5.213297919138807,4,14.58,6.34,19.93,10.28,7.14,17.01,5.77,17.67,17.75,41.58,16.49
1170,5.213297919138807,4,14.58,6.34,19.84,10.28,7.11,17.01,5.75,17.74,17.75,42.66,16.63
1171,5.213297919138807,4,14.64,6.37,19.84,10.28,7.11,17.01,5.77,17.67,17.83,45.57,16.56
1172,5.213297919138807,4,14.64,6.37,19.84,10.28,7.11,17.01,5.77,17.59,17.75,40.8,16.7
1173,5.213297919138807,4,14.64,6.37,19.84,10.32,7.14,17.08,5.77,17.59,17.83,41.32,16.77
1174,5.213297919138807,4,14.64,6.37,19.84,10.28,7.17,17.08,5.77,17.44,17.83,41.58,16.77
1175,5.213297919138807,4,14.58,6.34,19.84,10.32,7.11,17.01,5.75,17.36,17.75,41.32,16.63
1176,5.213297919138807,4,14.58,6.34,19.84,10.28,7.06,17.01,5.77,17.29,17.75,40.29,16.63
1177,5.213297919138807,4,14.64,6.34,19.84,10.28,7.11,17.01,5.77,17.36,17.83,39.79,16.63
1178,5.213297919138807,4,14.64,6.37,19.75,10.28,7.09,17.01,5.77,17.44,17.75,41.58,16.63
1179,5.213297919138807,4,14.64,6.37,19.84,10.32,7.09,17.08,5.77,17.67,17.83,45.57,16.63
1180,5.213297919138807,4,14.64,6.37,19.84,10.32,7.09,17.08,5.77,17.44,17.83,41.58,16.77
1181,5.213297919138807,4,14.64,6.37,19.84,10.32,7.09,17.08,5.8,17.59,17.83,40.54,17.12
1182,5.213297919138807,4,14.64,6.37,19.84,10.32,7.03,17.08,5.77,17.51,17.75,41.32,16.56
1183,5.213297919138807,4,14.64,6.37,19.75,10.32,7.03,17.08,5.77,17.44,17.83,40.54,16.7
1184,5.213297919138807,4,14.64,6.37,19.84,10.32,7,17.08,5.8,17.51,17.83,41.05,16.63
1185,5.213297919138807,4,14.69,6.37,19.84,10.32,7.03,17.08,5.8,17.44,17.83,41.05,16.63
1186,5.213297919138807,4,14.69,6.39,19.84,10.37,7.06,17.15,5.8,17.44,17.83,41.32,16.7
1187,5.213297919138807,4,14.69,6.39,19.84,10.37,7.06,17.15,5.8,17.44,17.83,42.11,16.77
1188,5.213297919138807,4,14.75,6.39,19.75,10.41,7.06,17.15,5.8,17.59,17.91,39.55,16.63
1189,5.213297919138807,4,14.69,6.37,19.84,10.37,7.06,17.15,5.8,17.51,17.91,41.58,16.7
1190,5.213297919138807,4,14.69,6.37,19.75,10.37,7.03,17.08,5.77,17.36,17.83,39.06,16.63
1191,5.213297919138807,4,14.69,6.39,19.84,10.37,7.06,17.08,5.77,17.44,17.75,41.84,16.7
1192,5.213297919138807,4,14.69,6.39,19.75,10.37,7.06,17.15,5.77,17.59,17.83,44.07,16.56
1193,5.213297919138807,4,14.69,6.39,19.75,10.37,7.09,17.08,5.8,17.59,17.75,42.11,16.63
1194,5.213297919138807,4,14.69,6.39,19.75,10.41,7.11,17.15,5.8,17.51,17.75,42.94,16.7
1195,5.213297919138807,4,14.75,6.42,19.75,10.37,7.11,17.15,5.8,17.29,17.83,41.32,16.77
1196,5.213297919138807,4,14.75,6.39,19.75,10.37,7.11,17.15,5.8,17.29,17.83,41.58,16.84
1197,5.213297919138807,4,14.75,6.42,19.75,10.41,7.14,17.15,5.8,17.29,17.83,41.58,16.84
1198,5.213297919138807,4,14.52,6.37,19.67,10.32,7.06,17.08,5.75,17.07,17.75,41.32,16.7
1199,5.213297919138807,4,14.64,6.42,19.75,10.41,7.14,17.15,5.8,17.29,17.83,38.83,16.77
1200,5.213297919138807,4,14.58,6.39,19.67,10.41,7.11,17.08,5.8,17.22,17.83,41.32,16.7
1201,5.2269148542287835,4,14.75,6.39,19.75,10.41,7.14,17.15,5.8,15.83,17.83,41.05,16.63
1202,5.2269148542287835,4,14.75,6.39,19.75,10.45,7.11,17.15,5.8,15.89,17.83,41.32,16.56
1203,5.2269148542287835,4,14.75,6.42,19.75,10.41,7.11,17.15,5.77,16.02,17.83,41.58,16.49
1204,5.2269148542287835,4,14.75,6.39,19.75,10.41,7.09,17.15,5.8,16.23,17.83,38.83,16.49
1205,5.2269148542287835,4,14.69,6.39,19.84,10.41,7.11,17.15,5.77,16.16,17.83,39.55,16.22
1206,5.2269148542287835,4,14.58,6.39,19.67,10.41,7.11,17.15,5.77,15.96,17.83,38.59,16.49
1207,5.2269148542287835,4,14.52,6.32,19.67,10.28,7.06,16.93,5.7,15.83,17.75,41.32,16.28
1208,5.2269148542287835,4,14.64,6.37,19.67,10.37,7.09,17.08,5.75,15.89,17.75,40.8,16.56
1209,5.2269148542287835,4,14.64,6.37,19.67,10.37,7.06,17.08,5.75,15.96,17.83,41.58,16.49
1210,5.2269148542287835,4,14.64,6.37,19.67,10.41,7.09,17.08,5.75,16.09,17.83,41.32,14.88
1211,5.2269148542287835,4,14.64,6.39,19.67,10.41,7.11,17.08,5.77,15.89,17.83,40.04,17.49
1212,5.2269148542287835,4,14.69,6.39,19.67,10.41,7.09,17.15,5.77,15.89,17.83,41.58,16.35
1213,5.2269148542287835,4,14.69,6.42,19.67,10.41,7.14,17.15,5.8,15.96,17.83,41.32,16.49
1214,5.2269148542287835,4,14.52,6.29,19.49,10.28,7,16.93,5.68,15.69,17.67,41.32,16.35
1215,5.2269148542287835,4,14.58,6.34,19.58,10.32,7.06,17.01,5.73,16.5,17.75,41.05,17.27
1216,5.2269148542287835,4,13.78,5.81,18.83,9.66,6.48,16.04,5.28,15.44,17.03,39.06,16.28
1217,5.2269148542287835,4,13.45,5.69,18.67,9.51,6.35,15.84,5.19,15.25,16.87,39.55,15.75
1218,5.2269148542287835,4,13.45,5.72,18.67,9.55,6.4,15.91,5.21,15.5,16.95,40.8,15.31
1219,5.2269148542287835,4,13.34,5.64,18.59,9.47,6.27,15.78,5.17,15.18,16.87,37.22,15.43
1220,5.2269148542287835,4,13.4,5.6,18.51,9.43,6.25,15.78,5.13,15.25,16.72,38.59,15
1221,5.2269148542287835,4,13.29,5.6,18.51,9.43,6.27,15.78,5.13,15.12,16.79,39.06,13.67
1222,5.2269148542287835,4,13.18,5.57,18.43,9.36,6.19,15.65,5.06,15.12,16.64,38.12,15.75
1223,5.2269148542287835,4,13.18,5.57,18.43,9.4,6.22,15.71,5.11,15.12,16.72,37.9,14.64
1224,5.2269148542287835,4,13.24,5.62,18.43,9.43,6.25,15.78,5.11,15.18,16.72,36.35,13.78
1225,5.2269148542287835,4,13.29,5.64,18.43,9.47,6.3,15.78,5.15,15,16.79,38.12,15.5
1226,5.2269148542287835,4,13.08,5.52,18.27,9.29,6.14,15.58,5.02,15.06,16.57,37.67,14.88
1227,5.2269148542287835,4,13.08,5.5,18.27,9.29,6.12,15.52,5,15.06,16.57,37,15.37
1228,5.2269148542287835,4,13.08,5.55,18.27,9.32,6.17,15.65,5.04,15.18,16.57,38.12,15.62
1229,5.2269148542287835,4,13.08,5.52,18.27,9.32,6.14,15.58,5.02,15,16.64,40.54,15.88
1230,5.2269148542287835,4,13.13,5.55,18.27,9.32,6.14,15.65,5.04,15.06,16.64,37.44,13.78
1231,5.2269148542287835,4,13.18,5.55,18.27,9.32,6.12,15.58,5.02,15.06,16.64,37.9,13.78
1232,5.2269148542287835,4,13.08,5.55,18.19,9.32,6.14,15.58,5.04,15,16.57,37.67,14.82
1233,5.2269148542287835,4,13.08,5.55,18.19,9.32,6.17,15.58,5.04,14.93,16.57,37.22,15.69
1234,5.2269148542287835,4,13.08,5.55,18.19,9.32,6.14,15.58,5.04,15,16.57,37.44,14.94
1235,5.2269148542287835,4,13.08,5.52,18.11,9.32,6.14,15.58,5.02,14.93,16.57,38.36,15.06
1236,5.2269148542287835,4,13.03,5.52,18.19,9.32,6.12,15.58,5.02,15,16.57,39.55,13.78
1237,5.2269148542287835,4,13.24,5.6,18.19,9.4,6.17,15.71,5.06,16.16,16.64,37.67,13.89
1238,5.2269148542287835,4,13.34,5.62,18.19,9.4,6.22,15.71,5.06,16.43,16.57,37.67,14
1239,5.2269148542287835,4,13.45,5.67,18.27,9.51,6.3,15.78,5.13,16.5,16.64,38.12,14.06
1240,5.2269148542287835,4,13.45,5.72,18.27,9.55,6.32,15.84,5.15,16.43,16.72,37.67,15.82
1241,5.2269148542287835,4,13.45,5.69,18.27,9.51,6.3,15.84,5.15,16.5,16.72,37.9,14.11
1242,5.2269148542287835,4,13.4,5.67,18.19,9.43,6.22,15.71,5.09,16.3,16.64,37.67,14
1243,5.2269148542287835,4,13.4,5.69,18.19,9.51,6.25,15.78,5.13,16.23,16.72,38.12,14.06
1244,5.2269148542287835,4,13.56,5.76,18.35,9.58,6.35,15.91,5.19,16.43,16.72,38.12,14.23
1245,5.2269148542287835,4,13.61,5.81,18.43,9.66,6.4,16.04,5.23,16.57,16.87,38.12,14.23
1246,5.2269148542287835,4,14.75,6.55,19.33,10.61,7.2,17.37,5.84,17.29,17.83,40.8,15.5
1247,5.2269148542287835,4,14.75,6.58,19.33,10.61,7.17,17.37,5.87,17.29,17.83,40.29,15.56
1248,5.2269148542287835,4,14.81,6.63,19.33,10.74,7.23,17.37,5.89,17.29,17.91,41.05,16.91
1249,5.2269148542287835,4,14.81,6.61,19.33,10.65,7.23,17.37,5.87,17.29,17.67,41.32,15.56
1250,5.2269148542287835,4,14.81,6.61,19.41,10.65,7.2,17.37,5.87,17.29,17.58,41.32,15.75
1251,5.2269148542287835,4,14.87,6.61,19.41,10.7,7.23,17.37,5.87,17.36,17.91,41.32,15.75
1252,5.2269148542287835,4,14.81,6.61,19.41,10.7,7.23,17.37,5.89,17.36,18,41.32,15.69
1253,5.2269148542287835,4,14.81,6.58,19.33,10.65,7.17,17.22,5.84,17.29,18,41.05,17.41
1254,5.2269148542287835,4,13.89,5.96,18.51,9.89,6.56,16.24,5.34,16.64,17.34,40.29,14.7
1255,5.2269148542287835,4,14.11,6.11,18.83,10.05,6.75,16.44,5.45,16.93,17.5,39.79,15
1256,5.2269148542287835,4,14.64,6.5,19.16,10.53,7.09,17.15,5.77,17.29,17.75,41.05,15.5
1257,5.2269148542287835,4,14.69,6.5,19.24,10.53,7.14,17.15,5.77,17.74,17.67,44.37,15.37
1258,5.2269148542287835,4,14.46,6.37,19.07,10.41,7,16.93,5.66,17.14,17.5,38.83,15.25
1259,5.2269148542287835,4,14.4,6.32,18.99,10.32,6.94,16.86,5.61,16.93,17.42,40.54,15.12
1260,5.2269148542287835,4,14.58,6.42,19.16,10.45,7.03,17.01,5.7,17.14,17.5,41.58,15.25
1261,5.2316693607181595,4,14.52,6.37,19.07,10.41,7,16.93,5.66,17.07,17.42,46.19,15.25
1262,5.2316693607181595,4,14.52,6.42,19.07,10.45,7.03,17.01,5.68,17.14,17.42,40.8,16.28
1263,5.2316693607181595,4,14.64,6.47,19.07,10.49,7.03,17.01,5.7,17.29,17.42,41.84,16.84
1264,5.2316693607181595,4,14.64,6.42,19.07,10.45,7.03,17.01,5.7,17.22,17.5,41.58,15.18
1265,5.2316693607181595,4,14.58,6.39,19.16,10.45,7.09,17.01,5.7,17.22,17.26,42.11,15.18
1266,5.2316693607181595,4,14.58,6.42,19.07,10.41,7.06,16.93,5.7,17.14,17.18,40.29,16.56
1267,5.2316693607181595,4,13.56,5.72,18.11,9.55,6.32,15.71,5.11,16.23,16.64,38.36,14.06
1268,5.2316693607181595,4,14.11,6.11,18.83,10.05,6.75,16.44,5.45,17.07,17.1,38.59,16.63
1269,5.2316693607181595,4,14.4,6.32,18.91,10.32,6.94,16.86,5.61,17.14,17.34,40.29,16.7
1270,5.2316693607181595,4,14.64,6.45,19.07,10.49,7.11,17.01,5.7,17.22,17.5,41.58,16.02
1271,5.2316693607181595,4,14.75,6.55,19.33,10.65,7.23,17.22,5.82,17.44,17.5,46.19,17.41
1272,5.2316693607181595,4,14.87,6.58,19.33,10.7,7.23,17.3,5.84,17.22,17.03,41.58,16.63
1273,5.2316693607181595,4,14.75,6.58,19.24,10.61,7.17,17.22,5.8,17.67,16.95,38.36,16.35
1274,5.2316693607181595,4,14.52,6.39,18.99,10.45,7,16.93,5.66,17.29,16.64,41.58,17.49
1275,5.2316693607181595,4,13.61,5.94,18.35,9.77,6.51,16.04,5.26,16.5,16.12,39.06,15.88
1276,5.2316693607181595,4,13.24,5.62,17.96,9.4,6.19,15.52,5,16.36,16.05,37.22,15.12
1277,5.2316693607181595,4,13.89,6.16,18.67,10.05,6.67,16.44,5.45,17.36,16.72,41.05,15.75
1278,5.2316693607181595,4,13.24,5.69,17.73,9.55,6.22,15.65,5.02,16.16,16.12,37.67,15.88
1279,5.2316693607181595,4,14.11,6.32,18.83,10.24,6.86,16.65,5.54,17.07,16.87,39.79,16.63
1280,5.2316693607181595,4,14.11,6.29,18.75,10.2,6.83,16.65,5.54,16.86,16.79,40.04,16.22
1281,5.2316693607181595,4,13.94,6.16,18.67,10.08,6.72,16.44,5.43,16.86,16.72,39.79,14.64
1282,5.2316693607181595,4,14.06,6.24,18.75,10.12,6.78,16.51,5.48,16.86,16.79,39.55,16.15
1283,5.2316693607181595,4,14.06,6.24,18.67,10.12,6.78,16.51,5.48,16.71,16.72,40.54,16.42
1284,5.2316693607181595,4,14.06,6.24,18.67,10.12,6.78,16.51,5.48,17,16.72,37.9,14.88
1285,5.2316693607181595,4,14.06,6.24,18.67,10.16,6.78,16.51,5.48,17.14,16.72,39.3,14.76
1286,5.2316693607181595,4,13.89,6.14,18.43,10.01,6.61,16.31,5.36,16.71,16.49,38.59,16.02
1287,5.2316693607181595,4,14.06,6.24,18.67,10.16,6.75,16.51,5.48,16.86,16.64,41.32,15.12
1288,5.2316693607181595,4,14.06,6.26,18.67,10.16,6.75,16.51,5.5,17.14,16.64,38.59,14.88
1289,5.2316693607181595,4,14.17,6.32,18.75,10.24,6.83,16.65,5.52,17.22,16.64,38.12,15
1290,5.2316693607181595,4,14.11,6.29,18.75,10.2,6.78,16.58,5.52,17.14,16.64,40.29,15.06
1291,5.2316693607181595,4,14.06,6.26,18.67,10.16,6.75,16.51,5.48,17.14,16.64,39.79,15.88
1292,5.2316693607181595,4,13.94,6.24,18.67,10.16,6.75,16.51,5.48,17.14,16.72,39.06,16.02
1293,5.2316693607181595,4,14.06,6.26,18.67,10.16,6.78,16.51,5.48,17.14,16.72,39.55,16.08
1294,5.2316693607181595,4,14,6.21,18.67,10.05,6.7,16.38,5.43,17.22,16.64,39.3,16.35
1295,5.2316693607181595,4,14.06,6.24,18.59,10.12,6.67,16.44,5.45,17,16.72,39.79,15.95
1296,5.2316693607181595,4,14.06,6.26,18.59,10.16,6.7,16.51,5.48,17.14,16.72,38.36,15.88
1297,5.2316693607181595,4,14.11,6.29,18.67,10.2,6.72,16.58,5.48,17.14,16.72,39.06,15.75
1298,5.2316693607181595,4,14.11,6.29,18.67,10.2,6.72,16.51,5.5,17.07,16.72,40.54,15.88
1299,5.2316693607181595,4,14.06,6.26,18.59,10.16,6.7,16.44,5.45,17.22,16.72,39.55,15.88
1300,5.2316693607181595,4,14.06,6.26,18.59,10.16,6.72,16.51,5.48,17.22,16.72,39.55,15.75
1301,5.2316693607181595,4,14.06,6.26,18.59,10.16,6.72,16.44,5.45,17.44,16.72,40.54,15.82
1302,5.2316693607181595,4,14.06,6.26,18.59,10.2,6.72,16.51,5.48,17.22,16.72,39.55,15.75
1303,5.2316693607181595,4,14.06,6.29,18.59,10.2,6.72,16.51,5.45,17.29,16.72,39.79,15.69
1304,5.2316693607181595,4,14.11,6.29,18.67,10.16,6.78,16.51,5.5,17.14,16.79,42.11,15.75
1305,5.2316693607181595,4,14.11,6.32,18.59,10.24,6.75,16.58,5.5,17,16.79,41.05,15.82
1306,5.2316693607181595,4,14.11,6.32,18.67,10.24,6.78,16.58,5.5,17.07,16.79,39.55,15.69
1307,5.2316693607181595,4,14.11,6.34,18.67,10.28,6.81,16.58,5.5,17.74,16.87,38.59,15.56
1308,5.2316693607181595,4,14.11,6.32,18.59,10.24,6.78,16.51,5.48,17.07,16.87,37.67,15.69
1309,5.2316693607181595,4,14.34,6.47,18.83,10.45,7,16.79,5.63,17.51,17.1,39.55,17.12
1310,5.2316693607181595,4,14.11,6.32,18.59,10.24,6.83,16.51,5.5,17.22,16.87,39.55,15.56
1311,5.2316693607181595,4,14.11,6.34,18.59,10.28,6.89,16.58,5.52,17,16.87,39.06,15.56
1312,5.2316693607181595,4,13.56,5.96,17.96,9.81,6.45,15.91,5.17,16.64,16.34,38.59,15
1313,5.2316693607181595,4,14.11,6.29,18.59,10.24,6.86,16.51,5.48,17.36,16.87,39.06,14.88
1314,5.2316693607181595,4,14.06,6.26,18.59,10.2,6.81,16.44,5.43,17.07,17.1,39.3,14.82
1315,5.2316693607181595,4,14.28,6.45,18.75,10.41,7.03,16.79,5.59,17.44,17.03,39.3,16.02
1316,5.2316693607181595,4,14.06,6.26,18.59,10.2,6.83,16.51,5.45,17.22,16.79,40.29,15.56
1317,5.2316693607181595,4,14.28,6.37,18.75,10.37,6.92,16.72,5.57,15.76,17.03,38.59,16.02
1318,5.2316693607181595,4,13.24,5.69,17.73,9.51,6.19,15.52,4.98,16.09,16.12,38.83,14
1319,5.2316693607181595,4,14.06,6.26,18.51,10.2,6.83,16.44,5.45,17,16.79,39.3,15
1320,5.2316693607181595,4,14.11,6.29,18.59,10.2,6.81,16.51,5.48,16.93,16.79,39.3,14.94
1321,5.239673136999486,4,14.06,6.26,18.51,10.16,6.7,16.44,5.43,17.07,16.79,39.06,14.88
1322,5.239673136999486,4,14.06,6.26,18.59,10.2,6.72,16.44,5.45,15.83,16.87,39.3,15.06
1323,5.239673136999486,4,14.06,6.29,18.59,10.2,6.72,16.44,5.45,15.76,16.87,39.3,15
1324,5.239673136999486,4,14.11,6.29,18.59,10.24,6.72,16.51,5.45,15.63,16.87,37.44,16.28
1325,5.239673136999486,4,14.06,6.26,18.51,10.16,6.67,16.44,5.43,15.69,16.79,39.3,14.94
1326,5.239673136999486,4,14.11,6.29,18.43,10.2,6.72,16.44,5.45,17.59,16.72,44.37,14.94
1327,5.239673136999486,4,14.17,6.32,18.51,10.24,6.78,16.51,5.48,17.74,16.72,38.36,14.94
1328,5.239673136999486,4,13.24,5.69,17.81,9.47,6.12,15.39,4.98,16.09,15.91,37.22,14
1329,5.239673136999486,4,14.06,6.26,18.43,10.16,6.7,16.38,5.41,17.22,16.57,41.84,14.82
1330,5.239673136999486,4,14.11,6.32,18.51,10.2,6.72,16.44,5.45,17.22,16.64,38.83,15.25
1331,5.239673136999486,4,14.11,6.29,18.43,10.2,6.72,16.51,5.48,17.29,16.72,38.83,15.31
1332,5.239673136999486,4,14.23,6.39,18.59,10.32,6.78,16.58,5.52,17.29,16.79,39.79,15.5
1333,5.239673136999486,4,14.28,6.39,18.59,10.37,6.83,16.58,5.54,17.36,16.79,39.79,15.62
1334,5.239673136999486,4,14.17,6.34,18.51,10.28,6.78,16.51,5.48,16.86,16.72,40.29,15.31
1335,5.239673136999486,4,14.11,6.32,18.51,10.24,6.78,16.44,5.48,17.07,16.72,39.79,16.91
1336,5.239673136999486,4,14.11,6.32,18.51,10.24,6.75,16.44,5.45,16.93,16.79,39.79,15.31
1337,5.239673136999486,4,14.06,6.26,18.51,10.12,6.72,16.31,5.41,17.82,16.64,37,15.31
1338,5.239673136999486,4,14.17,6.34,18.51,10.24,6.81,16.44,5.45,17.51,16.79,39.06,15.06
1339,5.239673136999486,4,14.23,6.37,18.51,10.32,6.83,16.51,5.5,17.07,16.79,40.54,15.06
1340,5.239673136999486,4,14.17,6.34,18.51,10.28,6.81,16.44,5.48,17.14,16.79,40.04,15
1341,5.239673136999486,4,14.34,6.45,18.75,10.41,6.89,16.65,5.57,17.14,16.87,39.3,15.25
1342,5.239673136999486,4,13.67,5.99,17.81,9.89,6.43,15.91,5.17,16.71,16.34,38.12,15
1343,5.239673136999486,4,14.17,6.32,18.43,10.24,6.78,16.38,5.45,17.59,16.64,37.9,15.12
1344,5.239673136999486,4,14.11,6.32,18.43,10.24,6.78,16.38,5.45,17.67,16.72,39.55,15.5
1345,5.239673136999486,4,14.11,6.32,18.43,10.24,6.78,16.38,5.45,17.51,16.57,39.3,16.15
1346,5.239673136999486,4,14.17,6.32,18.67,10.24,6.78,16.44,5.45,17.22,16.64,39.55,15.12
1347,5.239673136999486,4,14.17,6.29,18.51,10.24,6.78,16.44,5.45,17.07,16.64,38.59,16.28
1348,5.239673136999486,4,14.17,6.32,18.51,10.24,6.81,16.44,5.45,17.36,16.72,39.06,16.08
1349,5.239673136999486,4,14.11,6.29,18.43,10.2,6.78,16.38,5.43,17.36,16.64,40.54,15.12
1350,5.239673136999486,4,14.11,6.29,18.35,10.2,6.75,16.38,5.43,17.36,16.57,39.06,15
1351,5.239673136999486,4,14.06,6.29,18.35,10.2,6.75,16.31,5.41,17.29,16.49,39.55,15.06
1352,5.239673136999486,4,14.06,6.24,18.51,10.16,6.7,16.24,5.39,17.44,16.49,36.78,16.08
1353,5.239673136999486,4,14.06,6.26,18.35,10.2,6.72,16.31,5.41,17.22,16.49,38.36,15.06
1354,5.239673136999486,4,14.17,6.29,18.59,10.24,6.75,16.17,5.41,15.76,16.79,39.55,15.12
1355,5.239673136999486,4,14.23,6.32,18.67,10.28,6.78,16.51,5.43,15.83,16.87,39.79,16.49
1356,5.239673136999486,4,14.11,6.26,18.59,10.2,6.72,16.38,5.41,15.69,16.72,40.54,15.06
1357,5.239673136999486,4,13.29,5.72,17.73,9.55,6.12,15.33,4.94,16.09,15.91,37,14.17
1358,5.239673136999486,4,14.11,6.29,18.43,10.2,6.72,16.31,5.41,15.63,16.64,39.55,15
1359,5.239673136999486,4,14.11,6.29,18.51,10.24,6.75,16.31,5.41,15.63,16.49,38.83,14.94
1360,5.239673136999486,4,14.11,6.32,18.43,10.24,6.75,16.31,5.43,15.69,17.1,38.12,15.18
1361,5.239673136999486,4,14.17,6.32,18.43,10.28,6.78,16.38,5.43,15.69,17.1,39.06,15.06
1362,5.239673136999486,4,14.11,6.32,18.43,10.24,6.75,16.31,5.43,15.63,16.87,38.83,15.18
1363,5.239673136999486,4,14.11,6.29,18.35,10.2,6.72,16.31,5.41,15.69,16.95,38.12,15.06
1364,5.239673136999486,4,14.11,6.32,18.35,10.24,6.7,16.31,5.43,15.63,16.95,38.83,15.25
1365,5.239673136999486,4,14.11,6.29,18.35,10.24,6.7,16.31,5.41,15.63,16.72,37.9,16.42
1366,5.239673136999486,4,14.17,6.34,18.43,10.28,6.81,16.38,5.43,15.76,16.57,38.59,16.28
1367,5.239673136999486,4,14.28,6.42,18.67,10.41,6.83,16.58,5.52,15.83,16.87,44.37,15.56
1368,5.239673136999486,4,14.06,6.32,18.35,10.28,6.72,16.31,5.41,15.83,16.64,39.3,15.12
1369,5.239673136999486,4,14,6.32,18.27,10.24,6.72,16.31,5.41,16.02,16.57,38.36,15.06
1370,5.239673136999486,4,14,6.29,18.35,10.2,6.67,16.24,5.39,15.96,16.49,39.55,15.06
1371,5.239673136999486,4,13.94,6.24,18.43,10.16,6.67,16.17,5.39,15.69,16.49,37.22,16.35
1372,5.239673136999486,4,13.89,6.26,18.11,10.16,6.64,16.17,5.36,15.69,16.34,38.59,16.02
1373,5.239673136999486,4,13.94,6.26,18.19,10.2,6.67,16.17,5.36,15.69,16.42,38.59,15.06
1374,5.239673136999486,4,13.94,6.26,18.27,10.2,6.67,16.17,5.39,15.56,16.42,39.3,15
1375,5.239673136999486,4,13.94,6.29,18.35,10.24,6.7,16.24,5.39,15.63,16.49,38.59,16.42
1376,5.239673136999486,4,13.94,6.29,18.35,10.24,6.7,16.24,5.39,15.69,16.57,40.29,15.06
1377,5.239673136999486,4,13.89,6.29,18.35,10.28,6.7,16.24,5.39,15.69,16.49,40.04,16.22
1378,5.239673136999486,4,13.89,6.26,18.27,10.24,6.7,16.24,5.39,17.14,16.34,37.44,14.94
1379,5.239673136999486,4,13.94,6.29,18.43,10.28,6.72,16.31,5.43,17.14,16.57,38.59,15.12
1380,5.239673136999486,4,13.89,6.29,18.35,10.28,6.75,16.24,5.41,17.29,16.34,39.06,16.28
1381,5.257494181321206,4,14.06,6.29,18.35,10.28,6.72,16.31,5.41,17.36,16.34,39.55,15.06
1382,5.257494181321206,4,13.83,6.29,18.27,10.28,6.75,16.24,5.41,17.36,16.42,38.83,15.25
1383,5.257494181321206,4,13.89,6.29,18.27,10.28,6.75,16.24,5.41,17.51,16.42,39.3,15.31
1384,5.257494181321206,4,13.83,6.29,18.35,10.28,6.75,16.24,5.41,17.14,16.34,39.06,15.06
1385,5.257494181321206,4,13.78,6.26,18.27,10.24,6.72,16.24,5.39,17.07,16.2,38.36,15.06
1386,5.257494181321206,4,13.78,6.26,18.27,10.24,6.72,16.24,5.41,17.14,16.12,39.06,15
1387,5.257494181321206,4,13.78,6.26,18.27,10.28,6.72,16.24,5.39,17.07,16.27,39.55,15.25
1388,5.257494181321206,4,13.78,6.26,18.27,10.24,6.7,16.17,5.39,17.07,16.2,39.3,15.06
1389,5.257494181321206,4,13.78,6.24,18.27,10.24,6.7,16.17,5.39,17.44,16.34,38.59,15
1390,5.257494181321206,4,13.78,6.24,18.27,10.24,6.72,16.17,5.41,16.93,16.42,39.3,16.63
1391,5.257494181321206,4,13.78,6.24,18.27,10.24,6.7,16.17,5.39,17,16.49,38.36,15.12
1392,5.257494181321206,4,13.72,6.26,18.19,10.24,6.7,16.11,5.36,17.07,16.42,43.78,15
1393,5.257494181321206,4,13.78,6.24,18.19,10.2,6.67,16.11,5.36,17.14,16.27,40.29,15
1394,5.257494181321206,4,13.78,6.24,18.19,10.2,6.7,16.11,5.36,17,16.34,38.59,15.31
1395,5.257494181321206,4,13.83,6.29,18.27,10.28,6.72,16.17,5.39,17.22,16.34,39.79,15.69
1396,5.257494181321206,4,13.94,6.29,18.27,10.28,6.72,16.17,5.39,17.44,16.34,39.06,15.06
1397,5.257494181321206,4,13.94,6.32,18.19,10.28,6.75,16.17,5.41,17.44,22.56,40.04,15.06
1398,5.257494181321206,4,13.94,6.32,18.11,10.28,6.72,16.11,5.41,17.36,21.99,38.12,17.05
1399,5.257494181321206,4,14,6.32,18.19,10.28,6.75,16.17,5.43,17.44,20.29,38.36,15.12
1400,5.257494181321206,4,14.06,6.32,18.19,10.28,6.75,16.17,5.41,17.89,19.71,38.59,15.18
1401,5.257494181321206,4,14,6.32,18.27,10.28,6.72,16.17,5.39,17.67,16.27,38.59,15.25
1402,5.257494181321206,4,13.94,6.29,18.35,10.28,6.75,16.24,5.39,17.29,16.34,40.29,15.18
1403,5.257494181321206,4,14,6.32,18.27,10.28,6.75,16.24,5.41,17.29,16.34,38.59,15.06
1404,5.257494181321206,4,14,6.32,18.27,10.32,6.75,16.24,5.39,17.29,16.34,39.55,15.25
1405,5.257494181321206,4,14,6.32,18.27,10.32,6.75,16.24,5.39,17.36,16.27,39.06,15.37
1406,5.257494181321206,4,14,6.32,18.27,10.28,6.75,16.24,5.41,17.29,16.34,38.83,15.18
1407,5.257494181321206,4,13.61,6.06,17.88,10.01,6.43,15.78,5.17,16.93,15.98,39.3,15.31
1408,5.257494181321206,4,13.89,6.26,17.88,10.08,6.67,16.17,5.36,17.22,16.2,39.55,15.12
1409,5.257494181321206,4,13.34,5.81,17.66,9.73,6.25,15.45,5.02,16.78,15.7,37.9,14.4
1410,5.257494181321206,4,13.89,6.24,18.19,10.24,6.7,16.17,5.36,17.22,16.12,39.06,15
1411,5.257494181321206,4,13.89,6.24,18.19,10.28,6.7,16.24,5.36,17.36,16.2,39.06,15.82
1412,5.257494181321206,4,13.78,6.26,18.27,10.32,6.75,16.24,5.36,17.44,16.27,38.83,15.12
1413,5.257494181321206,4,13.72,6.26,18.27,10.32,6.75,16.24,5.39,17.44,16.2,39.3,15.12
1414,5.257494181321206,4,13.67,6.24,18.27,10.28,6.72,16.24,5.36,17.44,16.12,39.55,16.42
1415,5.257494181321206,4,13.78,6.26,18.27,10.32,6.75,16.31,5.39,17.51,16.2,39.55,15.18
1416,5.257494181321206,4,13.72,6.26,18.27,10.32,6.7,16.24,5.39,17.36,16.2,38.83,16.49
1417,5.257494181321206,4,13.67,6.21,18.27,10.28,6.67,16.17,5.36,17.44,16.2,40.54,15.06
1418,5.257494181321206,4,12.98,5.69,17.58,9.62,6.14,15.33,4.94,16.86,15.56,39.06,14.52
1419,5.257494181321206,4,12.87,5.64,17.66,9.58,6.12,15.26,4.92,16.78,15.49,36.35,15.31
1420,5.257494181321206,4,12.77,5.57,17.43,9.47,6.02,15.14,4.84,16.57,15.42,34.71,14.23
1421,5.257494181321206,4,12.87,5.64,17.51,9.55,6.09,15.26,4.9,16.57,15.49,36.78,14.34
1422,5.257494181321206,4,13.83,6.29,18.43,10.41,6.78,16.44,5.43,17.29,16.2,39.06,15.31
1423,5.257494181321206,4,13.83,6.32,18.35,10.41,6.78,16.38,5.41,17.29,16.12,39.06,15.5
1424,5.257494181321206,4,13.94,6.37,18.43,10.49,6.83,16.51,5.48,17.44,16.2,39.55,15.5
1425,5.257494181321206,4,13.24,5.86,17.73,9.89,6.35,15.65,5.09,16.86,15.63,37.44,14.76
1426,5.257494181321206,4,13.94,6.37,18.43,10.45,6.83,16.44,5.48,17.67,16.2,39.79,17.27
1427,5.257494181321206,4,12.92,5.67,17.58,9.62,6.09,15.26,4.92,16.71,15.35,37,14.29
1428,5.257494181321206,4,13.83,6.24,18.27,10.32,6.72,16.31,5.39,17.36,15.98,38.36,16.63
1429,5.257494181321206,4,13.83,6.24,18.27,10.32,6.72,16.31,5.36,17.22,16.05,37.22,16.77
1430,5.257494181321206,4,13.78,6.24,18.27,10.32,6.72,16.24,5.36,17.36,15.98,39.55,16.28
1431,5.257494181321206,4,13.78,6.24,18.27,10.37,6.7,16.24,5.36,17.44,15.98,39.79,15.25
1432,5.257494181321206,4,13.78,6.24,18.27,10.32,6.72,16.24,5.39,17.44,15.98,39.55,16.35
1433,5.257494181321206,4,13.78,6.24,18.27,10.37,6.72,16.24,5.39,17.44,15.91,39.79,16.56
1434,5.257494181321206,4,13.78,6.24,18.27,10.32,6.72,16.24,5.39,17.29,16.87,38.59,15.18
1435,5.257494181321206,4,13.89,6.29,18.27,10.41,6.75,16.31,5.41,17.44,16.95,39.06,15.25
1436,5.257494181321206,4,13.83,6.29,18.35,10.41,6.78,16.31,5.41,17.36,17.03,41.05,15.31
1437,5.257494181321206,4,13.78,6.26,18.27,10.37,6.75,16.24,5.39,17.36,16.95,38.83,16.22
1438,5.257494181321206,4,13.78,6.26,18.27,10.37,6.75,16.31,5.39,17.44,16.87,38.83,16.35
1439,5.257494181321206,4,13.78,6.26,18.27,10.37,6.75,16.24,5.39,17.44,16.87,43.78,16.22
1440,5.257494181321206,4,13.78,6.24,18.27,10.37,6.72,16.24,5.39,17.44,16.72,39.06,15.25
1441,5.298932060627791,4,13.72,6.24,18.19,10.37,6.72,16.24,5.36,17.36,16.72,38.59,16.28
1442,5.298932060627791,4,13.78,6.26,18.27,10.41,6.75,16.31,5.41,17.51,16.79,38.36,15.25
1443,5.298932060627791,4,13.72,6.19,18.35,10.24,6.7,16.11,5.34,17.44,16.79,38.36,15.18
1444,5.298932060627791,4,13.72,6.19,18.19,10.28,6.64,16.11,5.32,17.29,16.72,38.83,15.12
1445,5.298932060627791,4,13.72,6.24,18.19,10.32,6.67,16.17,5.34,17.36,16.87,39.3,15.18
1446,5.298932060627791,4,13.72,6.26,18.11,10.32,6.7,16.17,5.34,17.44,16.79,39.55,15.12
1447,5.298932060627791,4,13.72,6.26,18.11,10.32,6.72,16.11,5.36,17.29,16.87,38.36,15.06
1448,5.298932060627791,4,13.72,6.26,18.11,10.32,6.72,16.11,5.36,17.36,16.87,39.55,15.12
1449,5.298932060627791,4,13.72,6.26,18.11,10.32,6.7,16.11,5.34,17.29,16.79,38.83,15.12
1450,5.298932060627791,4,13.67,6.26,18.04,10.32,6.7,16.04,5.32,17.29,16.72,37.22,15.12
1451,5.298932060627791,4,13.61,6.24,18.04,10.24,6.67,15.97,5.34,17.14,16.64,36.35,15
1452,5.298932060627791,4,13.67,6.29,18.04,10.32,6.7,16.04,5.34,17.22,16.72,38.59,15.56
1453,5.298932060627791,4,13.72,6.26,18.04,10.32,6.72,16.11,5.34,17.36,16.72,38.83,15.06
1454,5.298932060627791,4,13.83,6.37,18.19,10.45,6.83,16.24,5.43,17.36,16.79,39.06,15.31
1455,5.298932060627791,4,13.83,6.39,18.27,10.49,6.83,16.31,5.45,17.44,16.79,40.54,15.82
1456,5.298932060627791,4,13.78,6.37,18.19,10.41,6.81,16.17,5.41,17.36,16.79,39.06,15.25
1457,5.298932060627791,4,13.83,6.37,18.27,10.45,6.81,16.24,5.43,17.44,16.79,38.36,15.5
1458,5.298932060627791,4,13.72,6.32,18.19,10.37,6.72,16.11,5.39,17.59,16.72,39.06,15.5
1459,5.298932060627791,4,13.78,6.32,18.19,10.41,6.72,16.17,5.36,17.44,16.79,40.04,15.25
1460,5.298932060627791,4,13.56,6.16,18.04,10.2,6.59,15.91,5.26,17.36,16.72,37.44,15.06
1461,5.298932060627791,4,13.78,6.32,18.19,10.37,6.72,16.17,5.36,17.67,16.87,38.36,15.69
1462,5.298932060627791,4,13.78,6.34,18.27,10.41,6.75,16.17,5.39,17.44,16.87,39.06,15.56
1463,5.298932060627791,4,13.89,6.39,18.27,10.49,6.81,16.24,5.43,17.51,16.87,38.59,15.37
1464,5.298932060627791,4,13.89,6.42,18.27,10.49,6.83,16.31,5.45,17.59,16.87,40.04,15.31
1465,5.298932060627791,4,13.94,6.45,18.35,10.57,6.86,16.38,5.48,17.67,16.95,38.83,15.56
1466,5.298932060627791,4,13.94,6.47,18.35,10.57,6.89,16.38,5.5,17.59,16.95,38.59,15.43
1467,5.298932060627791,4,13.94,6.5,18.43,10.61,6.92,16.38,5.5,17.67,16.95,39.55,15.62
1468,5.298932060627791,4,13.83,6.42,18.35,10.53,6.83,16.24,5.43,17.51,16.79,38.83,15.56
1469,5.298932060627791,4,13.89,6.39,18.27,10.53,6.81,16.24,5.43,17.36,16.79,38.59,15.5
1470,5.298932060627791,4,13.89,6.42,18.35,10.53,6.78,16.31,5.43,17.67,16.79,39.79,15.37
1471,5.298932060627791,4,14.06,6.5,18.43,10.65,6.86,16.44,5.5,18.05,16.95,40.04,16.84
1472,5.298932060627791,4,14.06,6.5,18.43,10.65,6.89,16.44,5.52,18.05,17.03,38.83,17.49
1473,5.298932060627791,4,14,6.5,18.43,10.61,6.89,16.38,5.5,17.74,17.03,40.04,16.84
1474,5.298932060627791,4,13.18,5.94,17.58,9.97,6.3,15.45,5.02,16.93,16.2,38.12,14.7
1475,5.298932060627791,4,13.83,6.37,18.35,10.45,6.78,16.24,5.41,17.74,16.87,39.55,16.77
1476,5.298932060627791,4,13.83,6.37,18.35,10.49,6.7,16.24,5.39,17.67,17.1,39.3,15.43
1477,5.298932060627791,4,13.89,6.39,18.51,10.57,6.75,16.24,5.43,17.67,17.18,39.3,15.43
1478,5.298932060627791,4,13.72,6.34,18.35,10.41,6.67,16.17,5.36,17.59,17.1,39.55,15.37
1479,5.298932060627791,4,13.78,6.37,18.27,10.45,6.72,16.17,5.39,17.59,17.1,37,17.05
1480,5.298932060627791,4,13.72,6.32,18.27,10.41,6.67,16.11,5.34,17.59,17.03,39.3,15.43
1481,5.298932060627791,4,13.78,6.37,18.35,10.49,6.72,16.24,5.39,17.82,17.1,38.83,15.75
1482,5.298932060627791,4,13.78,6.37,18.35,10.45,6.72,16.17,5.39,17.67,17.1,37.9,16.77
1483,5.298932060627791,4,13.78,6.37,18.27,10.45,6.7,16.17,5.39,17.59,17.1,39.3,15.62
1484,5.298932060627791,4,13.78,6.37,18.35,10.49,6.72,16.24,5.41,17.97,17.1,42.38,15.56
1485,5.298932060627791,4,14,6.45,18.43,10.61,6.81,16.38,5.48,17.74,17.18,39.79,15.5
1486,5.298932060627791,4,13.94,6.5,18.51,10.65,6.86,16.44,5.5,17.89,17.26,40.04,15.75
1487,5.298932060627791,4,13.94,6.47,18.51,10.61,6.83,16.38,5.48,17.89,17.18,39.79,15.82
1488,5.298932060627791,4,13.94,6.5,18.51,10.65,6.86,16.44,5.5,17.97,17.18,39.55,17.12
1489,5.298932060627791,4,13.89,6.47,18.43,10.61,6.81,16.31,5.45,17.89,17.18,37.44,16.08
1490,5.298932060627791,4,13.94,6.47,18.51,10.61,6.81,16.38,5.48,17.82,17.26,38.83,16.28
1491,5.298932060627791,4,13.94,6.47,18.51,10.61,6.83,16.38,5.48,17.82,17.26,40.8,16.35
1492,5.298932060627791,4,13.94,6.47,18.51,10.61,6.89,16.38,5.48,17.89,17.26,39.79,15.56
1493,5.298932060627791,4,13.94,6.5,18.51,10.61,6.89,16.38,5.48,17.82,17.26,39.3,16.02
1494,5.298932060627791,4,13.94,6.5,18.59,10.65,6.92,16.38,5.48,17.97,17.26,38.59,16.35
1495,5.298932060627791,4,14.06,6.55,18.59,10.7,6.97,16.51,5.52,18.05,17.34,39.3,16.22
1496,5.298932060627791,4,13.89,6.45,18.51,10.57,6.86,16.31,5.45,18.21,17.18,40.04,15.88
1497,5.298932060627791,4,14,6.55,18.59,10.7,6.94,16.44,5.52,18.13,17.26,40.29,16.42
1498,5.298932060627791,4,14,6.5,18.51,10.65,6.92,16.38,5.5,17.97,17.26,40.04,15.82
1499,5.298932060627791,4,14.06,6.53,18.59,10.7,6.94,16.44,5.52,18.05,17.34,40.54,15.62
1500,5.298932060627791,4,14.06,6.55,18.59,10.74,7,16.51,5.54,18.05,17.34,40.04,16.02
1501,5.412588874668555,4,14.06,6.55,18.59,10.74,6.97,16.44,5.52,18.05,17.34,40.04,15.69
1502,5.412588874668555,4,14.06,6.55,18.59,10.74,6.97,16.44,5.54,18.37,17.26,40.04,16.02
1503,5.412588874668555,4,14.06,6.55,18.59,10.74,6.97,16.44,5.52,18.05,17.26,39.55,15.62
1504,5.412588874668555,4,14.17,6.61,18.67,10.78,7.03,16.51,5.57,18.05,17.1,40.04,17.56
1505,5.412588874668555,4,14.23,6.66,18.75,10.87,7.06,16.65,5.61,18.21,17.18,39.06,15.82
1506,5.412588874668555,4,13.83,6.39,18.43,10.53,6.81,16.24,5.39,18.05,16.87,39.3,16.15
1507,5.412588874668555,4,13.83,6.39,18.43,10.53,6.81,16.17,5.39,17.89,17.03,37.67,15.43
1508,5.412588874668555,4,13.72,6.37,18.35,10.49,6.75,16.11,5.36,17.97,16.79,39.06,16.98
1509,5.412588874668555,4,13.72,6.29,18.35,10.41,6.7,15.97,5.32,17.74,16.79,38.83,15.62
1510,5.412588874668555,4,13.72,6.32,18.43,10.41,6.72,16.04,5.34,17.74,16.79,39.79,15.37
1511,5.412588874668555,4,14.11,6.61,18.67,10.78,7.03,16.51,5.57,17.97,17.1,39.55,15.82
1512,5.412588874668555,4,14.17,6.63,18.75,10.82,7.06,16.58,5.59,17.97,17.1,40.54,16.35
1513,5.412588874668555,4,14.11,6.58,18.67,10.78,7,16.51,5.54,17.97,17.1,39.55,16.08
1514,5.412588874668555,4,13.83,6.39,18.43,10.49,6.81,16.17,5.39,17.89,17.03,39.3,16.77
1515,5.412588874668555,4,13.94,6.5,18.51,10.7,6.94,16.38,5.48,17.89,17.1,39.79,15.5
1516,5.412588874668555,4,14,6.53,18.59,10.7,6.97,16.44,5.5,17.97,16.95,39.55,16.91
1517,5.412588874668555,4,14.06,6.53,18.59,10.7,6.94,16.38,5.5,17.97,17.18,39.55,17.27
1518,5.412588874668555,4,14.06,6.55,18.59,10.74,6.97,16.38,5.5,18.13,16.95,40.04,17.56
1519,5.412588874668555,4,14,6.53,18.59,10.7,6.94,16.38,5.5,18.05,17.1,39.3,16.77
1520,5.412588874668555,4,14.06,6.55,18.59,10.74,6.97,16.38,5.5,18.13,17.18,39.06,15.88
1521,5.412588874668555,4,14.06,6.55,18.67,10.74,6.97,16.44,5.5,18.13,16.95,40.8,15.88
1522,5.412588874668555,4,14,6.55,18.59,10.74,6.97,16.44,5.5,18.21,17.03,39.79,15.62
1523,5.412588874668555,4,13.83,6.42,18.43,10.57,6.86,16.17,5.41,17.97,17.03,37.67,16.7
1524,5.412588874668555,4,14.06,6.58,18.67,10.78,7,16.44,5.57,18.29,17.1,39.3,15.75
1525,5.412588874668555,4,14.28,6.74,18.83,11,7.2,16.72,5.66,18.45,17.34,41.84,18.25
1526,5.412588874668555,4,14.23,6.69,18.83,10.91,7.11,16.65,5.61,18.37,17.26,40.8,17.34
1527,5.412588874668555,4,14.34,6.77,18.91,11.04,7.2,16.79,5.68,18.29,17.34,41.32,15.88
1528,5.412588874668555,4,14.4,6.8,18.91,11.08,7.23,16.79,5.7,18.29,17.42,41.32,15.95
1529,5.412588874668555,4,14.06,6.55,18.67,10.78,7,16.38,5.5,18.13,17.1,40.04,15.88
1530,5.412588874668555,4,14.28,6.74,18.91,11,7.17,16.72,5.63,18.37,17.34,40.8,16.22
1531,5.412588874668555,4,14.28,6.77,18.91,11.04,7.2,16.72,5.68,18.37,17.34,40.8,16.15
1532,5.412588874668555,4,14.34,6.8,18.91,11.04,7.23,16.79,5.68,18.29,17.34,40.8,16.7
1533,5.412588874668555,4,14.28,6.77,18.91,11.04,7.2,16.72,5.68,18.37,17.34,40.8,16.08
1534,5.412588874668555,4,14.4,6.8,18.91,11.08,7.26,16.79,5.7,18.37,17.34,40.8,16.15
1535,5.412588874668555,4,14.34,6.8,18.99,11.08,7.23,16.79,5.7,18.53,17.34,41.58,16.08
1536,5.412588874668555,4,14,6.61,18.75,10.82,7.03,16.44,5.54,18.21,17.18,38.36,15.95
1537,5.412588874668555,4,14.4,6.77,18.99,11.08,7.2,16.79,5.7,18.53,17.34,40.29,16.08
1538,5.412588874668555,4,14.23,6.66,18.83,10.95,7.06,16.58,5.59,18.29,17.18,40.54,15.95
1539,5.412588874668555,4,14.23,6.69,18.83,10.95,7.11,16.65,5.61,18.29,17.26,40.29,16.22
1540,5.412588874668555,4,14.23,6.66,18.83,10.91,7.09,16.58,5.59,18.37,17.18,40.04,16.08
1541,5.412588874668555,4,14.4,6.8,18.99,11.08,7.23,16.79,5.7,18.45,17.34,40.04,16.35
1542,5.412588874668555,4,14.46,6.8,18.91,11.08,7.23,16.79,5.7,18.53,17.34,41.32,17.12
1543,5.412588874668555,4,13.72,6.32,18.35,10.49,6.75,15.97,5.32,17.97,16.79,37,15.5
1544,5.412588874668555,4,13.94,6.45,18.51,10.61,6.83,16.17,5.41,18.13,16.95,39.3,15.69
1545,5.412588874668555,4,13.89,6.5,18.67,10.74,6.92,16.31,5.48,18.29,17.03,39.79,15.75
1546,5.412588874668555,4,13.89,6.42,18.51,10.61,6.83,16.17,5.41,18.13,16.87,40.04,16.63
1547,5.412588874668555,4,13.83,6.42,18.51,10.61,6.83,16.17,5.39,18.05,16.95,38.36,16.35
1548,5.412588874668555,4,13.83,6.45,18.59,10.61,6.86,16.17,5.43,18.13,16.95,39.79,15.62
1549,5.412588874668555,4,13.67,6.29,18.43,10.45,6.7,15.97,5.3,17.89,16.79,38.83,16.28
1550,5.412588874668555,4,13.67,6.04,17.88,10.16,6.43,15.52,5.06,17.44,16.42,38.36,14.88
1551,5.412588874668555,4,14.34,6.42,18.59,10.7,6.89,16.24,5.43,18.13,16.95,40.04,15.69
1552,5.412588874668555,4,14.4,6.47,18.59,10.7,6.92,16.24,5.43,18.21,16.95,40.8,15.69
1553,5.412588874668555,4,14.11,6.39,18.51,10.61,6.7,15.97,5.39,18.05,16.87,39.55,16.91
1554,5.412588874668555,4,14.34,6.47,18.59,10.7,6.92,16.24,5.43,18.13,16.95,39.3,16.08
1555,5.412588874668555,4,14.34,6.42,18.59,10.61,6.89,16.17,5.41,17.97,16.87,39.79,16.42
1556,5.412588874668555,4,14.11,6.42,18.51,10.61,6.86,16.17,5.39,17.74,16.87,39.06,17.71
1557,5.412588874668555,4,14.28,6.42,18.59,10.65,6.86,16.17,5.41,18.21,16.87,37.22,15.69
1558,5.412588874668555,4,14.34,6.47,18.59,10.7,6.92,16.24,5.43,18.21,16.95,40.04,15.69
1559,5.412588874668555,4,14.28,6.42,18.51,10.61,6.86,16.11,5.39,17.97,16.79,39.06,15.69
1560,5.412588874668555,4,14.23,6.45,18.51,10.7,6.89,16.17,5.41,18.21,16.87,39.3,15.62
1561,5.473782773477036,4,14.28,6.47,18.59,10.7,6.89,16.17,5.43,18.13,16.95,38.83,16.63
1562,5.473782773477036,4,14.34,6.47,18.59,10.7,6.89,16.24,5.43,18.21,16.87,39.55,15.82
1563,5.473782773477036,4,14.4,6.47,18.59,10.7,6.92,16.17,5.45,18.29,16.87,39.79,16.56
1564,5.473782773477036,4,14.28,6.47,18.59,10.7,6.92,16.17,5.43,18.29,16.87,39.55,17.63
1565,5.473782773477036,4,14.28,6.5,18.59,10.7,6.92,16.24,5.43,18.29,16.87,39.55,17.49
1566,5.473782773477036,4,14.28,6.47,18.67,10.7,6.89,16.24,5.43,18.21,16.87,39.06,15.82
1567,5.473782773477036,4,14.34,6.47,18.59,10.7,6.89,16.17,5.41,18.53,16.64,41.05,15.95
1568,5.473782773477036,4,14.28,6.47,18.59,10.7,6.89,16.17,5.41,18.45,16.64,39.79,16.56
1569,5.473782773477036,4,14.23,6.42,18.59,10.61,6.86,16.11,5.39,18.37,16.57,39.79,17.49
1570,5.473782773477036,4,14.34,6.42,18.59,10.61,6.83,16.11,5.36,18.37,16.57,39.79,15.69
1571,5.473782773477036,4,14.34,6.42,18.51,10.61,6.83,16.11,5.39,18.29,16.64,39.3,17.19
1572,5.473782773477036,4,14.23,6.39,18.51,10.61,6.81,16.04,5.34,17.97,16.72,39.3,15.62
1573,5.473782773477036,4,14.34,6.45,18.59,10.65,6.86,16.11,5.39,18.29,16.72,40.29,15.75
1574,5.473782773477036,4,14.34,6.47,18.59,10.7,6.92,16.17,5.41,18.21,16.72,39.55,16.42
1575,5.473782773477036,4,14.4,6.47,18.59,10.7,6.92,16.17,5.41,18.45,16.72,39.55,16.15
1576,5.473782773477036,4,14.46,6.53,18.67,10.78,6.94,16.24,5.45,18.37,16.72,39.55,16.84
1577,5.473782773477036,4,14.81,6.77,18.99,11.08,7.2,16.65,5.63,18.69,17.03,41.05,16.63
1578,5.473782773477036,4,14.28,6.42,18.51,10.61,6.86,16.04,5.36,18.37,16.64,40.54,16.22
1579,5.473782773477036,4,14.23,6.42,18.51,10.65,6.83,16.04,5.36,17.97,16.57,39.06,17.56
1580,5.473782773477036,4,14.34,6.45,18.59,10.74,6.86,16.11,5.39,18.05,16.57,38.59,17.41
1581,5.473782773477036,4,14.28,6.42,18.59,10.65,6.83,16.04,5.36,18.37,16.49,38.83,16.08
1582,5.473782773477036,4,14.28,6.45,18.51,10.65,6.83,16.11,5.36,18.13,16.57,39.3,15.62
1583,5.473782773477036,4,14.23,6.45,18.59,10.65,6.86,16.11,5.36,16.78,16.57,38.83,16.35
1584,5.473782773477036,4,14.28,6.45,18.59,10.65,6.86,16.11,5.36,16.64,16.64,38.83,16.35
1585,5.473782773477036,4,14.28,6.45,18.59,10.7,6.86,16.11,5.39,16.71,16.57,39.55,16.35
1586,5.473782773477036,4,14.23,6.42,18.59,10.65,6.83,16.04,5.36,16.64,16.49,39.06,17.71
1587,5.473782773477036,4,14.23,6.45,18.59,10.7,6.86,16.11,5.39,16.64,16.57,39.55,16.42
1588,5.473782773477036,4,14.28,6.47,18.67,10.7,6.89,16.11,5.39,16.78,16.57,39.55,17.94
1589,5.473782773477036,4,14.23,6.45,18.59,10.7,6.89,16.11,5.39,16.71,16.57,38.83,17.34
1590,5.473782773477036,4,14.11,6.39,18.51,10.61,6.89,15.97,5.34,16.71,16.49,39.06,16.49
1591,5.473782773477036,4,14.11,6.47,18.59,10.7,6.89,16.11,5.39,18.45,16.57,39.55,16.91
1592,5.473782773477036,4,14.17,6.47,18.59,10.74,6.89,16.11,5.39,18.37,16.57,38.83,17.27
1593,5.473782773477036,4,14.17,6.45,18.51,10.7,6.86,16.04,5.36,18.29,16.49,39.55,15.95
1594,5.473782773477036,4,14.17,6.5,18.59,10.74,6.94,16.17,5.41,18.29,16.57,38.83,17.49
1595,5.473782773477036,4,14.23,6.5,18.67,10.74,6.94,16.11,5.41,18.53,16.57,38.36,15.82
1596,5.473782773477036,4,14.23,6.5,18.67,10.74,6.92,16.11,5.41,18.13,16.57,37.22,16.28
1597,5.473782773477036,4,14.23,6.5,18.67,10.74,6.92,16.11,5.41,18.69,16.57,39.06,16.28
1598,5.473782773477036,4,14.23,6.53,18.67,10.74,6.92,16.11,5.41,18.69,16.49,39.06,16.15
1599,5.473782773477036,4,14.23,6.5,18.67,10.74,6.92,16.11,5.39,18.69,16.49,38.83,17.34
1600,5.473782773477036,4,14.17,6.45,18.75,10.7,6.86,16.04,5.34,16.86,16.49,38.83,16.02
1601,5.473782773477036,4,14.17,6.47,18.67,10.7,6.86,16.04,5.36,16.86,16.49,38.36,15.56
1602,5.473782773477036,4,14.17,6.45,18.67,10.7,6.83,16.04,5.36,16.78,16.49,40.04,15.95
1603,5.473782773477036,4,14.23,6.45,18.59,10.7,6.81,15.97,5.34,16.71,16.49,38.83,15.56
1604,5.473782773477036,4,14.17,6.45,18.59,10.7,6.83,16.04,5.36,18.21,16.49,39.3,17.19
1605,5.473782773477036,4,14.17,6.47,18.59,10.7,6.81,16.04,5.34,16.93,16.49,39.3,17.19
1606,5.473782773477036,4,14.17,6.47,18.59,10.7,6.83,16.04,5.36,16.78,16.49,39.06,16.08
1607,5.473782773477036,4,14.23,6.5,18.67,10.74,6.86,16.04,5.39,16.86,16.49,39.3,16.08
1608,5.473782773477036,4,14.17,6.47,18.67,10.74,6.86,16.04,5.39,16.78,16.49,39.55,16.08
1609,5.473782773477036,4,14.23,6.5,18.67,10.78,6.86,16.04,5.39,16.86,16.57,40.8,15.95
1610,5.473782773477036,4,14.28,6.55,18.75,10.82,6.92,16.17,5.43,16.86,16.57,39.3,16.63
1611,5.473782773477036,4,14.28,6.53,18.83,10.78,6.89,16.11,5.41,16.93,16.49,39.3,17.71
1612,5.473782773477036,4,14.23,6.53,18.67,10.78,6.89,16.11,5.41,16.86,16.49,39.79,17.49
1613,5.473782773477036,4,14.28,6.55,18.75,10.82,6.92,16.11,5.41,17,16.2,39.55,16.02
1614,5.473782773477036,4,14.34,6.5,18.75,10.74,6.89,16.04,5.41,17,16.2,39.3,15.95
1615,5.473782773477036,4,14.34,6.53,18.67,10.78,6.89,16.04,5.39,17.22,16.12,39.55,15.82
1616,5.473782773477036,4,14.34,6.5,18.67,10.74,6.83,16.04,5.36,16.93,16.05,41.84,15.82
1617,5.473782773477036,4,14.34,6.53,18.67,10.82,6.89,16.11,5.39,16.93,16.2,38.83,15.95
1618,5.473782773477036,4,14.4,6.53,18.75,10.78,6.89,16.04,5.39,17.07,16.2,39.3,16.15
1619,5.473782773477036,4,14.23,6.5,18.67,10.78,6.75,15.84,5.3,16.86,16.05,38.59,16.08
1620,5.473782773477036,4,14.4,6.55,18.75,10.91,6.92,16.11,5.41,17,16.2,39.79,16.22
1621,5.5391314075682505,4,14.4,6.58,18.75,10.87,6.92,16.11,5.43,17.07,18.25,39.3,15.69
1622,5.5391314075682505,4,14.34,6.58,18.75,10.87,6.92,16.11,5.41,20.42,15.42,39.3,16.22
1623,5.5391314075682505,4,14.28,6.39,18.59,10.61,6.86,15.97,5.36,18.77,15.56,39.3,17.49
1624,5.5391314075682505,4,14.17,6.45,18.59,10.7,6.81,15.91,5.32,16.86,15.49,37.22,17.56
1625,5.5391314075682505,4,14.11,6.42,18.59,10.7,6.78,15.84,5.3,16.86,15.56,40.8,15.82
1626,5.5391314075682505,4,14.17,6.45,18.67,10.7,6.81,15.91,5.32,16.86,15.7,39.06,16.22
1627,5.5391314075682505,4,14.11,6.47,18.67,10.74,6.81,15.97,5.34,16.86,15.77,39.55,17.86
1628,5.5391314075682505,4,14.17,6.45,18.67,10.74,6.81,15.91,5.32,17.22,15.7,39.3,16.02
1629,5.5391314075682505,4,14.17,6.47,18.67,10.74,6.83,15.97,5.34,17,15.7,40.04,16.42
1630,5.5391314075682505,4,14.17,6.5,18.67,10.78,6.83,15.97,5.36,17.51,15.77,38.36,16.63
1631,5.5391314075682505,4,14.17,6.47,18.67,10.74,6.83,15.97,5.34,16.86,15.91,39.79,15.5
1632,5.5391314075682505,4,14.23,6.47,18.67,10.78,6.83,15.97,5.34,17.14,15.91,39.06,16.22
1633,5.5391314075682505,4,14.17,6.47,18.83,10.82,6.81,15.97,5.34,16.93,15.77,38.36,15.82
1634,5.5391314075682505,4,14.17,6.47,18.67,10.78,6.83,15.97,5.34,17,15.77,39.06,15.82
1635,5.5391314075682505,4,14.23,6.5,18.67,10.78,6.86,15.97,5.34,17.36,15.91,39.06,17.49
1636,5.5391314075682505,4,14.23,6.5,18.67,10.78,6.83,15.97,5.34,17.29,15.98,39.06,15.88
1637,5.5391314075682505,4,14.23,6.53,18.59,10.78,6.86,15.97,5.36,18.61,15.91,39.06,16.7
1638,5.5391314075682505,4,14.23,6.5,18.67,10.78,6.83,15.97,5.34,18.69,15.91,40.04,16.35
1639,5.5391314075682505,4,14.23,6.5,18.67,10.78,6.83,15.97,5.36,18.77,15.91,38.36,16.7
1640,5.5391314075682505,4,14.17,6.5,18.59,10.78,6.83,15.97,5.34,18.69,15.91,38.36,15.75
1641,5.5391314075682505,4,14.23,6.55,18.75,10.82,6.89,16.04,5.36,17.29,15.91,38.83,15.88
1642,5.5391314075682505,4,14.23,6.55,18.75,10.87,6.92,16.04,5.39,17.14,15.98,38.83,15.88
1643,5.5391314075682505,4,14.64,6.83,18.99,11.26,7.17,16.44,5.59,18.45,16.2,40.29,16.63
1644,5.5391314075682505,4,14.64,6.85,19.07,11.22,7.17,16.51,5.61,17.29,16.27,40.8,16.42
1645,5.5391314075682505,4,14.69,6.88,19.07,11.26,7.23,16.51,5.61,17.29,16.27,40.54,17.94
1646,5.5391314075682505,4,14.58,6.83,19.07,11.22,7.17,16.44,5.59,17.22,16.2,38.12,16.56
1647,5.5391314075682505,4,13.89,6.37,18.59,10.65,6.72,15.71,5.26,16.93,15.7,37.9,15.82
1648,5.5391314075682505,4,14.64,6.88,19.07,11.26,7.23,16.51,5.63,17.36,16.27,42.66,17.94
1649,5.5391314075682505,4,14.69,6.91,19.16,11.3,7.23,16.51,5.63,17.44,16.27,40.54,18.09
1650,5.5391314075682505,4,14.64,6.88,18.99,11.26,7.23,16.51,5.63,17.36,16.34,40.8,16.35
1651,5.5391314075682505,4,14.69,6.88,19.07,11.26,7.23,16.51,5.63,17.44,16.34,41.32,16.42
1652,5.5391314075682505,4,14.52,6.8,18.99,11.17,7.14,16.38,5.57,19.02,16.27,40.04,16.35
1653,5.5391314075682505,4,14.58,6.83,18.99,11.17,7.14,16.38,5.57,17.44,16.27,39.55,16.42
1654,5.5391314075682505,4,14.64,6.85,19.07,11.22,7.14,16.38,5.57,17.89,16.27,41.84,17.49
1655,5.5391314075682505,4,14.64,6.85,19.07,11.26,7.17,16.44,5.59,17.51,16.34,41.05,17.94
1656,5.5391314075682505,4,14.69,6.85,19.16,11.26,7.2,16.44,5.61,17.51,16.42,40.54,16.35
1657,5.5391314075682505,4,14.58,6.83,19.07,11.22,7.14,16.38,5.57,17.29,16.34,41.05,16.35
1658,5.5391314075682505,4,14.64,6.83,19.07,11.22,7.17,16.38,5.57,17.44,16.34,41.32,16.42
1659,5.5391314075682505,4,14.75,6.83,18.99,11.22,7.17,16.38,5.57,17.44,16.27,43.78,16.56
1660,5.5391314075682505,4,14.81,6.83,19.07,11.22,7.17,16.38,5.57,17.59,16.34,40.04,16.63
1661,5.5391314075682505,4,14.81,6.83,19.07,11.22,7.2,16.31,5.57,17.44,16.34,40.8,16.98
1662,5.5391314075682505,4,14.81,6.83,19.07,11.26,7.2,16.38,5.59,17.59,16.27,38.36,17.94
1663,5.5391314075682505,4,14.75,6.8,19.16,11.17,7.14,16.31,5.54,17.44,16.27,40.29,17.94
1664,5.5391314075682505,4,14.81,6.83,19.07,11.26,7.14,16.31,5.59,17.36,16.42,40.29,18.01
1665,5.5391314075682505,4,14.81,6.83,19.07,11.26,7.2,16.38,5.59,17.51,16.42,40.04,16.35
1666,5.5391314075682505,4,14.81,6.83,19.07,11.26,7.2,16.38,5.59,17.59,16.34,41.84,16.35
1667,5.5391314075682505,4,14.94,6.85,19.16,11.26,7.2,16.38,5.59,17.59,16.42,39.3,16.35
1668,5.5391314075682505,4,15.06,6.85,19.16,11.26,7.2,16.38,5.59,17.51,16.34,43.22,18.09
1669,5.5391314075682505,4,15.06,6.88,19.16,11.35,7.23,16.44,5.61,17.67,16.42,41.05,17.63
1670,5.5391314075682505,4,15.12,6.94,19.16,11.35,7.23,16.44,5.63,17.67,16.42,40.54,18.48
1671,5.5391314075682505,4,15.12,6.91,19.16,11.35,7.23,16.44,5.63,17.59,16.42,41.32,16.49
1672,5.5391314075682505,4,15.06,6.91,19.16,11.35,7.26,16.44,5.63,18.05,16.42,41.58,18.09
1673,5.5391314075682505,4,15.12,6.94,19.24,11.39,7.29,16.51,5.66,18.37,16.42,38.83,16.49
1674,5.5391314075682505,4,15.18,6.94,19.41,11.39,7.29,16.51,5.66,17.67,16.49,42.94,17.79
1675,5.5391314075682505,4,15.12,6.94,19.16,11.39,7.29,16.44,5.63,17.67,16.42,40.8,18.09
1676,5.5391314075682505,4,15.06,6.88,19.16,11.35,7.23,16.44,5.61,17.59,16.42,40.29,16.42
1677,5.5391314075682505,4,15.18,6.94,19.24,11.39,7.29,16.44,5.66,17.74,16.49,41.05,16.49
1678,5.5391314075682505,4,14.75,6.69,18.91,11.08,7.03,16.04,5.43,17.36,16.2,40.04,15.95
1679,5.5391314075682505,4,15,6.83,19.07,11.26,7.2,16.31,5.57,17.59,16.34,40.29,17.63
1680,5.5391314075682505,4,15.12,6.91,19.16,11.35,7.29,16.44,5.63,17.59,16.42,40.54,17.86
1681,5.6111427069017825,4,15.06,6.88,19.16,11.35,7.23,16.38,5.61,17.74,16.42,42.11,17.79
1682,5.6111427069017825,4,15.06,6.88,19.16,11.3,7.23,16.31,5.59,17.67,16.42,41.58,18.09
1683,5.6111427069017825,4,14.94,6.88,19.16,11.26,7.2,16.38,5.59,17.59,16.34,40.54,18.01
1684,5.6111427069017825,4,15,6.88,19.16,11.3,7.2,16.31,5.59,17.74,17.1,40.29,18.17
1685,5.6111427069017825,4,15,6.85,19.16,11.3,7.2,16.31,5.57,17.36,17.18,40.8,17.94
1686,5.6111427069017825,4,15,6.88,19.16,11.3,7.23,16.31,5.59,18.05,17.26,40.54,16.28
1687,5.6111427069017825,4,15.12,6.97,19.24,11.44,7.29,16.44,5.66,17.97,17.34,44.66,16.49
1688,5.6111427069017825,4,15.06,6.91,19.16,11.39,7.26,16.38,5.61,17.67,16.72,38.83,18.01
1689,5.6111427069017825,4,15.06,6.94,19.24,11.44,7.29,16.44,5.63,17.97,17.42,41.32,17.94
1690,5.6111427069017825,4,15.06,6.94,19.24,11.44,7.29,16.44,5.63,17.74,17.42,41.84,18.09
1691,5.6111427069017825,4,14.94,6.85,19.16,11.3,7.2,16.31,5.59,17.74,17.34,40.29,17.94
1692,5.6111427069017825,4,15,6.88,19.33,11.35,7.23,16.31,5.59,17.82,17.34,41.05,17.94
1693,5.6111427069017825,4,14.94,6.88,19.16,11.35,7.23,16.31,5.59,17.74,17.34,41.58,17.79
1694,5.6111427069017825,4,15,6.88,19.16,11.35,7.26,16.31,5.61,17.74,17.34,45.88,18.32
1695,5.6111427069017825,4,15,6.88,19.24,11.35,7.26,16.31,5.59,17.82,17.34,41.32,16.35
1696,5.6111427069017825,4,14.87,6.8,19.07,11.26,7.14,16.17,5.5,17.59,17.26,42.94,16.22
1697,5.6111427069017825,4,14.94,6.88,19.16,11.3,7.26,16.31,5.59,17.82,17.34,40.54,18.01
1698,5.6111427069017825,4,14.94,6.85,19.16,11.3,7.26,16.24,5.57,17.74,17.26,40.8,16.28
1699,5.6111427069017825,4,14.94,6.85,19.16,11.3,7.23,16.24,5.57,17.74,17.34,40.8,16.28
1700,5.6111427069017825,4,14.87,6.85,19.16,11.3,7.2,16.24,5.57,17.89,17.26,43.5,16.28
1701,5.6111427069017825,4,14.87,6.85,19.16,11.3,7.2,16.24,5.57,17.67,17.26,39.55,16.22
1702,5.6111427069017825,4,15,6.88,19.16,11.35,7.23,16.31,5.59,17.82,17.34,41.32,16.35
1703,5.6111427069017825,4,15,6.91,19.24,11.35,7.29,16.31,5.61,18.13,17.34,42.11,17.94
1704,5.6111427069017825,4,14.94,6.88,19.07,11.35,7.23,16.24,5.57,17.82,17.34,42.11,16.28
1705,5.6111427069017825,4,15,6.91,19.24,11.39,7.29,16.31,5.61,17.82,17.42,39.79,16.28
1706,5.6111427069017825,4,14.81,6.8,19.07,11.26,7.11,16.17,5.52,17.74,17.18,40.04,17.79
1707,5.6111427069017825,4,14.81,6.8,19.07,11.26,7.14,16.11,5.52,17.67,17.18,38.83,17.94
1708,5.6111427069017825,4,14.94,6.91,19.24,11.39,7.26,16.31,5.59,17.97,17.34,40.04,16.28
1709,5.6111427069017825,4,14.87,6.91,19.24,11.35,7.26,16.31,5.59,17.89,17.26,40.04,17.49
1710,5.6111427069017825,4,14.94,6.94,19.33,11.44,7.29,16.38,5.61,17.89,17.42,40.29,18.56
1711,5.6111427069017825,4,14.94,6.91,19.24,11.39,7.29,16.31,5.59,17.89,17.42,40.54,18.8
1712,5.6111427069017825,4,14.94,6.91,19.24,11.39,7.26,16.31,5.59,17.82,17.34,41.05,16.28
1713,5.6111427069017825,4,14.94,6.94,19.24,11.44,7.32,16.31,5.61,17.89,17.34,37.67,18.09
1714,5.6111427069017825,4,14.94,6.94,19.24,11.44,7.29,16.31,5.61,17.74,17.34,40.04,18.25
1715,5.6111427069017825,4,14.94,6.94,19.24,11.39,7.29,16.31,5.61,17.82,17.34,40.29,18.64
1716,5.6111427069017825,4,14.87,6.88,19.16,11.35,7.23,16.17,5.54,17.74,17.18,39.79,18.72
1717,5.6111427069017825,4,14.94,6.88,19.24,11.35,7.26,16.24,5.57,17.82,17.26,39.79,17.19
1718,5.6111427069017825,4,14.64,6.72,18.99,11.17,7.09,15.97,5.43,17.59,17.1,40.04,16.28
1719,5.6111427069017825,4,14.06,6.32,18.51,10.65,6.67,15.26,5.11,17.51,16.64,37,16.77
1720,5.6111427069017825,4,14.94,6.91,19.24,11.39,7.26,16.31,5.59,17.82,17.34,40.54,18.4
1721,5.6111427069017825,4,14.94,6.91,19.24,11.39,7.26,16.24,5.59,18.29,17.34,41.05,17.71
1722,5.6111427069017825,4,14.94,6.91,19.24,11.39,7.26,16.31,5.59,17.89,17.18,40.29,17.41
1723,5.6111427069017825,4,14.81,6.91,19.24,11.39,7.26,16.24,5.57,17.82,17.26,40.29,18.4
1724,5.6111427069017825,4,14.87,6.91,19.24,11.44,7.26,16.31,5.59,17.82,17.26,40.8,17.63
1725,5.6111427069017825,4,14.94,6.91,19.24,11.44,7.26,16.24,5.59,18.21,17.34,37.9,18.25
1726,5.6111427069017825,4,14.87,6.91,19.24,11.39,7.26,16.24,5.59,17.89,17.26,41.05,18.01
1727,5.6111427069017825,4,14.87,6.91,19.24,11.39,7.23,16.24,5.57,17.89,16.95,40.04,17.71
1728,5.6111427069017825,4,14.23,6.5,18.59,10.91,6.81,15.52,5.23,17.36,16.72,40.29,17.71
1729,5.6111427069017825,4,14.81,6.91,19.24,11.39,7.23,16.24,5.57,17.97,16.49,39.06,17.56
1730,5.6111427069017825,4,14.94,6.94,19.41,11.44,7.29,16.31,5.59,17.97,17.18,42.11,17.94
1731,5.6111427069017825,4,14.87,6.91,19.24,11.39,7.23,16.17,5.57,17.89,17.42,40.8,18.72
1732,5.6111427069017825,4,15,6.94,19.41,11.44,7.26,16.31,5.61,17.89,16.79,40.8,17.71
1733,5.6111427069017825,4,14.94,6.94,19.33,11.44,7.26,16.24,5.59,17.82,16.72,44.37,17.86
1734,5.6111427069017825,4,14.94,6.94,19.33,11.44,7.26,16.24,5.59,17.97,16.57,41.05,18.01
1735,5.6111427069017825,4,15,6.94,19.33,11.49,7.29,16.24,5.59,17.82,17.18,44.66,16.28
1736,5.6111427069017825,4,15,6.97,19.33,11.49,7.29,16.24,5.59,18.21,17.42,38.12,18.48
1737,5.6111427069017825,4,14.94,6.94,19.33,11.44,7.26,16.24,5.59,17.97,17.5,40.8,16.42
1738,5.6111427069017825,4,14.94,6.97,19.33,11.49,7.29,16.24,5.61,18.21,16.57,41.58,18.4
1739,5.6111427069017825,4,14.87,6.94,19.24,11.49,7.29,16.24,5.59,17.97,16.57,40.54,17.79
1740,5.6111427069017825,4,14.87,6.91,19.33,11.44,7.26,16.24,5.59,17.97,17.42,40.29,16.35
1741,5.636574515923481,4,14.87,6.94,19.33,11.49,7.29,16.24,5.59,18.05,17.42,41.05,18.17
1742,5.636574515923481,4,14.94,6.97,19.33,11.49,7.32,16.24,5.61,17.97,17.5,41.05,18.56
1743,5.636574515923481,4,14.94,6.97,19.33,11.49,7.32,16.31,5.61,18.13,17.5,40.29,16.35
1744,5.636574515923481,4,14.94,6.99,19.49,11.49,7.35,16.24,5.61,18.13,17.5,40.54,17.94
1745,5.636574515923481,4,14.94,6.97,19.33,11.49,7.32,16.31,5.61,18.05,17.42,40.8,16.42
1746,5.636574515923481,4,14.94,6.97,19.41,11.53,7.32,16.31,5.61,18.13,16.87,41.32,17.86
1747,5.636574515923481,4,14.94,6.97,19.41,11.49,7.35,16.24,5.61,17.97,16.79,40.54,16.42
1748,5.636574515923481,4,14.94,6.97,19.33,11.49,7.35,16.24,5.61,18.05,17.18,40.29,16.49
1749,5.636574515923481,4,14.94,6.94,19.41,11.44,7.32,16.24,5.61,18.29,17.18,41.05,16.49
1750,5.636574515923481,4,15,6.97,19.41,11.53,7.32,16.24,5.61,18.13,17.26,42.11,18.32
1751,5.636574515923481,4,15,6.94,19.41,11.49,7.29,16.24,5.59,18.29,17.26,40.54,16.42
1752,5.636574515923481,4,15,6.97,19.41,11.53,7.32,16.31,5.61,18.21,17.26,40.54,17.41
1753,5.636574515923481,4,14.94,6.94,19.41,11.49,7.29,16.24,5.59,18.21,17.18,43.78,18.48
1754,5.636574515923481,4,14.94,6.94,19.49,11.49,7.29,16.24,5.59,18.29,17.18,41.05,18.32
1755,5.636574515923481,4,13.67,6.06,18.43,10.37,6.38,14.83,4.94,18.69,15.98,37.67,16.98
1756,5.636574515923481,4,14.75,6.83,19.24,11.35,7.14,16.11,5.52,19.79,16.95,40.29,16.28
1757,5.636574515923481,4,14.75,6.83,19.33,11.35,7.17,16.04,5.52,18.21,17.1,40.29,16.28
1758,5.636574515923481,4,14.69,6.83,19.24,11.35,7.11,16.04,5.5,18.05,17.03,40.04,18.09
1759,5.636574515923481,4,14.81,6.83,19.33,11.35,7.14,16.04,5.5,18.05,17.34,39.55,16.22
1760,5.636574515923481,4,14.75,6.83,19.24,11.35,7.14,16.04,5.52,18.05,17.03,41.32,18.01
1761,5.636574515923481,4,14.81,6.85,19.41,11.39,7.14,16.11,5.5,18.21,17.1,40.04,16.28
1762,5.636574515923481,4,14.75,6.85,19.24,11.39,7.14,16.04,5.5,18.05,17.1,45.88,17.49
1763,5.636574515923481,4,14.23,6.5,18.75,10.95,6.78,15.52,5.23,17.51,16.72,39.79,15.62
1764,5.636574515923481,4,14.75,6.85,19.33,11.39,7.14,16.04,5.52,18.05,17.1,39.55,16.49
1765,5.636574515923481,4,14.81,6.91,19.33,11.44,7.2,16.11,5.54,18.05,17.03,40.04,17.86
1766,5.636574515923481,4,14.94,6.99,19.49,11.58,7.26,16.24,5.61,18.13,16.95,41.05,17.86
1767,5.636574515923481,4,14.87,6.94,19.41,11.49,7.23,16.17,5.59,18.13,16.87,42.94,16.35
1768,5.636574515923481,4,14.75,6.94,19.41,11.49,7.23,16.17,5.59,18.13,16.87,40.54,17.86
1769,5.636574515923481,4,14.81,6.99,19.49,11.53,7.26,16.24,5.61,18.13,16.87,41.58,16.35
1770,5.636574515923481,4,14.69,6.88,19.33,11.44,7.17,16.11,5.52,18.05,16.79,46.19,16.28
1771,5.636574515923481,4,14.75,6.94,19.41,11.49,7.2,16.17,5.57,18.13,16.79,40.54,16.28
1772,5.636574515923481,4,14.87,6.99,19.49,11.58,7.29,16.24,5.61,18.21,16.95,42.11,17.86
1773,5.636574515923481,4,14.81,6.94,19.41,11.53,7.23,16.17,5.59,18.13,16.79,40.54,16.42
1774,5.636574515923481,4,14,6.42,18.67,10.87,6.67,15.26,5.15,17.59,16.42,38.59,17.41
1775,5.636574515923481,4,14.81,6.97,19.41,11.53,7.26,16.17,5.59,18.29,16.87,40.8,18.17
1776,5.636574515923481,4,14.81,6.97,19.41,11.53,7.26,16.17,5.59,18.37,16.79,44.07,18.01
1777,5.636574515923481,4,14.87,6.99,19.49,11.53,7.26,16.17,5.59,18.45,16.79,41.32,18.4
1778,5.636574515923481,4,14.87,6.97,19.49,11.58,7.29,16.17,5.59,18.37,16.79,41.05,16.35
1779,5.636574515923481,4,14.87,6.97,19.41,11.58,7.26,16.17,5.59,18.45,16.72,41.05,17.71
1780,5.636574515923481,4,14.87,6.97,19.41,11.53,7.26,16.17,5.59,18.13,16.79,40.8,18.25
1781,5.636574515923481,4,14.87,6.97,19.49,11.58,7.23,16.17,5.59,18.29,16.72,40.29,16.28
1782,5.636574515923481,4,14.81,6.99,19.49,11.58,7.26,16.11,5.59,18.21,16.72,41.05,16.15
1783,5.636574515923481,4,14.52,6.97,19.49,11.58,7.29,16.17,5.59,18.21,16.72,41.32,16.28
1784,5.636574515923481,4,14.58,6.99,19.49,11.58,7.26,16.17,5.59,18.77,17.34,40.54,16.35
1785,5.636574515923481,4,14.64,6.91,19.49,11.49,7.2,16.04,5.54,18.13,16.95,40.29,16.42
1786,5.636574515923481,4,14.94,6.99,19.49,11.58,7.26,16.17,5.61,18.21,16.79,40.04,18.56
1787,5.636574515923481,4,14.81,6.99,19.49,11.58,7.26,16.17,5.61,18.29,17.1,39.79,17.86
1788,5.636574515923481,4,14.81,6.99,19.49,11.58,7.26,16.17,5.61,18.29,16.79,42.11,16.35
1789,5.636574515923481,4,14.81,7.02,19.49,11.62,7.29,16.17,5.63,18.45,16.72,41.32,17.94
1790,5.636574515923481,4,14.87,7.02,19.58,11.58,7.29,16.17,5.61,18.29,16.79,42.94,18.25
1791,5.636574515923481,4,14.94,7.02,19.58,11.62,7.29,16.24,5.61,18.45,16.79,41.05,18.32
1792,5.636574515923481,4,15.06,6.97,19.49,11.58,7.26,16.11,5.59,18.37,17.34,42.94,18.17
1793,5.636574515923481,4,15.18,6.99,19.49,11.58,7.26,16.11,5.59,18.53,17.18,39.79,16.98
1794,5.636574515923481,4,15.12,6.99,19.58,11.58,7.26,16.17,5.61,18.45,17.03,40.04,16.42
1795,5.636574515923481,4,15.06,6.91,19.41,11.49,7.17,15.97,5.52,18.21,17.1,40.8,18.01
1796,5.636574515923481,4,15.12,6.94,19.49,11.53,7.2,16.04,5.54,18.21,16.64,38.59,18.25
1797,5.636574515923481,4,15.24,6.99,19.58,11.62,7.29,16.11,5.59,18.37,16.72,40.8,18.01
1798,5.636574515923481,4,15.24,6.99,19.58,11.58,7.26,16.11,5.61,18.45,17.03,41.58,16.49
1799,5.636574515923481,4,15.24,7.02,19.58,11.62,7.29,16.17,5.61,18.37,16.57,41.58,18.01
1800,5.636574515923481,4,15.24,7.02,19.58,11.62,7.29,16.17,5.61,18.45,16.57,41.05,17.56
1801,5.644984905269979,4,15.18,6.99,19.58,11.62,7.26,16.11,5.59,18.69,16.57,41.58,16.42
1802,5.644984905269979,4,15.06,7.02,19.58,11.58,7.29,16.11,5.59,18.37,16.49,40.54,16.56
1803,5.644984905269979,4,15.18,6.97,19.49,11.62,7.26,16.04,5.57,18.29,16.49,39.79,18.89
1804,5.644984905269979,4,15.18,6.97,19.49,11.58,7.23,16.04,5.57,18.37,16.49,38.59,18.4
1805,5.644984905269979,4,15.18,6.97,19.49,11.58,7.23,16.04,5.57,18.37,16.57,40.04,16.35
1806,5.644984905269979,4,15.24,6.97,19.49,11.58,7.23,16.04,5.57,18.29,16.57,41.05,17.94
1807,5.644984905269979,4,15.24,6.97,19.58,11.58,7.26,16.04,5.59,18.45,16.64,41.05,17.12
1808,5.644984905269979,4,14.69,6.97,19.58,11.58,7.23,16.04,5.57,18.37,16.57,40.8,18.25
1809,5.644984905269979,4,14.81,7.05,19.58,11.67,7.32,16.17,5.61,18.53,16.64,39.3,17.86
1810,5.644984905269979,4,14.81,7.05,19.67,11.67,7.35,16.17,5.63,18.53,16.64,41.05,17.79
1811,5.644984905269979,4,14.75,7.05,19.58,11.67,7.32,16.17,5.63,18.53,17.1,42.94,18.25
1812,5.644984905269979,4,14.75,7.05,19.67,11.67,7.32,16.17,5.63,18.61,17.1,41.05,18.64
1813,5.644984905269979,4,14.75,7.05,19.67,11.67,7.32,16.11,5.61,19.97,16.64,41.84,16.98
1814,5.644984905269979,4,14.81,7.02,19.67,11.67,7.32,16.11,5.61,19.19,16.64,44.37,18.32
1815,5.644984905269979,4,14.81,7.02,19.67,11.62,7.35,16.11,5.61,19.62,16.72,40.29,18.17
1816,5.644984905269979,4,14.75,7.02,19.58,11.67,7.32,16.11,5.61,18.53,16.64,41.58,16.98
1817,5.644984905269979,4,14.75,6.97,19.58,11.58,7.26,16.04,5.57,18.53,16.57,40.54,18.32
1818,5.644984905269979,4,14.69,6.97,19.58,11.58,7.26,15.97,5.57,18.45,16.57,40.54,17.71
1819,5.644984905269979,4,14.69,6.97,19.58,11.58,7.23,15.97,5.54,18.53,16.57,44.66,18.4
1820,5.644984905269979,4,14.75,6.99,19.58,11.62,7.29,16.04,5.57,18.53,16.57,40.8,17.49
1821,5.644984905269979,4,14.75,6.99,19.58,11.62,7.26,16.04,5.59,18.61,16.49,41.05,16.84
1822,5.644984905269979,4,14.75,6.99,19.67,11.62,7.29,16.04,5.59,18.61,16.49,41.05,18.72
1823,5.644984905269979,4,14.69,6.99,19.58,11.62,7.26,15.97,5.57,18.61,16.49,41.05,18.01
1824,5.644984905269979,4,14.69,6.97,19.49,11.58,7.29,15.97,5.57,18.61,17.26,41.84,17.71
1825,5.644984905269979,4,14.75,6.97,19.58,11.62,7.26,15.97,5.57,18.69,16.57,41.05,17.41
1826,5.644984905269979,4,14.75,6.99,19.67,11.62,7.26,15.97,5.59,18.61,16.57,41.05,17.79
1827,5.644984905269979,4,14.75,6.99,19.58,11.62,7.26,15.97,5.59,18.61,16.57,40.8,18.32
1828,5.644984905269979,4,14.69,6.99,19.58,11.62,7.23,15.97,5.57,18.69,16.57,40.8,17.56
1829,5.644984905269979,4,14.75,6.99,19.58,11.62,7.26,15.97,5.57,18.69,16.49,40.04,18.32
1830,5.644984905269979,4,14.75,6.99,19.58,11.62,7.23,15.97,5.59,18.77,16.49,41.05,17.56
1831,5.644984905269979,4,14.75,7.02,19.67,11.62,7.26,15.97,5.59,18.69,16.49,39.79,18.64
1832,5.644984905269979,4,14.75,7.02,19.67,11.62,7.26,15.97,5.59,18.69,16.49,38.83,17.71
1833,5.644984905269979,4,14.52,6.85,19.49,11.49,7.11,15.78,5.48,18.53,16.42,40.04,17.41
1834,5.644984905269979,4,14.52,6.85,19.49,11.44,7.11,15.71,5.5,18.37,16.95,40.8,17.79
1835,5.644984905269979,4,14.75,7.02,19.75,11.67,7.26,15.97,5.59,18.69,16.57,41.32,18.4
1836,5.644984905269979,4,14.69,6.99,19.67,11.62,7.26,15.97,5.59,18.69,16.49,40.8,17.27
1837,5.644984905269979,4,14.75,7.02,19.67,11.67,7.29,15.97,5.61,18.61,16.79,40.8,17.79
1838,5.644984905269979,4,14.64,7.05,19.67,11.67,7.29,15.97,5.61,18.69,17.34,40.8,17.94
1839,5.644984905269979,4,14.64,7.02,19.67,11.67,7.29,15.97,5.61,18.94,16.49,40.8,18.56
1840,5.644984905269979,4,14.58,7.02,19.67,11.67,7.29,15.91,5.59,18.69,16.49,40.8,18.72
1841,5.644984905269979,4,14.52,6.99,19.58,11.62,7.26,15.91,5.59,18.61,16.87,40.29,18.32
1842,5.644984905269979,4,14.64,7.02,19.67,11.62,7.29,15.91,5.59,18.69,16.87,40.54,18.4
1843,5.644984905269979,4,14.58,7.02,19.67,11.72,7.29,15.97,5.59,18.69,16.34,40.54,17.71
1844,5.644984905269979,4,14.58,7.02,19.67,11.67,7.32,15.97,5.59,18.69,16.27,41.84,17.49
1845,5.644984905269979,4,14.58,6.91,19.33,11.53,7.32,15.97,5.59,18.61,16.34,40.04,18.56
1846,5.644984905269979,4,14.46,6.94,19.49,11.58,7.23,15.78,5.52,18.61,16.27,40.29,18.4
1847,5.644984905269979,4,14.52,6.99,19.58,11.62,7.26,15.84,5.57,18.69,16.27,40.8,18.25
1848,5.644984905269979,4,13.83,6.55,18.91,11.08,6.78,15.08,5.19,18.13,15.77,39.06,16.7
1849,5.644984905269979,4,14.52,6.99,19.67,11.62,7.26,15.91,5.57,18.77,16.34,40.8,18.17
1850,5.644984905269979,4,14.58,7.02,19.67,11.67,7.29,15.91,5.59,18.69,16.42,41.05,17.86
1851,5.644984905269979,4,14.52,7.02,19.67,11.67,7.29,15.91,5.59,18.69,17.34,40.8,17.79
1852,5.644984905269979,4,14.58,7.05,19.67,11.72,7.32,15.91,5.61,18.69,17.42,40.8,18.89
1853,5.644984905269979,4,14.52,7.02,19.67,11.67,7.32,15.91,5.59,18.69,16.57,41.58,18.48
1854,5.644984905269979,4,14.58,7.05,19.75,11.72,7.32,15.91,5.61,18.77,16.64,41.32,17.56
1855,5.644984905269979,4,14.64,7.05,19.67,11.72,7.35,15.84,5.61,18.77,17.42,41.58,18.8
1856,5.644984905269979,4,14.58,7.05,19.75,11.72,7.35,15.91,5.61,18.85,16.57,40.29,17.56
1857,5.644984905269979,4,14.52,7.02,19.67,11.72,7.32,15.84,5.59,18.85,16.57,40.54,17.79
1858,5.644984905269979,4,14.52,6.99,19.67,11.67,7.29,15.84,5.57,18.85,16.49,40.04,17.86
1859,5.644984905269979,4,14.52,6.99,19.67,11.62,7.26,15.78,5.54,18.85,16.49,40.8,17.94
1860,5.644984905269979,4,14.52,6.99,19.67,11.62,7.26,15.78,5.57,18.77,17.34,40.29,18.64
1861,5.65997489713184,4,14.58,7.05,19.75,11.72,7.32,15.84,5.61,18.94,17.42,41.32,17.94
1862,5.65997489713184,4,14.64,7.08,19.75,11.72,7.35,15.84,5.61,18.94,17.42,41.05,16.7
1863,5.65997489713184,4,14.58,7.05,19.75,11.72,7.38,15.84,5.61,18.94,17.34,40.29,16.7
1864,5.65997489713184,4,14.58,7.08,19.75,11.76,7.35,15.84,5.61,18.85,17.42,40.54,18.89
1865,5.65997489713184,4,14.58,7.08,19.75,11.72,7.35,15.84,5.61,18.69,17.34,40.8,18.48
1866,5.65997489713184,4,14.58,7.08,19.75,11.76,7.35,15.84,5.61,18.77,17.42,44.07,18.09
1867,5.65997489713184,4,13.89,6.55,19.33,11.04,6.83,15.08,5.26,18.29,16.95,38.59,17.63
1868,5.65997489713184,4,13.4,6.21,18.75,10.61,6.48,14.59,4.98,17.89,16.64,37.67,17.34
1869,5.65997489713184,4,14.69,7.08,19.84,11.76,7.35,15.91,5.61,18.85,17.67,39.55,17.94
1870,5.65997489713184,4,14.58,7.02,19.75,11.67,7.29,15.84,5.57,18.85,17.67,40.8,16.63
1871,5.65997489713184,4,14.64,7.05,19.75,11.72,7.32,15.84,5.59,19.36,17.58,40.04,18.09
1872,5.65997489713184,4,14.64,7.05,19.67,11.72,7.29,15.84,5.59,18.77,17.58,42.11,18.48
1873,5.65997489713184,4,14.69,7.05,19.75,11.72,7.32,15.78,5.59,18.85,17.67,41.05,17.63
1874,5.65997489713184,4,14.64,7.05,19.67,11.72,7.35,15.78,5.59,18.94,17.58,41.05,17.34
1875,5.65997489713184,4,14.69,7.05,19.75,11.76,7.32,15.78,5.59,19.02,17.67,41.32,17.63
1876,5.65997489713184,4,14.64,7.05,19.75,11.72,7.32,15.71,5.59,18.94,17.67,42.11,18.48
1877,5.65997489713184,4,14.69,7.05,19.75,11.72,7.32,15.78,5.61,18.94,17.75,41.58,17.34
1878,5.65997489713184,4,14.52,6.99,19.67,11.62,7.26,15.65,5.52,18.77,17.58,39.3,18.56
1879,5.65997489713184,4,14.64,7.05,19.75,11.72,7.35,15.78,5.59,18.85,17.67,40.54,18.97
1880,5.65997489713184,4,14.69,7.08,19.84,11.76,7.32,15.78,5.59,19.1,17.67,45.88,18.8
1881,5.65997489713184,4,14.64,7.08,19.75,11.76,7.32,15.78,5.59,18.94,17.75,41.32,17.94
1882,5.65997489713184,4,14.58,7.02,19.75,11.72,7.29,15.65,5.57,18.94,17.58,41.05,17.49
1883,5.65997489713184,4,14.58,7.02,19.75,11.67,7.29,15.65,5.54,18.94,17.67,41.32,18.72
1884,5.65997489713184,4,14.64,7.08,19.75,11.76,7.35,15.71,5.61,19.27,17.67,40.8,18.4
1885,5.65997489713184,4,14.58,6.99,19.67,11.67,7.29,15.58,5.54,19.27,17.58,40.8,18.48
1886,5.65997489713184,4,14.64,7.05,19.84,11.72,7.32,15.65,5.59,19.27,17.67,40.8,17.63
1887,5.65997489713184,4,14.58,7.02,19.75,11.72,7.29,15.58,5.57,19.02,17.67,40.54,18.56
1888,5.65997489713184,4,14.58,6.99,19.67,11.67,7.26,15.52,5.52,18.85,17.67,40.54,18.48
1889,5.65997489713184,4,14.58,7.02,19.75,11.72,7.29,15.58,5.54,18.94,17.58,40.29,17.63
1890,5.65997489713184,4,14.28,6.83,19.49,11.44,7.11,15.33,5.41,18.69,17.34,40.04,18.25
1891,5.65997489713184,4,14.34,6.85,19.49,11.49,7.14,15.33,5.43,18.77,16.95,40.29,17.41
1892,5.65997489713184,4,14.06,6.63,19.24,11.26,6.89,15.08,5.26,18.45,16.72,40.04,17.79
1893,5.65997489713184,4,14.28,6.83,19.49,11.44,7.09,15.26,5.41,18.69,17.34,40.54,17.56
1894,5.65997489713184,4,14.4,6.88,19.58,11.53,7.17,15.39,5.45,18.77,17.03,40.8,18.01
1895,5.65997489713184,4,14.34,6.85,19.58,11.53,7.14,15.33,5.43,18.85,16.95,38.12,18.17
1896,5.65997489713184,4,14.28,6.83,19.49,11.44,7.11,15.26,5.41,18.69,16.42,41.58,18.32
1897,5.65997489713184,4,14.34,6.85,19.58,11.49,7.17,15.33,5.41,18.69,16.49,39.55,18.17
1898,5.65997489713184,4,14.4,6.91,19.67,11.53,7.17,15.39,5.48,18.69,16.49,40.04,18.17
1899,5.65997489713184,4,14.4,6.91,19.67,11.58,7.17,15.39,5.48,18.69,16.49,40.54,18.17
1900,5.65997489713184,4,14.28,6.88,19.58,11.49,7.14,15.26,5.43,18.69,16.49,40.29,18.4
1901,5.65997489713184,4,14.4,6.94,19.67,11.58,7.2,15.45,5.5,18.85,17.58,37.9,18.17
1902,5.65997489713184,4,14.46,6.99,19.75,11.67,7.29,15.52,5.52,18.85,17.67,40.04,18.32
1903,5.65997489713184,4,14.58,7.05,19.84,11.72,7.35,15.58,5.57,19.1,17.67,41.05,18.17
1904,5.65997489713184,4,14.52,7.02,19.75,11.72,7.29,15.52,5.57,19.1,17.67,41.05,17.79
1905,5.65997489713184,4,14.46,6.99,19.67,11.67,7.26,15.45,5.52,18.85,18.08,41.05,18.25
1906,5.65997489713184,4,14.64,7.08,19.93,11.81,7.38,15.65,5.59,19.1,18.25,41.05,18.09
1907,5.65997489713184,4,14.64,7.08,19.93,11.76,7.35,15.58,5.59,19.1,18.17,41.84,18.56
1908,5.65997489713184,4,14.52,7.02,19.84,11.67,7.29,15.45,5.54,19.1,18.08,40.29,18.09
1909,5.65997489713184,4,14.58,7.05,19.75,11.76,7.32,15.52,5.57,19.02,18.08,41.32,16.98
1910,5.65997489713184,4,14.34,6.91,19.67,11.58,7.17,15.33,5.48,18.94,17.91,40.04,18.01
1911,5.65997489713184,4,14.17,6.8,19.49,11.44,7.03,15.14,5.36,18.85,17.75,39.06,17.49
1912,5.65997489713184,4,14.23,6.83,19.58,11.49,7.09,15.14,5.41,18.94,17.83,40.54,18.25
1913,5.65997489713184,4,14.34,6.85,19.58,11.53,7.11,15.26,5.43,18.94,18,37.44,16.7
1914,5.65997489713184,4,14.4,6.94,19.67,11.62,7.2,15.33,5.48,19.1,18,40.8,17.94
1915,5.65997489713184,4,14.46,6.97,19.93,11.67,7.23,15.39,5.5,19.02,18,40.29,18.56
1916,5.65997489713184,4,14.34,6.91,19.67,11.53,7.14,15.26,5.43,19.02,17.91,40.54,17.94
1917,5.65997489713184,4,14.34,6.91,19.67,11.58,7.17,15.26,5.45,18.94,18,43.5,17.12
1918,5.65997489713184,4,14.4,6.97,19.75,11.62,7.2,15.33,5.5,19.1,18,41.05,17.12
1919,5.65997489713184,4,14.64,7.05,20.02,11.76,7.29,15.52,5.57,19.36,18.34,44.07,18.4
1920,5.65997489713184,4,14.46,6.91,19.84,11.62,7.17,15.33,5.48,19.53,18.25,40.54,18.56
1921,5.683538089942097,4,14.52,6.91,19.93,11.62,7.2,15.26,5.48,21.57,18.25,44.37,18.56
1922,5.683538089942097,4,14.4,6.88,19.93,11.58,7.11,15.26,5.43,22.08,18.17,41.32,18.48
1923,5.683538089942097,4,14.52,6.99,20.02,11.72,7.23,15.45,5.52,20.8,18.25,41.32,18.09
1924,5.683538089942097,4,14.64,7.05,20.1,11.81,7.29,15.52,5.57,21.08,18.34,43.22,18.64
1925,5.683538089942097,4,14.69,7.11,20.19,11.81,7.35,15.58,5.59,21.28,18.43,42.11,18.8
1926,5.683538089942097,4,14.69,7.08,20.1,11.81,7.32,15.52,5.59,21.08,18.43,41.58,17.27
1927,5.683538089942097,4,14.64,7.08,20.1,11.81,7.32,15.52,5.57,21.18,18.51,41.05,18.8
1928,5.683538089942097,4,14.81,7.16,20.28,11.95,7.41,15.71,5.66,21.37,18.6,41.84,18.97
1929,5.683538089942097,4,14.69,7.11,20.19,11.86,7.32,15.52,5.57,21.18,18.43,41.58,18.64
1930,5.683538089942097,4,14.75,7.11,20.19,11.9,7.35,15.58,5.61,21.28,18.43,41.58,18.97
1931,5.683538089942097,4,14.69,7.11,20.19,11.9,7.35,15.52,5.61,21.18,18.51,42.66,18.32
1932,5.683538089942097,4,14.75,7.11,20.19,11.9,7.35,15.58,5.61,21.28,18.51,40.8,17.94
1933,5.683538089942097,4,14.75,7.14,20.19,11.9,7.38,15.58,5.61,21.18,18.6,41.58,18.48
1934,5.683538089942097,4,14.75,7.16,20.19,11.9,7.38,15.58,5.63,21.28,18.43,42.94,18.64
1935,5.683538089942097,4,14.75,7.16,20.19,11.95,7.38,15.58,5.63,21.28,18.43,44.07,18.4
1936,5.683538089942097,4,14.75,7.14,20.28,11.9,7.38,15.52,5.61,21.37,18.6,42.38,18.56
1937,5.683538089942097,4,14.87,7.14,20.28,11.95,7.38,15.52,5.61,21.08,18.6,42.11,17.19
1938,5.683538089942097,4,14.87,7.16,20.28,11.9,7.38,15.52,5.63,21.47,18.6,41.84,18.48
1939,5.683538089942097,4,14.87,7.14,20.19,11.9,7.38,15.52,5.61,21.37,18.6,41.05,18.72
1940,5.683538089942097,4,14.81,7.11,20.28,11.86,7.32,15.45,5.61,21.28,18.6,40.54,18.48
1941,5.683538089942097,4,14.75,7.08,20.19,11.86,7.32,15.39,5.57,21.47,18.6,42.38,18.56
1942,5.683538089942097,4,14.75,7.08,20.28,11.86,7.35,15.45,5.59,19.44,18.69,41.58,17.27
1943,5.683538089942097,4,14.75,7.05,20.19,11.86,7.32,15.39,5.57,19.02,18.6,41.58,19.13
1944,5.683538089942097,4,14.75,7.11,20.19,11.9,7.38,15.45,5.59,20.8,18.6,41.84,18.8
1945,5.683538089942097,4,14.81,7.14,20.28,11.9,7.38,15.45,5.61,21.28,18.6,41.84,19.3
1946,5.683538089942097,4,14.81,7.14,20.28,11.9,7.38,15.45,5.61,21.28,18.69,42.38,19.22
1947,5.683538089942097,4,14.81,7.14,20.28,11.95,7.41,15.45,5.61,21.08,18.69,41.58,18.64
1948,5.683538089942097,4,14.23,6.72,19.75,11.44,6.97,14.83,5.3,20.7,18.08,45.26,17.79
1949,5.683538089942097,4,14.17,6.69,19.75,11.35,6.94,14.77,5.28,18.85,18.08,39.79,17.63
1950,5.683538089942097,4,14.11,6.66,19.75,11.35,6.92,14.77,5.26,18.85,18.08,39.79,17.94
1951,5.683538089942097,4,12.67,5.62,18.19,10.05,5.84,13.14,4.44,17.22,16.87,36.35,16.02
1952,5.683538089942097,4,12.57,5.55,18.43,9.89,5.82,13.19,4.43,17.59,16.87,36.35,15.82
1953,5.683538089942097,4,13.03,5.86,18.51,10.32,6.14,13.73,4.66,18.45,17.26,37.22,15.25
1954,5.683538089942097,4,13.72,6.39,19.49,10.95,6.67,14.53,5.06,18.53,18,38.12,17.41
1955,5.683538089942097,4,12.87,5.86,18.99,10.32,6.09,13.68,4.64,17.82,17.26,36.35,15.31
1956,5.683538089942097,4,13.61,6.26,19.33,10.82,6.53,14.36,4.96,18.29,17.83,37.67,17.34
1957,5.683538089942097,4,13.18,6.01,19.07,10.49,6.27,13.9,4.76,17.97,17.5,36.35,16.49
1958,5.683538089942097,4,13.13,5.96,18.99,10.41,6.25,13.84,4.74,17.97,17.42,36.78,16.84
1959,5.683538089942097,4,13.03,5.91,18.91,10.32,6.17,13.79,4.7,18.45,17.34,36.57,16.02
1960,5.683538089942097,4,12.92,5.84,18.75,10.24,6.09,13.68,4.64,17.89,17.18,36.14,16.22
1961,5.683538089942097,4,13.45,5.89,18.83,10.32,6.14,13.79,4.68,17.51,17.26,36.78,15.25
1962,5.683538089942097,4,13.4,5.84,18.83,10.24,6.12,13.68,4.64,17.89,17.18,37.44,16.63
1963,5.683538089942097,4,13.4,5.89,18.91,10.28,6.14,13.73,4.66,17.89,17.26,36.57,15.88
1964,5.683538089942097,4,13.34,5.86,18.83,10.24,6.14,13.73,4.64,17.89,17.1,36.57,15.69
1965,5.683538089942097,4,13.34,5.84,18.75,10.24,6.09,13.68,4.62,17.82,17.1,36.14,16.7
1966,5.683538089942097,4,13.34,5.84,18.75,10.24,6.09,13.68,4.62,17.82,17.1,36.57,16.91
1967,5.683538089942097,4,13.45,5.91,18.91,10.37,6.22,13.79,4.68,18.05,17.18,36.78,16.7
1968,5.683538089942097,4,12.92,5.55,18.43,9.89,5.82,13.25,4.39,17.59,16.72,35.51,15.62
1969,5.683538089942097,4,13.29,5.79,18.75,10.24,6.07,13.62,4.58,17.82,16.95,36.57,16.08
1970,5.683538089942097,4,13.18,5.74,18.75,10.16,6.04,13.57,4.56,17.82,16.95,36.78,16.91
1971,5.683538089942097,4,14.52,6.63,20.19,11.26,6.92,14.95,5.23,19.02,18.08,38.83,17.56
1972,5.683538089942097,4,13.03,5.64,18.59,10.01,5.92,13.41,4.48,18.53,16.79,35.31,16.42
1973,5.683538089942097,4,13.4,5.89,18.91,10.32,6.17,13.79,4.66,18.05,17.1,36.14,15.88
1974,5.683538089942097,4,14.52,6.66,19.93,11.3,6.92,14.95,5.23,18.77,17.91,39.55,17.05
1975,5.683538089942097,4,14.46,6.61,19.93,11.26,6.89,14.83,5.21,19.02,17.91,40.29,18.32
1976,5.683538089942097,4,13.94,6.26,19.41,10.78,6.53,14.3,4.94,18.45,17.42,41.58,17.79
1977,5.683538089942097,4,13.94,6.24,19.41,10.78,6.53,14.3,4.94,18.53,17.5,37.67,17.27
1978,5.683538089942097,4,13.03,5.64,18.59,10.05,5.89,13.3,4.46,17.59,16.72,35.72,14.76
1979,5.683538089942097,4,13.03,5.62,18.59,10.01,5.87,13.3,4.44,17.74,16.64,38.83,16.22
1980,5.683538089942097,4,14.11,6.37,19.49,10.95,6.64,14.47,5.02,19.62,17.5,38.12,17.86
1981,5.723414046731876,4,13.78,6.24,19.07,10.74,6.45,14.18,4.86,19.27,17.18,37.44,17.05
1982,5.723414046731876,4,13.18,5.76,18.67,10.2,5.99,13.46,4.54,18.69,16.79,34.51,15.62
1983,5.723414046731876,4,13.5,5.99,18.99,10.49,6.27,13.84,4.74,18.21,17.03,37.9,16.98
1984,5.723414046731876,4,13.83,6.21,19.33,10.78,6.48,14.18,4.88,18.61,17.34,36.78,17.86
1985,5.723414046731876,4,14.4,6.61,19.93,11.26,6.89,14.77,5.19,19.71,17.75,39.3,17.12
1986,5.723414046731876,4,14.46,6.63,19.93,11.3,6.89,14.77,5.21,19.36,17.83,39.3,17.27
1987,5.723414046731876,4,14.28,6.53,19.67,11.22,6.78,14.59,5.13,18.85,17.67,38.83,16.42
1988,5.723414046731876,4,13.89,6.29,19.16,10.91,6.48,14.18,4.9,18.29,17.34,37.67,16.91
1989,5.723414046731876,4,14.34,6.55,19.67,11.26,6.81,14.65,5.15,18.85,17.67,39.79,17.41
1990,5.723414046731876,4,14.52,6.69,19.93,11.39,7,14.77,5.23,19.1,17.83,39.06,17.71
1991,5.723414046731876,4,14.52,6.69,19.93,11.44,6.97,14.83,5.26,19.02,17.67,39.06,17.79
1992,5.723414046731876,4,13.5,6.01,18.83,10.57,6.14,13.68,4.7,18.05,16.87,37,15.5
1993,5.723414046731876,4,13.61,6.09,19.07,10.65,6.25,13.9,4.78,18.29,17.03,37.22,16.49
1994,5.723414046731876,4,13.72,6.26,19.58,10.95,6.35,14.07,4.96,19.02,17.26,37.67,15.95
1995,5.723414046731876,4,13.94,6.29,19.75,10.87,6.51,14.24,4.94,18.85,17.42,37.22,16.98
1996,5.723414046731876,4,14.34,6.58,19.75,11.3,6.75,14.65,5.17,19.19,17.67,38.12,16.42
1997,5.723414046731876,4,14.46,6.63,19.84,11.35,6.81,14.71,5.21,19.19,17.75,39.79,17.49
1998,5.723414046731876,4,14.58,6.69,19.93,11.44,6.86,14.77,5.23,19.1,17.75,38.12,17.94
1999,5.723414046731876,4,14.52,6.66,19.84,11.39,6.83,14.71,5.23,19.27,17.67,39.55,17.86
2000,5.723414046731876,4,14.52,6.66,19.93,11.39,6.83,14.71,5.21,19.1,17.58,37.44,17.86
2001,5.723414046731876,4,14.52,6.69,19.93,11.44,6.86,14.71,5.26,19.19,17.67,40.04,17.79
2002,5.723414046731876,4,14.52,6.66,19.93,11.39,6.83,14.65,5.23,19.1,17.67,39.3,16.77
2003,5.723414046731876,4,14.52,6.72,19.93,11.44,6.89,14.71,5.26,19.1,17.67,40.29,17.71
2004,5.723414046731876,4,14.52,6.69,19.93,11.44,6.86,14.65,5.23,19.27,17.67,38.12,17.86
2005,5.723414046731876,4,14.58,6.72,19.93,11.49,6.89,14.71,5.26,19.19,17.83,39.79,17.79
2006,5.723414046731876,4,14.58,6.72,19.93,11.49,6.89,14.71,5.26,19.27,17.75,39.55,16.28
2007,5.723414046731876,4,14.52,6.69,19.93,11.44,6.86,14.65,5.23,19.19,17.75,38.59,17.56
2008,5.723414046731876,4,14.46,6.63,19.84,11.39,6.81,14.59,5.19,19.02,17.67,40.04,16.15
2009,5.723414046731876,4,14.46,6.66,19.93,11.39,6.83,14.59,5.21,19.1,17.67,38.36,17.63
2010,5.723414046731876,4,14.52,6.66,19.93,11.39,6.83,14.59,5.21,19.19,17.58,39.06,16.28
2011,5.723414046731876,4,14.58,6.72,19.93,11.49,6.86,14.65,5.26,19.27,17.58,40.8,17.41
2012,5.723414046731876,4,14.52,6.66,19.93,11.44,6.83,14.59,5.21,19.36,17.67,39.55,17.63
2013,5.723414046731876,4,14.4,6.58,19.84,11.3,6.75,14.47,5.17,19.44,17.34,39.06,17.41
2014,5.723414046731876,4,14.46,6.61,19.84,11.35,6.81,14.53,5.19,19.36,17.42,38.59,17.71
2015,5.723414046731876,4,13.18,5.76,18.75,10.24,5.94,13.25,4.54,18.05,16.57,35.31,16.15
2016,5.723414046731876,4,14.52,6.66,20.1,11.39,6.86,14.65,5.23,19.53,17.67,37.44,17.79
2017,5.723414046731876,4,13.72,6.14,19.24,10.74,6.32,13.84,4.84,20.8,16.95,36.78,16.56
2018,5.723414046731876,4,13.83,6.21,19.58,10.87,6.4,13.96,4.9,18.85,17.18,37.9,16.84
2019,5.723414046731876,4,14.52,6.69,19.93,11.44,6.86,14.65,5.23,19.27,17.67,38.83,17.49
2020,5.723414046731876,4,14.52,6.69,19.93,11.49,6.86,14.65,5.23,19.36,17.58,39.79,17.41
2021,5.723414046731876,4,14.52,6.72,20.02,11.49,6.89,14.71,5.26,19.36,17.5,39.79,17.79
2022,5.723414046731876,4,14.52,6.69,20.02,11.49,6.89,14.65,5.26,19.62,17.42,40.04,17.71
2023,5.723414046731876,4,14.46,6.66,19.93,11.44,6.86,14.59,5.23,19.27,17.26,39.79,18.32
2024,5.723414046731876,4,14.34,6.61,19.84,11.35,6.81,14.53,5.19,19.27,17.18,39.55,17.71
2025,5.723414046731876,4,14.11,6.45,19.67,11.17,6.64,14.24,5.06,19.02,16.95,39.55,17.19
2026,5.723414046731876,4,14.17,6.47,19.67,11.17,6.67,14.3,5.09,19.19,17.03,38.83,17.05
2027,5.723414046731876,4,14.17,6.47,19.67,11.17,6.67,14.3,5.06,19.1,16.95,39.55,17.56
2028,5.723414046731876,4,14.34,6.58,19.84,11.3,6.78,14.47,5.17,19.27,17.1,40.04,16.84
2029,5.723414046731876,4,14.52,6.66,19.93,11.44,6.89,14.59,5.23,19.36,17.26,39.3,17.94
2030,5.723414046731876,4,14.52,6.69,20.02,11.49,6.89,14.59,5.23,19.27,17.1,39.3,17.34
2031,5.723414046731876,4,14.52,6.69,20.02,11.49,6.89,14.59,5.23,19.44,17.1,40.04,16.84
2032,5.723414046731876,4,14.52,6.69,20.02,11.49,6.89,14.59,5.23,19.19,17.1,39.06,17.49
2033,5.723414046731876,4,14.58,6.72,19.93,11.53,6.92,14.65,5.26,20.24,17.1,38.83,17.79
2034,5.723414046731876,4,14.58,6.72,20.02,11.53,6.92,14.59,5.26,19.27,17.1,39.55,16.7
2035,5.723414046731876,4,14.58,6.72,20.02,11.53,6.94,14.59,5.26,19.27,17.1,39.79,17.79
2036,5.723414046731876,4,14.64,6.74,20.1,11.62,6.94,14.65,5.28,19.36,17.1,39.3,18.09
2037,5.723414046731876,4,14.64,6.74,20.1,11.58,6.97,14.65,5.28,19.27,17.18,39.3,17.49
2038,5.723414046731876,4,13.34,5.89,18.75,10.49,6.07,13.3,4.6,18.05,16.57,36.35,16.08
2039,5.723414046731876,4,13.18,5.76,18.83,10.28,5.99,13.14,4.54,18.13,16.42,36.35,16.63
2040,5.723414046731876,4,13.24,5.81,18.91,10.32,6.07,13.35,4.6,18.37,16.34,35.31,16.08
2041,5.731030382283858,4,14.52,6.66,20.02,11.44,6.89,14.59,5.23,19.36,17.34,39.55,17.27
2042,5.731030382283858,4,12.92,5.57,18.59,10.05,5.82,12.93,4.41,18.13,16.05,35.11,15.43
2043,5.731030382283858,4,13.24,5.76,18.91,10.28,5.99,13.3,4.54,18.37,16.27,36.78,16.49
2044,5.731030382283858,4,12.72,5.43,18.51,9.85,5.67,12.83,4.31,17.82,15.91,32.99,16.08
2045,5.731030382283858,4,12.67,5.41,18.51,9.81,5.65,12.83,4.29,17.82,16.05,34.31,16.35
2046,5.731030382283858,4,13.08,5.69,18.83,10.16,5.94,13.25,4.5,18.13,16.42,35.31,16.7
2047,5.731030382283858,4,12.67,5.38,18.43,9.81,5.65,12.78,4.27,17.74,16.12,33.93,16.22
2048,5.731030382283858,4,12.77,5.45,18.51,9.89,5.72,12.93,4.33,17.82,16.05,34.91,15.62
2049,5.731030382283858,4,12.72,5.43,18.59,9.85,5.7,12.88,4.31,17.82,16.2,35.31,16.15
2050,5.731030382283858,4,12.72,5.43,18.51,9.85,5.7,12.88,4.29,17.82,16.05,34.71,16.28
2051,5.731030382283858,4,12.87,5.52,18.67,9.97,5.79,13.04,4.37,17.82,16.2,35.31,14.7
2052,5.731030382283858,4,12.87,5.52,18.51,9.97,5.77,12.98,4.35,17.82,16.12,34.71,16.42
2053,5.731030382283858,4,14.06,6.39,19.93,11.08,6.67,14.42,5.06,19.1,17.18,37.67,17.94
2054,5.731030382283858,4,14.34,6.53,20.19,11.22,6.83,14.47,5.13,19.27,17.34,38.12,17.27
2055,5.731030382283858,4,14.64,6.74,20.19,11.58,7.03,14.77,5.26,19.36,17.5,39.3,18.17
2056,5.731030382283858,4,13.83,6.21,19.49,10.91,6.48,13.9,4.86,18.53,16.72,38.59,17.05
2057,5.731030382283858,4,13.67,6.06,19.33,10.65,6.32,13.68,4.76,18.61,16.57,36.57,17.12
2058,5.731030382283858,4,14.64,6.72,20.1,11.53,7,14.71,5.26,19.44,17.26,40.8,17.79
2059,5.731030382283858,4,14.64,6.77,20.19,11.62,7.03,14.71,5.28,19.36,17.34,39.79,17.49
2060,5.731030382283858,4,14.17,6.42,19.75,11.17,6.7,14.13,5.02,18.94,16.95,38.59,17.41
2061,5.731030382283858,4,14.64,6.74,20.19,11.58,7.03,14.65,5.28,19.36,17.34,40.54,18.25
2062,5.731030382283858,4,14.64,6.74,20.19,11.58,7.03,14.59,5.28,19.53,17.26,39.79,18.09
2063,5.731030382283858,4,13.5,5.96,19.24,10.57,6.25,13.41,4.68,18.53,16.42,35.93,16.49
2064,5.731030382283858,4,13.45,5.91,19.16,10.53,6.19,13.41,4.66,18.29,16.34,40.54,16.84
2065,5.731030382283858,4,13.67,6.06,19.33,10.7,6.35,13.57,4.76,18.61,16.57,38.59,17.05
2066,5.731030382283858,4,14.4,6.55,20.02,11.3,6.83,14.3,5.15,19.97,17.1,39.06,17.86
2067,5.731030382283858,4,14.64,6.66,20.19,11.58,7,14.42,5.26,19.36,17.26,39.3,16.98
2068,5.731030382283858,4,14.69,6.74,20.19,11.62,7.03,14.59,5.26,19.88,17.26,38.59,17.49
2069,5.731030382283858,4,14.64,6.74,20.1,11.62,7,14.53,5.26,20.06,17.18,39.55,17.79
2070,5.731030382283858,4,14.69,6.74,20.19,11.58,7,14.47,5.26,19.79,17.26,39.79,17.71
2071,5.731030382283858,4,14.69,6.74,20.19,11.58,7,14.3,5.26,20.06,17.26,41.05,17.86
2072,5.731030382283858,4,14.69,6.77,20.19,11.62,7.03,14.53,5.28,20.06,17.18,39.79,17.34
2073,5.731030382283858,4,14.64,6.74,20.19,11.62,7,14.47,5.26,19.79,17.18,40.54,18.01
2074,5.731030382283858,4,14.69,6.72,20.19,11.58,6.97,14.47,5.26,19.53,17.18,39.06,17.94
2075,5.731030382283858,4,14.69,6.74,20.19,11.58,7,14.47,5.26,19.88,17.26,39.55,16.28
2076,5.731030382283858,4,14.64,6.72,20.19,11.58,7,14.42,5.26,19.62,17.18,41.05,18.17
2077,5.731030382283858,4,14.64,6.69,20.1,11.58,6.94,14.36,5.23,19.36,17.18,39.06,17.79
2078,5.731030382283858,4,14.75,6.77,20.19,11.62,7.06,14.47,5.3,19.97,17.26,39.55,17.79
2079,5.731030382283858,4,14.69,6.74,20.19,11.62,7.06,14.42,5.28,19.97,17.26,40.54,17.71
2080,5.731030382283858,4,14.75,6.8,20.19,11.67,7.06,14.47,5.3,19.97,17.26,39.79,18.25
2081,5.731030382283858,4,14.81,6.8,20.28,11.67,7.06,14.53,5.32,20.15,17.34,39.55,18.01
2082,5.731030382283858,4,14.81,6.8,20.28,11.67,7.06,14.47,5.3,19.97,17.26,41.84,17.19
2083,5.731030382283858,4,14.81,6.8,20.19,11.67,7.06,14.47,5.3,19.97,17.26,40.8,18.56
2084,5.731030382283858,4,14.64,6.69,20.1,11.53,6.97,14.3,5.23,19.88,17.18,39.79,18.25
2085,5.731030382283858,4,14.81,6.77,20.19,11.67,7,14.24,5.28,19.97,17.26,41.05,17.63
2086,5.731030382283858,4,14.69,6.74,20.1,11.62,7,14.18,5.26,19.88,17.26,40.54,17.56
2087,5.731030382283858,4,13.72,6.04,18.99,10.78,6.3,13.14,4.7,18.85,16.42,37.44,16.15
2088,5.731030382283858,4,14.75,6.77,20.19,11.67,7.03,14.18,5.3,20.8,17.26,38.59,18.09
2089,5.731030382283858,4,14.81,6.77,20.19,11.67,7.03,14.24,5.28,20.24,17.26,39.79,17.41
2090,5.731030382283858,4,14.75,6.72,20.28,11.58,7,14.36,5.26,20.15,17.18,39.55,17.86
2091,5.731030382283858,4,14.87,6.77,20.19,11.67,7.06,14.42,5.28,20.15,17.26,39.79,18.01
2092,5.731030382283858,4,14.34,6.45,19.67,11.39,6.7,13.9,5.02,19.97,16.87,38.59,16.91
2093,5.731030382283858,4,14.87,6.77,20.19,11.67,7.03,14.42,5.28,20.61,17.26,40.29,17.56
2094,5.731030382283858,4,14.81,6.74,20.1,11.62,7.03,14.42,5.28,20.42,17.26,40.29,17.71
2095,5.731030382283858,4,14.87,6.77,20.19,11.67,7.06,14.47,5.3,20.52,17.26,39.79,17.79
2096,5.731030382283858,4,14.81,6.77,20.19,11.67,7.03,14.42,5.28,20.33,17.26,39.06,17.79
2097,5.731030382283858,4,14.81,6.77,20.19,11.67,7.03,14.42,5.28,20.42,17.26,40.54,18.01
2098,5.731030382283858,4,14.81,6.77,20.19,11.67,7.03,14.42,5.3,20.42,17.26,40.54,18.09
2099,5.731030382283858,4,14.75,6.74,20.19,11.67,7,14.42,5.26,20.42,17.26,40.29,17.19
2100,5.731030382283858,4,14.81,6.74,20.19,11.67,7.03,14.42,5.28,19.53,17.26,37.9,18.01
2101,5.746957728968659,4,14.75,6.72,20.1,11.62,7,14.36,5.26,20.61,17.18,40.04,18.17
2102,5.746957728968659,4,14.81,6.77,20.19,11.67,7.03,14.42,5.28,19.62,17.26,39.79,18.01
2103,5.746957728968659,4,14.81,6.77,20.19,11.67,7.03,14.42,5.28,20.61,17.26,38.83,16.28
2104,5.746957728968659,4,14.81,6.77,20.19,11.67,7,14.36,5.28,19.62,17.26,41.32,17.41
2105,5.746957728968659,4,14.87,6.8,20.28,11.72,7.06,14.42,5.3,19.53,17.34,40.54,16.35
2106,5.746957728968659,4,14.81,6.77,20.19,11.72,7.03,14.42,5.28,20.24,17.26,39.06,17.79
2107,5.746957728968659,4,14.81,6.74,20.1,11.67,7,14.36,5.26,20.33,17.26,40.29,16.22
2108,5.746957728968659,4,14.87,6.77,20.19,11.72,7.03,14.42,5.3,20.06,17.26,40.29,16.28
2109,5.746957728968659,4,14.87,6.8,20.19,11.72,7.03,14.42,5.3,20.06,17.26,40.54,17.79
2110,5.746957728968659,4,14.81,6.8,20.19,11.72,7.06,14.42,5.3,20.33,17.26,40.04,17.71
2111,5.746957728968659,4,14.81,6.8,20.19,11.76,7.06,14.36,5.3,20.61,17.26,40.54,16.28
2112,5.746957728968659,4,14.87,6.8,20.19,11.72,7.09,14.42,5.32,20.8,17.26,39.79,18.17
2113,5.746957728968659,4,14.87,6.83,20.28,11.72,7.09,14.36,5.3,20.33,17.26,40.04,17.71
2114,5.746957728968659,4,14.69,6.69,20.1,11.58,6.97,14.18,5.21,20.24,17.18,37.22,17.27
2115,5.746957728968659,4,14.58,6.61,19.93,11.49,6.89,14.07,5.15,20.15,17.03,38.59,17.71
2116,5.746957728968659,4,14.81,6.74,20.1,11.62,7,14.24,5.26,20.24,17.26,39.79,16.84
2117,5.746957728968659,4,14.23,6.39,19.58,11.22,6.64,13.68,4.98,19.79,16.79,36.57,17.27
2118,5.746957728968659,4,14.58,6.58,19.93,11.44,6.86,14.01,5.15,20.06,17.03,39.3,17.71
2119,5.746957728968659,4,14.46,6.53,19.93,11.35,6.78,13.9,5.11,19.97,16.95,39.55,17.49
2120,5.746957728968659,4,14.81,6.61,20.02,11.49,6.86,14.01,5.15,20.06,17.03,39.55,16.77
2121,5.746957728968659,4,14.75,6.58,19.93,11.44,6.83,13.96,5.13,20.06,17.03,38.59,16.63
2122,5.746957728968659,4,14.81,6.55,19.93,11.44,6.83,13.96,5.13,20.15,17.03,39.06,17.56
2123,5.746957728968659,4,14.75,6.53,19.84,11.39,6.81,13.9,5.11,19.88,16.95,39.55,17.71
2124,5.746957728968659,4,14.81,6.58,19.93,11.39,6.83,13.96,5.13,19.71,17.03,39.79,17.49
2125,5.746957728968659,4,14.87,6.63,20.02,11.53,6.92,14.07,5.19,19.88,17.1,39.79,17.56
2126,5.746957728968659,4,14.94,6.63,20.02,11.53,6.92,14.07,5.19,20.15,17.1,39.55,17.19
2127,5.746957728968659,4,14.81,6.58,20.02,11.44,6.86,14.01,5.15,19.97,17.03,39.3,17.19
2128,5.746957728968659,4,14.75,6.58,19.93,11.44,6.86,13.96,5.13,19.79,17.03,39.3,17.34
2129,5.746957728968659,4,14.75,6.58,19.93,11.44,6.86,14.01,5.13,19.71,17.03,39.06,17.05
2130,5.746957728968659,4,14.81,6.61,20.02,11.44,6.89,14.01,5.15,19.97,17.1,39.79,17.19
2131,5.746957728968659,4,14.87,6.61,20.02,11.49,6.92,14.01,5.15,20.06,17.1,43.22,16.08
2132,5.746957728968659,4,14.87,6.63,19.93,11.49,6.92,14.01,5.17,19.97,17.03,42.66,17.63
2133,5.746957728968659,4,14.58,6.61,19.93,11.49,6.89,14.01,5.15,19.97,17.03,39.79,17.63
2134,5.746957728968659,4,14.58,6.61,19.93,11.44,6.89,14.01,5.13,19.97,17.03,39.06,17.41
2135,5.746957728968659,4,14.58,6.61,19.93,11.49,6.89,14.01,5.15,19.97,17.03,37.67,17.71
2136,5.746957728968659,4,14.64,6.61,19.93,11.49,6.86,14.01,5.15,20.06,17.03,38.59,17.86
2137,5.746957728968659,4,14.64,6.61,20.02,11.49,6.86,14.01,5.15,20.33,17.03,37,17.12
2138,5.746957728968659,4,14.46,6.5,20.02,11.3,6.78,13.84,5.09,20.24,16.95,39.06,17.34
2139,5.746957728968659,4,14.52,6.55,19.84,11.44,6.83,13.9,5.13,20.15,16.95,40.04,17.49
2140,5.746957728968659,4,14.58,6.58,19.93,11.44,6.86,13.96,5.13,19.88,17.03,40.8,17.63
2141,5.746957728968659,4,15,6.58,19.93,11.44,6.86,13.96,5.13,20.24,17.03,38.36,17.49
2142,5.746957728968659,4,15,6.61,19.93,11.49,6.89,14.01,5.15,20.06,17.03,39.06,17.63
2143,5.746957728968659,4,14.64,6.32,19.58,11.08,6.56,13.51,4.92,20.7,16.72,38.12,15.62
2144,5.746957728968659,4,14.52,6.24,19.67,11,6.53,13.51,4.9,20.8,16.57,36.78,17.05
2145,5.746957728968659,4,14.94,6.55,19.93,11.44,6.83,14.01,5.11,20.61,16.87,39.55,16.02
2146,5.746957728968659,4,14.87,6.53,19.84,11.39,6.81,13.9,5.11,19.97,16.79,40.04,15.95
2147,5.746957728968659,4,14.94,6.55,19.84,11.44,6.83,13.96,5.11,19.97,16.79,38.83,17.12
2148,5.746957728968659,4,14.94,6.55,19.84,11.39,6.83,13.9,5.11,19.88,16.79,38.83,17.41
2149,5.746957728968659,4,14.94,6.53,19.84,11.39,6.81,13.9,5.09,19.88,16.79,39.55,17.56
2150,5.746957728968659,4,14.94,6.53,19.84,11.39,6.78,13.84,5.06,20.06,16.79,38.83,17.12
2151,5.746957728968659,4,15,6.55,19.84,11.44,6.81,13.9,5.11,20.06,16.79,39.06,17.41
2152,5.746957728968659,4,14.94,6.53,19.84,11.39,6.78,13.9,5.06,19.88,16.72,39.3,17.56
2153,5.746957728968659,4,15.06,6.63,19.93,11.53,6.89,14.01,5.15,20.06,16.79,38.83,17.49
2154,5.746957728968659,4,15,6.61,19.93,11.53,6.86,13.96,5.13,19.97,16.79,39.55,17.34
2155,5.746957728968659,4,15,6.61,19.93,11.53,6.86,13.96,5.15,19.97,16.79,39.55,16.84
2156,5.746957728968659,4,15,6.63,20.02,11.53,6.89,14.01,5.17,19.97,16.87,40.04,17.27
2157,5.746957728968659,4,15.06,6.63,20.02,11.53,6.89,14.01,5.17,20.06,16.87,37.9,17.56
2158,5.746957728968659,4,15.18,6.66,20.02,11.62,6.94,14.07,5.19,20.24,17.26,41.32,17.19
2159,5.746957728968659,4,13.61,5.67,18.67,10.28,5.92,12.58,4.41,18.85,15.91,36.57,15.62
2160,5.746957728968659,4,13.67,5.72,18.83,10.32,5.99,12.73,4.48,19.02,16.05,38.59,15.82
2161,5.75803314653214,4,14.4,6.16,19.41,10.91,6.45,13.41,4.82,19.62,16.49,37.44,16.49
2162,5.75803314653214,4,15.12,6.66,19.93,11.58,6.94,14.07,5.17,20.15,16.95,37.67,17.27
2163,5.75803314653214,4,15.12,6.66,19.93,11.58,6.94,14.07,5.17,20.06,16.95,39.79,16.7
2164,5.75803314653214,4,15.12,6.66,19.93,11.58,6.94,14.01,5.17,20.33,17.03,39.55,17.56
2165,5.75803314653214,4,15.12,6.66,19.93,11.58,6.94,14.01,5.17,19.88,17.03,40.04,17.34
2166,5.75803314653214,4,15.18,6.66,20.1,11.58,6.97,14.01,5.17,20.15,16.95,39.79,16.98
2167,5.75803314653214,4,15.18,6.66,20.02,11.58,6.94,14.01,5.17,19.97,16.95,39.3,16.84
2168,5.75803314653214,4,15.18,6.69,20.02,11.62,6.97,14.07,5.19,20.06,16.95,36.78,17.71
2169,5.75803314653214,4,14.4,6.16,19.24,10.91,6.45,13.25,4.78,19.27,16.42,37.44,16.7
2170,5.75803314653214,4,14.4,6.14,19.33,10.91,6.43,13.25,4.78,19.44,16.42,35.93,16.7
2171,5.75803314653214,4,13.94,5.84,18.91,10.49,6.09,12.83,4.56,18.94,16.05,37.22,16.22
2172,5.75803314653214,4,14.28,5.96,19.07,10.65,6.3,13.14,4.7,19.1,16.27,36.14,16.35
2173,5.75803314653214,4,13.89,5.81,18.91,10.49,6.07,12.83,4.52,19.02,16.05,35.93,16.08
2174,5.75803314653214,4,15.18,6.63,19.93,11.58,6.92,14.01,5.15,20.15,16.87,39.55,17.49
2175,5.75803314653214,4,15.18,6.66,19.93,11.62,6.92,14.07,5.17,20.06,16.87,39.55,16.91
2176,5.75803314653214,4,15.24,6.69,19.93,11.62,6.94,14.07,5.17,20.15,16.87,39.79,17.27
2177,5.75803314653214,4,15.24,6.69,20.02,11.62,6.94,14.07,5.17,20.15,17.18,39.3,17.41
2178,5.75803314653214,4,15.18,6.69,19.93,11.62,6.94,14.01,5.17,20.15,17.1,39.55,17.34
2179,5.75803314653214,4,15.31,6.72,20.02,11.67,6.94,14.07,5.19,20.06,17.18,39.3,17.56
2180,5.75803314653214,4,15.24,6.72,20.02,11.67,6.97,14.01,5.19,20.15,17.18,38.59,17.49
2181,5.75803314653214,4,15.24,6.72,20.02,11.67,7,14.01,5.19,20.24,17.18,39.06,17.05
2182,5.75803314653214,4,15.24,6.69,19.93,11.67,6.94,13.96,5.17,20.06,17.1,39.55,16.42
2183,5.75803314653214,4,15.24,6.72,20.02,11.67,6.97,14.01,5.19,20.06,17.1,42.66,17.41
2184,5.75803314653214,4,15.24,6.69,20.02,11.67,6.94,13.96,5.17,20.06,17.1,38.12,17.63
2185,5.75803314653214,4,15.18,6.66,19.93,11.62,6.92,13.9,5.15,20.15,16.79,39.06,16.84
2186,5.75803314653214,4,15.31,6.72,20.02,11.72,6.97,14.01,5.19,20.24,16.95,40.8,17.34
2187,5.75803314653214,4,15.24,6.69,19.93,11.67,7.03,13.96,5.17,20.15,16.95,41.05,17.41
2188,5.75803314653214,4,15.24,6.69,19.93,11.67,6.94,13.96,5.17,20.15,17.03,40.29,17.41
2189,5.75803314653214,4,15.24,6.72,19.93,11.67,6.94,14.01,5.19,20.24,17.03,37.9,17.63
2190,5.75803314653214,4,15.06,6.58,19.75,11.53,6.81,13.79,5.09,20.15,16.87,38.83,17.41
2191,5.75803314653214,4,15.24,6.72,20.02,11.72,6.97,13.96,5.19,20.24,17.03,42.66,17.34
2192,5.75803314653214,4,15.24,6.72,19.93,11.72,6.97,13.96,5.19,20.24,17.03,40.04,17.41
2193,5.75803314653214,4,15.31,6.74,20.02,11.72,7,14.01,5.19,20.15,17.03,40.29,17.19
2194,5.75803314653214,4,15.31,6.66,19.93,11.72,6.97,13.9,5.17,20.33,16.79,40.04,16.7
2195,5.75803314653214,4,15.31,6.72,19.93,11.72,6.97,13.96,5.19,20.33,17.03,43.5,17.49
2196,5.75803314653214,4,15.31,6.72,20.02,11.72,6.97,13.96,5.19,20.24,17.03,40.04,16.84
2197,5.75803314653214,4,15.31,6.72,19.93,11.72,6.94,13.96,5.17,20.24,17.03,40.04,17.41
2198,5.75803314653214,4,15.31,6.72,19.93,11.72,6.97,13.96,5.19,20.33,17.03,40.54,16.49
2199,5.75803314653214,4,15.24,6.69,19.93,11.67,6.94,13.96,5.17,20.33,17.18,40.54,17.19
2200,5.75803314653214,4,15.31,6.72,19.93,11.76,6.94,13.96,5.17,20.52,17.1,38.36,17.12
2201,5.75803314653214,4,15.31,6.72,19.93,11.72,6.94,13.96,5.17,20.42,17.1,38.12,16.08
2202,5.75803314653214,4,15.31,6.69,19.93,11.76,6.94,13.9,5.17,20.33,17.1,40.29,16.91
2203,5.75803314653214,4,15.31,6.69,19.84,11.72,6.94,13.96,5.17,20.33,17.03,39.55,16.35
2204,5.75803314653214,4,15.24,6.69,19.84,11.67,6.92,13.9,5.15,20.33,17.03,39.79,17.12
2205,5.75803314653214,4,15.31,6.72,19.93,11.72,6.97,13.96,5.17,20.33,17.1,37.44,17.41
2206,5.75803314653214,4,15.37,6.74,19.93,11.76,6.97,13.96,5.19,21.08,17.03,39.3,16.42
2207,5.75803314653214,4,15.37,6.72,19.93,11.72,6.97,13.96,5.17,20.52,17.03,39.3,17.34
2208,5.75803314653214,4,15.37,6.72,19.93,11.72,6.94,13.96,5.17,20.8,17.03,39.06,17.49
2209,5.75803314653214,4,15.37,6.72,19.93,11.72,6.94,13.96,5.17,20.61,16.95,39.3,17.05
2210,5.75803314653214,4,15.37,6.74,19.93,11.76,6.97,13.96,5.19,20.61,17.03,40.04,17.27
2211,5.75803314653214,4,15.31,6.66,19.84,11.67,6.89,13.84,5.13,20.24,16.87,39.79,17.12
2212,5.75803314653214,4,15.31,6.69,19.84,11.67,6.92,13.84,5.15,20.24,16.87,38.83,16.84
2213,5.75803314653214,4,15.18,6.61,19.75,11.58,6.83,13.73,5.09,19.97,16.79,39.3,18.01
2214,5.75803314653214,4,15.37,6.72,19.93,11.72,6.94,13.9,5.15,20.24,16.95,41.32,18.17
2215,5.75803314653214,4,15.24,6.63,19.75,11.62,6.86,13.73,5.09,20.24,16.87,39.3,17.49
2216,5.75803314653214,4,15.24,6.66,19.75,11.62,6.89,13.79,5.11,20.15,16.87,39.06,17.12
2217,5.75803314653214,4,15.31,6.69,19.84,11.67,6.92,13.84,5.13,20.06,16.95,40.04,16.63
2218,5.75803314653214,4,15.37,6.72,19.93,11.72,6.97,13.9,5.15,19.97,16.95,37.44,17.05
2219,5.75803314653214,4,15.37,6.72,19.84,11.72,6.94,13.9,5.17,19.97,16.95,39.3,17.19
2220,5.75803314653214,4,15.37,6.69,19.84,11.67,6.92,13.84,5.13,19.97,16.95,38.83,17.49
