Minute,TVC,Label,MQ135,MQ136,MQ137,MQ138,MQ2,MQ3,MQ4,MQ5,MQ6,MQ8,MQ9
1,1.87589,1,14.87,16.3,9.67,18.77,12.95,25.25,10.85,9.09,18.6,42.11,11.99
2,1.87589,1,14.94,16.3,9.67,18.77,12.95,25.38,10.85,9.09,13.37,42.38,12.62
3,1.87589,1,14.94,16.3,9.71,18.77,13,25.25,10.89,9.09,13.37,41.05,12.03
4,1.87589,1,14.87,16.23,9.67,18.77,12.9,25.25,10.94,9.02,13.37,42.38,12.23
5,1.87589,1,14.94,16.23,9.67,18.69,12.8,25.25,10.89,9.06,13.32,42.11,12.18
6,1.87589,1,14.94,16.17,9.71,18.61,12.8,25.13,10.89,9.06,13.26,42.94,12.52
7,1.87589,1,14.94,16.23,9.75,18.69,12.8,25.13,11.02,9.02,13.26,42.66,12.18
8,1.87589,1,14.94,16.17,9.71,18.61,12.8,25.13,10.89,8.99,13.26,42.38,12.03
9,1.87589,1,14.87,16.17,9.75,18.61,12.8,25.13,10.89,9.02,13.21,41.32,12.18
10,1.87589,1,14.81,16.17,9.75,18.61,12.75,25.01,10.89,9.02,13.15,40.04,11.62
11,1.87589,1,14.81,16.17,9.75,18.52,12.75,25.01,11.11,9.09,13.15,41.05,12.03
12,1.87589,1,14.87,16.23,9.82,18.61,12.8,25.01,10.98,9.02,13.21,42.11,12.52
13,1.87589,1,15.06,16.23,9.82,18.69,12.8,25.01,10.98,9.06,13.15,42.38,12.67
14,1.87589,1,14.87,16.23,9.82,18.52,12.75,24.53,10.94,8.99,13.15,42.66,12.77
15,1.87589,1,14.87,16.3,9.86,18.61,12.75,24.89,10.89,9.06,13.15,43.78,12.72
16,1.87589,1,14.81,16.3,9.86,18.69,12.64,24.65,10.98,8.99,13.15,42.66,12.13
17,1.87589,1,14.87,16.44,9.86,18.61,13,24.77,10.81,9.06,13.09,42.38,12.37
18,1.87589,1,14.81,16.23,9.9,18.52,12.64,24.53,10.81,8.99,13.04,41.05,12.62
19,1.87589,1,14.81,16.37,9.9,18.52,12.5,24.77,10.76,8.81,13.04,41.58,12.77
20,1.87589,1,14.69,16.03,9.82,18.44,12.5,24.65,10.76,8.88,12.99,46.19,11.48
21,1.87589,1,14.75,16.17,9.86,18.44,12.55,24.65,10.81,8.88,15.98,40.8,12.03
22,1.87589,1,13.83,15.14,9.16,17.42,11.68,23.29,9.94,8.11,14.32,39.3,11.57
23,1.87589,1,14.81,16.3,10.02,18.52,12.55,24.65,10.85,8.92,13.09,42.38,12.32
24,1.87589,1,14.75,16.3,9.94,18.52,12.45,24.65,10.85,8.88,15.56,41.32,12.13
25,1.87589,1,14.75,16.3,9.98,18.52,12.59,24.42,10.85,8.85,15.42,42.66,12.32
26,1.87589,1,14.81,16.3,9.98,18.52,12.55,24.65,10.81,8.78,14.2,41.84,11.71
27,1.87589,1,14.94,16.44,10.06,18.61,12.7,24.53,10.94,8.95,16.87,43.22,12.92
28,1.87589,1,14.94,16.44,10.14,18.61,12.59,24.65,10.94,8.92,17.26,42.11,12.82
29,1.87589,1,14.87,16.3,10.14,18.61,12.59,24.42,10.81,8.85,19.05,40.54,12.08
30,1.87589,1,14.75,16.17,10.06,18.52,12.55,24.3,10.76,8.92,18.08,41.58,12.32
31,1.87589,1,14.81,16.17,10.06,18.52,12.45,24.42,10.63,8.88,17.91,41.84,11.89
32,1.87589,1,14.81,16.17,10.14,18.44,12.5,24.89,10.68,8.78,16.57,40.29,11.99
33,1.87589,1,14.87,16.23,10.22,18.36,12.59,25.13,10.81,8.85,16.87,41.84,12.18
34,1.87589,1,14.87,16.17,10.14,18.36,12.35,24.89,10.72,8.88,17.26,42.38,11.99
35,1.87589,1,14.94,16.23,10.26,18.44,12.55,24.3,10.76,8.74,16.87,42.94,12.18
36,1.87589,1,14.87,16.3,10.26,18.44,12.55,24.42,10.76,8.88,16.49,42.38,12.08
37,1.87589,1,13.61,14.53,9.45,16.9,10.93,22.44,9.41,8.21,17.1,39.3,10.82
38,1.87589,1,13.45,14.07,9.45,16.61,10.63,22.13,9.12,8.31,16.27,38.59,11.26
39,1.87589,1,14.87,16.1,10.3,18.44,12.45,24.42,10.55,8.95,16.95,41.84,12.23
40,1.87589,1,14.87,16.17,10.3,18.52,12.45,24.3,10.59,8.92,16.27,42.11,12.23
41,1.87589,1,14.87,16.17,10.34,18.52,12.55,24.42,10.55,8.92,16.05,41.32,12.08
42,1.87589,1,14.87,16.17,10.5,18.61,12.5,24.42,10.59,8.92,16.34,42.94,12.13
43,1.87589,1,14.94,16.23,10.42,18.61,12.5,24.42,10.72,8.99,16.79,42.66,12.23
44,1.87589,1,14.94,16.23,10.42,18.52,12.45,24.42,10.63,8.95,16.49,42.11,12.08
45,1.87589,1,14.87,16.03,10.42,18.44,12.3,24.18,10.47,8.92,16.34,42.66,12.08
46,1.87589,1,15.06,16.17,10.46,18.44,12.35,24.07,10.59,8.99,16.2,42.38,12.87
47,1.87589,1,15.06,16.1,10.42,18.44,12.35,24.89,10.51,8.99,16.79,41.84,12.47
48,1.87589,1,15.06,16.03,10.46,18.44,12.35,24.3,10.47,8.88,16.12,44.66,11.99
49,1.87589,1,14.87,15.84,10.38,18.36,11.92,23.96,10.3,8.81,16.27,41.84,11.94
50,1.87589,1,15.06,16.03,10.5,18.44,12.3,24.3,10.34,9.38,16.42,43.78,12.57
51,1.87589,1,15.12,15.97,10.54,18.28,12.25,24.07,10.43,8.95,16.34,42.11,12.77
52,1.87589,1,14.94,15.84,10.54,18.36,12.2,23.96,10.38,8.99,18.69,41.84,12.67
53,1.87589,1,14.87,15.84,10.5,18.36,12.15,23.96,10.38,8.95,18,42.11,11.75
54,1.87589,1,14.94,16.03,10.58,18.44,12.25,24.07,10.38,8.99,18.08,42.94,11.94
55,1.87589,1,15,15.84,10.5,18.28,12.01,23.84,10.3,8.99,17.5,42.11,11.99
56,1.87589,1,14.87,15.9,10.58,18.36,12.15,23.96,10.22,9.27,17.34,43.22,12.03
57,1.87589,1,14.87,15.71,10.58,18.28,12.45,23.84,10.22,8.95,17.1,41.84,11.99
58,1.87589,1,14.94,15.9,10.66,18.44,12.15,23.96,10.3,9.27,16.34,42.38,12.08
59,1.87589,1,14.94,15.9,10.66,18.28,12.06,23.84,10.3,9.02,15.7,42.11,12.67
60,1.87589,1,15,16.1,10.75,18.52,12.15,23.96,10.26,9.02,15.63,41.58,12.18
61,2.14988,1,15,16.1,10.79,18.44,12.15,23.96,10.18,9.06,15.7,44.37,12.18
62,2.14988,1,15,16.03,10.79,18.52,12.11,23.96,10.1,9.06,15.7,41.84,11.75
63,2.14988,1,15.06,16.1,10.83,18.52,12.2,24.07,10.26,9.06,15.77,42.66,12.27
64,2.14988,1,15.06,16.1,10.83,18.52,12.2,24.07,10.26,9.06,15.7,42.11,12.37
65,2.14988,1,15.06,16.03,10.88,18.52,12.15,23.96,10.34,9.13,15.63,42.38,13.03
66,2.14988,1,15,16.03,10.83,18.52,12.2,24.07,10.26,9.02,15.49,42.38,12.52
67,2.14988,1,14.81,15.77,10.83,18.52,12.01,23.84,10.06,9.02,15.42,42.38,11.99
68,2.14988,1,14.81,15.71,10.83,18.36,11.92,23.84,10.02,9.02,15.35,41.84,12.67
69,2.14988,1,14.87,15.84,10.92,18.44,12.01,24.07,10.06,9.06,15.42,43.22,12.18
70,2.14988,1,14.94,15.9,11,18.52,12.11,24.18,10.14,8.95,15.35,43.22,12.52
71,2.14988,1,14.94,15.84,11.05,18.52,12.11,25.01,10.18,9.13,15.42,42.66,11.94
72,2.14988,1,15,15.9,11.09,18.61,12.15,24.3,10.18,9.16,15.35,43.5,12.98
73,2.14988,1,15.18,16.1,11.18,18.77,12.3,24.42,10.26,9.38,15.56,43.78,13.18
74,2.14988,1,15.18,16.17,11.22,19.11,12.3,24.42,10.34,9.27,15.42,43.78,13.24
75,2.14988,1,15.06,15.97,11.13,18.61,12.15,24.18,10.18,9.24,15.35,43.22,13.13
76,2.14988,1,15.06,15.77,11.22,18.61,12.2,24.77,10.38,9.31,15.29,43.22,13.08
77,2.14988,1,15.12,15.84,11.22,18.69,12.15,24.18,10.14,9.16,15.35,40.29,13.24
78,2.14988,1,15.12,15.9,11.31,18.69,12.11,24.18,10.14,9.2,15.42,43.78,13.13
79,2.14988,1,15.06,15.71,11.22,18.52,12.01,24.07,10.06,9.24,15.35,42.38,12.87
80,2.14988,1,15.12,15.77,11.31,18.61,12.11,24.18,10.02,9.13,15.49,44.07,12.82
81,2.14988,1,15.06,15.64,11.27,18.52,12.06,24.53,10.02,9.16,15.49,48.82,12.77
82,2.14988,1,15.06,15.64,11.31,18.52,12.01,24.07,10.02,9.31,15.49,42.94,12.67
83,2.14988,1,15.12,15.77,11.35,18.69,12.2,24.07,9.94,9.31,15.49,43.78,12.08
84,2.14988,1,15.18,15.84,11.44,18.69,11.96,24.07,10.02,9.31,15.49,43.22,13.13
85,2.14988,1,15.06,15.58,11.35,18.52,11.96,23.84,9.9,8.92,15.29,42.94,13.45
86,2.14988,1,15,15.51,11.4,18.44,11.96,23.84,9.83,8.95,15.29,42.66,12.18
87,2.14988,1,15.18,15.64,11.4,18.44,11.78,24.3,9.75,8.95,15.22,43.5,12.47
88,2.14988,1,15,15.58,11.35,18.44,11.78,24.18,9.79,8.92,15.22,41.84,12.42
89,2.14988,1,15,15.51,11.44,18.44,11.82,23.73,9.79,8.95,15.29,42.38,11.99
90,2.14988,1,15,15.39,11.44,18.36,11.68,23.62,9.67,8.95,15.29,42.94,12.57
91,2.14988,1,14.81,15.26,11.4,18.28,11.64,23.51,9.67,8.92,15.02,41.58,12.47
92,2.14988,1,14.87,15.2,11.4,18.36,11.59,23.51,9.63,8.99,15.15,43.22,12.37
93,2.14988,1,14.81,15.26,11.4,18.2,11.59,23.51,9.63,8.95,15.09,43.5,12.42
94,2.14988,1,14.87,15.32,11.44,18.28,11.59,23.51,9.6,8.95,15.09,46.51,12.32
95,2.14988,1,15.18,15.45,11.49,18.28,11.68,24.07,9.63,8.99,15.22,43.22,11.94
96,2.14988,1,15.12,15.45,11.53,18.44,11.92,23.62,9.71,9.02,14.89,42.94,12.52
97,2.14988,1,14.94,15.39,11.49,18.36,11.64,23.51,9.67,9.02,14.76,41.84,12.23
98,2.14988,1,14.87,15.2,11.53,18.2,11.5,23.4,9.48,8.99,14.2,42.38,12.03
99,2.14988,1,14.94,15.32,11.63,18.44,11.68,23.62,9.63,8.95,13.32,43.22,12.47
100,2.14988,1,15.12,15.14,11.58,18.36,11.55,23.51,9.52,8.88,13.21,43.22,12.82
101,2.14988,1,14.94,15.14,11.63,18.36,11.59,23.73,9.45,9.09,13.15,43.5,12.27
102,2.14988,1,15.06,15.2,11.72,18.44,11.59,23.62,9.71,9.02,13.32,42.38,12.52
103,2.14988,1,14.94,15.2,11.67,18.36,11.59,23.51,9.52,9.2,13.26,43.22,12.77
104,2.14988,1,15.06,15.26,11.76,18.52,11.68,23.62,9.6,9.16,13.26,47.15,12.67
105,2.14988,1,15.06,15.26,11.76,18.52,11.73,23.62,9.56,9.16,13.32,43.22,12.62
106,2.14988,1,15.06,15.2,11.86,18.52,11.64,23.62,9.6,9.2,13.32,42.94,13.03
107,2.14988,1,15.06,15.07,11.86,18.44,11.59,23.62,9.52,9.2,13.32,43.22,13.03
108,2.14988,1,15.06,15.14,11.86,18.44,11.73,23.62,9.56,9.2,13.26,44.07,12.98
109,2.14988,1,15.06,15.07,11.86,18.44,11.59,23.96,9.52,9.02,13.26,42.38,13.61
110,2.14988,1,15.12,15.14,11.86,18.52,11.64,24.18,9.52,9.31,13.32,43.5,12.13
111,2.14988,1,15,15.01,11.86,18.44,11.55,23.51,9.45,9.27,13.26,42.66,12.37
112,2.14988,1,15,15.01,11.9,18.44,11.5,23.51,9.45,9.13,13.26,42.11,11.89
113,2.14988,1,15,15.01,11.86,18.36,11.46,23.51,9.41,9.13,13.26,42.94,12.42
114,2.14988,1,15,15.01,11.9,18.36,11.46,23.4,9.37,9.06,13.21,42.94,12.23
115,2.14988,1,15.06,15.07,12,18.44,11.5,23.51,9.45,9.2,13.37,42.66,12.08
116,2.14988,1,15,14.65,11.9,18.36,11.41,23.4,9.37,9.2,13.26,42.94,11.99
117,2.14988,1,14.94,14.89,12.09,18.2,11.32,23.84,9.3,9.27,13.26,43.5,12.67
118,2.14988,1,14.94,14.95,12,18.28,11.32,23.4,9.3,9.13,13.32,43.22,11.94
119,2.14988,1,15.06,15.01,12.05,18.44,11.46,23.4,9.26,9.24,13.26,42.94,12.72
120,2.14988,1,14.94,15.07,12,18.28,11.37,23.29,9.3,9.2,13.26,43.22,12.72
121,2.40975,1,14.94,14.95,12.05,18.36,11.32,23.29,9.26,9.2,13.32,43.78,12.42
122,2.40975,1,15,14.95,12.09,18.36,11.37,23.29,9.23,9.24,13.32,42.94,13.13
123,2.40975,1,15,14.83,12.09,18.44,11.37,23.29,9.26,9.2,13.32,43.5,12.62
124,2.40975,1,15,14.89,12.19,18.36,11.32,23.29,9.26,9.2,13.26,44.07,12.98
125,2.40975,1,14.94,14.83,12.14,18.36,11.28,23.29,9.23,9.2,13.49,43.78,12.13
126,2.40975,1,14.94,14.71,12.09,18.28,11.23,23.18,9.15,9.16,13.26,43.22,12.08
127,2.40975,1,14.87,14.65,12.09,18.2,11.1,23.07,9.08,9.16,13.21,43.78,12.82
128,2.40975,1,14.81,14.59,12.09,18.12,11.06,22.86,9.01,9.16,13.21,43.22,12.42
129,2.40975,1,14.87,14.65,12.19,18.2,11.15,23.07,9.08,9.2,13.32,44.96,12.57
130,2.40975,1,14.94,14.71,12.19,18.2,11.15,23.07,9.08,9.31,13.26,41.32,12.57
131,2.40975,1,14.94,14.65,12.24,18.28,11.19,23.18,9.08,9.24,13.32,44.66,12.13
132,2.40975,1,14.94,14.65,12.24,18.28,11.15,23.18,9.12,9.31,13.26,44.96,12.98
133,2.40975,1,14.87,14.53,12.19,18.12,11.1,23.07,9.05,9.27,13.26,43.5,12.32
134,2.40975,1,14.94,14.47,12.24,18.2,11.06,23.07,9.05,9.16,13.26,42.94,12.72
135,2.40975,1,14.94,14.65,12.29,18.2,11.1,23.07,9.05,9.49,13.26,42.66,12.57
136,2.40975,1,14.94,14.59,12.29,18.2,11.28,23.07,8.98,9.31,13.32,43.22,12.57
137,2.40975,1,14.87,14.47,12.24,18.12,11.02,22.96,8.94,9.31,13.26,43.22,12.72
138,2.40975,1,14.87,14.47,12.29,18.12,11.02,23.51,8.98,9.38,13.26,43.5,12.72
139,2.40975,1,14.87,14.3,12.29,18.04,10.97,22.86,8.91,9.34,13.26,43.78,12.47
140,2.40975,1,14.94,14.42,12.38,18.2,11.06,22.96,8.98,9.42,13.32,42.94,12.87
141,2.40975,1,14.94,14.36,12.38,18.12,11.06,23.07,9.05,9.42,13.26,40.54,12.92
142,2.40975,1,14.94,14.65,12.43,18.2,11.1,23.18,8.98,9.42,13.37,43.78,12.98
143,2.40975,1,14.94,14.47,12.43,18.12,11.02,23.18,8.98,9.42,13.32,43.78,12.92
144,2.40975,1,14.75,14.18,12.38,17.96,10.84,22.96,8.8,9.2,13.26,40.54,12.87
145,2.40975,1,14.87,14.24,12.43,18.12,10.93,23.07,8.87,9.38,13.32,42.94,12.67
146,2.40975,1,14.87,14.59,12.43,18.12,10.93,23.07,8.87,9.57,13.32,42.66,12.82
147,2.40975,1,14.87,14.24,12.43,18.12,10.89,23.51,8.87,9.49,13.32,42.66,12.87
148,2.40975,1,14.75,14.01,12.38,17.88,10.76,22.75,8.73,9.42,13.21,41.84,12.23
149,2.40975,1,14.87,14.18,12.48,18.04,11.1,22.86,8.8,9.49,13.32,42.38,12.27
150,2.40975,1,14.94,14.24,12.53,18.12,10.84,22.96,8.87,9.53,13.32,42.38,12.92
151,2.40975,1,14.94,14.3,12.48,18.12,10.89,22.96,8.87,9.49,13.32,40.04,13.08
152,2.40975,1,14.94,14.36,12.53,18.12,10.89,22.96,8.84,9.49,13.37,43.22,12.32
153,2.40975,1,14.94,14.3,12.63,18.12,10.84,22.96,8.84,9.42,13.37,44.66,12.23
154,2.40975,1,14.94,14.13,12.53,18.04,10.76,22.75,8.73,9.42,13.32,43.22,12.37
155,2.40975,1,14.87,14.13,12.58,18.04,10.8,22.86,8.8,9.42,13.32,43.78,11.94
156,2.40975,1,14.94,14.07,12.58,18.04,10.76,22.86,8.77,9.45,13.32,44.96,12.03
157,2.40975,1,14.87,14.01,12.58,17.96,10.72,22.86,8.7,9.38,13.32,42.94,12.03
158,2.40975,1,14.81,13.96,12.58,17.96,10.63,22.75,8.7,9.45,13.32,42.94,11.89
159,2.40975,1,14.87,14.01,12.63,18.28,10.72,22.86,8.7,9.45,13.32,42.66,12.77
160,2.40975,1,14.87,13.96,12.63,18.04,10.72,22.75,8.7,9.45,13.32,41.84,12.18
161,2.40975,1,14.81,13.9,12.63,17.96,10.63,22.75,8.63,9.6,13.32,44.07,12.32
162,2.40975,1,14.87,13.9,12.63,17.88,10.59,22.64,8.63,9.53,13.26,43.5,12.57
163,2.40975,1,14.87,13.9,12.63,17.96,10.63,22.75,8.67,9.42,13.32,41.05,12.47
164,2.40975,1,14.87,13.79,12.63,17.88,10.59,22.64,8.6,9.42,13.32,42.66,12.18
165,2.40975,1,15,13.74,12.63,17.8,10.51,22.54,8.53,9.38,13.32,43.22,12.03
166,2.40975,1,14.81,13.74,12.68,17.8,10.47,23.18,8.53,9.53,13.32,43.22,11.94
167,2.40975,1,14.81,13.68,12.73,17.8,10.47,23.51,8.46,9.57,13.32,43.5,11.99
168,2.40975,1,14.87,13.68,12.73,17.73,10.47,22.54,8.5,9.57,13.26,43.22,12.72
169,2.40975,1,14.81,13.57,12.63,17.88,10.39,22.44,8.43,9.49,13.26,42.38,12.57
170,2.40975,1,14.75,13.52,12.68,17.73,10.39,22.64,8.43,9.83,13.26,45.57,12.42
171,2.40975,1,14.94,13.57,12.68,17.73,10.43,23.18,8.43,9.45,13.26,42.94,12.47
172,2.40975,1,14.81,13.52,12.73,17.73,10.31,23.29,8.63,9.57,13.26,42.94,12.52
173,2.40975,1,14.81,13.52,12.73,17.73,10.39,23.4,8.46,9.45,13.32,43.22,12.52
174,2.40975,1,14.81,13.46,12.73,17.73,10.35,22.54,8.43,9.53,13.32,43.22,12.87
175,2.40975,1,15.18,13.36,12.78,17.73,10.31,22.75,8.4,9.49,13.32,44.07,12.98
176,2.40975,1,14.87,13.41,12.78,17.73,10.35,22.44,8.4,9.57,13.32,43.78,12.08
177,2.40975,1,14.94,13.41,12.78,17.73,10.31,22.33,8.4,9.53,13.32,42.11,12.62
178,2.40975,1,14.94,13.63,12.83,17.73,10.31,22.33,8.4,9.53,13.32,43.78,12.08
179,2.40975,1,14.23,12.58,12.43,16.9,9.57,21.43,7.89,9.16,12.93,42.38,11.89
180,2.40975,1,14.75,13.25,12.78,17.65,10.27,22.33,8.37,9.31,13.32,43.5,12.32
181,2.65592,1,14.69,13.25,12.78,17.65,10.27,22.13,8.4,9.53,13.32,43.5,12.72
182,2.65592,1,14.69,13.3,12.83,17.57,10.19,22.03,8.33,9.42,13.32,43.22,12.57
183,2.65592,1,14.64,13.25,12.78,17.57,10.19,22.13,8.3,9.49,13.32,42.94,12.67
184,2.65592,1,14.75,13.25,12.83,17.65,10.23,22.23,8.33,9.57,13.32,42.66,12.87
185,2.65592,1,15.12,13.2,12.78,17.5,10.15,22.13,8.27,9.45,13.32,47.48,12.57
186,2.65592,1,14.64,13.14,12.78,17.5,10.15,22.13,8.3,9.53,13.32,42.94,12.67
187,2.65592,1,14.58,13.41,12.88,17.5,10.15,22.13,8.24,9.49,13.32,42.94,12.32
188,2.65592,1,14.58,13.2,12.88,17.5,10.15,22.13,8.5,9.53,13.32,46.83,11.85
189,2.65592,1,14.58,13.41,12.88,17.57,10.15,22.13,8.2,9.57,13.32,44.37,12.72
190,2.65592,1,14.64,13.2,12.88,17.5,10.11,22.13,8.27,9.53,13.32,42.66,13.08
191,2.65592,1,14.58,13.2,12.83,17.42,10.03,22.03,8.24,9.49,13.26,44.66,12.42
192,2.65592,1,14.58,13.2,12.83,17.42,10.03,22.03,8.2,9.42,13.26,43.22,12.67
193,2.65592,1,14.64,13.25,12.94,17.42,10.11,22.13,8.24,9.72,13.37,43.78,12.72
194,2.65592,1,14.64,13.14,12.94,17.42,9.99,22.03,8.24,9.34,13.32,43.22,12.08
195,2.65592,1,14.52,12.99,12.83,17.27,9.91,21.83,8.11,9.6,13.26,42.94,12.18
196,2.65592,1,14.69,13.09,12.94,17.42,9.99,22.03,8.2,9.53,13.32,43.5,12.27
197,2.65592,1,14.69,13.04,12.94,17.34,9.95,22.03,8.2,9.49,13.32,43.78,12.03
198,2.65592,1,14.69,12.99,12.94,17.42,9.95,22.64,8.17,9.57,13.32,43.22,11.94
199,2.65592,1,14.69,12.89,12.99,17.34,9.95,22.86,8.17,9.45,13.32,43.78,12.18
200,2.65592,1,14.69,13.04,12.99,17.42,9.91,22.96,8.14,9.6,13.32,45.57,11.99
201,2.65592,1,14.69,13.04,12.99,17.5,10.03,23.29,8.14,9.57,13.37,43.78,11.62
202,2.65592,1,14.69,12.94,12.99,17.27,9.87,22.86,8.11,9.57,13.32,42.66,12.42
203,2.65592,1,14.75,12.78,12.99,17.27,9.87,23.07,8.14,9.57,13.32,43.5,12.62
204,2.65592,1,15,12.73,12.99,17.27,9.8,22.96,8.08,9.6,13.49,43.78,12.23
205,2.65592,1,14.87,12.89,13.04,17.34,9.87,23.07,8.14,9.6,13.32,42.94,11.99
206,2.65592,1,14.87,12.89,12.99,17.27,9.83,22.54,8.14,9.6,13.32,43.22,12.57
207,2.65592,1,14.64,12.94,13.04,17.34,9.87,22.33,8.27,9.6,13.32,42.94,12.72
208,2.65592,1,14.75,12.89,13.04,17.27,9.76,21.73,8.14,9.57,13.26,43.22,12.47
209,2.65592,1,14.75,12.83,13.09,17.19,9.83,21.73,8.11,9.72,13.26,43.22,12.37
210,2.65592,1,14.75,12.83,13.04,17.27,9.8,21.73,8.2,9.64,13.32,44.37,12.03
211,2.65592,1,14.75,12.83,13.14,17.34,9.83,21.83,8.14,9.64,13.32,42.11,12.77
212,2.65592,1,14.64,12.83,13.09,17.34,9.87,21.73,8.14,9.64,13.37,43.22,12.67
213,2.65592,1,14.64,12.78,13.09,17.27,9.8,21.73,8.11,9.57,13.32,44.66,12.18
214,2.65592,1,14.28,11.95,13.09,16.61,9.17,21.05,7.65,9.75,13.21,41.84,11.75
215,2.65592,1,14.81,12.68,13.09,17.27,9.76,21.73,8.01,9.49,13.26,41.05,12.67
216,2.65592,1,14.58,12.58,13.04,17.12,9.68,21.63,8.01,9.64,13.26,42.38,12.18
217,2.65592,1,14.69,12.63,13.04,17.19,9.72,21.73,8.08,9.68,13.32,43.22,12.32
218,2.65592,1,13.78,11.54,12.53,16.12,8.88,20.4,7.29,9.31,12.77,41.58,11.66
219,2.65592,1,14.69,12.58,13.09,17.19,9.68,21.63,8.01,9.72,13.26,41.58,12.27
220,2.65592,1,14.64,12.43,13.14,17.12,9.64,21.53,7.98,9.79,13.32,43.22,12.67
221,2.65592,1,14.75,12.38,13.09,17.12,9.64,21.53,7.98,9.64,13.26,42.66,12.62
222,2.65592,1,14.46,12.34,13.25,17.12,9.72,21.53,7.95,9.68,13.26,42.94,12.62
223,2.65592,1,14.46,12.34,13.09,17.12,9.61,21.53,7.95,9.64,13.32,42.66,12.67
224,2.65592,1,13.03,10.75,12.24,15.33,8.15,19.51,6.85,8.99,12.45,40.8,10.95
225,2.65592,1,14.46,12.43,13.14,17.12,9.61,21.53,7.98,9.45,13.26,43.5,12.67
226,2.65592,1,14.46,12.43,13.14,17.12,9.57,21.43,7.98,9.6,13.26,43.22,12.37
227,2.65592,1,14.52,12.43,13.2,17.12,9.61,21.53,7.89,9.57,13.26,41.58,12.27
228,2.65592,1,13.56,11.36,12.53,16.05,8.71,20.04,7.21,9.09,12.72,40.29,11.17
229,2.65592,1,14.52,12.19,13.3,16.97,9.46,21.53,7.86,9.95,13.37,45.57,11.99
230,2.65592,1,13.94,11.22,12.63,15.85,8.61,20.13,7.18,9.31,12.72,40.54,11.71
231,2.65592,1,13.56,11.09,12.63,15.78,8.54,20.13,7.15,9.27,12.72,44.37,11.04
232,2.65592,1,13.56,11.18,12.63,15.85,8.57,20.22,7.18,9.27,12.72,40.54,11.8
233,2.65592,1,12.72,10.18,12.19,14.82,7.8,19.09,6.51,8.95,12.3,37.9,10.33
234,2.65592,1,12.77,10.18,12.19,14.89,7.86,19.18,6.53,8.88,12.3,38.83,11.04
235,2.65592,1,12.77,10.26,12.19,14.82,7.83,19.18,6.53,9.09,12.35,36.78,10.82
236,2.65592,1,12.77,10.1,12.09,14.82,7.83,19.18,6.53,9.09,12.45,38.59,10.74
237,2.65592,1,12.92,10.1,12.19,14.95,7.89,19.34,6.58,9.16,12.45,39.3,10.82
238,2.65592,1,14.34,11.54,13.52,16.61,9.17,21.33,7.65,10.14,13.54,42.38,12.18
239,2.65592,1,14.4,11.95,13.2,16.9,9.38,21.53,7.83,9.79,13.43,42.66,12.27
240,2.65592,1,14.34,11.9,13.09,16.83,9.31,21.43,7.8,9.79,13.37,42.66,12.47
241,2.88881,1,14.52,12.05,13.25,16.97,9.46,21.63,7.92,9.64,13.49,42.11,12.13
242,2.88881,1,13.29,10.79,12.14,15.59,8.34,19.77,7.01,8.88,12.61,40.04,11.43
243,2.88881,1,14.34,11.86,13.2,16.76,9.27,21.33,7.8,9.72,13.43,41.84,12.57
244,2.88881,1,14.4,11.86,13.25,16.83,9.31,21.43,7.83,9.87,13.49,42.94,12.67
245,2.88881,1,14.4,11.9,13.2,16.76,9.27,21.43,7.83,9.79,13.43,42.38,12.37
246,2.88881,1,14.4,11.86,13.2,16.76,9.24,22.03,7.83,9.68,13.43,42.66,12.42
247,2.88881,1,14.4,11.9,13.3,16.83,9.24,22.13,7.8,9.75,13.43,43.78,12.03
248,2.88881,1,14.4,11.86,13.2,16.68,9.2,22.23,7.77,9.75,13.43,42.94,11.85
249,2.88881,1,14.4,11.9,13.2,16.68,9.2,22.13,7.77,9.72,13.43,42.94,11.89
250,2.88881,1,14.34,11.77,13.41,16.54,9.13,21.93,7.74,9.83,13.49,43.5,12.57
251,2.88881,1,14.4,11.86,13.25,16.68,9.2,22.03,7.77,9.99,13.43,41.32,12.37
252,2.88881,1,14.4,11.81,13.25,16.68,9.13,21.93,7.71,10.18,13.49,43.78,11.75
253,2.88881,1,14.4,11.81,13.3,16.68,9.17,21.93,7.8,9.75,13.49,43.5,11.89
254,2.88881,1,14.4,11.81,13.3,16.68,9.09,21.24,7.8,9.75,13.43,42.66,12.62
255,2.88881,1,14.34,11.77,13.25,16.61,9.06,21.14,7.77,9.72,13.37,42.38,12.47
256,2.88881,1,14.23,11.72,13.25,16.61,9.06,21.24,7.74,10.06,13.37,42.11,12.57
257,2.88881,1,14.34,11.72,13.41,16.54,9.02,21.14,7.71,9.79,13.37,41.32,12.52
258,2.88881,1,14.4,11.77,13.3,16.61,9.06,21.33,7.8,9.83,13.43,42.94,12.67
259,2.88881,1,14.52,11.77,13.3,16.61,9.02,21.33,7.89,9.6,13.49,42.94,11.99
260,2.88881,1,14.46,11.77,13.3,16.61,8.95,21.14,7.71,9.79,13.43,42.38,12.32
261,2.88881,1,14.52,11.67,13.3,16.54,8.95,21.14,7.71,9.75,13.43,43.78,12.03
262,2.88881,1,14.58,11.63,13.41,16.54,9.06,21.14,7.71,9.79,13.49,43.78,11.94
263,2.88881,1,14.46,11.63,13.36,16.54,9.02,21.14,7.71,9.72,13.49,44.37,11.85
264,2.88881,1,14.4,11.67,13.36,16.54,8.95,21.14,7.65,9.79,13.49,43.22,11.89
265,2.88881,1,14.4,11.58,13.36,16.54,8.95,21.14,7.68,9.75,13.49,42.66,11.8
266,2.88881,1,14.4,11.58,13.41,16.47,8.92,21.24,7.68,9.64,13.66,44.07,12.57
267,2.88881,1,14.4,11.58,13.41,16.47,8.95,21.24,7.83,9.83,13.49,43.22,11.94
268,2.88881,1,14.46,11.49,13.36,16.47,8.92,21.05,7.68,9.91,13.49,42.94,12.57
269,2.88881,1,14.4,11.49,13.41,16.4,8.88,21.05,7.65,9.79,13.49,42.66,12.47
270,2.88881,1,14.4,11.45,13.41,16.47,8.88,21.05,7.68,9.95,13.43,42.94,12.37
271,2.88881,1,14.4,11.45,13.41,16.47,8.88,21.05,7.65,9.87,13.49,45.57,12.13
272,2.88881,1,14.52,11.45,13.46,16.47,8.92,21.14,7.71,9.91,13.6,42.94,12.42
273,2.88881,1,14.46,11.49,13.46,16.47,8.88,21.14,7.65,9.83,13.49,43.22,12.57
274,2.88881,1,14.34,11.27,13.36,16.54,8.74,21.24,7.56,9.79,13.43,42.66,12.32
275,2.88881,1,14.4,11.36,13.46,16.47,8.81,21.05,7.65,9.95,13.49,44.07,12.52
276,2.88881,1,14.46,11.36,13.52,16.47,8.81,21.05,7.62,9.79,13.54,43.5,12.52
277,2.88881,1,14.4,11.27,13.46,16.47,8.85,21.63,7.62,9.87,13.49,43.5,11.99
278,2.88881,1,14.34,11.22,13.52,16.4,8.74,21.33,7.59,9.83,13.49,41.84,12.47
279,2.88881,1,14.4,11.18,13.46,16.4,8.71,20.86,7.59,9.91,13.49,43.22,12.62
280,2.88881,1,14.28,11.18,13.46,16.33,8.74,20.86,7.59,9.79,13.49,43.78,12.67
281,2.88881,1,14.4,11.18,13.52,16.33,8.74,20.86,7.59,9.83,13.49,42.38,12.62
282,2.88881,1,14.23,11.09,13.41,16.19,8.61,20.77,7.53,9.83,13.49,42.94,12.62
283,2.88881,1,14.28,11.09,13.46,16.19,8.64,20.86,7.53,9.87,13.49,42.94,12.67
284,2.88881,1,14.23,11.09,13.41,16.19,8.61,20.86,7.53,9.91,13.49,42.94,12.57
285,2.88881,1,14.17,11.09,13.46,16.26,8.61,21.05,7.5,9.87,13.54,42.11,12.52
286,2.88881,1,14.17,11.09,13.52,16.19,8.57,20.77,7.59,9.91,13.49,44.07,12.72
287,2.88881,1,14.17,11.05,13.52,16.19,8.61,20.77,7.5,9.99,13.54,43.78,12.52
288,2.88881,1,14.11,11.05,13.46,16.12,8.51,20.67,7.47,9.91,13.49,43.22,12.57
289,2.88881,1,14.11,11.01,13.46,16.12,8.54,20.67,7.5,9.87,13.54,42.66,12.52
290,2.88881,1,14.17,11.01,13.46,16.05,8.51,20.67,7.47,9.91,13.54,42.11,12.27
291,2.88881,1,14.11,10.92,13.52,16.12,8.47,20.58,7.41,9.83,13.49,41.32,12.18
292,2.88881,1,14.23,10.96,13.52,16.12,8.47,20.67,7.44,9.83,13.43,42.66,12.13
293,2.88881,1,14.23,10.88,13.52,16.12,8.47,20.58,7.47,9.83,13.49,42.94,11.8
294,2.88881,1,14.23,10.88,13.57,16.05,8.47,20.67,7.44,9.87,13.54,44.07,12.18
295,2.88881,1,14.23,10.83,13.52,16.05,8.44,20.58,7.44,9.75,13.43,42.94,12.27
296,2.88881,1,14.23,10.79,13.52,16.05,8.44,20.58,7.32,9.95,13.54,44.07,12.08
297,2.88881,1,14.28,10.79,13.57,15.99,8.41,20.67,7.47,9.83,13.54,42.94,11.66
298,2.88881,1,14.28,10.75,13.63,16.05,8.41,20.58,7.41,9.83,13.54,46.83,11.85
299,2.88881,1,14.4,10.75,13.57,15.99,8.37,20.58,7.41,9.95,13.54,42.94,12.23
300,2.88881,1,14.4,10.75,13.63,16.05,8.41,20.77,7.47,10.3,13.54,44.66,12.42
301,3.10884,2,14.34,10.71,13.63,15.99,8.37,20.58,7.41,9.91,13.54,43.5,12.27
302,3.10884,2,14.28,10.62,13.57,15.92,8.31,20.4,7.35,9.87,13.54,42.38,11.99
303,3.10884,2,14.34,10.67,13.57,15.92,8.34,20.49,7.47,9.99,13.54,42.66,12.57
304,3.10884,2,14.28,10.67,13.63,15.99,8.34,20.49,7.38,9.91,13.6,42.66,12.27
305,3.10884,2,14.34,10.71,13.68,15.99,8.34,20.49,7.35,9.99,13.54,42.66,12.47
306,3.10884,2,14.28,10.67,13.63,15.92,8.31,20.49,7.38,9.99,13.6,41.84,12.42
307,3.10884,2,14.28,10.67,13.63,15.85,8.28,20.4,7.38,9.95,13.6,42.66,12.47
308,3.10884,2,14.23,10.62,13.57,15.78,8.24,20.31,7.29,9.95,13.6,42.38,12.37
309,3.10884,2,14.28,10.67,13.63,15.85,8.24,20.31,7.35,9.95,13.6,41.32,12.32
310,3.10884,2,14.23,10.62,13.63,15.78,8.18,20.31,7.32,9.99,13.6,42.94,12.08
311,3.10884,2,14.28,10.58,13.68,15.85,8.21,20.31,7.32,10.26,13.66,42.94,12.32
312,3.10884,2,14.28,10.54,13.68,15.78,8.21,20.31,7.27,10.03,13.6,43.5,12.37
313,3.10884,2,14.23,10.5,13.63,15.78,8.18,20.31,7.29,10.03,13.6,42.66,12.03
314,3.10884,2,12.77,9.05,12.83,14.11,6.97,18.44,6.28,9.42,12.77,40.8,11.34
315,3.10884,2,12.77,8.91,12.83,13.99,6.94,18.36,6.23,9.45,12.82,39.55,11.12
316,3.10884,2,12.87,8.98,12.88,13.99,6.92,18.44,6.23,9.53,12.82,37.9,11.26
317,3.10884,2,13.78,9.9,13.79,15.14,7.74,19.77,6.9,10.59,13.66,42.38,12.32
318,3.10884,2,13.29,9.48,13.14,14.52,7.35,19.09,6.61,9.64,13.09,40.04,10.99
319,3.10884,2,14.34,10.58,13.85,15.78,8.21,20.49,7.29,10.06,13.78,43.22,12.57
320,3.10884,2,14.34,10.58,13.85,15.78,8.24,20.49,7.35,10.06,13.78,43.5,12.67
321,3.10884,2,14.34,10.58,13.85,15.72,8.15,20.4,7.32,10.18,13.78,43.5,12.32
322,3.10884,2,14.4,10.58,13.9,15.78,8.21,20.4,7.35,10.34,13.78,43.5,12.67
323,3.10884,2,14.28,10.38,13.85,15.65,8.11,20.22,7.29,10.67,13.78,43.5,12.62
324,3.10884,2,14.4,10.46,13.85,15.65,8.15,20.31,7.35,10.34,13.78,43.5,12.77
325,3.10884,2,14.34,10.38,13.85,15.65,8.08,20.22,7.27,10.3,13.78,44.66,12.47
326,3.10884,2,14.34,10.34,13.9,15.59,8.08,20.22,7.29,10.34,13.84,42.11,12.57
327,3.10884,2,14.23,10.22,13.79,15.46,7.99,20.04,7.24,10.34,13.72,44.07,12.52
328,3.10884,2,13.83,9.75,13.52,14.95,7.62,19.43,6.9,9.87,13.49,42.66,12.13
329,3.10884,2,13.89,9.82,13.63,15.01,7.68,19.51,6.9,9.99,13.54,42.38,12.27
330,3.10884,2,13.94,9.98,13.63,14.95,7.68,19.6,6.96,10.03,13.6,41.58,12.27
331,3.10884,2,13.94,9.75,13.63,15.01,7.65,19.6,6.96,9.95,13.6,47.81,12.18
332,3.10884,2,13.94,9.75,13.57,14.95,7.65,19.51,6.93,9.95,13.54,41.84,12.23
333,3.10884,2,13.24,9.19,13.09,14.28,7.09,18.6,6.48,9.57,13.15,38.59,11.3
334,3.10884,2,13.89,9.75,13.74,14.82,7.62,19.51,6.9,10.06,13.72,43.5,12.27
335,3.10884,2,13.83,9.63,13.57,14.76,7.52,19.34,6.85,9.95,13.54,40.29,11.04
336,3.10884,2,12.98,8.7,12.99,13.82,6.83,18.2,6.25,9.42,12.99,39.55,11.39
337,3.10884,2,14.23,9.86,13.85,15.2,7.86,19.95,7.15,10.1,13.78,42.94,12.57
338,3.10884,2,14.28,9.86,13.9,15.26,7.86,19.95,7.18,9.99,13.84,42.38,12.47
339,3.10884,2,14.28,9.86,13.9,15.2,7.86,19.86,7.18,10.14,13.84,43.22,12.32
340,3.10884,2,14.23,9.79,13.9,15.14,7.8,19.86,7.1,10.14,13.84,41.05,12.18
341,3.10884,2,14.28,9.79,13.9,15.07,7.8,19.77,7.13,10.1,13.84,43.5,12.37
342,3.10884,2,14.34,9.79,13.96,15.14,7.8,19.77,7.13,10.14,13.84,42.66,12.27
343,3.10884,2,13.34,8.94,12.99,14.16,7,18.52,6.46,9.27,13.21,39.79,11.66
344,3.10884,2,14.28,9.71,14.01,15.01,7.74,19.95,7.13,10.22,13.84,42.38,12.18
345,3.10884,2,14.34,9.71,13.9,15.01,7.77,19.86,7.18,10.18,13.9,42.66,12.52
346,3.10884,2,14.28,9.9,13.96,15.01,7.74,19.77,7.1,10.34,13.84,42.66,12.23
347,3.10884,2,14.28,9.94,13.96,15.07,7.71,19.86,7.1,10.1,13.9,42.66,12.13
348,3.10884,2,14.28,9.86,13.96,15.01,7.74,20.22,7.1,10.26,13.84,42.66,12.57
349,3.10884,2,14.28,9.82,13.96,14.89,7.68,20.13,7.07,10.34,13.9,42.94,12.13
350,3.10884,2,14.23,9.86,13.96,14.89,7.68,20.13,7.18,10.22,13.9,42.94,12.03
351,3.10884,2,14.23,9.79,13.96,14.89,7.68,20.22,7.1,10.26,13.9,42.38,12.37
352,3.10884,2,14.28,9.75,13.96,14.89,7.58,20.13,7.1,10.26,13.9,43.78,12.47
353,3.10884,2,14.23,9.75,14.01,14.58,7.65,20.22,7.07,10.3,13.9,43.22,12.52
354,3.10884,2,14.23,9.71,14.01,14.58,7.62,20.13,7.04,10.39,13.96,43.22,12.37
355,3.10884,2,14.17,9.63,14.01,14.4,7.55,20.4,6.99,10.1,13.9,47.81,12.23
356,3.10884,2,14.17,9.67,14.01,14.46,7.58,20.22,7.01,10.14,13.9,42.66,12.67
357,3.10884,2,14.06,9.52,14.13,14.4,7.49,20.04,6.93,10.26,13.9,42.94,12.27
358,3.10884,2,14.17,9.52,13.96,14.34,7.55,20.04,6.99,10.39,13.9,43.78,12.42
359,3.10884,2,14.17,9.52,14.01,14.22,7.55,20.04,6.93,10.3,13.96,44.66,12.47
360,3.10884,2,14.11,9.45,14.01,14.46,7.55,20.04,6.93,10.34,13.96,42.66,12.47
361,3.31643,2,14.17,9.45,14.07,14.34,7.55,19.86,6.99,10.34,13.96,42.11,12.18
362,3.31643,2,14.23,9.48,14.07,14.46,7.55,19.86,7.01,10.39,14.02,42.94,12.42
363,3.31643,2,14.23,9.48,14.07,14.52,7.55,19.77,6.99,10.43,14.02,42.66,12.42
364,3.31643,2,14.11,9.37,14.07,14.16,7.49,19.69,6.93,10.43,13.96,41.05,12.23
365,3.31643,2,14.11,9.34,14.01,14.28,7.49,19.69,6.93,10.39,13.96,42.94,12.42
366,3.31643,2,14.11,9.34,14.18,14.64,7.49,19.69,6.96,10.43,14.02,42.11,12.18
367,3.31643,2,12.52,7.85,12.99,12.74,6.22,17.44,5.82,9.79,12.99,38.83,10.95
368,3.31643,2,12.42,7.88,13.04,12.69,6.22,17.37,5.8,9.64,12.99,38.36,10.95
369,3.31643,2,12.37,7.73,12.99,12.59,6.14,17.37,5.73,9.64,12.99,38.36,10.91
370,3.31643,2,14.17,9.37,14.3,14.64,7.55,19.86,6.99,10.97,14.2,43.5,12.42
371,3.31643,2,14.11,9.3,14.13,14.58,7.46,19.6,6.9,10.93,14.02,42.94,12.42
372,3.31643,2,14.11,9.26,14.13,14.52,7.46,19.6,6.9,10.93,14.08,43.22,12.42
373,3.31643,2,14.11,9.26,14.18,14.58,7.46,19.51,6.93,10.76,14.08,42.66,12.37
374,3.31643,2,14.11,9.23,14.18,14.46,7.43,19.51,6.9,10.47,14.26,42.94,12.23
375,3.31643,2,14.11,9.19,14.18,14.46,7.43,19.43,6.9,10.47,14.14,42.94,12.13
376,3.31643,2,14.11,9.19,14.18,14.46,7.43,19.51,6.9,10.51,14.2,42.38,12.08
377,3.31643,2,14.11,9.19,14.24,14.46,7.43,19.51,6.93,10.39,14.26,42.38,12.27
378,3.31643,2,14.17,9.19,14.3,14.52,7.46,19.6,6.93,10.72,14.26,44.66,12.13
379,3.31643,2,14.11,9.12,14.18,14.34,7.41,19.69,6.88,10.51,14.26,44.37,12.23
380,3.31643,2,14.17,9.16,14.24,14.4,7.46,19.6,6.93,10.43,14.44,42.66,11.89
381,3.31643,2,14.06,9.01,14.18,14.22,7.32,19.51,6.85,10.51,14.2,43.22,12.23
382,3.31643,2,14.06,8.98,14.18,14.22,7.29,19.43,6.88,10.39,14.26,42.11,11.94
383,3.31643,2,14.06,9.01,14.18,14.16,7.32,19.34,6.82,10.59,14.26,42.66,12.23
384,3.31643,2,14,8.94,14.18,14.11,7.26,19.51,6.74,10.67,14.14,42.94,11.71
385,3.31643,2,12.72,7.85,13.25,12.69,6.32,17.74,5.94,9.99,13.37,40.04,11.26
386,3.31643,2,12.52,7.73,13.2,12.54,6.22,17.52,5.8,10.03,13.21,39.55,10.87
387,3.31643,2,12.62,7.82,13.36,12.59,6.27,17.67,5.89,10.03,13.21,40.29,10.95
388,3.31643,2,12.52,7.64,13.46,12.49,6.19,17.82,5.82,10.1,13.15,37.67,10.91
389,3.31643,2,12.32,7.49,13.2,12.29,6.07,17.08,5.7,10.03,13.04,38.59,10.87
390,3.31643,2,12.37,7.49,13.3,12.34,6.12,17.22,5.73,9.95,13.21,38.83,10.65
391,3.31643,2,12.47,7.55,13.25,12.39,6.12,17.22,5.77,9.95,13.21,38.83,10.78
392,3.31643,2,12.37,7.46,13.25,12.19,6.04,17.01,5.68,10.03,13.15,38.83,10.95
393,3.31643,2,12.77,7.82,13.68,12.64,6.43,17.59,5.98,10.34,13.43,39.55,11.17
394,3.31643,2,12.77,7.82,13.57,12.54,6.32,17.44,5.89,10.1,13.43,37.9,11.39
395,3.31643,2,12.52,7.49,13.36,12.29,6.12,17.08,5.75,10.1,13.21,39.3,10.99
396,3.31643,2,12.28,7.4,13.25,12.05,6.02,16.86,5.66,10.06,13.26,37.44,10.91
397,3.31643,2,12.37,7.37,13.25,11.95,5.97,16.86,5.63,10.03,13.09,37.67,10.87
398,3.31643,2,12.18,7.28,13.14,11.86,5.87,16.65,5.54,9.99,13.04,37.9,10.7
399,3.31643,2,12.08,7.34,13.2,12,5.89,16.65,5.59,10.03,13.09,38.59,10.7
400,3.31643,2,12.23,7.34,13.2,11.81,5.89,16.65,5.63,10.03,13.09,38.12,10.41
401,3.31643,2,12.32,7.43,13.25,11.95,5.97,16.79,5.63,10.03,13.09,40.04,10.87
402,3.31643,2,12.98,7.98,13.79,12.59,6.48,17.59,6.08,10.51,13.6,39.79,10.7
403,3.31643,2,12.57,7.82,13.68,12.34,6.27,17.3,5.94,10.47,13.43,39.79,11.3
404,3.31643,2,13.78,8.84,14.42,13.65,7.2,18.84,6.8,10.89,14.2,43.78,12.47
405,3.31643,2,13.78,8.84,14.42,13.6,7.17,18.68,6.74,10.76,14.14,41.84,11.99
406,3.31643,2,13.78,8.77,14.42,13.6,7.14,18.68,6.74,10.93,14.2,44.07,11.89
407,3.31643,2,13.94,8.84,14.36,13.6,7.17,18.6,6.77,10.89,14.2,41.84,11.89
408,3.31643,2,13.94,8.74,14.36,13.54,7.14,18.68,6.77,10.97,14.2,42.11,12.13
409,3.31643,2,13.94,8.7,14.42,13.54,7.14,18.84,6.74,10.93,14.26,41.84,12.13
410,3.31643,2,13.72,8.7,14.36,13.49,7.14,18.68,6.74,10.93,14.2,43.22,12.37
411,3.31643,2,13.78,8.67,14.47,13.49,7.11,18.68,6.74,10.89,14.2,41.84,12.18
412,3.31643,2,13.72,8.67,14.47,13.54,7.14,18.6,6.74,10.89,14.2,42.66,11.94
413,3.31643,2,13.78,8.67,14.47,13.43,7.17,18.68,6.72,10.93,14.2,42.66,12.18
414,3.31643,2,13.94,8.67,14.47,13.43,7.11,18.36,6.74,10.89,14.2,42.94,12.23
415,3.31643,2,13.94,8.67,14.47,13.38,7.14,18.36,6.74,10.89,14.2,42.66,12.52
416,3.31643,2,13.78,8.67,14.47,13.38,7.11,18.36,6.74,10.93,14.2,43.5,12.52
417,3.31643,2,13.78,8.63,14.53,13.32,7.11,18.28,6.72,10.8,14.2,42.66,12.52
418,3.31643,2,13.78,8.67,14.53,13.27,7.09,18.2,6.72,10.97,14.2,42.38,12.42
419,3.31643,2,13.78,8.7,14.53,13.32,7.11,18.2,6.72,11.01,14.2,44.37,12.32
420,3.31643,2,13.78,8.67,14.59,13.32,7.11,18.2,6.72,11.15,14.38,41.05,12.18
421,3.943121396628808,2,13.78,8.67,14.59,13.32,7.11,18.2,6.69,11.1,14.26,43.5,12.27
422,3.943121396628808,2,13.83,8.67,14.59,13.27,7.09,18.2,6.72,11.41,14.26,41.05,12.47
423,3.943121396628808,2,13.78,8.63,14.59,13.27,7.09,18.13,6.69,11.23,14.32,42.66,12.37
424,3.943121396628808,2,13.78,8.63,14.65,13.27,7.11,18.13,6.72,11.37,14.32,42.94,12.32
425,3.943121396628808,2,13.83,8.63,14.65,13.27,7.11,18.2,6.72,11.41,14.38,42.94,12.47
426,3.943121396628808,2,13.83,8.6,14.65,13.21,7.09,18.13,6.69,11.1,14.38,43.78,12.42
427,3.943121396628808,2,13.89,8.6,14.77,13.21,7.14,18.2,6.72,11.28,14.38,40.54,12.18
428,3.943121396628808,2,13.83,8.57,14.71,13.21,7.11,18.2,6.69,11.28,14.38,42.94,12.13
429,3.943121396628808,2,13.89,8.53,14.71,13.21,7.11,18.68,6.69,11.37,14.44,41.84,12.03
430,3.943121396628808,2,13.78,8.47,14.71,13.11,7.09,18.52,6.64,11.19,14.38,43.22,12.23
431,3.943121396628808,2,13.78,8.43,14.71,13.11,7.06,18.28,6.64,11.32,14.44,43.22,12.03
432,3.943121396628808,2,13.78,8.47,14.71,13.11,7.09,17.97,6.66,11.37,14.44,44.07,12.42
433,3.943121396628808,2,13.72,8.4,14.71,13,7.03,17.89,6.61,11.37,14.38,42.94,12.18
434,3.943121396628808,2,13.72,8.4,14.71,13,7.03,17.97,6.58,11.46,14.38,41.58,12.18
435,3.943121396628808,2,13.83,8.43,14.83,13.06,7.09,18.36,6.64,11.28,14.57,42.94,12.52
436,3.943121396628808,2,13.78,8.4,14.77,13,7.06,17.67,6.61,11.41,14.51,43.22,12.08
437,3.943121396628808,2,13.78,8.4,14.77,13,7.06,18.05,6.61,11.46,14.51,43.5,12.23
438,3.943121396628808,2,13.78,8.37,14.83,12.95,7.03,17.97,6.64,11.5,14.57,43.5,12.42
439,3.943121396628808,2,13.67,8.27,14.71,12.79,6.94,17.89,6.53,11.5,14.51,43.5,11.75
440,3.943121396628808,2,13.72,8.33,14.83,12.9,7,17.97,6.58,11.46,14.51,42.66,12.18
441,3.943121396628808,2,13.78,8.37,14.83,12.9,7.03,17.97,6.58,11.55,14.57,42.94,12.32
442,3.943121396628808,2,13.83,8.4,14.89,12.95,7.09,18.05,6.69,11.46,14.63,40.29,12.52
443,3.943121396628808,2,13.56,8.2,14.65,12.69,6.86,17.59,6.43,11.41,14.51,41.58,11.26
444,3.943121396628808,2,13.56,8.17,14.71,12.59,6.86,17.67,6.46,11.55,14.51,41.32,12.18
445,3.943121396628808,2,13.5,8.14,14.77,12.59,6.83,17.44,6.46,11.5,14.51,41.84,11.94
446,3.943121396628808,2,13.61,8.23,14.83,12.69,6.92,17.59,6.48,11.59,14.57,42.11,12.37
447,3.943121396628808,2,13.61,8.2,14.83,12.64,6.92,17.52,6.48,11.41,14.63,42.38,11.94
448,3.943121396628808,2,13.61,8.17,14.95,12.59,6.89,17.52,6.48,11.55,14.57,42.38,12.23
449,3.943121396628808,2,13.61,8.17,14.83,12.54,6.89,17.44,6.46,11.59,14.63,45.26,12.08
450,3.943121396628808,2,13.56,8.11,14.77,12.49,6.86,17.44,6.38,11.59,14.57,42.11,12.08
451,3.943121396628808,2,13.5,8.04,14.71,12.44,6.83,17.37,6.4,11.59,14.57,42.66,12.08
452,3.943121396628808,2,13.56,8.04,14.83,12.44,6.83,17.3,6.38,11.59,14.63,42.66,11.94
453,3.943121396628808,2,13.56,8.07,14.83,12.44,6.83,17.3,6.46,11.5,14.51,40.8,12.13
454,3.943121396628808,2,13.56,8.04,14.83,12.39,6.83,17.3,6.46,11.69,14.51,41.84,12.18
455,3.943121396628808,2,13.5,8.04,14.83,12.39,6.83,17.3,6.35,11.64,14.51,41.05,11.94
456,3.943121396628808,2,13.5,8.01,14.83,12.39,6.83,17.3,6.38,11.69,14.51,41.84,12.03
457,3.943121396628808,2,13.5,7.95,14.83,12.34,6.81,17.22,6.35,11.78,14.57,43.22,12.18
458,3.943121396628808,2,13.5,7.98,14.83,12.29,6.83,17.22,6.38,11.64,14.57,42.38,12.18
459,3.943121396628808,2,13.5,7.98,14.89,12.39,6.83,17.22,6.35,11.78,14.57,42.38,11.89
460,3.943121396628808,2,13.5,7.95,14.89,12.39,6.83,17.22,6.35,11.73,14.57,42.38,12.03
461,3.943121396628808,2,13.5,7.95,14.89,12.39,6.83,17.22,6.35,11.87,14.57,43.5,12.03
462,3.943121396628808,2,13.56,7.95,14.89,12.39,6.86,17.22,6.38,11.82,14.63,42.66,11.75
463,3.943121396628808,2,13.56,7.95,14.95,12.39,6.86,17.22,6.38,11.82,14.57,41.58,12.03
464,3.943121396628808,2,13.5,7.92,14.89,12.34,6.81,17.08,6.35,11.82,14.63,42.38,11.8
465,3.943121396628808,2,13.5,7.92,14.95,12.29,6.83,17.15,6.35,11.92,14.63,42.94,11.89
466,3.943121396628808,2,13.5,7.88,14.95,12.29,6.81,17.01,6.33,11.87,14.63,41.84,12.13
467,3.943121396628808,2,13.5,7.92,15.01,12.29,6.83,17.08,6.35,11.87,14.63,42.38,12.42
468,3.943121396628808,2,13.5,7.88,15.01,12.29,6.83,17.08,6.33,11.92,14.7,41.58,11.8
469,3.943121396628808,2,13.5,7.88,15.01,12.24,6.75,17.08,6.33,11.78,14.63,41.32,11.89
470,3.943121396628808,2,13.45,7.82,15.01,12.19,6.78,17.01,6.3,11.64,14.63,42.38,11.94
471,3.943121396628808,2,13.45,7.82,15.01,12.19,6.78,17.01,6.33,11.97,14.63,42.11,11.94
472,3.943121396628808,2,13.45,7.82,15.01,12.19,6.81,17.01,6.3,11.97,14.63,41.84,12.08
473,3.943121396628808,2,13.5,7.85,15.01,12.19,6.78,17.01,6.28,11.97,14.63,42.66,12.13
474,3.943121396628808,2,13.5,7.85,15.01,12.19,6.81,17.01,6.33,12.01,14.7,42.11,11.99
475,3.943121396628808,2,13.5,7.85,15.08,12.19,6.81,17.01,6.33,11.92,14.7,42.66,12.08
476,3.943121396628808,2,13.5,7.82,15.14,12.19,6.81,17.01,6.28,12.11,14.76,40.8,11.75
477,3.943121396628808,2,13.5,7.82,15.08,12.14,6.78,17.01,6.3,12.16,14.76,42.66,12.08
478,3.943121396628808,2,13.45,7.79,15.08,12.1,6.78,16.93,6.3,12.11,14.7,41.32,12.42
479,3.943121396628808,2,13.45,7.79,15.14,12.1,6.78,16.93,6.28,12.06,14.7,43.22,12.32
480,3.943121396628808,2,13.45,7.79,15.08,12.05,6.78,16.93,6.28,12.06,14.76,42.38,12.37
481,3.9544586377939432,2,13.45,7.76,15.14,12,6.75,16.86,6.23,12.11,14.76,43.78,11.52
482,3.9544586377939432,2,13.45,7.76,15.08,12.05,6.75,16.86,6.23,12.06,14.83,42.66,11.99
483,3.9544586377939432,2,13.56,7.82,15.2,12.19,6.81,16.93,6.3,12.25,14.63,42.38,12.23
484,3.9544586377939432,2,13.4,7.76,15.14,11.95,6.75,16.86,6.25,11.82,14.76,43.22,12.03
485,3.9544586377939432,2,13.4,7.73,15.08,11.95,6.72,16.79,6.25,11.87,14.76,44.07,12.08
486,3.9544586377939432,2,13.4,7.7,15.14,11.9,6.75,16.79,6.2,11.69,14.76,43.22,11.66
487,3.9544586377939432,2,13.45,7.73,15.14,11.9,6.78,16.86,6.23,12.06,14.83,42.66,11.94
488,3.9544586377939432,2,13.45,7.76,15.2,11.95,6.78,16.79,6.23,11.92,14.83,42.94,11.71
489,3.9544586377939432,2,13.34,7.67,15.14,11.86,6.7,16.72,6.15,12.06,14.76,42.94,11.94
490,3.9544586377939432,2,13.4,7.7,15.2,11.86,6.72,16.72,6.18,11.97,14.76,43.22,11.71
491,3.9544586377939432,2,13.4,7.7,15.2,11.86,6.75,16.72,6.2,12.01,14.83,42.94,11.71
492,3.9544586377939432,2,13.4,7.7,15.2,11.86,6.75,16.72,6.2,12.06,14.83,43.22,12.18
493,3.9544586377939432,2,13.34,7.67,15.2,11.81,6.7,16.65,6.15,12.06,14.76,42.94,12.03
494,3.9544586377939432,2,13.34,7.67,15.2,11.81,6.72,16.65,6.13,12.06,14.83,41.05,12.27
495,3.9544586377939432,2,13.4,7.7,15.26,11.86,6.75,16.72,6.2,12.06,14.83,43.5,12.27
496,3.9544586377939432,2,13.4,7.7,15.39,11.86,6.78,16.72,6.2,12.16,14.83,42.66,12.37
497,3.9544586377939432,2,13.4,7.67,15.26,11.81,6.72,16.65,6.18,12.16,14.83,43.78,12.03
498,3.9544586377939432,2,13.34,7.64,15.32,11.72,6.72,16.58,6.15,12.25,14.83,42.94,12.37
499,3.9544586377939432,2,13.29,7.64,15.26,11.67,6.7,16.58,6.15,12.16,14.83,42.38,12.37
500,3.9544586377939432,2,13.34,7.67,15.32,11.76,6.75,16.65,6.18,12.21,14.83,42.94,12.27
501,3.9544586377939432,2,13.29,7.64,15.32,11.67,6.7,16.79,6.13,12.21,14.83,42.38,11.94
502,3.9544586377939432,2,13.34,7.67,15.39,11.67,6.72,16.79,6.15,12.25,14.89,42.66,12.03
503,3.9544586377939432,2,13.29,7.64,15.32,11.67,6.72,16.72,6.11,12.3,14.89,43.22,11.57
504,3.9544586377939432,2,13.34,7.67,15.32,11.67,6.75,16.72,6.15,12.4,14.89,42.94,12.23
505,3.9544586377939432,2,13.34,7.67,15.45,11.67,6.75,16.79,6.15,12.25,14.89,43.5,12.32
506,3.9544586377939432,2,13.34,7.67,15.39,11.67,6.81,16.58,6.15,12.4,14.96,42.66,12.23
507,3.9544586377939432,2,13.24,7.61,15.32,11.58,6.67,16.79,6.11,12.45,14.96,42.94,11.43
508,3.9544586377939432,2,13.24,7.58,15.39,11.53,6.67,16.58,6.08,12.3,14.96,41.05,11.3
509,3.9544586377939432,2,13.18,7.55,15.32,11.49,6.67,16.51,6.06,12.3,14.96,43.78,12.23
510,3.9544586377939432,2,13.24,7.55,15.14,11.26,6.7,16.44,6.15,12.55,14.96,41.58,12.13
511,3.9544586377939432,2,13.13,7.49,15.39,11.44,6.61,16.31,6.01,12.45,14.89,42.66,11.48
512,3.9544586377939432,2,13.18,7.52,15.39,11.49,6.64,16.44,6.03,12.4,14.89,44.37,11.99
513,3.9544586377939432,2,13.18,7.52,15.32,11.49,6.64,16.38,6.06,12.4,14.89,42.94,11.39
514,3.9544586377939432,2,13.18,7.52,15.39,11.44,6.67,16.38,6.03,12.6,14.89,43.22,12.18
515,3.9544586377939432,2,13.18,7.52,15.51,11.39,6.64,16.31,6.03,12.45,14.96,42.66,12.13
516,3.9544586377939432,2,13.13,7.52,15.45,11.39,6.64,16.24,6.03,12.5,14.96,41.05,11.94
517,3.9544586377939432,2,13.13,7.49,15.39,11.35,6.61,16.24,6.08,12.4,14.89,43.5,11.62
518,3.9544586377939432,2,13.13,7.52,15.45,11.35,6.64,16.17,6.01,12.55,14.96,41.58,12.42
519,3.9544586377939432,2,13.13,7.52,15.45,11.35,6.64,16.17,6.01,12.55,14.96,43.22,12.27
520,3.9544586377939432,2,13.13,7.52,15.45,11.35,6.64,16.11,6.01,12.7,14.96,42.66,12.42
521,3.9544586377939432,2,13.13,7.52,15.45,11.3,6.64,16.04,6.01,12.7,14.96,42.94,11.66
522,3.9544586377939432,2,13.13,7.58,15.51,11.3,6.64,16.17,5.98,12.7,14.96,43.22,12.18
523,3.9544586377939432,2,13.29,7.58,15.45,11.26,6.61,16.11,5.98,12.7,14.89,41.84,11.85
524,3.9544586377939432,2,13.08,7.55,15.45,11.26,6.61,16.17,5.98,12.7,14.89,43.22,12.13
525,3.9544586377939432,2,13.08,7.55,15.51,11.26,6.61,16.17,5.98,12.8,14.89,42.94,12.23
526,3.9544586377939432,2,13.08,7.55,15.51,11.26,6.67,16.11,6.01,12.7,14.96,42.94,12.52
527,3.9544586377939432,2,13.08,7.52,15.51,11.22,6.64,16.04,5.96,12.75,14.96,42.38,12.13
528,3.9544586377939432,2,13.34,7.52,15.51,11.22,6.64,16.04,5.98,12.75,14.96,41.32,12.32
529,3.9544586377939432,2,13.29,7.52,15.58,11.22,6.64,16.04,5.96,12.75,14.96,41.84,12.27
530,3.9544586377939432,2,13.08,7.52,15.58,11.17,6.61,16.04,5.96,12.75,14.96,42.38,11.75
531,3.9544586377939432,2,13.08,7.52,15.58,11.17,6.64,16.04,5.96,13.01,14.89,42.94,12.13
532,3.9544586377939432,2,13.03,7.49,15.58,11.13,6.61,16.04,5.94,13.11,14.89,42.66,12.13
533,3.9544586377939432,2,13.03,7.49,15.64,11.13,6.61,16.04,5.94,12.85,14.89,42.11,12.08
534,3.9544586377939432,2,13.03,7.49,15.64,11.13,6.61,16.04,5.94,12.85,14.96,42.66,12.27
535,3.9544586377939432,2,13.24,7.46,15.64,11.13,6.61,15.97,5.96,12.96,14.89,43.22,11.99
536,3.9544586377939432,2,13.03,7.43,15.64,11.13,6.61,15.97,6.01,12.91,14.96,42.38,11.99
537,3.9544586377939432,2,13.03,7.43,15.64,11.08,6.61,15.97,5.91,12.85,14.96,42.94,12.47
538,3.9544586377939432,2,12.98,7.4,15.71,11.04,6.61,15.97,5.91,13.01,14.96,42.11,11.99
539,3.9544586377939432,2,13.03,7.37,15.71,11.08,6.61,15.97,5.98,12.91,14.96,43.78,11.8
540,3.9544586377939432,2,13.03,7.37,15.71,11.04,6.61,15.91,5.91,12.91,14.96,41.84,12.18
541,3.993666323564176,2,13.03,7.37,15.71,11.08,6.61,15.91,5.91,13.06,14.96,42.38,11.94
542,3.993666323564176,2,12.98,7.34,15.77,11.04,6.61,15.91,5.91,12.96,14.96,42.38,11.94
543,3.993666323564176,2,12.98,7.28,15.71,11.04,6.61,15.91,5.89,13.01,15.02,45.26,12.32
544,3.993666323564176,2,12.98,7.28,15.77,11,6.61,15.91,5.89,13.17,15.02,44.37,12.03
545,3.993666323564176,2,12.98,7.28,15.77,11,6.59,15.84,5.87,12.91,14.96,42.66,11.39
546,3.993666323564176,2,12.98,7.28,15.77,11,6.61,15.84,5.89,13.01,14.96,40.04,12.08
547,3.993666323564176,2,12.98,7.28,15.71,11,6.61,15.84,5.89,13.01,14.96,42.66,12.23
548,3.993666323564176,2,12.98,7.25,15.77,10.95,6.59,15.84,5.89,13.11,15.02,44.07,11.71
549,3.993666323564176,2,12.92,7.28,15.84,11,6.59,15.78,5.89,13.11,15.02,42.11,12.08
550,3.993666323564176,2,12.98,7.28,15.84,10.95,6.61,15.78,5.87,13.11,15.02,42.94,12.13
551,3.993666323564176,2,12.98,7.22,15.77,10.87,6.56,15.71,5.82,13.11,15.02,40.8,12.18
552,3.993666323564176,2,12.87,7.25,15.77,10.91,6.59,15.71,5.84,13.11,15.02,42.66,11.85
553,3.993666323564176,2,12.87,7.22,15.84,10.82,6.56,15.65,5.82,13.22,15.02,42.38,11.85
554,3.993666323564176,2,12.87,7.25,15.77,10.87,6.56,15.65,5.82,13.27,15.02,42.38,11.8
555,3.993666323564176,2,12.87,7.25,15.84,10.87,6.59,15.65,5.82,13.99,15.02,42.66,12.13
556,3.993666323564176,2,12.77,7.25,15.97,10.82,6.56,15.58,5.8,13.44,15.02,41.05,12.27
557,3.993666323564176,2,12.77,7.34,15.84,10.87,6.59,15.65,5.82,13.06,15.02,44.07,12.52
558,3.993666323564176,2,12.77,7.31,15.84,10.78,6.56,15.58,5.77,13.22,15.02,42.11,11.99
559,3.993666323564176,2,12.77,7.31,15.84,10.78,6.56,15.58,5.8,13.17,15.02,42.66,12.08
560,3.993666323564176,2,12.77,7.25,15.84,10.78,6.56,15.58,5.8,13.17,15.02,42.38,11.99
561,3.993666323564176,2,12.77,7.28,15.9,10.78,6.56,15.58,5.8,13.22,15.02,43.5,12.08
562,3.993666323564176,2,12.82,7.25,15.9,10.78,6.56,15.58,5.77,13.27,15.02,43.78,11.89
563,3.993666323564176,2,12.77,7.25,15.9,10.78,6.56,15.52,5.77,13.22,15.02,42.66,12.42
564,3.993666323564176,2,12.77,7.25,15.9,10.74,6.56,15.52,5.73,13.27,15.02,42.94,11.85
565,3.993666323564176,2,12.77,7.25,15.9,10.74,6.56,15.52,5.77,13.33,15.02,43.22,12.27
566,3.993666323564176,2,12.77,7.25,15.97,10.7,6.53,15.45,5.77,13.27,15.15,42.94,12.27
567,3.993666323564176,2,12.77,7.22,15.9,10.7,6.56,15.45,5.75,13.38,15.15,42.94,12.08
568,3.993666323564176,2,12.72,7.16,15.97,10.65,6.53,15.39,5.73,13.33,15.09,45.88,11.99
569,3.993666323564176,2,12.72,7.19,15.97,10.65,6.53,15.39,5.75,13.33,15.15,42.94,12.08
570,3.993666323564176,2,12.72,7.14,15.97,10.65,6.53,15.33,5.73,13.82,15.15,43.78,11.99
571,3.993666323564176,2,11.57,6.24,15.08,9.47,5.7,14.01,5,12.75,14.2,39.06,11.26
572,3.993666323564176,2,11.39,6.09,14.89,9.32,5.55,13.96,4.96,12.5,14.14,38.83,10.87
573,3.993666323564176,2,12.67,7.08,15.9,10.57,6.53,15.39,5.75,13.27,15.09,42.11,11.94
574,3.993666323564176,2,12.72,7.08,15.9,10.61,6.56,15.39,5.73,13.44,15.09,43.22,12.23
575,3.993666323564176,2,12.77,7.08,15.9,10.61,6.53,15.33,5.7,13.44,15.09,42.38,11.08
576,3.993666323564176,2,12.77,7.08,16.1,10.61,6.53,15.33,5.73,13.49,15.09,42.66,11.99
577,3.993666323564176,2,12.72,7.11,15.97,10.61,6.53,15.33,5.7,13.38,15.09,42.66,11.85
578,3.993666323564176,2,12.72,7.08,15.97,10.57,6.51,15.26,5.7,13.6,15.02,41.84,12.13
579,3.993666323564176,2,12.72,7.08,15.97,10.61,6.53,15.2,5.7,13.54,15.09,42.11,12.03
580,3.993666323564176,2,12.72,7.11,15.97,10.57,6.53,15.2,5.7,13.54,15.09,41.84,11.94
581,3.993666323564176,2,12.72,7.11,16.03,10.61,6.53,15.2,5.68,13.65,15.09,43.5,12.08
582,3.993666323564176,2,12.72,7.11,15.97,10.57,6.53,14.65,5.7,13.65,15.15,41.84,12.27
583,3.993666323564176,2,12.72,7.11,16.1,10.57,6.53,14.89,5.68,13.71,15.15,42.38,12.08
584,3.993666323564176,2,12.72,7.11,16.1,10.57,6.56,15.08,5.7,13.65,15.15,43.78,12.37
585,3.993666323564176,2,12.72,7.11,16.1,10.57,6.56,14.89,5.68,13.76,15.15,40.29,12.08
586,3.993666323564176,2,12.72,7.11,16.1,10.57,6.56,15.14,5.7,13.82,15.15,42.11,11.99
587,3.993666323564176,2,12.72,7.11,16.17,10.57,6.56,15.08,5.7,13.76,15.15,44.37,12.03
588,3.993666323564176,2,12.67,7.11,16.1,10.53,6.53,15.08,5.68,13.71,15.09,42.94,11.8
589,3.993666323564176,2,12.67,7.08,16.17,10.49,6.56,14.95,5.68,13.76,15.09,42.66,12.13
590,3.993666323564176,2,12.72,7.08,16.1,10.49,6.56,14.83,5.68,13.99,15.09,41.05,12.27
591,3.993666323564176,2,12.67,7.08,16.24,10.53,6.56,15.02,5.68,13.82,15.09,42.66,11.94
592,3.993666323564176,2,12.72,7.08,16.17,10.49,6.53,15.14,5.68,13.82,15.09,43.5,11.52
593,3.993666323564176,2,12.72,7.11,16.24,10.49,6.56,14.95,5.68,13.71,15.15,43.5,11.85
594,3.993666323564176,2,12.72,7.14,16.24,10.53,6.56,14.95,5.66,13.82,15.09,42.66,12.32
595,3.993666323564176,2,12.72,7.14,16.24,10.49,6.59,14.95,5.66,13.99,15.15,43.22,12.18
596,3.993666323564176,2,12.72,7.11,16.44,10.41,6.56,14.95,5.68,14.63,15.15,42.94,11.99
597,3.993666323564176,2,12.82,7.16,16.3,10.57,6.61,15.02,5.73,13.99,15.22,40.8,11.89
598,3.993666323564176,2,12.77,7.14,16.37,10.53,6.61,14.95,5.7,13.99,15.22,43.22,11.89
599,3.993666323564176,2,12.77,7.16,16.37,10.57,6.64,15.02,5.73,14.05,15.22,42.38,12.42
600,3.993666323564176,2,12.72,7.11,16.37,10.49,6.56,14.89,5.68,14.16,15.15,42.94,12.23
601,3.9997581174861336,2,12.67,7.11,16.3,10.45,6.56,14.89,5.63,14.22,15.15,43.22,11.75
602,3.9997581174861336,2,12.72,7.14,16.37,10.49,6.59,14.89,5.66,14.05,15.15,42.66,11.94
603,3.9997581174861336,2,12.77,7.16,16.44,10.53,6.61,14.95,5.68,14.22,15.22,46.51,11.8
604,3.9997581174861336,2,13.03,7.14,16.37,10.49,6.61,14.89,5.68,14.22,15.15,42.11,11.48
605,3.9997581174861336,2,13.03,7.16,16.44,10.53,6.64,14.89,5.7,14.1,15.22,42.94,12.27
606,3.9997581174861336,2,12.98,7.14,16.44,10.49,6.61,14.89,5.68,14.28,15.15,43.22,12.08
607,3.9997581174861336,2,12.98,7.19,16.65,10.49,6.64,14.89,5.68,14.33,15.15,43.22,12.08
608,3.9997581174861336,2,12.92,7.22,16.58,10.53,6.67,14.89,5.7,14.39,15.22,40.54,12.03
609,3.9997581174861336,2,12.87,7.22,16.58,10.49,6.64,14.83,5.66,14.39,15.22,41.58,11.71
610,3.9997581174861336,2,12.82,7.19,16.58,10.41,6.64,14.83,5.66,14.39,15.22,42.38,11.66
611,3.9997581174861336,2,12.87,7.11,16.58,10.45,6.64,14.77,5.66,14.63,15.22,40.54,12.37
612,3.9997581174861336,2,12.77,7.11,16.58,10.41,6.61,14.77,5.63,14.39,15.22,43.5,12.08
613,3.9997581174861336,2,12.82,7.14,16.58,10.45,6.64,14.77,5.68,14.45,15.29,44.07,12.32
614,3.9997581174861336,2,12.77,7.11,16.65,10.45,6.64,14.77,5.66,14.51,15.29,43.5,12.03
615,3.9997581174861336,2,12.77,7.08,16.58,10.41,6.64,14.65,5.7,14.87,15.22,42.66,12.23
616,3.9997581174861336,2,12.82,7.08,16.65,10.41,6.64,14.65,5.63,14.45,15.22,42.94,12.27
617,3.9997581174861336,2,12.82,7.08,16.65,10.41,6.64,14.71,5.63,14.51,15.22,43.78,12.08
618,3.9997581174861336,2,12.82,7.05,16.65,10.41,6.64,14.71,5.63,14.51,15.22,42.11,11.94
619,3.9997581174861336,2,12.82,7.08,16.72,10.41,6.64,14.71,5.63,14.39,15.29,44.07,12.27
620,3.9997581174861336,2,12.77,7.08,16.72,10.37,6.64,14.65,5.66,15.12,15.22,44.96,12.57
621,3.9997581174861336,2,12.77,7.11,16.79,10.37,6.64,14.65,5.63,14.63,15.29,43.78,12.32
622,3.9997581174861336,2,12.77,7.14,16.79,10.41,6.67,14.65,5.63,14.75,15.29,43.5,12.23
623,3.9997581174861336,2,12.82,7.14,16.79,10.41,6.64,14.59,5.61,14.75,15.29,43.22,12.08
624,3.9997581174861336,2,12.77,7.16,16.86,10.37,6.67,14.71,5.61,14.87,15.29,42.38,11.99
625,3.9997581174861336,2,12.72,7.05,16.79,10.32,6.61,14.71,5.61,14.69,15.22,42.94,12.27
626,3.9997581174861336,2,12.72,7.05,16.93,10.32,6.61,14.65,5.61,14.69,15.22,43.22,11.85
627,3.9997581174861336,2,12.72,7.05,16.86,10.28,6.64,14.65,5.57,14.75,15.22,44.07,11.75
628,3.9997581174861336,2,12.67,7.05,16.86,10.28,6.61,14.59,5.59,15.06,15.22,43.22,12.23
629,3.9997581174861336,2,12.72,7.05,16.86,10.24,6.64,14.59,5.57,14.69,15.22,42.66,12.37
630,3.9997581174861336,2,12.67,7.05,16.79,10.24,6.61,14.59,5.57,14.81,15.15,42.94,11.85
631,3.9997581174861336,2,12.67,7.05,16.86,10.32,6.64,14.53,5.57,14.69,15.22,42.66,12.18
632,3.9997581174861336,2,12.67,7.05,17,10.28,6.67,14.65,5.59,14.75,15.22,42.11,12.27
633,3.9997581174861336,2,12.72,7.08,16.93,10.28,6.67,14.71,5.59,14.81,15.29,42.38,12.32
634,3.9997581174861336,2,12.72,7.11,16.93,10.32,6.72,14.71,5.59,14.81,15.29,42.94,12.03
635,3.9997581174861336,2,12.72,7.11,17,10.28,6.72,14.77,5.59,14.81,15.22,44.37,12.42
636,3.9997581174861336,2,12.62,7.02,16.93,10.2,6.59,14.65,5.54,14.81,15.22,42.94,12.23
637,3.9997581174861336,2,12.62,7.02,16.86,10.16,6.59,14.65,5.52,14.69,15.22,42.66,11.71
638,3.9997581174861336,2,12.62,6.99,16.93,10.16,6.59,14.65,5.52,15.25,15.22,41.05,11.94
639,3.9997581174861336,2,12.62,7.02,16.93,10.16,6.59,14.65,5.54,14.75,15.22,44.96,11.8
640,3.9997581174861336,2,12.62,7.02,16.93,10.16,6.61,14.65,5.57,14.69,15.22,41.32,12.03
641,3.9997581174861336,2,12.62,7.02,17,10.16,6.61,14.65,5.52,14.75,15.22,42.66,12.23
642,3.9997581174861336,2,12.62,7.05,17.07,10.16,6.61,14.71,5.57,14.81,15.29,42.66,12.37
643,3.9997581174861336,2,12.67,7.08,17.07,10.16,6.64,14.71,5.57,14.87,15.29,41.84,12.08
644,3.9997581174861336,2,12.72,7.11,17.07,10.24,6.7,14.77,5.59,14.93,15.35,48.82,12.37
645,3.9997581174861336,2,12.72,7.11,17.14,10.24,6.7,14.77,5.59,14.93,15.35,43.78,12.32
646,3.9997581174861336,2,12.67,7.08,17.07,10.2,6.67,14.77,5.57,14.87,15.29,42.38,12.23
647,3.9997581174861336,2,12.67,7.08,17.14,10.2,6.67,14.77,5.57,14.93,15.29,41.05,12.27
648,3.9997581174861336,2,12.77,7.14,17.21,10.24,6.75,14.83,5.59,15.06,15.35,40.54,12.13
649,3.9997581174861336,2,12.62,7.02,17.14,10.16,6.64,14.71,5.54,15,15.29,42.94,12.27
650,3.9997581174861336,2,12.57,7.02,17.14,10.16,6.67,14.71,5.54,15,15.29,43.22,12.03
651,3.9997581174861336,2,12.72,7.08,17.29,10.24,6.7,14.77,5.57,15.06,15.35,42.94,11.94
652,3.9997581174861336,2,12.62,7.05,17.29,10.2,6.67,14.71,5.57,15.06,15.35,42.94,12.23
653,3.9997581174861336,2,12.62,7.05,17.29,10.2,6.67,14.71,5.54,15.06,15.35,42.94,12.18
654,3.9997581174861336,2,12.57,7.02,17.36,10.12,6.64,14.65,5.54,15.44,15.35,43.78,11.85
655,3.9997581174861336,2,12.57,7.02,17.29,10.12,6.64,14.65,5.52,15.37,15.29,43.22,12.03
656,3.9997581174861336,2,12.62,7.02,17.29,10.16,6.67,14.71,5.54,15.69,15.35,44.37,12.03
657,3.9997581174861336,2,12.57,7.05,17.29,10.16,6.64,14.65,5.54,15.44,15.35,43.5,12.13
658,3.9997581174861336,2,12.52,6.99,17.21,10.12,6.64,14.65,5.5,15.44,15.29,42.38,12.03
659,3.9997581174861336,2,12.52,6.97,17.21,10.12,6.61,14.59,5.48,15.5,15.29,42.38,11.94
660,3.9997581174861336,2,12.52,6.99,17.21,10.08,6.61,14.59,5.52,15.5,15.29,43.22,12.08
661,4.049554083074122,3,11.3,6.09,16.1,9,5.67,13.19,4.76,14.45,14.38,40.04,10.99
662,4.049554083074122,3,11.08,5.94,15.9,8.76,5.53,13.09,4.66,14.16,14.2,38.59,10.65
663,4.049554083074122,3,11.17,6.06,15.9,8.86,5.6,13.25,4.74,14.16,14.32,39.06,10.91
664,4.049554083074122,3,11.3,6.11,15.97,8.93,5.67,13.35,4.8,14.22,14.44,38.36,10.78
665,4.049554083074122,3,11.3,6.09,15.97,8.97,5.72,13.35,4.84,14.28,14.44,39.06,11.17
666,4.049554083074122,3,11.08,5.89,15.64,8.76,5.53,13.14,4.68,13.93,14.2,38.59,10.91
667,4.049554083074122,3,11.13,5.94,15.71,8.83,5.58,13.19,4.74,14.51,14.32,38.59,10.53
668,4.049554083074122,3,11.13,5.94,15.71,8.76,5.55,13.14,4.72,13.99,14.26,39.06,10.7
669,4.049554083074122,3,11.26,6.04,15.9,9,5.7,13.35,4.82,14.16,14.44,39.55,10.87
670,4.049554083074122,3,12.52,6.99,16.93,10.12,6.67,14.71,5.57,15,15.35,42.66,12.18
671,4.049554083074122,3,12.52,7.02,17,10.12,6.7,14.65,5.54,15,15.49,42.66,12.13
672,4.049554083074122,3,12.47,6.99,17.07,10.12,6.67,14.65,5.52,15,15.42,43.22,11.89
673,4.049554083074122,3,12.47,6.97,17.07,10.12,6.67,14.59,5.52,14.93,15.42,42.66,11.89
674,4.049554083074122,3,12.47,6.94,17.07,10.08,6.64,14.47,5.48,15.06,15.42,43.22,12.08
675,4.049554083074122,3,12.42,6.94,17,10.05,6.67,14.53,5.48,15.12,15.42,42.94,11.71
676,4.049554083074122,3,12.47,6.94,17.14,10.08,6.67,14.53,5.48,15.06,15.49,43.78,12.03
677,4.049554083074122,3,12.42,6.94,17.14,10.05,6.64,14.42,5.48,15.18,15.35,46.19,12.03
678,4.049554083074122,3,12.42,6.94,17.21,10.05,6.64,14.47,5.48,15.25,15.35,41.84,11.89
679,4.049554083074122,3,12.42,6.94,17.14,10.05,6.64,14.42,5.45,15.06,15.42,44.07,11.99
680,4.049554083074122,3,12.42,6.91,17.14,10.05,6.61,14.42,5.48,15.25,15.42,43.22,11.94
681,4.049554083074122,3,12.42,6.91,17.21,10.05,6.64,14.36,5.48,15.18,15.42,43.5,12.03
682,4.049554083074122,3,12.42,6.94,17.36,10.05,6.64,14.42,5.48,15.37,15.49,42.94,11.94
683,4.049554083074122,3,12.47,6.94,17.29,10.05,6.67,14.36,5.5,15.5,15.49,42.38,12.13
684,4.049554083074122,3,12.47,6.94,17.29,10.05,6.67,14.36,5.48,15.44,15.56,42.94,12.18
685,4.049554083074122,3,12.47,6.94,17.29,10.08,6.67,14.36,5.48,15.37,15.56,42.94,11.89
686,4.049554083074122,3,12.42,6.91,17.29,10.05,6.67,14.3,5.45,15.44,15.49,43.5,11.52
687,4.049554083074122,3,12.42,6.94,17.43,10.08,6.64,14.3,5.45,15.56,15.56,42.38,11.71
688,4.049554083074122,3,12.42,6.94,17.21,10.01,6.64,14.3,5.45,15.63,15.56,42.66,12.27
689,4.049554083074122,3,12.47,6.97,17.36,10.05,6.7,14.3,5.48,15.5,15.56,42.94,12.08
690,4.049554083074122,3,12.42,6.91,17.36,10.01,6.64,14.24,5.43,15.56,15.49,42.66,11.89
691,4.049554083074122,3,12.52,6.97,17.43,10.08,6.7,14.3,5.5,15.89,15.56,44.96,11.99
692,4.049554083074122,3,12.57,7.02,17.51,10.12,6.75,14.42,5.52,15.5,15.63,43.78,11.75
693,4.049554083074122,3,12.52,6.97,17.43,10.08,6.7,14.3,5.5,15.5,15.56,42.38,12.18
694,4.049554083074122,3,12.47,6.94,17.36,10.05,6.67,14.24,5.45,15.5,15.49,43.22,12.27
695,4.049554083074122,3,12.52,6.91,17.36,10.01,6.64,14.24,5.43,15.56,15.49,43.78,11.94
696,4.049554083074122,3,12.47,6.91,17.36,10.01,6.64,14.24,5.43,15.56,15.56,43.5,12.03
697,4.049554083074122,3,12.37,6.88,17.36,9.97,6.61,14.18,5.41,15.56,15.49,43.78,11.66
698,4.049554083074122,3,12.42,6.94,17.43,10.01,6.67,14.24,5.45,15.56,15.56,43.22,11.99
699,4.049554083074122,3,12.42,6.91,17.43,9.97,6.64,14.18,5.43,15.5,15.49,44.37,12.08
700,4.049554083074122,3,12.42,6.91,17.43,10.01,6.64,14.18,5.45,15.56,15.56,42.66,12.03
701,4.049554083074122,3,12.52,6.91,17.29,10.01,6.67,14.18,5.45,15.63,15.56,44.66,12.08
702,4.049554083074122,3,12.87,6.91,17.29,9.97,6.64,14.18,5.43,15.63,15.56,42.66,12.08
703,4.049554083074122,3,12.87,6.97,17.36,10.05,6.7,14.24,5.48,15.69,15.63,41.05,12.08
704,4.049554083074122,3,12.82,6.94,17.29,10.01,6.7,14.24,5.48,15.69,15.56,42.94,12.03
705,4.049554083074122,3,12.87,6.97,17.43,10.05,6.7,14.24,5.48,15.83,15.63,42.94,12.18
706,4.049554083074122,3,12.87,6.94,17.36,10.01,6.7,14.18,5.45,15.76,15.56,43.5,11.85
707,4.049554083074122,3,12.72,6.91,17.43,9.97,6.64,14.18,5.43,15.76,15.56,43.5,12.18
708,4.049554083074122,3,12.67,6.97,17.43,10.01,6.7,14.24,5.48,15.96,15.63,43.22,12.08
709,4.049554083074122,3,12.82,7.05,17.58,10.12,6.81,14.42,5.54,15.89,15.77,43.78,12.18
710,4.049554083074122,3,12.77,6.97,17.51,10.08,6.72,14.3,5.48,15.89,15.7,43.78,12.13
711,4.049554083074122,3,12.67,6.97,17.51,10.05,6.7,14.3,5.45,15.89,15.7,43.5,11.94
712,4.049554083074122,3,12.62,6.91,17.43,9.97,6.64,14.13,5.41,16.02,15.63,43.5,12.08
713,4.049554083074122,3,12.52,6.91,17.51,9.97,6.67,14.18,5.41,15.83,15.7,43.22,11.94
714,4.049554083074122,3,12.57,6.91,17.51,9.97,6.67,14.18,5.43,15.89,15.63,44.37,11.99
715,4.049554083074122,3,12.57,6.94,17.51,10.01,6.7,14.24,5.45,15.89,15.63,43.22,11.94
716,4.049554083074122,3,12.57,6.97,17.58,9.97,6.67,14.18,5.45,15.89,15.7,43.5,12.13
717,4.049554083074122,3,12.57,6.91,17.51,9.97,6.64,14.13,5.41,15.89,15.7,44.07,11.89
718,4.049554083074122,3,12.62,6.99,17.58,10.05,6.72,14.24,5.48,15.96,15.7,43.22,11.99
719,4.049554083074122,3,12.67,6.91,17.51,9.97,6.67,14.13,5.41,15.89,15.63,42.11,11.99
720,4.049554083074122,3,12.62,6.88,17.51,9.89,6.61,14.07,5.39,15.89,15.63,42.94,11.89
721,4.122483910931027,3,12.57,6.88,17.51,9.93,6.61,14.13,5.39,15.89,15.63,43.5,11.99
722,4.122483910931027,3,12.52,6.88,17.51,9.93,6.64,14.07,5.39,15.76,15.63,42.94,11.75
723,4.122483910931027,3,12.47,6.88,17.66,9.89,6.64,14.07,5.36,15.96,15.56,42.38,12.13
724,4.122483910931027,3,12.47,6.88,17.51,9.89,6.64,14.07,5.39,15.83,15.63,44.37,11.99
725,4.122483910931027,3,12.42,6.88,17.51,9.89,6.61,14.07,5.36,15.83,15.63,42.94,11.85
726,4.122483910931027,3,12.42,6.88,17.66,9.85,6.61,14.07,5.36,15.69,15.63,43.78,11.85
727,4.122483910931027,3,12.37,6.88,17.43,9.89,6.61,14.13,5.36,15.69,15.56,43.22,12.08
728,4.122483910931027,3,12.37,6.88,17.51,9.89,6.61,14.13,5.36,15.69,15.56,43.22,11.85
729,4.122483910931027,3,12.42,6.91,17.51,9.93,6.64,14.24,5.39,15.76,15.63,42.66,12.08
730,4.122483910931027,3,12.47,6.97,17.51,9.97,6.7,14.36,5.43,15.83,15.63,44.07,12.18
731,4.122483910931027,3,12.42,6.94,17.51,9.97,6.67,14.36,5.41,15.69,16.2,44.07,11.8
732,4.122483910931027,3,12.37,6.91,17.43,9.89,6.64,14.3,5.39,15.76,16.12,43.78,12.08
733,4.122483910931027,3,12.37,6.91,17.51,9.93,6.67,14.36,5.41,15.76,16.12,42.94,12.13
734,4.122483910931027,3,12.42,6.94,17.58,9.97,6.7,14.42,5.41,15.69,16.12,41.58,11.66
735,4.122483910931027,3,12.32,6.88,17.51,9.89,6.67,14.36,5.36,15.83,16.05,43.22,11.75
736,4.122483910931027,3,12.28,6.88,17.43,9.89,6.64,14.36,5.36,15.96,16.05,42.38,11.62
737,4.122483910931027,3,12.28,6.88,17.43,9.89,6.64,14.3,5.36,15.83,15.98,42.38,11.75
738,4.122483910931027,3,12.28,6.88,17.43,9.85,6.64,14.3,5.36,15.83,15.98,42.66,11.75
739,4.122483910931027,3,12.28,6.88,17.51,9.89,6.64,14.36,5.36,15.96,15.98,41.84,11.48
740,4.122483910931027,3,12.28,6.88,17.51,9.85,6.64,14.3,5.36,15.89,15.91,43.22,11.52
741,4.122483910931027,3,12.23,6.88,17.58,9.89,6.64,14.3,5.36,15.96,15.98,45.57,12.03
742,4.122483910931027,3,12.28,6.91,17.58,9.89,6.67,14.36,5.36,16.02,15.7,41.84,11.99
743,4.122483910931027,3,12.23,6.91,17.58,9.85,6.64,14.36,5.36,16.09,15.98,43.5,11.89
744,4.122483910931027,3,12.28,6.91,17.66,9.85,6.64,14.36,5.36,16.16,15.98,42.94,11.71
745,4.122483910931027,3,12.28,6.94,17.58,9.93,6.7,14.42,5.39,15.89,15.98,43.22,11.85
746,4.122483910931027,3,12.23,6.91,17.51,9.89,6.64,14.36,5.36,16.16,15.91,45.57,11.85
747,4.122483910931027,3,12.28,6.91,17.58,9.89,6.67,14.36,5.36,16.23,15.98,40.54,12.13
748,4.122483910931027,3,12.32,6.94,17.58,9.93,6.67,14.36,5.36,16.09,15.98,42.66,11.99
749,4.122483910931027,3,12.28,6.91,17.58,9.89,6.67,14.36,5.36,16.09,15.91,41.32,11.99
750,4.122483910931027,3,12.28,6.94,17.58,9.89,6.67,14.36,5.36,16.09,15.98,42.94,11.94
751,4.122483910931027,3,11.57,6.45,17,9.29,6.14,13.62,4.98,15.63,15.35,42.11,11.34
752,4.122483910931027,3,12.23,6.91,17.58,9.85,6.64,14.36,5.36,16.09,15.91,42.94,11.3
753,4.122483910931027,3,12.28,6.91,17.66,9.89,6.67,14.36,5.34,15.89,15.91,44.07,11.8
754,4.122483910931027,3,12.28,6.94,17.66,9.89,6.67,14.36,5.39,16.09,15.98,42.38,11.71
755,4.122483910931027,3,12.28,6.94,17.73,9.89,6.67,14.36,5.39,16.09,15.91,44.66,11.85
756,4.122483910931027,3,12.28,6.94,17.73,9.89,6.67,14.36,5.39,16.16,15.98,43.78,11.62
757,4.122483910931027,3,12.23,6.94,17.81,9.89,6.67,14.36,5.36,16.09,15.91,42.94,11.62
758,4.122483910931027,3,12.23,6.94,17.96,9.89,6.67,14.36,5.36,16.09,15.98,42.94,11.66
759,4.122483910931027,3,12.18,6.91,17.81,9.85,6.64,14.36,5.34,16.09,15.98,43.22,11.57
760,4.122483910931027,3,12.18,6.91,17.73,9.85,6.67,14.36,5.36,16.09,15.91,42.94,11.75
761,4.122483910931027,3,12.18,6.88,17.88,9.85,6.67,14.36,5.36,16.09,15.91,42.94,11.71
762,4.122483910931027,3,12.23,6.88,17.88,9.85,6.67,14.36,5.36,16.09,15.91,43.22,11.8
763,4.122483910931027,3,12.23,6.91,17.88,9.93,6.7,14.42,5.39,16.16,15.91,42.38,11.85
764,4.122483910931027,3,12.18,6.88,17.88,9.85,6.64,14.36,5.34,16.09,15.91,42.66,11.8
765,4.122483910931027,3,12.28,6.94,17.96,9.93,6.72,14.47,5.43,16.09,15.98,43.78,11.99
766,4.122483910931027,3,12.18,6.88,17.81,9.85,6.67,14.36,5.34,16.02,15.84,41.84,11.89
767,4.122483910931027,3,12.18,6.85,17.81,9.85,6.64,14.36,5.34,16.02,15.84,42.38,11.85
768,4.122483910931027,3,12.18,6.85,17.81,9.85,6.67,14.36,5.34,16.09,15.84,40.54,11.62
769,4.122483910931027,3,12.23,6.91,17.88,9.89,6.7,14.42,5.36,16.3,15.91,42.66,11.8
770,4.122483910931027,3,12.18,6.88,17.88,9.89,6.7,14.42,5.36,16.3,15.84,42.66,11.66
771,4.122483910931027,3,12.28,6.94,17.96,9.93,6.72,14.47,5.39,16.64,15.84,41.84,11.75
772,4.122483910931027,3,12.23,6.94,17.96,9.93,6.72,14.47,5.39,16.43,15.84,42.66,11.99
773,4.122483910931027,3,12.23,6.91,17.81,9.89,6.72,14.42,5.36,16.5,15.84,41.84,11.75
774,4.122483910931027,3,12.18,6.91,17.88,9.89,6.7,14.42,5.36,16.57,15.84,43.78,11.8
775,4.122483910931027,3,12.18,6.91,17.81,9.89,6.7,14.42,5.36,16.71,15.84,42.38,11.89
776,4.122483910931027,3,12.23,6.91,17.81,9.89,6.72,14.42,5.36,16.71,15.84,42.38,11.85
777,4.122483910931027,3,12.23,6.91,17.81,9.89,6.7,14.42,5.36,16.86,15.84,40.29,11.66
778,4.122483910931027,3,12.28,6.94,17.81,9.93,6.75,14.47,5.39,17.89,15.84,42.66,11.99
779,4.122483910931027,3,12.28,6.94,17.88,9.93,6.75,14.47,5.41,17.59,15.84,42.94,11.94
780,4.122483910931027,3,12.32,6.97,17.88,9.97,6.78,14.53,5.43,16.78,15.91,41.58,12.18
781,4.257484898736022,3,12.28,6.91,17.88,9.93,6.72,14.47,5.39,16.64,15.84,43.22,11.99
782,4.257484898736022,3,12.18,6.88,17.88,9.89,6.7,14.42,5.36,16.57,15.77,42.66,12.13
783,4.257484898736022,3,12.23,6.88,17.96,9.89,6.72,14.47,5.36,16.57,15.84,42.94,12.08
784,4.257484898736022,3,10.87,5.86,16.58,8.62,5.67,12.98,4.58,14.87,14.76,39.3,10.95
785,4.257484898736022,3,10.78,5.79,16.44,8.56,5.6,12.98,4.56,14.75,14.76,39.06,10.7
786,4.257484898736022,3,12.08,6.83,17.66,9.81,6.67,14.53,5.36,15.76,15.91,44.96,11.99
787,4.257484898736022,3,12.13,6.88,17.81,9.89,6.72,14.53,5.39,15.83,15.84,44.07,12.03
788,4.257484898736022,3,11.57,6.45,17.14,9.36,6.27,13.9,5.02,15.25,15.42,41.84,11.52
789,4.257484898736022,3,11.8,6.58,17.36,9.47,6.4,14.13,5.13,15.76,15.56,42.38,11.48
790,4.257484898736022,3,11.71,6.53,17.07,9.51,6.35,14.01,5.11,15.5,15.49,47.48,11.71
791,4.257484898736022,3,12.18,6.88,17.66,9.93,6.72,14.53,5.39,16.02,15.84,43.78,11.99
792,4.257484898736022,3,12.13,6.85,17.58,9.85,6.67,14.47,5.34,15.96,15.63,42.94,12.18
793,4.257484898736022,3,12.13,6.88,17.66,9.89,6.72,14.53,5.36,15.96,15.91,43.5,12.18
794,4.257484898736022,3,11.57,6.42,17,9.32,6.25,13.84,5,15.56,15.42,39.3,11.57
795,4.257484898736022,3,11.99,6.74,17.43,9.7,6.59,14.36,5.28,15.89,15.77,43.22,11.85
796,4.257484898736022,3,12.04,6.77,17.43,9.77,6.61,14.36,5.28,15.96,15.7,41.32,11.71
797,4.257484898736022,3,11.17,6.11,16.58,8.97,5.92,13.41,4.76,15.18,15.02,40.54,10.65
798,4.257484898736022,3,11.75,6.55,17.14,9.47,6.38,14.13,5.11,15.63,15.56,42.38,11.62
799,4.257484898736022,3,11.66,6.5,17.14,9.47,6.32,14.01,5.09,15.63,15.49,42.11,11.34
800,4.257484898736022,3,11.08,6.01,16.37,8.9,5.79,13.3,4.68,14.93,14.83,39.79,10.87
801,4.257484898736022,3,11.99,6.77,17.36,9.73,6.59,14.42,5.28,15.83,15.63,42.38,11.71
802,4.257484898736022,3,11.99,6.77,17.43,9.73,6.59,14.42,5.28,15.56,15.63,42.38,11.57
803,4.257484898736022,3,12.08,6.83,17.36,9.81,6.64,14.47,5.3,15.76,15.7,42.38,11.66
804,4.257484898736022,3,12.08,6.85,17.43,9.85,6.67,14.47,5.32,15.83,15.84,41.84,11.89
805,4.257484898736022,3,12.08,6.83,17.43,9.81,6.64,14.47,5.3,15.83,15.77,42.38,11.57
806,4.257484898736022,3,12.04,6.77,17.43,9.73,6.61,14.36,5.28,15.76,15.7,42.66,11.52
807,4.257484898736022,3,12.08,6.83,17.51,9.77,6.61,14.42,5.3,15.83,15.56,42.38,11.52
808,4.257484898736022,3,12.04,6.8,17.43,9.73,6.67,14.42,5.28,15.83,15.7,42.66,11.66
809,4.257484898736022,3,12.04,6.8,17.43,9.77,6.61,14.42,5.28,15.83,15.63,42.66,11.85
810,4.257484898736022,3,12.04,6.8,17.51,9.77,6.61,14.42,5.28,15.83,15.63,43.78,11.57
811,4.257484898736022,3,12.08,6.83,17.51,9.81,6.64,14.42,5.26,15.83,15.63,42.94,11.57
812,4.257484898736022,3,12.08,6.83,17.51,9.81,6.64,14.42,5.28,15.63,15.63,44.96,11.71
813,4.257484898736022,3,12.08,6.83,17.51,9.77,6.64,14.47,5.3,15.83,15.7,44.96,11.85
814,4.257484898736022,3,12.08,6.83,17.51,9.81,6.64,14.42,5.3,15.83,15.63,46.19,11.94
815,4.257484898736022,3,12.04,6.83,17.51,9.81,6.64,14.47,5.28,15.83,15.7,42.38,11.94
816,4.257484898736022,3,12.04,6.8,17.51,9.77,6.61,14.42,5.28,15.83,15.7,42.66,11.99
817,4.257484898736022,3,12.08,6.83,17.51,9.77,6.64,14.47,5.3,15.89,15.7,42.38,11.99
818,4.257484898736022,3,12.08,6.83,17.51,9.81,6.67,14.47,5.28,15.83,15.7,42.66,11.85
819,4.257484898736022,3,12.04,6.83,17.51,9.77,6.61,14.47,5.28,15.76,15.7,42.66,11.71
820,4.257484898736022,3,12.08,6.83,17.51,9.77,6.64,14.47,5.28,15.89,15.7,41.05,11.62
821,4.257484898736022,3,12.08,6.83,17.51,9.81,6.64,14.47,5.28,15.89,15.7,41.58,11.62
822,4.257484898736022,3,12.08,6.85,17.58,9.81,6.67,14.47,5.32,15.76,15.7,42.38,11.57
823,4.257484898736022,3,12.08,6.88,17.58,9.85,6.7,14.53,5.32,15.96,15.7,42.38,11.8
824,4.257484898736022,3,12.04,6.85,17.58,9.77,6.64,14.47,5.28,15.89,15.7,41.84,11.85
825,4.257484898736022,3,12.08,6.88,17.51,9.81,6.67,14.47,5.28,15.76,15.7,42.11,11.89
826,4.257484898736022,3,12.08,6.88,17.51,9.81,6.67,14.47,5.3,15.83,15.77,41.58,12.08
827,4.257484898736022,3,12.08,6.88,17.43,9.81,6.67,14.47,5.3,15.89,15.7,42.11,11.8
828,4.257484898736022,3,12.08,6.88,17.51,9.81,6.67,14.53,5.3,15.96,15.56,41.58,11.89
829,4.257484898736022,3,12.08,6.91,17.43,9.81,6.67,14.53,5.3,15.89,15.77,42.11,11.66
830,4.257484898736022,3,12.18,6.91,17.43,9.81,6.7,14.53,5.3,15.96,15.77,42.38,11.85
831,4.257484898736022,3,12.08,6.91,17.43,9.81,6.67,14.53,5.3,15.96,15.77,42.11,11.43
832,4.257484898736022,3,12.13,6.91,17.51,9.85,6.7,14.59,5.3,15.96,15.98,41.32,11.12
833,4.257484898736022,3,12.08,6.91,17.51,9.81,6.67,14.53,5.3,15.96,15.77,42.11,11.89
834,4.257484898736022,3,12.08,6.88,17.51,9.81,6.7,14.53,5.3,15.89,15.77,42.38,11.8
835,4.257484898736022,3,12.08,6.88,17.51,9.81,6.67,14.53,5.28,15.96,15.77,42.66,11.17
836,4.257484898736022,3,12.08,6.91,17.51,9.85,6.67,14.53,5.28,15.96,15.84,42.94,11.39
837,4.257484898736022,3,12.08,6.88,17.43,9.81,6.67,14.53,5.28,16.09,15.77,42.66,11.8
838,4.257484898736022,3,12.08,6.91,17.58,9.81,6.7,14.53,5.3,16.02,15.77,40.04,11.85
839,4.257484898736022,3,12.13,6.91,17.58,9.85,6.72,14.59,5.34,16.16,15.84,42.11,11.85
840,4.257484898736022,3,12.08,6.91,17.58,9.85,6.7,14.59,5.3,16.64,15.84,43.78,11.85
841,4.942929912481451,3,12.08,6.88,17.58,9.85,6.7,14.59,5.3,16.57,15.77,43.22,11.99
842,4.942929912481451,3,12.08,6.88,17.51,9.81,6.67,14.53,5.28,15.83,15.84,42.66,11.85
843,4.942929912481451,3,12.08,6.88,17.58,9.81,6.7,14.59,5.28,16.09,15.84,44.07,11.75
844,4.942929912481451,3,12.08,6.88,17.51,9.81,6.67,14.53,5.28,15.96,15.77,42.11,11.99
845,4.942929912481451,3,12.08,6.88,17.51,9.81,6.67,14.59,5.28,16.16,15.84,42.94,11.99
846,4.942929912481451,3,12.08,6.88,17.51,9.89,6.67,14.59,5.28,16.23,15.77,43.78,11.89
847,4.942929912481451,3,12.13,6.91,17.51,9.85,6.67,14.59,5.28,16.16,15.77,42.66,11.62
848,4.942929912481451,3,11.99,6.83,17.36,9.77,6.61,14.47,5.26,15.89,15.63,42.66,11.71
849,4.942929912481451,3,12.13,6.91,17.51,9.85,6.72,14.65,5.3,16.02,15.7,42.66,11.66
850,4.942929912481451,3,12.08,6.91,17.51,9.85,6.7,14.59,5.3,15.96,15.77,47.81,11.57
851,4.942929912481451,3,12.08,6.91,17.51,9.85,6.7,14.59,5.28,16.02,15.77,42.94,11.26
852,4.942929912481451,3,12.13,6.91,17.51,9.85,6.7,14.65,5.3,16.02,15.77,42.94,11.3
853,4.942929912481451,3,12.08,6.97,17.51,9.89,6.72,14.71,5.3,16.16,15.77,42.66,11.43
854,4.942929912481451,3,12.08,6.94,17.51,9.85,6.7,14.65,5.3,15.96,15.77,43.22,11.52
855,4.942929912481451,3,12.04,6.91,17.43,9.81,6.64,14.59,5.28,16.02,15.77,42.94,11.48
856,4.942929912481451,3,12.08,6.94,17.43,9.85,6.7,14.65,5.3,16.02,15.77,42.94,11.39
857,4.942929912481451,3,12.13,6.94,17.51,9.89,6.72,14.71,5.3,16.02,15.84,42.66,11.52
858,4.942929912481451,3,12.13,6.94,17.51,9.89,6.72,14.65,5.3,16.23,15.77,42.66,11.52
859,4.942929912481451,3,12.08,6.88,17.43,9.81,6.67,14.65,5.3,15.83,15.77,43.78,11.43
860,4.942929912481451,3,12.08,6.91,17.36,9.85,6.7,14.65,5.28,16.23,15.77,41.58,11.48
861,4.942929912481451,3,12.08,6.91,17.36,9.85,6.7,14.65,5.28,15.96,15.77,41.32,11.75
862,4.942929912481451,3,12.08,6.94,17.43,9.85,6.72,14.71,5.28,16.43,15.77,40.04,11.39
863,4.942929912481451,3,12.08,6.91,17.36,9.85,6.7,14.65,5.28,16.5,15.7,42.11,11.3
864,4.942929912481451,3,12.08,6.94,17.43,9.89,6.72,14.71,5.32,16.57,15.77,41.58,11.43
865,4.942929912481451,3,12.08,6.91,17.36,9.85,6.72,14.71,5.28,16.09,15.77,43.5,11.48
866,4.942929912481451,3,12.08,6.91,17.36,9.89,6.72,14.71,5.3,16.02,15.77,40.29,11.52
867,4.942929912481451,3,12.13,6.94,17.43,9.89,6.75,14.71,5.32,15.83,15.84,42.38,11.52
868,4.942929912481451,3,12.08,6.94,17.51,9.89,6.72,14.77,5.3,15.89,15.84,44.07,11.43
869,4.942929912481451,3,12.13,6.94,17.51,9.89,6.75,14.77,5.32,15.76,15.84,42.38,11.39
870,4.942929912481451,3,12.08,6.94,17.51,9.89,6.75,14.77,5.3,15.83,15.77,42.11,11.34
871,4.942929912481451,3,12.13,6.97,17.58,9.89,6.75,14.77,5.32,16.3,15.84,42.38,11.43
872,4.942929912481451,3,12.08,6.94,17.51,9.89,6.75,14.77,5.32,16.5,15.84,43.5,11.26
873,4.942929912481451,3,12.08,6.94,17.58,9.89,6.75,14.77,5.3,15.76,15.84,43.5,11.34
874,4.942929912481451,3,12.13,6.99,17.66,9.93,6.78,14.83,5.34,16.02,15.84,43.22,11.48
875,4.942929912481451,3,12.08,6.97,17.51,9.89,6.75,14.77,5.32,15.96,15.84,42.38,11.48
876,4.942929912481451,3,12.08,6.97,17.58,9.93,6.75,14.77,5.3,16.36,15.84,47.48,11.34
877,4.942929912481451,3,12.13,6.97,17.66,9.93,6.78,14.83,5.32,16.43,15.84,42.94,11.43
878,4.942929912481451,3,12.08,6.97,17.58,9.89,6.75,14.77,5.3,16.5,15.84,43.22,11.3
879,4.942929912481451,3,12.08,6.97,17.66,9.89,6.72,14.77,5.3,16.23,15.84,43.22,11.34
880,4.942929912481451,3,12.08,6.94,17.51,9.89,6.75,14.77,5.3,16.36,15.84,42.38,11.39
881,4.942929912481451,3,12.04,6.94,17.81,9.89,6.72,14.77,5.28,17.36,15.77,43.22,11.08
882,4.942929912481451,3,12.08,6.99,17.66,9.93,6.75,14.83,5.32,17.97,15.84,42.11,11.26
883,4.942929912481451,3,12.04,6.94,17.43,9.89,6.75,14.77,5.3,17.89,15.84,43.78,11.12
884,4.942929912481451,3,12.08,6.97,17.58,9.93,6.75,14.83,5.3,17.89,15.84,42.66,11.3
885,4.942929912481451,3,12.18,7.02,17.58,10.01,6.83,14.89,5.36,17.89,15.91,42.66,11.99
886,4.942929912481451,3,12.13,7.02,17.58,10.01,6.83,14.89,5.34,17.67,15.84,42.38,11.48
887,4.942929912481451,3,12.08,6.99,17.51,9.97,6.81,14.89,5.32,17.59,15.84,42.38,11.3
888,4.942929912481451,3,12.13,7.02,17.66,9.97,6.81,14.89,5.32,17.44,15.84,41.58,11.34
889,4.942929912481451,3,12.13,7.05,17.66,9.97,6.83,14.95,5.34,17.59,15.91,44.66,11.34
890,4.942929912481451,3,12.08,7.02,17.66,9.93,6.78,14.89,5.32,16.23,15.84,42.38,11.43
891,4.942929912481451,3,12.23,7.11,17.73,10.08,6.89,15.02,5.41,16.23,15.98,42.66,11.89
892,4.942929912481451,3,12.08,7.02,17.43,9.93,6.78,14.89,5.32,16.16,15.84,43.78,11.52
893,4.942929912481451,3,12.08,6.99,17.51,9.93,6.78,14.89,5.3,16.16,15.84,42.66,11.39
894,4.942929912481451,3,12.08,7.02,17.51,9.97,6.81,14.89,5.32,16.09,15.84,42.38,11.3
895,4.942929912481451,3,12.32,7.22,17.73,10.2,7,15.2,5.48,16.43,16.05,42.66,11.71
896,4.942929912481451,3,12.18,7.08,17.51,10.05,6.86,15.02,5.39,16.3,15.91,42.11,11.52
897,4.942929912481451,3,12.28,7.08,17.51,10.05,6.86,15.02,5.36,16.3,15.91,42.94,11.48
898,4.942929912481451,3,12.18,7.11,17.58,10.05,6.89,15.08,5.39,16.23,15.84,44.07,11.99
899,4.942929912481451,3,12.08,7.02,17.43,9.93,6.81,14.95,5.32,16.3,15.84,42.66,11.43
900,4.942929912481451,3,12.13,7.02,17.43,9.97,6.81,14.95,5.32,16.36,15.91,42.66,11.17
901,5.095707786858631,4,12.08,7.02,17.51,9.97,6.81,14.95,5.32,16.23,15.91,42.66,11.39
902,5.095707786858631,4,12.18,7.08,17.51,10.01,6.83,15.02,5.34,16.3,15.91,42.94,11.34
903,5.095707786858631,4,12.23,7.11,17.51,10.05,6.92,15.08,5.36,16.3,15.91,42.66,11.52
904,5.095707786858631,4,12.18,7.08,17.51,10.01,6.83,15.02,5.36,16.3,15.91,45.26,11.52
905,5.095707786858631,4,12.13,7.05,17.43,9.97,6.81,15.02,5.32,16.16,15.91,44.07,11.17
906,5.095707786858631,4,12.13,7.08,17.43,10.01,6.86,15.08,5.34,16.3,15.84,41.84,11.43
907,5.095707786858631,4,12.18,7.08,17.43,10.01,6.89,15.08,5.34,16.3,15.84,42.94,11.48
908,5.095707786858631,4,12.28,7.14,17.51,10.08,6.92,15.14,5.39,16.36,15.91,42.94,11.75
909,5.095707786858631,4,12.23,7.11,17.73,10.05,6.89,15.14,5.32,16.3,15.84,42.94,11.34
910,5.095707786858631,4,12.42,7.28,17.88,10.24,7.09,15.33,5.5,16.86,16.05,42.94,12.08
911,5.095707786858631,4,12.04,6.97,17.43,9.81,6.78,14.89,5.26,16.43,15.77,40.8,11.71
912,5.095707786858631,4,12.04,6.97,17.43,9.89,6.75,14.89,5.26,16.23,15.7,42.38,11.3
913,5.095707786858631,4,12.04,6.97,17.43,9.89,6.75,14.95,5.26,16.09,15.7,45.88,10.87
914,5.095707786858631,4,11.39,6.5,16.93,9.29,6.25,14.24,4.9,15.76,15.15,40.54,10.61
915,5.095707786858631,4,11.39,6.5,16.86,9.29,6.25,14.24,4.9,15.69,15.15,40.54,10.74
916,5.095707786858631,4,11.39,6.47,16.86,9.29,6.25,14.24,4.88,16.02,15.15,40.54,10.74
917,5.095707786858631,4,11.39,6.5,16.93,9.29,6.27,14.3,4.92,15.83,15.15,40.04,11.52
918,5.095707786858631,4,11.39,6.47,16.79,9.29,6.27,14.24,4.9,15.69,15.15,40.29,10.78
919,5.095707786858631,4,11.39,6.5,16.86,9.29,6.25,14.3,4.92,15.63,15.15,40.54,10.57
920,5.095707786858631,4,11.35,6.47,16.79,9.29,6.22,14.3,4.9,15.63,15.09,39.3,10.99
921,5.095707786858631,4,11.44,6.55,16.93,9.36,6.32,14.42,4.96,15.76,15.22,40.29,10.78
922,5.095707786858631,4,11.39,6.55,17,9.32,6.27,14.36,4.92,15.76,15.15,38.83,10.57
923,5.095707786858631,4,11.35,6.5,16.86,9.29,6.27,14.3,4.9,15.69,15.15,40.04,10.91
924,5.095707786858631,4,11.71,6.77,17.07,9.62,6.53,14.77,5.11,16.02,15.42,41.32,11.8
925,5.095707786858631,4,11.71,6.74,17.07,9.58,6.51,14.71,5.06,15.89,15.42,38.59,10.7
926,5.095707786858631,4,11.62,6.69,17,9.51,6.43,14.59,5.02,15.25,15.29,40.29,10.65
927,5.095707786858631,4,11.57,6.69,17,9.51,6.43,14.59,5,15.31,15.29,40.54,11.08
928,5.095707786858631,4,11.57,6.63,16.93,9.47,6.38,14.53,4.98,15.18,15.22,41.58,10.99
929,5.095707786858631,4,11.53,6.61,16.93,9.43,6.32,14.47,4.96,15.56,15.22,41.32,11.08
930,5.095707786858631,4,11.57,6.63,17,9.43,6.38,14.59,4.98,15.31,15.29,42.38,10.82
931,5.095707786858631,4,11.53,6.63,16.93,9.43,6.35,14.53,4.96,15.25,15.22,40.8,10.61
932,5.095707786858631,4,11.35,6.47,16.65,9.25,6.19,14.3,4.84,15.12,15.02,40.04,10.33
933,5.095707786858631,4,11.44,6.58,16.65,9.4,6.27,14.47,4.9,15.06,15.15,40.54,10.49
934,5.095707786858631,4,12.18,7.14,17.51,10.05,6.89,15.33,5.36,15.89,15.77,43.5,11.08
935,5.095707786858631,4,12.32,7.25,17.58,10.2,7,15.45,5.43,15.76,15.91,42.94,11.43
936,5.095707786858631,4,12.04,7.05,17.36,9.93,6.78,15.2,5.28,15.69,15.63,42.11,11.04
937,5.095707786858631,4,11.99,7.02,17.21,9.89,6.75,15.14,5.23,15.63,15.63,42.38,11.85
938,5.095707786858631,4,11.94,6.97,17.21,9.85,6.7,15.08,5.19,15.5,15.56,42.94,10.57
939,5.095707786858631,4,11.94,6.94,17.14,9.85,6.67,15.08,5.17,15.37,15.63,43.5,10.99
940,5.095707786858631,4,11.94,6.97,17.21,9.89,6.7,15.08,5.21,15.63,15.56,42.11,10.99
941,5.095707786858631,4,11.89,6.94,17.14,9.85,6.64,15.02,5.19,15.63,15.63,42.66,10.95
942,5.095707786858631,4,11.53,6.58,16.72,9.4,6.27,14.47,4.92,15.18,15.22,40.8,10.09
943,5.095707786858631,4,11.94,6.97,17.14,9.85,6.67,15.08,5.19,15.56,15.56,42.38,10.74
944,5.095707786858631,4,11.94,6.99,17.21,9.85,6.67,15.08,5.21,15.56,15.56,41.84,11.08
945,5.095707786858631,4,11.94,6.99,17.21,9.89,6.7,15.14,5.21,15.63,15.56,41.84,10.74
946,5.095707786858631,4,11.99,7.02,17.21,9.89,6.72,15.14,5.21,15.63,15.56,42.94,11.62
947,5.095707786858631,4,11.99,7.02,17.29,9.85,6.7,15.14,5.21,15.69,15.7,42.38,11.3
948,5.095707786858631,4,11.99,7.05,17.29,9.93,6.72,15.14,5.23,15.56,15.56,42.38,11.48
949,5.095707786858631,4,11.85,6.94,17.14,9.81,6.61,15.02,5.15,15.56,15.49,41.32,11.48
950,5.095707786858631,4,11.94,7.02,17.21,9.85,6.7,15.14,5.21,15.5,15.56,42.38,10.95
951,5.095707786858631,4,11.94,7.02,17.21,9.89,6.7,15.14,5.21,15.56,15.56,41.84,11.48
952,5.095707786858631,4,11.99,7.05,17.21,9.93,6.72,15.2,5.21,15.63,15.56,42.66,11.12
953,5.095707786858631,4,11.99,7.05,17.21,9.89,6.72,15.14,5.21,15.56,15.56,42.38,11.48
954,5.095707786858631,4,11.94,7.05,17.21,9.93,6.72,15.2,5.19,15.63,15.56,42.38,10.95
955,5.095707786858631,4,11.99,7.02,17.14,9.93,6.75,15.2,5.21,15.63,15.56,42.11,11.21
956,5.095707786858631,4,12.04,7.05,17.21,9.93,6.75,15.2,5.23,15.63,15.56,42.66,11.17
957,5.095707786858631,4,11.99,7.02,17.21,9.93,6.72,15.2,5.21,15.56,15.56,42.66,11.26
958,5.095707786858631,4,11.99,7.02,17.21,9.93,6.72,15.2,5.23,15.69,15.56,46.83,11.3
959,5.095707786858631,4,11.99,7.02,17.14,9.89,6.7,15.2,5.19,15.69,15.49,41.84,11.17
960,5.095707786858631,4,11.99,7.05,17.14,9.93,6.75,15.26,5.23,15.89,15.49,42.11,12.03
961,5.1317081826527025,4,11.99,7.05,17.21,9.93,6.75,15.2,5.23,15.63,15.56,41.58,11.21
962,5.1317081826527025,4,11.99,7.05,17.14,9.97,6.75,15.26,5.21,15.63,15.49,41.84,11.08
963,5.1317081826527025,4,11.99,7.02,17.07,9.93,6.72,15.2,5.21,15.44,15.49,44.96,11.71
964,5.1317081826527025,4,11.94,7.02,17.14,9.89,6.7,15.14,5.17,15.56,15.49,41.32,11.12
965,5.1317081826527025,4,11.94,6.99,17.07,9.89,6.7,15.2,5.19,15.56,15.49,45.57,11.04
966,5.1317081826527025,4,11.94,7.05,17.07,9.93,6.72,15.2,5.21,15.63,15.49,39.06,10.99
967,5.1317081826527025,4,11.99,7.08,17.14,9.93,6.72,15.26,5.21,15.63,15.49,41.84,10.99
968,5.1317081826527025,4,11.99,7.11,17.14,9.93,6.75,15.26,5.21,15.63,15.49,40.8,11.17
969,5.1317081826527025,4,11.99,7.11,17.07,9.93,6.75,15.26,5.21,15.63,15.56,40.04,11.08
970,5.1317081826527025,4,11.39,6.58,16.37,9.36,6.22,14.53,4.84,15,14.96,40.04,10.61
971,5.1317081826527025,4,11.89,7.02,17,9.89,6.7,15.2,5.17,15.69,15.42,41.84,11.17
972,5.1317081826527025,4,11.89,7.02,17.07,9.89,6.7,15.2,5.15,15.56,15.42,41.58,11.12
973,5.1317081826527025,4,11.89,7.05,17.07,9.85,6.7,15.2,5.15,15.56,15.42,41.32,11.34
974,5.1317081826527025,4,11.94,7.02,17,9.89,6.7,15.26,5.17,15.5,15.42,40.54,10.91
975,5.1317081826527025,4,11.94,7.08,17,9.89,6.7,15.26,5.17,15.56,15.42,40.04,11.17
976,5.1317081826527025,4,11.94,7.08,17,9.93,6.72,15.26,5.15,15.56,15.42,41.32,11.34
977,5.1317081826527025,4,11.99,7.11,17,9.93,6.72,15.26,5.19,16.02,15.42,41.05,11.04
978,5.1317081826527025,4,11.99,7.14,17.07,9.97,6.75,15.33,5.19,15.63,15.42,42.38,11.12
979,5.1317081826527025,4,12.04,7.11,17.07,10.01,6.78,15.39,5.23,15.63,15.49,43.22,10.91
980,5.1317081826527025,4,12.28,7.28,17.14,10.2,6.94,15.65,5.36,15.76,15.7,43.22,11.71
981,5.1317081826527025,4,12.32,7.31,17.29,10.28,7,15.78,5.39,15.96,15.7,42.94,11.75
982,5.1317081826527025,4,12.42,7.43,17.29,10.32,7.03,15.78,5.43,16.09,15.77,43.22,11.48
983,5.1317081826527025,4,12.37,7.4,17.36,10.32,7,15.78,5.41,15.83,15.7,43.22,11.62
984,5.1317081826527025,4,12.08,7.16,16.93,10.05,6.78,15.39,5.21,15.56,15.49,41.58,11.17
985,5.1317081826527025,4,12.23,7.22,17.14,10.16,6.89,15.58,5.32,18.94,15.56,42.11,11.75
986,5.1317081826527025,4,12.42,7.37,17.36,10.37,7.09,15.91,5.45,16.36,15.84,42.94,11.85
987,5.1317081826527025,4,12.37,7.34,17.29,10.41,7.06,15.84,5.41,15.69,15.77,42.66,11.85
988,5.1317081826527025,4,12.28,7.28,17.14,10.24,6.94,15.71,5.34,15.56,15.7,43.22,11.66
989,5.1317081826527025,4,11.94,7.05,17,9.93,6.72,15.33,5.17,15.31,15.42,42.38,11.52
990,5.1317081826527025,4,11.99,7.02,16.93,9.93,6.72,15.33,5.17,15.31,15.42,41.58,11.34
991,5.1317081826527025,4,12.04,7.02,17,10.01,6.81,15.45,5.21,15.44,15.49,41.32,11.08
992,5.1317081826527025,4,12.13,7.05,17,10.01,6.78,15.45,5.21,15.37,15.49,42.66,11.3
993,5.1317081826527025,4,12.04,7.05,17,10.01,6.78,15.45,5.21,15.56,15.49,41.84,11.04
994,5.1317081826527025,4,11.99,7.02,16.93,9.97,6.72,15.39,5.17,15.37,15.35,41.84,11.48
995,5.1317081826527025,4,11.99,7.11,17,9.97,6.75,15.45,5.19,15.5,15.42,41.32,10.49
996,5.1317081826527025,4,11.89,7.05,16.86,9.89,6.67,15.33,5.15,15.5,15.35,42.11,10.95
997,5.1317081826527025,4,11.89,7.05,16.93,9.89,6.67,15.33,5.15,15.5,15.35,41.84,10.95
998,5.1317081826527025,4,11.99,7.11,16.93,10.01,6.72,15.45,5.19,15.56,15.42,41.84,11.39
999,5.1317081826527025,4,12.08,7.11,16.93,10.05,6.78,15.52,5.21,15.5,15.49,42.11,10.95
1000,5.1317081826527025,4,11.94,7.05,16.93,9.93,6.7,15.39,5.15,15.44,15.42,43.22,10.99
1001,5.1317081826527025,4,11.94,7.05,16.93,9.93,6.7,15.39,5.17,15.44,15.42,42.11,10.95
1002,5.1317081826527025,4,12.28,7.31,17.14,10.24,6.97,15.84,5.34,15.69,15.63,41.84,11.62
1003,5.1317081826527025,4,11.94,7.05,16.86,9.97,6.72,15.45,5.17,15.63,15.42,41.84,10.91
1004,5.1317081826527025,4,11.94,7.05,16.93,9.97,6.72,15.45,5.17,15.37,15.42,42.11,10.91
1005,5.1317081826527025,4,11.94,7.02,16.93,9.97,6.72,15.45,5.19,15.44,15.42,40.04,11.08
1006,5.1317081826527025,4,12.13,7.19,17.14,10.16,6.86,15.71,5.3,15.83,15.56,41.84,11.26
1007,5.1317081826527025,4,12.32,7.34,17.21,10.37,7.03,15.97,5.41,15.63,15.7,42.66,11.3
1008,5.1317081826527025,4,12.32,7.34,17.21,10.37,7.03,15.97,5.41,15.69,15.7,42.94,11.66
1009,5.1317081826527025,4,12.42,7.4,17.29,10.41,7.06,16.04,5.43,15.69,15.77,43.78,11.48
1010,5.1317081826527025,4,12.37,7.37,17.29,10.41,7.03,16.04,5.43,15.76,15.77,42.94,11.43
1011,5.1317081826527025,4,11.99,7.11,16.93,10.08,6.75,15.58,5.19,15.5,15.42,41.84,10.99
1012,5.1317081826527025,4,11.94,7.05,16.86,10.01,6.7,15.45,5.17,15.5,15.42,45.57,10.99
1013,5.1317081826527025,4,11.94,7.08,16.93,10.01,6.72,15.52,5.19,15.89,15.56,41.32,11.3
1014,5.1317081826527025,4,11.99,7.08,16.86,10.05,6.72,15.52,5.19,15.56,15.56,41.32,11.43
1015,5.1317081826527025,4,11.99,7.08,16.93,10.05,6.72,15.58,5.19,15.5,15.56,41.05,11.08
1016,5.1317081826527025,4,11.99,7.11,16.86,10.05,6.75,15.58,5.19,15.5,15.56,42.11,11.12
1017,5.1317081826527025,4,12.04,7.11,16.93,10.08,6.78,15.65,5.23,15.56,15.56,39.06,10.41
1018,5.1317081826527025,4,12.04,7.14,16.93,10.08,6.78,15.65,5.21,15.56,15.56,41.84,11.12
1019,5.1317081826527025,4,12.08,7.16,17,10.16,6.83,15.71,5.26,15.63,15.63,41.84,11.17
1020,5.1317081826527025,4,12.08,7.14,16.93,10.16,6.83,15.71,5.26,15.63,15.63,42.11,11.52
1021,5.158727049897808,4,12.08,7.16,16.93,10.2,6.86,15.78,5.28,15.76,15.56,41.32,11.12
1022,5.158727049897808,4,12.08,7.16,16.93,10.2,6.86,15.78,5.28,15.63,15.56,42.38,11.66
1023,5.158727049897808,4,12.08,7.16,16.93,10.2,6.89,15.78,5.28,15.63,15.56,42.94,11.3
1024,5.158727049897808,4,12.37,7.19,16.86,10.2,6.86,15.78,5.28,15.69,15.56,41.58,11.21
1025,5.158727049897808,4,12.37,7.16,16.86,10.2,6.86,15.78,5.26,15.63,15.49,41.58,11.21
1026,5.158727049897808,4,12.37,7.19,16.86,10.2,6.89,15.78,5.26,15.69,15.56,41.84,11.26
1027,5.158727049897808,4,12.32,7.19,16.79,10.2,6.86,15.78,5.28,15.63,15.56,43.22,11.34
1028,5.158727049897808,4,12.28,7.16,16.79,10.2,6.86,15.78,5.26,15.63,15.56,46.19,11.57
1029,5.158727049897808,4,12.37,7.16,16.79,10.2,6.83,15.78,5.26,15.69,15.49,42.94,11.48
1030,5.158727049897808,4,12.28,7.14,16.79,10.16,6.83,15.78,5.26,16.23,15.49,41.84,11.43
1031,5.158727049897808,4,12.28,7.14,16.72,10.2,6.83,15.78,5.26,15.63,15.49,43.22,11.34
1032,5.158727049897808,4,12.28,7.14,16.79,10.16,6.83,15.78,5.26,15.63,15.56,42.11,11.08
1033,5.158727049897808,4,12.32,7.19,16.79,10.2,6.86,15.84,5.28,15.63,15.56,41.05,11.26
1034,5.158727049897808,4,12.32,7.14,16.79,10.2,6.86,15.84,5.28,15.69,15.56,42.11,10.95
1035,5.158727049897808,4,12.37,7.16,16.79,10.2,6.86,15.84,5.26,15.63,15.56,41.32,11.12
1036,5.158727049897808,4,12.32,7.16,16.72,10.2,6.86,15.84,5.26,15.63,15.56,42.11,11.08
1037,5.158727049897808,4,12.32,7.19,16.79,10.2,6.86,15.84,5.28,15.89,15.56,41.05,11.04
1038,5.158727049897808,4,12.32,7.19,16.79,10.24,6.86,15.84,5.28,15.5,15.63,46.19,11.43
1039,5.158727049897808,4,12.32,7.16,16.72,10.2,6.86,15.84,5.26,15.63,15.56,42.11,11.21
1040,5.158727049897808,4,12.32,7.16,16.79,10.2,6.86,15.84,5.26,15.63,15.56,42.38,11.26
1041,5.158727049897808,4,12.37,7.19,16.79,10.24,6.86,15.91,5.28,15.69,15.56,43.22,11.26
1042,5.158727049897808,4,12.32,7.14,16.72,10.24,6.81,15.78,5.23,15.56,15.49,40.54,11.48
1043,5.158727049897808,4,12.32,7.19,16.86,10.24,6.89,15.91,5.28,15.63,15.56,41.32,11.21
1044,5.158727049897808,4,12.32,7.16,16.79,10.24,6.89,15.91,5.28,15.63,15.56,43.78,11.52
1045,5.158727049897808,4,12.32,7.16,16.93,10.24,6.86,15.91,5.28,15.56,15.49,41.84,11.48
1046,5.158727049897808,4,12.32,7.16,16.79,10.24,6.86,15.91,5.26,15.56,15.49,41.32,11.12
1047,5.158727049897808,4,12.32,7.16,16.79,10.24,6.86,15.91,5.28,15.5,15.49,41.58,11.62
1048,5.158727049897808,4,12.32,7.19,16.79,10.24,6.89,15.97,5.28,17.14,15.49,41.58,11.08
1049,5.158727049897808,4,12.32,7.19,16.79,10.28,6.89,15.97,5.3,17.22,15.49,41.05,11.52
1050,5.158727049897808,4,12.37,7.19,16.86,10.24,6.86,15.97,5.28,15.5,15.49,42.11,11.62
1051,5.158727049897808,4,12.62,7.19,16.79,10.28,6.89,15.97,5.28,17.44,15.49,43.22,11.48
1052,5.158727049897808,4,12.52,7.19,16.72,10.24,6.89,15.97,5.28,17.14,15.49,42.11,11.48
1053,5.158727049897808,4,12.42,7.22,16.72,10.28,6.89,15.97,5.28,17.29,15.56,39.79,11.43
1054,5.158727049897808,4,12.32,7.16,16.72,10.24,6.86,15.97,5.26,17.22,15.49,42.11,11.3
1055,5.158727049897808,4,12.77,7.16,16.72,10.24,6.86,15.91,5.26,17.14,15.49,42.11,11.3
1056,5.158727049897808,4,12.37,7.19,16.65,10.24,6.86,15.97,5.26,15.56,15.56,42.38,11.34
1057,5.158727049897808,4,12.37,7.16,16.72,10.24,6.83,15.97,5.23,15.44,15.49,42.38,11.26
1058,5.158727049897808,4,12.32,7.16,16.72,10.24,6.86,15.97,5.26,15.44,15.49,42.38,11.39
1059,5.158727049897808,4,11.89,6.83,16.37,9.85,6.51,15.45,5,15.18,15.15,41.05,11.04
1060,5.158727049897808,4,11.85,6.8,16.37,9.85,6.51,15.45,5,15.31,15.09,40.29,10.95
1061,5.158727049897808,4,11.85,6.8,16.37,9.81,6.51,15.45,4.98,15.12,15.09,40.29,10.65
1062,5.158727049897808,4,11.89,6.8,16.37,9.81,6.48,15.45,5,15.25,15.02,38.83,11.21
1063,5.158727049897808,4,12.42,7.08,16.72,10.16,6.81,15.91,5.23,15.63,15.35,40.8,11.66
1064,5.158727049897808,4,12.04,6.94,16.51,10.05,6.64,15.65,5.11,15.44,15.22,39.55,11.43
1065,5.158727049897808,4,11.99,6.94,16.65,10.01,6.64,15.65,5.11,15.44,15.22,40.29,10.87
1066,5.158727049897808,4,12.08,6.97,16.58,10.08,6.7,15.78,5.13,15.31,15.29,41.32,10.99
1067,5.158727049897808,4,12.04,6.97,16.58,10.05,6.67,15.71,5.13,15.31,15.22,41.58,11.08
1068,5.158727049897808,4,11.57,6.61,16.3,9.62,6.32,15.14,4.86,15.96,14.83,40.04,10.78
1069,5.158727049897808,4,11.8,6.77,16.51,9.81,6.45,15.45,4.96,16.64,15.02,40.29,10.61
1070,5.158727049897808,4,12.08,6.99,16.58,10.08,6.7,15.84,5.15,15.25,15.35,41.58,11.17
1071,5.158727049897808,4,12.42,7.25,16.79,10.41,6.94,16.24,5.32,15.37,15.63,46.19,11.66
1072,5.158727049897808,4,12.47,7.34,16.86,10.49,7.03,16.31,5.39,15.69,15.7,42.38,11.66
1073,5.158727049897808,4,12.04,6.99,16.51,10.05,6.7,15.78,5.13,15.76,15.35,40.8,11.3
1074,5.158727049897808,4,12.04,6.99,16.51,10.05,6.67,15.78,5.11,15.83,15.35,41.32,10.99
1075,5.158727049897808,4,12.08,7.02,16.58,10.08,6.7,15.78,5.13,15.63,15.35,41.32,10.95
1076,5.158727049897808,4,12.13,7.02,16.58,10.08,6.7,15.78,5.13,15.89,15.29,39.06,10.91
1077,5.158727049897808,4,12.18,7.05,16.65,10.12,6.7,15.84,5.15,15.76,15.35,41.32,11.12
1078,5.158727049897808,4,12.13,7.11,16.65,10.2,6.78,15.91,5.19,15.89,15.42,43.78,11.34
1079,5.158727049897808,4,11.99,7.02,16.58,10.05,6.67,15.78,5.11,15.83,15.29,41.32,10.99
1080,5.158727049897808,4,12.08,7.08,16.51,10.12,6.72,15.84,5.13,15.69,15.35,40.8,11.08
1081,5.184470594125643,4,12.04,6.94,16.3,9.97,6.59,15.65,5.04,15.56,15.22,41.32,10.95
1082,5.184470594125643,4,12.18,7.08,16.58,10.12,6.72,15.91,5.17,15.96,15.35,41.58,11.12
1083,5.184470594125643,4,11.85,6.77,16.1,9.77,6.43,15.45,4.92,15.31,15.02,40.29,10.7
1084,5.184470594125643,4,12.23,7.02,16.44,10.08,6.67,15.84,5.11,15.83,15.29,40.54,11.21
1085,5.184470594125643,4,12.18,7.05,16.51,10.08,6.7,15.84,5.13,15.83,15.29,40.8,10.87
1086,5.184470594125643,4,12.18,7.05,16.65,10.12,6.7,15.84,5.13,15.31,15.35,40.8,11.26
1087,5.184470594125643,4,12.18,7.05,16.51,10.12,6.7,15.91,5.13,15.69,15.35,40.8,11.21
1088,5.184470594125643,4,12.13,7.02,16.58,10.08,6.67,15.84,5.11,17,15.29,40.8,11.3
1089,5.184470594125643,4,12.08,6.97,16.51,10.05,6.61,15.71,5.06,17.44,15.22,40.54,11.12
1090,5.184470594125643,4,12.18,7.08,16.65,10.16,6.72,15.91,5.13,17.22,15.29,41.32,11.17
1091,5.184470594125643,4,12.18,7.08,16.51,10.16,6.72,15.91,5.15,17.22,15.35,41.05,11.12
1092,5.184470594125643,4,12.18,7.08,16.65,10.2,6.72,15.97,5.17,17.22,15.35,41.05,10.95
1093,5.184470594125643,4,12.18,7.08,16.72,10.2,6.72,15.97,5.15,17.22,15.35,39.55,10.87
1094,5.184470594125643,4,11.75,6.74,16.3,9.81,6.4,15.45,4.9,16.78,14.96,39.55,10.57
1095,5.184470594125643,4,11.71,6.77,16.37,9.77,6.4,15.45,4.88,16.78,15.02,39.06,10.41
1096,5.184470594125643,4,12.13,7.08,16.72,10.16,6.7,15.97,5.13,17.14,15.29,40.54,11.12
1097,5.184470594125643,4,12.18,7.11,16.51,10.2,6.75,15.97,5.17,17.07,15.29,41.32,11.39
1098,5.184470594125643,4,12.18,7.11,16.72,10.24,6.75,15.97,5.17,17,15.35,41.58,11.48
1099,5.184470594125643,4,11.75,6.77,16.37,9.85,6.4,15.45,4.92,15.37,15.02,40.29,10.78
1100,5.184470594125643,4,11.99,6.97,16.58,10.05,6.61,15.52,5.06,16.86,15.22,39.79,11.21
1101,5.184470594125643,4,12.23,7.14,16.79,10.24,6.78,15.65,5.17,17.07,15.35,41.84,11.43
1102,5.184470594125643,4,11.75,6.8,16.37,9.85,6.43,15.2,4.92,15.76,15.02,38.83,11.04
1103,5.184470594125643,4,11.99,6.97,16.58,10.12,6.61,15.58,5.06,15.44,15.22,41.05,11.26
1104,5.184470594125643,4,12.18,7.14,16.79,10.28,6.78,15.84,5.19,15.63,15.35,41.32,11.43
1105,5.184470594125643,4,12.13,7.08,16.72,10.24,6.72,15.78,5.15,15.63,15.35,41.05,11.21
1106,5.184470594125643,4,12.13,7.08,16.51,10.24,6.75,15.97,5.15,15.63,15.29,41.58,11.21
1107,5.184470594125643,4,12.18,7.08,16.44,10.24,6.75,15.97,5.15,15.63,15.29,41.32,11.26
1108,5.184470594125643,4,12.23,7.11,16.44,10.24,6.72,16.04,5.15,15.69,15.29,41.32,11.26
1109,5.184470594125643,4,12.08,7.08,16.44,10.24,6.72,15.97,5.15,15.5,15.29,40.8,11.26
1110,5.184470594125643,4,12.18,7.11,16.44,10.28,6.78,16.04,5.17,16.5,15.29,41.58,11.08
1111,5.184470594125643,4,12.18,7.14,16.51,10.28,6.75,16.04,5.17,15.56,15.29,41.32,11.26
1112,5.184470594125643,4,12.18,7.14,16.44,10.28,6.75,16.11,5.17,15.69,15.29,38.36,11.48
1113,5.184470594125643,4,12.52,7.11,16.44,10.28,6.75,16.04,5.15,15.76,15.29,39.79,11.48
1114,5.184470594125643,4,12.42,7.14,16.51,10.32,6.81,16.11,5.19,15.83,15.29,42.38,11.26
1115,5.184470594125643,4,12.37,7.14,16.44,10.32,6.81,16.17,5.19,15.76,15.29,41.58,11.17
1116,5.184470594125643,4,12.47,7.14,16.44,10.37,6.81,16.17,5.19,15.76,15.29,40.8,11.48
1117,5.184470594125643,4,12.37,7.16,16.51,10.32,6.78,16.17,5.19,15.96,15.29,41.05,11.43
1118,5.184470594125643,4,12.37,7.16,16.44,10.37,6.81,16.17,5.19,15.63,15.35,40.29,11.52
1119,5.184470594125643,4,12.52,7.19,16.44,10.37,6.81,16.17,5.19,15.83,15.29,41.05,11.57
1120,5.184470594125643,4,12.52,7.19,16.51,10.37,6.81,16.17,5.19,15.83,15.29,41.32,11.43
1121,5.184470594125643,4,12.37,7.19,16.44,10.37,6.81,16.17,5.19,15.89,15.29,41.58,11.48
1122,5.184470594125643,4,12.28,7.16,16.44,10.32,6.81,16.17,5.17,15.89,15.29,41.32,11.39
1123,5.184470594125643,4,12.32,7.22,16.44,10.37,6.83,16.24,5.19,15.89,15.29,41.05,11.43
1124,5.184470594125643,4,12.23,7.19,16.44,10.37,6.81,16.17,5.17,15.96,15.29,41.32,11.39
1125,5.184470594125643,4,12.23,7.22,16.44,10.41,6.83,16.31,5.19,15.96,15.29,41.58,11.3
1126,5.184470594125643,4,12.18,7.22,16.44,10.37,6.81,16.31,5.19,15.83,15.29,40.8,11.39
1127,5.184470594125643,4,12.18,7.22,16.44,10.41,6.81,16.31,5.19,15.76,15.29,41.58,11.43
1128,5.184470594125643,4,12.18,7.22,16.51,10.37,6.81,16.31,5.19,15.83,15.29,41.58,11.34
1129,5.184470594125643,4,11.85,6.97,16.17,10.08,6.53,15.91,4.98,15.5,15.02,41.05,10.74
1130,5.184470594125643,4,11.99,7.05,16.17,10.2,6.64,16.11,5.06,15.5,15.15,38.59,11.21
1131,5.184470594125643,4,12.18,7.22,16.44,10.41,6.83,16.38,5.19,15.76,15.29,41.84,11.3
1132,5.184470594125643,4,12.18,7.22,16.44,10.41,6.81,16.31,5.19,15.76,15.29,41.84,11.34
1133,5.184470594125643,4,12.18,7.22,16.44,10.41,6.81,16.38,5.17,15.76,15.29,41.58,11.26
1134,5.184470594125643,4,12.42,7.25,16.44,10.41,6.81,16.38,5.17,15.89,15.29,42.38,11.3
1135,5.184470594125643,4,12.28,7.28,16.44,10.41,6.81,16.38,5.19,15.76,15.29,41.58,11.39
1136,5.184470594125643,4,12.08,7.16,16.24,10.24,6.7,16.17,5.09,15.63,15.15,41.32,11.21
1137,5.184470594125643,4,12.28,7.28,16.44,10.41,6.81,16.38,5.17,15.83,15.29,41.84,11.3
1138,5.184470594125643,4,12.37,7.31,16.44,10.41,6.81,16.38,5.17,15.76,15.22,41.32,10.53
1139,5.184470594125643,4,12.28,7.31,16.37,10.41,6.81,16.44,5.17,15.76,15.29,41.58,11.17
1140,5.184470594125643,4,12.08,7.22,16.17,10.28,6.7,16.24,5.09,15.69,15.15,39.55,10.82
1141,5.213297919138807,4,12.18,7.28,16.37,10.45,6.78,16.38,5.15,15.76,15.29,41.58,11.04
1142,5.213297919138807,4,12.23,7.31,16.37,10.45,6.81,16.44,5.17,16.02,15.29,41.32,11.26
1143,5.213297919138807,4,12.18,7.31,16.3,10.41,6.81,16.44,5.17,15.69,15.29,41.58,11.43
1144,5.213297919138807,4,12.18,7.28,16.51,10.45,6.81,16.51,5.17,15.69,15.29,41.05,11.39
1145,5.213297919138807,4,12.08,7.22,16.3,10.37,6.75,16.38,5.13,15.56,15.22,42.94,10.87
1146,5.213297919138807,4,11.89,7.22,16.24,10.37,6.75,16.38,5.13,15.63,15.15,44.96,11.26
1147,5.213297919138807,4,11.89,7.22,16.24,10.37,6.75,16.38,5.13,15.5,15.22,41.32,11.04
1148,5.213297919138807,4,11.94,7.22,16.37,10.41,6.78,16.44,5.15,15.31,15.22,42.66,11.3
1149,5.213297919138807,4,12.04,7.22,16.3,10.37,6.75,16.44,5.13,15.56,15.22,41.32,10.49
1150,5.213297919138807,4,11.99,7.22,16.3,10.41,6.78,16.44,5.13,15.37,15.29,42.11,11.21
1151,5.213297919138807,4,11.99,7.22,16.37,10.41,6.78,16.44,5.15,15.37,15.22,41.32,11.43
1152,5.213297919138807,4,12.08,7.28,16.37,10.45,6.81,16.58,5.17,15.25,15.22,41.84,11.21
1153,5.213297919138807,4,12.08,7.28,16.37,10.45,6.83,16.51,5.17,15.06,15.22,41.32,11.17
1154,5.213297919138807,4,12.08,7.28,16.3,10.45,6.83,16.58,5.19,15.37,15.22,41.05,11.17
1155,5.213297919138807,4,12.08,7.31,16.37,10.49,6.83,16.58,5.17,15.44,15.22,41.58,11.08
1156,5.213297919138807,4,11.89,7.22,16.24,10.37,6.75,16.44,5.13,15.12,15.15,41.32,11.12
1157,5.213297919138807,4,12.13,7.31,16.3,10.49,6.86,16.58,5.19,15.31,15.22,41.32,11.75
1158,5.213297919138807,4,12.08,7.28,16.37,10.49,6.81,16.58,5.17,15.25,15.22,41.05,11.04
1159,5.213297919138807,4,12.08,7.28,16.37,10.49,6.83,16.58,5.19,15.18,15.22,41.05,10.95
1160,5.213297919138807,4,11.85,7.31,16.37,10.49,6.86,16.58,5.17,15.37,15.29,41.84,11.8
1161,5.213297919138807,4,11.85,7.34,16.37,10.53,6.86,16.65,5.19,15.37,15.29,41.58,11.3
1162,5.213297919138807,4,11.89,7.34,16.44,10.57,6.86,16.65,5.19,15.37,15.29,41.58,10.91
1163,5.213297919138807,4,11.89,7.34,16.44,10.57,6.86,16.72,5.19,15.37,15.29,40.29,10.82
1164,5.213297919138807,4,11.85,7.31,16.37,10.57,6.86,16.65,5.19,15.06,15.29,41.58,11.21
1165,5.213297919138807,4,11.8,7.34,16.3,10.57,6.89,16.65,5.21,15.18,15.15,40.29,11.26
1166,5.213297919138807,4,11.85,7.34,16.44,10.61,6.89,16.72,5.21,15.25,15.29,42.11,11.17
1167,5.213297919138807,4,11.8,7.31,16.37,10.57,6.86,16.72,5.19,15.37,15.22,40.8,11.34
1168,5.213297919138807,4,11.85,7.34,16.44,10.61,6.89,16.72,5.21,15.56,15.29,41.84,10.91
1169,5.213297919138807,4,11.85,7.37,16.44,10.61,6.89,16.79,5.21,15.44,15.29,41.84,10.87
1170,5.213297919138807,4,11.85,7.34,16.44,10.61,6.86,16.72,5.21,15.25,15.29,42.11,10.45
1171,5.213297919138807,4,11.85,7.34,16.51,10.61,6.89,16.72,5.21,15.25,15.29,41.58,11.12
1172,5.213297919138807,4,11.44,7.02,16.03,10.24,6.56,16.24,4.96,14.93,14.89,46.19,11.17
1173,5.213297919138807,4,11.8,7.34,16.44,10.61,6.89,16.79,5.19,15.31,15.29,41.05,11.48
1174,5.213297919138807,4,11.8,7.34,16.44,10.61,6.89,16.79,5.21,15.31,15.29,41.58,11.34
1175,5.213297919138807,4,11.75,7.28,16.37,10.57,6.83,16.72,5.17,15.25,15.22,41.05,10.61
1176,5.213297919138807,4,11.8,7.34,16.44,10.65,6.89,16.79,5.21,15.31,15.29,42.66,11.17
1177,5.213297919138807,4,11.8,7.34,16.58,10.65,6.89,16.79,5.21,15.25,15.22,42.94,11.12
1178,5.213297919138807,4,11.85,7.37,16.44,10.7,6.89,16.86,5.21,15.25,15.22,39.06,11.21
1179,5.213297919138807,4,11.85,7.34,16.44,10.65,6.89,16.79,5.21,15.31,15.22,41.05,11.04
1180,5.213297919138807,4,11.85,7.37,16.51,10.7,6.94,16.86,5.23,15.37,15.29,41.58,10.65
1181,5.213297919138807,4,11.85,7.37,16.51,10.7,6.92,16.86,5.23,15.31,15.29,41.58,10.99
1182,5.213297919138807,4,11.85,7.34,16.44,10.7,6.89,16.86,5.21,15.63,15.22,41.05,11.08
1183,5.213297919138807,4,11.89,7.37,16.44,10.7,6.92,16.86,5.23,15.37,15.22,42.94,11.99
1184,5.213297919138807,4,11.8,7.31,16.44,10.61,6.83,16.79,5.17,15.31,15.22,42.38,11.08
1185,5.213297919138807,4,11.85,7.31,16.44,10.65,6.86,16.79,5.19,15.37,15.15,41.05,11.08
1186,5.213297919138807,4,11.8,7.25,16.37,10.57,6.81,16.65,5.15,15.18,15.09,40.29,11.12
1187,5.213297919138807,4,11.8,7.31,16.44,10.65,6.86,16.86,5.19,15.12,15.15,41.84,10.95
1188,5.213297919138807,4,11.71,7.25,16.44,10.57,6.83,16.72,5.17,15.31,15.15,41.32,10.57
1189,5.213297919138807,4,11.62,7.16,16.24,10.49,6.72,16.65,5.09,15.12,15.02,41.05,11.17
1190,5.213297919138807,4,11.71,7.22,16.44,10.57,6.81,16.72,5.15,15.5,15.09,40.29,11.62
1191,5.213297919138807,4,11.48,7.05,16.24,10.37,6.61,16.44,5,15.63,14.96,40.04,10.33
1192,5.213297919138807,4,11.44,6.97,16.17,10.24,6.53,16.31,4.94,15.56,14.83,39.79,10.91
1193,5.213297919138807,4,11.44,6.97,16.17,10.24,6.53,16.31,4.94,15.37,14.83,40.8,10.99
1194,5.213297919138807,4,11.48,6.97,16.17,10.28,6.56,16.38,4.96,15.69,14.89,39.79,10.53
1195,5.213297919138807,4,11.53,7.02,16.24,10.37,6.59,16.44,4.98,15.63,14.89,40.29,10.53
1196,5.213297919138807,4,11.89,7.31,16.51,10.7,6.86,16.86,5.17,16.16,15.15,41.32,10.7
1197,5.213297919138807,4,11.75,7.22,16.44,10.57,6.81,16.79,5.13,15.69,15.09,40.8,10.57
1198,5.213297919138807,4,11.8,7.25,16.51,10.61,6.83,16.79,5.15,15.69,15.09,38.59,11.08
1199,5.213297919138807,4,11.62,7.08,16.17,10.45,6.64,16.51,5.02,15.37,14.96,40.29,11.08
1200,5.213297919138807,4,11.75,7.25,16.44,10.61,6.83,16.79,5.15,15.56,15.09,41.32,11.34
1201,5.2269148542287835,4,11.99,7.43,16.65,10.87,7,17.08,5.28,15.89,15.29,41.84,10.57
1202,5.2269148542287835,4,11.89,7.34,16.51,10.74,6.92,16.93,5.19,15.69,15.15,41.32,11.26
1203,5.2269148542287835,4,11.85,7.34,16.58,10.74,6.92,16.93,5.19,15.83,15.22,41.32,11.26
1204,5.2269148542287835,4,12.04,7.28,16.58,10.7,6.89,16.86,5.17,15.76,15.15,42.11,11.04
1205,5.2269148542287835,4,12.18,7.43,16.65,10.87,7,17.08,5.26,15.76,15.29,41.84,11.34
1206,5.2269148542287835,4,11.89,7.37,16.65,10.82,6.94,17.01,5.21,15.63,15.29,42.11,11.04
1207,5.2269148542287835,4,11.99,7.46,16.72,10.91,7.03,17.15,5.28,15.89,15.35,42.11,11.39
1208,5.2269148542287835,4,11.99,7.46,16.72,10.95,7.03,17.15,5.28,15.89,15.35,42.38,10.87
1209,5.2269148542287835,4,11.99,7.49,16.72,10.95,7.06,17.22,5.3,15.89,15.35,41.05,11.26
1210,5.2269148542287835,4,11.99,7.49,16.79,10.95,7.06,17.22,5.28,16.3,15.35,42.11,11.34
1211,5.2269148542287835,4,11.94,7.49,16.79,10.91,7.06,17.22,5.3,16.02,15.35,41.84,11.3
1212,5.2269148542287835,4,11.94,7.49,16.79,11.04,7.09,17.22,5.3,15.96,15.35,43.78,10.87
1213,5.2269148542287835,4,11.99,7.52,16.79,11,7.11,17.22,5.32,15.96,15.42,41.58,11.08
1214,5.2269148542287835,4,11.8,7.37,16.65,10.82,6.94,17.01,5.21,15.76,15.22,41.84,10.91
1215,5.2269148542287835,4,11.75,7.34,16.58,10.78,6.89,16.93,5.17,15.76,15.22,41.32,10.82
1216,5.2269148542287835,4,11.75,7.34,16.65,10.82,6.94,17.01,5.19,15.83,15.22,41.58,11.17
1217,5.2269148542287835,4,11.75,7.34,16.65,10.82,6.92,17.01,5.19,15.83,15.22,41.58,11.21
1218,5.2269148542287835,4,11.75,7.31,16.65,10.74,6.89,16.93,5.17,15.76,15.15,42.11,11.04
1219,5.2269148542287835,4,11.75,7.34,16.58,10.78,6.92,16.93,5.17,15.76,15.22,41.58,11.62
1220,5.2269148542287835,4,11.8,7.34,16.65,10.82,6.94,17.01,5.19,15.12,15.22,41.84,11.57
1221,5.2269148542287835,4,11.8,7.34,16.65,10.82,6.92,17.01,5.19,15.25,15.22,41.05,10.74
1222,5.2269148542287835,4,11.85,7.34,16.65,10.82,6.94,17.01,5.19,15.25,15.29,41.58,11.08
1223,5.2269148542287835,4,11.8,7.37,16.72,10.87,6.94,17.08,5.19,15.31,15.29,42.38,11.34
1224,5.2269148542287835,4,11.8,7.37,16.72,10.87,6.94,17.08,5.19,15.25,15.29,41.32,10.65
1225,5.2269148542287835,4,11.85,7.37,16.72,10.87,6.97,17.08,5.21,15.31,15.29,42.11,11.04
1226,5.2269148542287835,4,12.04,7.37,16.72,10.82,6.92,17.01,5.19,15.25,15.22,41.58,10.53
1227,5.2269148542287835,4,12.04,7.37,16.72,10.87,6.92,17.08,5.19,15.25,15.22,42.66,11.17
1228,5.2269148542287835,4,11.85,7.19,16.44,10.65,6.75,16.72,5.06,16.5,15.02,38.12,11.17
1229,5.2269148542287835,4,11.62,7.08,16.44,10.53,6.64,16.58,4.98,16.43,14.89,39.55,10.7
1230,5.2269148542287835,4,11.48,7.05,16.37,10.49,6.61,16.58,4.96,16.64,14.89,40.04,11.08
1231,5.2269148542287835,4,11.39,7.05,16.44,10.49,6.61,16.58,4.98,16.64,14.89,40.04,10.95
1232,5.2269148542287835,4,11.8,7.4,16.72,10.95,6.97,17.08,5.21,17,15.22,41.05,11.26
1233,5.2269148542287835,4,11.57,7.19,16.58,10.7,6.78,16.86,5.09,16.78,15.02,40.29,10.82
1234,5.2269148542287835,4,11.48,7.14,16.51,10.61,6.7,16.72,5.02,16.93,14.96,40.29,10.57
1235,5.2269148542287835,4,11.39,7.02,16.44,10.49,6.61,16.51,4.94,16.78,14.83,40.54,10.82
1236,5.2269148542287835,4,11.44,7.08,16.51,10.53,6.64,16.65,4.98,17.07,14.89,40.04,10.53
1237,5.2269148542287835,4,11.39,7.08,16.51,10.57,6.64,16.65,4.98,16.78,14.83,39.79,10.91
1238,5.2269148542287835,4,11.39,7.11,16.44,10.65,6.67,16.65,4.98,16.71,14.89,40.04,11.17
1239,5.2269148542287835,4,11.26,6.97,16.44,10.45,6.56,16.38,4.9,16.86,14.76,39.3,11.34
1240,5.2269148542287835,4,11.17,6.94,16.3,10.37,6.48,16.38,4.86,16.64,14.7,39.79,10.87
1241,5.2269148542287835,4,11.17,6.91,16.3,10.32,6.48,16.31,4.84,16.64,14.63,39.79,10.57
1242,5.2269148542287835,4,11.17,6.91,16.44,10.32,6.45,16.38,4.84,16.78,14.63,40.54,10.37
1243,5.2269148542287835,4,11.21,6.91,16.37,10.37,6.48,16.38,4.84,16.71,14.7,40.04,10.7
1244,5.2269148542287835,4,11.17,6.91,16.37,10.32,6.48,16.38,4.84,16.64,14.7,39.55,10.78
1245,5.2269148542287835,4,11.21,6.91,16.37,10.32,6.45,16.38,4.84,16.71,14.63,39.06,10.74
1246,5.2269148542287835,4,11.39,6.88,16.37,10.32,6.4,16.31,4.8,14.75,14.63,39.06,10.61
1247,5.2269148542287835,4,11.39,6.88,16.37,10.32,6.43,16.31,4.8,14.75,14.63,38.83,10.25
1248,5.2269148542287835,4,11.39,6.88,16.37,10.32,6.43,16.31,4.8,14.75,14.63,38.59,11.12
1249,5.2269148542287835,4,11.39,6.88,16.44,10.32,6.4,16.31,4.8,14.75,14.63,38.36,10.37
1250,5.2269148542287835,4,11.39,6.88,16.44,10.32,6.43,16.38,4.8,14.75,14.63,39.06,10.87
1251,5.2269148542287835,4,11.39,6.91,16.44,10.32,6.43,16.31,4.8,14.63,14.63,38.83,11.04
1252,5.2269148542287835,4,11.48,6.88,16.44,10.32,6.4,16.38,4.8,14.69,14.63,39.06,10.01
1253,5.2269148542287835,4,11.53,6.97,16.51,10.45,6.48,16.44,4.86,14.81,14.76,39.55,10.57
1254,5.2269148542287835,4,11.53,6.97,16.58,10.41,6.48,16.44,4.84,14.69,14.76,40.04,10.29
1255,5.2269148542287835,4,11.57,6.99,16.58,10.45,6.51,16.51,4.86,14.87,14.76,39.55,10.57
1256,5.2269148542287835,4,11.71,7.08,16.79,10.57,6.61,16.65,4.92,14.93,14.89,40.04,10.61
1257,5.2269148542287835,4,11.53,7.02,16.58,10.57,6.53,16.58,4.88,14.87,14.83,39.06,10.53
1258,5.2269148542287835,4,11.53,7.02,16.58,10.53,6.51,16.51,4.86,14.87,14.83,40.29,10.13
1259,5.2269148542287835,4,11.26,6.99,16.65,10.49,6.51,16.51,4.86,14.87,14.76,40.8,10.82
1260,5.2269148542287835,4,11.21,6.99,16.58,10.49,6.48,16.51,4.88,14.87,14.76,39.55,10.87
1261,5.2316693607181595,4,11.39,7.11,16.72,10.65,6.59,16.72,4.96,15,14.83,39.79,10.61
1262,5.2316693607181595,4,11.62,7.31,17,10.91,6.81,17.08,5.09,15.12,15.09,41.32,11.04
1263,5.2316693607181595,4,11.99,7.46,17.07,11.08,6.94,17.22,5.17,15.31,15.15,40.8,11.8
1264,5.2316693607181595,4,11.94,7.43,17.07,11.04,6.92,17.22,5.15,15.44,15.15,41.32,11.17
1265,5.2316693607181595,4,11.94,7.43,17,11.04,6.92,17.22,5.15,15.18,15.15,41.32,11.34
1266,5.2316693607181595,4,11.85,7.37,17,11,6.86,17.08,5.11,15.12,15.09,41.05,11.3
1267,5.2316693607181595,4,11.62,7.31,16.93,10.95,6.78,17.01,5.06,15.12,15.02,44.37,10.41
1268,5.2316693607181595,4,11.94,7.43,17.07,11.04,6.89,17.15,5.13,15.31,15.15,40.8,11.12
1269,5.2316693607181595,4,11.99,7.43,17.07,11.04,6.94,17.15,5.13,15.25,15.09,41.05,11.52
1270,5.2316693607181595,4,11.99,7.46,17.07,11.08,6.89,17.15,5.13,15.25,15.09,41.32,11.39
1271,5.2316693607181595,4,11.75,7.25,16.86,10.87,6.72,16.86,5,15.12,14.89,45.57,11.12
1272,5.2316693607181595,4,11.71,7.43,17.07,11.04,6.89,17.15,5.13,15.25,15.09,41.58,11.21
1273,5.2316693607181595,4,11.89,7.46,17,11.08,6.92,17.22,5.13,15.25,15.09,40.29,11.48
1274,5.2316693607181595,4,11.71,7.46,17.07,11.08,6.92,17.22,5.15,15.25,15.09,40.54,11.21
1275,5.2316693607181595,4,11.71,7.46,17.07,11.13,6.92,17.22,5.15,15.31,15.15,41.32,10.45
1276,5.2316693607181595,4,11.94,7.46,17.07,11.13,6.92,17.22,5.15,15.37,15.09,41.05,10.82
1277,5.2316693607181595,4,11.71,7.49,17.07,11.17,6.94,17.22,5.15,15.5,15.09,41.32,11.43
1278,5.2316693607181595,4,11.94,7.46,17.07,11.13,6.94,17.22,5.15,15.69,15.09,42.66,11.3
1279,5.2316693607181595,4,11.94,7.49,17.07,11.17,6.94,17.22,5.15,15.25,15.09,41.58,11.17
1280,5.2316693607181595,4,11.94,7.49,17.07,11.13,6.92,17.22,5.15,15.37,15.09,41.84,10.87
1281,5.2316693607181595,4,11.44,7.16,16.72,10.74,6.61,16.65,4.92,15,14.76,41.58,10.7
1282,5.2316693607181595,4,11.66,7.11,16.65,10.7,6.59,16.58,4.88,14.93,14.7,37.9,10.99
1283,5.2316693607181595,4,11.66,7.31,17,10.95,6.78,17.01,5.04,15.12,14.96,41.32,11.08
1284,5.2316693607181595,4,11.66,7.25,16.86,10.91,6.7,16.86,4.98,15.18,14.83,40.8,10.87
1285,5.2316693607181595,4,11.75,7.49,17.07,11.17,6.94,17.22,5.15,15.31,15.02,44.66,11.26
1286,5.2316693607181595,4,11.48,7.25,16.72,10.91,6.7,16.86,4.98,14.93,14.76,39.55,11.08
1287,5.2316693607181595,4,11.62,7.43,17,11.13,6.89,17.15,5.13,15.18,14.96,40.29,10.53
1288,5.2316693607181595,4,11.48,7.25,16.79,10.91,6.83,16.86,4.98,14.87,14.76,40.04,10.99
1289,5.2316693607181595,4,11.66,7.43,17,11.13,6.92,17.15,5.13,15.18,14.96,39.55,10.82
1290,5.2316693607181595,4,11.71,7.43,17.14,11.13,6.89,17.22,5.11,15.31,15.02,40.8,11.43
1291,5.2316693607181595,4,11.71,7.46,17.14,11.17,6.92,17.22,5.15,15.37,15.02,41.32,11.39
1292,5.2316693607181595,4,11.94,7.49,17.14,11.17,6.94,17.3,5.13,16.86,15.02,41.58,11.12
1293,5.2316693607181595,4,11.94,7.49,17.14,11.22,6.92,17.22,5.13,16.78,15.02,41.05,11.08
1294,5.2316693607181595,4,11.89,7.49,17.07,11.22,6.92,17.22,5.13,17.22,15.02,40.8,11.71
1295,5.2316693607181595,4,11.62,7.46,17.21,11.17,6.92,17.22,5.13,15.56,15.02,40.29,11.62
1296,5.2316693607181595,4,11.99,7.46,17.14,11.17,6.89,17.22,5.11,15.37,15.02,41.84,11.17
1297,5.2316693607181595,4,12.04,7.46,17.14,11.17,6.94,17.22,5.11,15.31,15.02,40.8,10.33
1298,5.2316693607181595,4,12.13,7.49,17.14,11.22,6.94,17.3,5.15,15.37,15.09,41.32,11.26
1299,5.2316693607181595,4,12.04,7.49,17.14,11.22,6.92,17.22,5.13,15.18,15.02,41.05,11.39
1300,5.2316693607181595,4,11.57,7.49,17.21,11.26,6.92,17.3,5.15,15.31,15.09,41.58,10.87
1301,5.2316693607181595,4,11.89,7.49,17.21,11.22,6.92,17.3,5.15,15.31,15.09,41.32,11.21
1302,5.2316693607181595,4,11.39,7.49,17.29,11.22,6.94,17.3,5.15,15.44,15.09,42.38,11.21
1303,5.2316693607181595,4,11.21,7.49,17.29,11.26,6.94,17.3,5.13,15.44,15.09,40.29,10.82
1304,5.2316693607181595,4,11,7.49,17.29,11.22,6.94,17.3,5.13,15.44,15.09,41.32,10.95
1305,5.2316693607181595,4,10.91,7.49,17.29,11.26,6.92,17.3,5.13,15.44,15.09,39.79,10.95
1306,5.2316693607181595,4,10.78,7.46,17.29,11.26,6.92,17.3,5.13,15.5,15.09,41.05,11.39
1307,5.2316693607181595,4,10.78,7.46,17.29,11.22,6.92,17.3,5.13,15.5,15.09,41.05,11.21
1308,5.2316693607181595,4,12.08,7.49,17.21,11.26,6.92,17.3,5.13,15.56,15.09,40.8,11.17
1309,5.2316693607181595,4,12.32,7.49,17.21,11.26,6.92,17.3,5.13,15.5,15.09,41.05,11.04
1310,5.2316693607181595,4,12.23,7.46,17.21,11.22,6.92,17.3,5.13,15.5,15.09,39.3,10.78
1311,5.2316693607181595,4,12.32,7.49,17.29,11.3,6.94,17.3,5.13,15.56,15.09,38.59,10.95
1312,5.2316693607181595,4,12.32,7.52,17.29,11.3,6.97,17.37,5.15,15.56,15.15,40.54,11.48
1313,5.2316693607181595,4,12.37,7.52,17.29,11.35,6.97,17.37,5.17,15.56,15.15,40.29,11.43
1314,5.2316693607181595,4,12.57,7.52,17.36,11.3,6.94,17.3,5.15,15.56,15.15,40.29,10.45
1315,5.2316693607181595,4,12.47,7.52,17.29,11.3,6.94,17.3,5.15,15.56,15.09,40.29,10.57
1316,5.2316693607181595,4,12.28,7.55,17.29,11.35,6.97,17.37,5.15,15.56,15.09,39.79,11.34
1317,5.2316693607181595,4,12.32,7.55,17.43,11.35,6.97,17.37,5.15,15.56,15.15,39.06,10.99
1318,5.2316693607181595,4,12.57,7.58,17.36,11.39,7,17.37,5.19,15.44,15.15,41.05,10.7
1319,5.2316693607181595,4,12.32,7.55,17.36,11.39,7,17.37,5.17,15.63,15.15,40.8,10.7
1320,5.2316693607181595,4,12.57,7.49,17.29,11.39,6.92,17.3,5.13,15.44,15.09,40.29,11.43
1321,5.239673136999486,4,12.47,7.49,17.29,11.3,6.92,17.22,5.13,15.44,15.09,40.8,10.95
1322,5.239673136999486,4,12.37,7.52,17.36,11.35,6.94,17.3,5.15,15.56,15.15,41.32,11.08
1323,5.239673136999486,4,12.32,7.52,17.36,11.39,6.94,17.37,5.17,15.56,15.15,41.84,11.04
1324,5.239673136999486,4,12.32,7.52,17.36,11.35,6.94,17.3,5.15,15.5,15.15,42.11,11.17
1325,5.239673136999486,4,12.32,7.52,17.36,11.35,6.94,17.3,5.15,15.56,15.15,41.84,11.39
1326,5.239673136999486,4,12.04,7.28,17.14,11.08,6.72,16.93,4.98,15.76,14.96,39.06,11.3
1327,5.239673136999486,4,11.94,7.22,17.07,11,6.67,16.86,4.94,15.89,14.83,40.54,11.26
1328,5.239673136999486,4,11.66,6.97,16.72,10.7,6.43,16.44,4.78,15.12,14.63,38.59,11.08
1329,5.239673136999486,4,11.8,7.08,17,10.82,6.56,16.65,4.86,15.18,14.7,38.36,11.08
1330,5.239673136999486,4,11.94,6.88,16.79,10.61,6.48,16.51,4.8,15.25,14.63,38.59,10.91
1331,5.239673136999486,4,12.04,7.11,17,10.87,6.56,16.72,4.86,15.31,14.7,39.55,11.04
1332,5.239673136999486,4,11.71,7.02,16.86,10.78,6.48,16.58,4.8,15.18,14.63,39.06,11.39
1333,5.239673136999486,4,11.71,6.83,16.65,10.61,6.3,16.31,4.66,15,14.44,38.12,11.08
1334,5.239673136999486,4,11.71,7.02,17,10.78,6.51,16.58,4.82,15.25,14.7,39.06,11.48
1335,5.239673136999486,4,11.39,6.97,16.93,10.74,6.45,16.51,4.78,15.37,14.63,40.54,10.65
1336,5.239673136999486,4,11.26,7.08,17.07,10.87,6.53,16.72,4.86,15.31,14.76,39.79,10.95
1337,5.239673136999486,4,10.95,7.16,17.14,10.91,6.59,16.79,4.88,15.37,14.76,39.3,10.78
1338,5.239673136999486,4,10.74,7.08,17.14,10.87,6.56,16.72,4.86,15.37,14.7,40.29,11.52
1339,5.239673136999486,4,11.99,7.11,17.14,10.91,6.59,16.72,4.88,15.44,14.7,39.55,11.04
1340,5.239673136999486,4,11.53,7.25,17.21,11.08,6.72,17.01,4.96,15.44,14.83,40.04,11.48
1341,5.239673136999486,4,11.62,7.05,17.07,10.87,6.53,16.65,4.84,15.31,14.63,39.3,10.74
1342,5.239673136999486,4,11.66,7.22,17.21,11.04,6.67,16.93,4.94,15.44,14.76,39.55,11.12
1343,5.239673136999486,4,11.57,7.22,17.21,11.04,6.67,16.93,4.94,15.44,14.83,40.8,11.04
1344,5.239673136999486,4,11.57,7.22,17.21,11.04,6.7,16.93,4.94,15.63,14.83,39.79,10.61
1345,5.239673136999486,4,11.48,7.19,17.21,11.04,6.67,16.93,4.94,15.44,14.76,39.79,10.91
1346,5.239673136999486,4,11.53,7.19,17.21,11.04,6.67,16.86,4.92,15.37,14.89,39.79,11.12
1347,5.239673136999486,4,11.48,7.25,17.36,11.13,6.72,17.01,4.96,15.63,14.89,39.79,10.87
1348,5.239673136999486,4,11.71,7.31,17.29,11.17,6.78,17.08,4.98,15.5,14.89,40.54,10.78
1349,5.239673136999486,4,11.8,7.4,17.36,11.3,6.86,17.22,5.06,15.5,14.96,40.54,11.04
1350,5.239673136999486,4,11.85,7.43,17.43,11.44,6.89,17.22,5.09,15.69,15.02,40.8,11.08
1351,5.239673136999486,4,11.44,7.14,17.21,10.95,6.59,16.72,4.86,15.5,14.76,39.55,10.65
1352,5.239673136999486,4,11.71,7.46,17.51,11.35,6.92,17.3,5.09,15.56,15.09,42.66,11.43
1353,5.239673136999486,4,11.66,7.46,17.51,11.35,6.89,17.3,5.09,15.69,15.02,41.32,11.17
1354,5.239673136999486,4,11.62,7.43,17.58,11.3,6.89,17.22,5.06,15.83,15.02,41.05,10.99
1355,5.239673136999486,4,11.85,7.46,17.51,11.3,6.92,17.3,5.09,15.69,15.02,40.54,11.12
1356,5.239673136999486,4,11.62,7.46,17.51,11.3,6.89,17.3,5.09,15.76,15.02,40.8,10.78
1357,5.239673136999486,4,11.53,7.46,17.51,11.3,6.89,17.22,5.09,15.76,15.02,40.04,11.04
1358,5.239673136999486,4,11.57,7.46,17.51,11.3,6.89,17.3,5.09,15.76,15.02,41.05,10.95
1359,5.239673136999486,4,11.57,7.46,17.51,11.44,6.92,17.3,5.09,15.76,15.02,40.8,11.12
1360,5.239673136999486,4,11.57,7.46,17.51,11.35,6.92,17.3,5.09,15.76,15.09,40.8,10.87
1361,5.239673136999486,4,11.8,7.49,17.51,11.35,6.92,17.3,5.09,15.76,15.02,40.29,11.71
1362,5.239673136999486,4,11.39,7.46,17.51,11.35,6.92,17.3,5.09,15.76,15.09,44.07,10.99
1363,5.239673136999486,4,11.39,7.49,17.58,11.39,6.92,17.3,5.11,15.83,15.09,41.05,10.74
1364,5.239673136999486,4,11.39,7.49,17.58,11.39,6.94,17.3,5.11,15.83,15.09,40.8,11.08
1365,5.239673136999486,4,11.39,7.49,17.58,11.39,6.92,17.3,5.09,15.76,15.09,42.94,10.99
1366,5.239673136999486,4,11.53,7.49,17.58,11.39,6.94,17.3,5.09,15.76,15.09,41.32,11.04
1367,5.239673136999486,4,11.71,7.49,17.58,11.39,6.92,17.3,5.11,15.83,15.09,41.84,11.21
1368,5.239673136999486,4,11.71,7.49,17.58,11.39,6.94,17.15,5.09,15.83,15.09,42.38,11.17
1369,5.239673136999486,4,11.53,7.49,17.66,11.44,6.94,17.22,5.11,15.83,15.09,41.84,11.04
1370,5.239673136999486,4,11.57,7.49,17.58,11.44,6.94,17.15,5.11,15.69,15.09,41.05,10.87
1371,5.239673136999486,4,11.71,7.52,17.58,11.53,6.94,17.22,5.11,15.76,15.02,41.05,11.85
1372,5.239673136999486,4,11.71,7.52,17.58,11.44,6.94,17.15,5.11,15.83,15.02,39.3,11.04
1373,5.239673136999486,4,11.71,7.49,17.58,11.44,6.92,17.22,5.09,15.89,15.02,41.05,10.91
1374,5.239673136999486,4,11.3,7.22,17.36,11.13,6.67,16.72,4.9,15.63,14.83,44.07,10.65
1375,5.239673136999486,4,11.8,7.52,17.66,11.49,6.94,17.22,5.11,15.96,15.09,41.05,11.12
1376,5.239673136999486,4,11.35,7.43,17.51,11.35,6.86,17.08,5.04,15.83,14.96,39.79,11.66
1377,5.239673136999486,4,11.53,7.43,17.58,11.39,6.86,17.08,5.04,15.83,15.09,40.54,10.99
1378,5.239673136999486,4,11.57,7.49,17.66,11.49,6.94,17.15,5.09,15.96,15.09,41.58,10.87
1379,5.239673136999486,4,11.57,7.49,17.66,11.49,6.92,17.15,5.06,15.96,15.02,41.05,11.21
1380,5.239673136999486,4,11.39,7.49,17.66,11.49,6.92,17.15,5.11,16.02,15.09,41.58,10.53
1381,5.257494181321206,4,11.35,7.49,17.66,11.44,6.92,17.15,5.11,15.96,15.09,42.38,10.87
1382,5.257494181321206,4,11.39,7.49,17.66,11.44,6.94,17.15,5.09,15.96,15.09,39.3,11.04
1383,5.257494181321206,4,11.44,7.52,17.66,11.49,6.94,17.22,5.09,16.09,15.09,41.58,10.87
1384,5.257494181321206,4,11.44,7.55,17.66,11.49,6.97,17.22,5.11,15.83,15.09,41.05,10.95
1385,5.257494181321206,4,11.48,7.55,17.66,11.49,6.94,17.22,5.11,16.02,15.09,41.32,10.91
1386,5.257494181321206,4,11.57,7.52,17.66,11.49,6.97,17.22,5.09,15.89,15.02,40.54,10.95
1387,5.257494181321206,4,11.48,7.52,17.66,11.44,6.94,17.15,5.06,16.02,15.02,41.58,11.08
1388,5.257494181321206,4,11.44,7.49,17.66,11.44,6.92,17.15,5.06,16.23,15.09,41.58,11.12
1389,5.257494181321206,4,11.35,7.52,17.66,11.44,6.94,17.15,5.09,16.02,15.02,40.8,10.99
1390,5.257494181321206,4,11.39,7.52,17.66,11.44,6.94,17.15,5.09,15.96,15.02,40.54,10.99
1391,5.257494181321206,4,11.44,7.55,17.73,11.49,6.94,17.15,5.11,16.09,15.02,40.8,10.91
1392,5.257494181321206,4,11.39,7.52,17.66,11.44,6.94,17.15,5.06,16.02,15.02,40.8,11.17
1393,5.257494181321206,4,11.39,7.52,17.66,11.49,6.94,17.15,5.06,16.02,15.09,40.04,10.87
1394,5.257494181321206,4,11.39,7.55,17.66,11.49,6.97,17.15,5.09,16.23,15.02,41.05,10.95
1395,5.257494181321206,4,11.48,7.55,17.81,11.53,6.97,17.22,5.09,16.09,15.09,40.8,11.21
1396,5.257494181321206,4,11.39,7.55,17.66,11.49,6.97,17.22,5.11,16.09,15.02,41.58,11.08
1397,5.257494181321206,4,11.39,7.52,17.66,11.44,6.94,17.15,5.06,16.02,15.02,40.54,11.04
1398,5.257494181321206,4,11.39,7.52,17.73,11.49,6.94,17.15,5.09,16.09,15.02,42.11,11.08
1399,5.257494181321206,4,11.39,7.55,17.73,11.49,6.94,17.15,5.09,16.09,15.09,42.66,11.17
1400,5.257494181321206,4,11.44,7.55,17.73,11.49,6.94,17.15,5.06,16.3,15.02,40.54,10.91
1401,5.257494181321206,4,11.39,7.55,17.66,11.49,6.94,17.15,5.09,16.02,15.02,40.29,11.57
1402,5.257494181321206,4,11.39,7.55,17.73,11.49,6.94,17.15,5.06,16.23,15.02,42.11,11.04
1403,5.257494181321206,4,11.39,7.52,17.66,11.49,6.94,17.15,5.06,16.02,15.02,39.3,11.04
1404,5.257494181321206,4,11.39,7.55,17.73,11.53,6.94,17.15,5.09,16.02,15.02,41.58,10.91
1405,5.257494181321206,4,11.39,7.55,17.81,11.49,6.94,17.15,5.06,15.96,15.02,40.8,11.34
1406,5.257494181321206,4,11.39,7.52,17.73,11.49,6.94,17.15,5.04,16.09,15.02,44.66,11.04
1407,5.257494181321206,4,11.39,7.55,17.73,11.53,6.94,17.15,5.06,15.96,15.09,42.38,11.04
1408,5.257494181321206,4,11.39,7.55,17.73,11.53,6.94,17.15,5.06,16.02,15.09,41.58,10.95
1409,5.257494181321206,4,11.39,7.55,17.88,11.49,6.94,17.15,5.06,15.96,15.02,40.29,11.62
1410,5.257494181321206,4,11.44,7.58,17.73,11.53,6.94,17.15,5.06,15.96,15.02,42.38,11.85
1411,5.257494181321206,4,11.44,7.58,17.73,11.53,6.97,17.22,5.09,16.02,15.15,40.8,10.82
1412,5.257494181321206,4,11.44,7.58,17.73,11.58,6.97,17.22,5.09,15.96,15.09,40.8,11.71
1413,5.257494181321206,4,11.44,7.58,17.73,11.53,6.97,17.15,5.09,16.02,15.09,40.54,10.99
1414,5.257494181321206,4,11.44,7.58,17.73,11.58,6.97,17.22,5.09,16.02,15.09,41.05,10.91
1415,5.257494181321206,4,11.48,7.58,17.73,11.62,6.97,17.22,5.09,15.96,15.15,40.29,11.17
1416,5.257494181321206,4,11.48,7.61,17.73,11.62,7,17.22,5.11,16.02,15.15,41.05,11.62
1417,5.257494181321206,4,11.48,7.61,17.81,11.62,7,17.22,5.09,16.09,15.15,42.11,10.99
1418,5.257494181321206,4,11.44,7.58,17.81,11.58,6.97,17.15,5.06,15.96,15.09,41.05,11.04
1419,5.257494181321206,4,11.44,7.58,17.81,11.58,7,16.72,5.09,16.5,15.09,41.84,10.99
1420,5.257494181321206,4,11.48,7.58,17.81,11.58,6.97,17.22,5.09,16.09,15.15,42.94,11.08
1421,5.257494181321206,4,11.44,7.58,17.81,11.53,6.97,17.15,5.09,16.09,15.15,41.32,10.87
1422,5.257494181321206,4,11.48,7.61,17.81,11.58,7,17.22,5.09,16.09,15.15,41.05,11.04
1423,5.257494181321206,4,11.44,7.58,17.81,11.58,6.97,17.15,5.06,16.09,15.09,40.8,11.21
1424,5.257494181321206,4,11.44,7.61,17.88,11.58,6.97,17.22,5.06,16.16,15.15,40.8,11.17
1425,5.257494181321206,4,11.44,7.58,17.81,11.58,7,17.22,5.06,16.09,15.09,41.32,10.95
1426,5.257494181321206,4,11.44,7.58,17.81,11.58,6.97,17.15,5.06,15.89,15.15,41.05,11.04
1427,5.257494181321206,4,11.48,7.61,17.88,11.62,7.03,17.22,5.11,16.16,15.15,41.58,11.48
1428,5.257494181321206,4,11.48,7.58,17.81,11.62,7,17.22,5.09,16.16,15.15,42.11,11.39
1429,5.257494181321206,4,11.44,7.52,17.81,11.58,6.94,17.15,5.04,16.09,15.09,41.32,10.99
1430,5.257494181321206,4,11.44,7.55,17.81,11.58,6.97,17.15,5.04,16.16,15.15,42.66,11.12
1431,5.257494181321206,4,11.44,7.55,17.81,11.58,6.97,17.15,5.04,16.16,15.09,40.8,11.08
1432,5.257494181321206,4,11.44,7.52,17.81,11.58,6.94,17.15,5.04,16.16,15.09,41.84,10.95
1433,5.257494181321206,4,11.48,7.55,17.81,11.62,6.97,17.22,5.06,16.09,15.09,41.58,11.08
1434,5.257494181321206,4,11.48,7.58,17.81,11.62,7,17.22,5.06,16.16,15.09,40.29,11.43
1435,5.257494181321206,4,11.44,7.55,17.88,11.62,6.97,17.22,5.06,16.23,15.15,42.38,10.82
1436,5.257494181321206,4,11.48,7.58,17.81,11.67,7,17.22,5.09,16.23,15.15,41.58,11.43
1437,5.257494181321206,4,11.48,7.58,17.88,11.62,7,17.22,5.06,16.16,15.15,40.8,10.91
1438,5.257494181321206,4,11.21,7.37,17.58,11.39,6.81,16.93,4.94,16.23,14.96,41.05,10.37
1439,5.257494181321206,4,11.44,7.55,17.81,11.62,6.97,17.22,5.06,16.23,15.15,41.32,10.53
1440,5.257494181321206,4,11.39,7.55,17.81,11.62,6.97,17.15,5.04,16.16,15.09,40.29,11.12
1441,5.298932060627791,4,11.44,7.55,17.88,11.62,7,17.22,5.06,16.16,15.15,40.8,10.82
1442,5.298932060627791,4,11.48,7.58,17.88,11.67,7,17.22,5.09,16.23,15.09,41.58,11.21
1443,5.298932060627791,4,11.04,7.19,17.43,11.22,6.61,16.58,4.8,15.83,14.76,40.8,10.99
1444,5.298932060627791,4,11,7.16,17.43,11.13,6.61,16.58,4.78,15.76,14.76,39.55,10.7
1445,5.298932060627791,4,11.04,7.22,17.51,11.17,6.64,16.65,4.82,15.96,14.76,39.55,10.49
1446,5.298932060627791,4,11.48,7.55,17.88,11.62,7,17.22,5.04,16.23,15.09,40.54,10.95
1447,5.298932060627791,4,11.48,7.58,17.88,11.67,7,17.22,5.09,16.16,15.15,40.8,10.91
1448,5.298932060627791,4,11.44,7.55,17.88,11.62,6.97,17.15,5.04,16.3,15.09,40.04,11.08
1449,5.298932060627791,4,11.44,7.55,17.88,11.62,6.97,17.15,5.06,16.3,15.09,40.29,10.65
1450,5.298932060627791,4,11.44,7.58,17.88,11.62,7,17.15,5.04,16.23,15.09,39.55,11.04
1451,5.298932060627791,4,11.44,7.55,17.88,11.62,7,17.15,5.04,16.43,15.09,42.38,10.91
1452,5.298932060627791,4,11.44,7.58,17.88,11.72,7,17.15,5.04,16.64,15.09,42.38,11.3
1453,5.298932060627791,4,11.35,7.49,17.88,11.58,6.92,17.01,4.98,16.5,15.02,40.54,10.7
1454,5.298932060627791,4,11.44,7.55,17.81,11.67,7,17.15,5.04,16.23,15.09,42.11,10.74
1455,5.298932060627791,4,11.44,7.58,17.88,11.62,7.03,17.22,5.06,16.3,15.09,41.05,11.08
1456,5.298932060627791,4,11.39,7.58,17.88,11.67,7,17.15,5.04,16.5,15.09,40.8,10.78
1457,5.298932060627791,4,11.35,7.55,17.96,11.62,6.97,17.15,5.02,16.5,15.09,40.54,10.87
1458,5.298932060627791,4,11.3,7.52,17.88,11.62,6.94,17.08,5,16.23,15.02,41.05,10.91
1459,5.298932060627791,4,11.39,7.58,17.96,11.67,7,17.22,5.04,16.3,15.09,42.66,11.12
1460,5.298932060627791,4,11.35,7.55,17.88,11.62,6.97,17.15,5.02,16.23,15.09,40.8,11.52
1461,5.298932060627791,4,11.39,7.58,17.96,11.67,7,17.15,5.04,16.43,15.09,41.05,10.7
1462,5.298932060627791,4,11.35,7.58,17.88,11.67,7,17.15,5.04,16.23,15.09,40.8,11.21
1463,5.298932060627791,4,11.35,7.55,17.88,11.62,7,17.15,5.04,16.23,15.09,40.54,11.12
1464,5.298932060627791,4,11.35,7.55,17.96,11.72,6.97,17.15,5.04,16.64,15.09,40.8,11.43
1465,5.298932060627791,4,11.35,7.58,18.04,11.67,7.03,17.15,5.06,16.36,15.15,40.8,11.08
1466,5.298932060627791,4,11.35,7.61,17.96,11.67,7.03,17.22,5.04,16.16,15.15,41.58,10.91
1467,5.298932060627791,4,11.39,7.58,17.96,11.72,7,17.22,5.04,16.3,15.15,41.84,10.65
1468,5.298932060627791,4,11.39,7.61,17.88,11.72,7.03,17.22,5.06,16.3,15.15,41.84,11.21
1469,5.298932060627791,4,11.39,7.61,17.96,11.76,7,17.15,5.04,16.3,15.09,40.29,11.08
1470,5.298932060627791,4,11.35,7.58,17.96,11.72,7,17.15,5.02,16.3,15.09,39.79,10.95
1471,5.298932060627791,4,11.35,7.58,17.96,11.72,7,17.15,5.02,16.36,15.09,41.58,11.08
1472,5.298932060627791,4,11.44,7.61,18.04,11.76,7,17.15,5.04,16.23,15.09,41.58,11.12
1473,5.298932060627791,4,11.44,7.58,17.96,11.72,7,17.15,5.04,16.36,15.09,39.55,10.99
1474,5.298932060627791,4,11.39,7.58,17.96,11.72,7,17.15,5.02,16.5,15.09,40.8,11.04
1475,5.298932060627791,4,11.39,7.61,18.11,11.72,7,17.15,5.02,16.36,15.09,42.38,11.04
1476,5.298932060627791,4,11.39,7.58,17.96,11.72,7.03,17.15,5.04,16.36,15.09,41.58,10.99
1477,5.298932060627791,4,11.35,7.58,17.88,11.67,7,17.15,5,16.43,15.09,41.05,11.39
1478,5.298932060627791,4,11.35,7.61,17.96,11.76,7.03,17.15,5.02,16.36,15.09,40.8,10.95
1479,5.298932060627791,4,11.39,7.64,17.96,11.76,7.06,17.22,5.04,16.36,15.09,40.8,11.08
1480,5.298932060627791,4,11.39,7.61,17.96,11.72,7,17.15,5.02,16.3,15.09,41.84,10.95
1481,5.298932060627791,4,11.35,7.61,17.96,11.81,7.03,17.15,5.02,16.43,15.09,40.54,11.62
1482,5.298932060627791,4,11.39,7.64,18.04,11.81,7.06,17.22,5.06,16.71,15.09,41.05,10.99
1483,5.298932060627791,4,11.44,7.64,18.04,11.86,7.06,17.22,5.04,16.86,15.09,40.29,10.91
1484,5.298932060627791,4,11.44,7.64,18.04,11.95,7.06,17.22,5.04,16.43,15.15,43.78,10.95
1485,5.298932060627791,4,11.39,7.61,17.96,11.81,7,17.15,5.02,16.36,15.09,41.58,10.91
1486,5.298932060627791,4,11.39,7.61,17.96,11.81,7.03,17.15,5.02,16.36,15.09,40.8,11.08
1487,5.298932060627791,4,11.44,7.61,17.96,11.81,7.03,17.15,5.04,16.43,15.09,40.8,11.04
1488,5.298932060627791,4,11.39,7.61,17.96,11.81,7,17.15,5.02,16.93,15.15,43.78,11.04
1489,5.298932060627791,4,11.35,7.61,17.96,11.81,7,17.08,5,16.5,15.09,41.58,10.95
1490,5.298932060627791,4,11.39,7.64,17.96,11.86,7.03,17.15,5.02,16.57,15.09,39.79,11.12
1491,5.298932060627791,4,11.39,7.61,17.96,11.81,7,17.08,5.02,16.57,15.09,40.04,10.74
1492,5.298932060627791,4,11.39,7.61,17.96,11.86,7.09,17.15,5.04,16.43,15.09,40.04,11.04
1493,5.298932060627791,4,11.44,7.64,18.04,11.86,7.06,17.15,5.04,16.23,15.09,44.37,10.91
1494,5.298932060627791,4,11.35,7.61,18.04,11.81,7,17.01,5,16.43,15.09,39.3,10.99
1495,5.298932060627791,4,11.39,7.64,17.96,11.86,7.03,17.08,5.02,16.43,15.02,40.29,11.12
1496,5.298932060627791,4,11.39,7.64,18.04,11.9,7.06,17.15,5.02,16.43,15.09,41.05,10.57
1497,5.298932060627791,4,11.39,7.64,18.04,11.9,7.06,17.15,5.02,16.78,15.09,40.54,10.49
1498,5.298932060627791,4,11.39,7.64,17.96,11.86,7.03,17.15,5.02,16.57,15.09,40.29,10.74
1499,5.298932060627791,4,11.39,7.61,17.96,11.86,7.03,17.08,5.02,16.5,15.09,40.04,10.87
1500,5.298932060627791,4,11.44,7.64,17.96,11.9,7.06,17.15,5.04,16.5,15.09,40.54,10.87
1501,5.412588874668555,4,11.44,7.67,18.04,11.9,7.06,17.15,5.04,16.5,15.15,38.83,10.95
1502,5.412588874668555,4,11.44,7.64,18.04,11.9,7.06,17.15,5.02,16.5,15.15,40.54,10.95
1503,5.412588874668555,4,11.35,7.61,17.96,11.81,6.97,17.08,4.98,16.64,15.09,41.05,11.04
1504,5.412588874668555,4,11.39,7.64,18.04,11.9,7.03,17.15,5.02,16.5,15.09,41.05,11.26
1505,5.412588874668555,4,11.44,7.58,17.96,11.81,6.94,16.86,4.96,16.43,15.02,40.54,10.65
1506,5.412588874668555,4,11.44,7.64,18.04,11.86,7.06,17.08,5.02,16.64,15.15,43.22,10.91
1507,5.412588874668555,4,11.39,7.64,18.04,11.86,7.03,17.08,5,16.5,15.15,40.8,10.91
1508,5.412588874668555,4,11.39,7.64,18.04,11.9,7.03,17.15,5.02,16.57,15.09,41.05,10.95
1509,5.412588874668555,4,11.39,7.61,18.04,11.9,7.03,17.08,5,16.57,15.15,41.32,10.7
1510,5.412588874668555,4,11.35,7.64,18.04,11.9,7.03,17.15,5,16.43,15.22,41.32,11.17
1511,5.412588874668555,4,11.3,7.58,17.96,11.86,7.03,17.01,4.98,17.22,15.09,40.8,10.78
1512,5.412588874668555,4,11.3,7.61,18.04,11.86,7,17.08,4.98,17,15.09,39.06,10.95
1513,5.412588874668555,4,11.39,7.64,18.04,11.9,7.03,17.08,5,17.14,15.09,41.84,11.75
1514,5.412588874668555,4,11.35,7.64,18.04,11.9,7.03,17.08,5,17.07,15.09,40.04,11.17
1515,5.412588874668555,4,11.35,7.64,18.04,11.9,7.06,17.15,5.02,16.57,15.09,40.04,11.75
1516,5.412588874668555,4,11,7.46,17.81,11.67,6.86,16.79,4.88,16.36,14.96,39.3,10.74
1517,5.412588874668555,4,11.04,7.46,18.04,11.67,6.86,16.79,4.88,16.43,14.96,40.29,10.91
1518,5.412588874668555,4,11.3,7.58,17.96,11.81,6.97,17.01,4.96,16.57,15.02,41.05,11.52
1519,5.412588874668555,4,11.26,7.58,17.96,11.81,6.94,17.01,4.94,16.57,15.02,41.32,11.34
1520,5.412588874668555,4,11.3,7.58,18.04,11.86,6.97,17.01,4.96,16.86,15.09,40.54,11.17
1521,5.412588874668555,4,11.3,7.58,18.04,11.86,6.97,17.01,4.96,16.5,15.09,40.8,10.87
1522,5.412588874668555,4,11.3,7.61,18.04,11.86,6.97,17.01,4.96,16.57,15.09,44.37,10.87
1523,5.412588874668555,4,11.35,7.64,17.96,11.86,7,17.01,4.98,16.5,15.02,38.12,11.52
1524,5.412588874668555,4,11.35,7.64,17.96,11.9,7,17.01,4.98,16.64,15.02,39.06,10.82
1525,5.412588874668555,4,11.39,7.67,18.11,11.9,7.06,17.08,5.02,16.64,15.09,41.05,10.74
1526,5.412588874668555,4,11.39,7.67,18.04,11.9,7.06,17.08,5,16.64,15.02,44.37,10.91
1527,5.412588874668555,4,11.39,7.7,18.11,11.95,7.06,17.15,5.02,16.71,15.09,41.32,10.99
1528,5.412588874668555,4,11.44,7.7,18.11,11.95,7.06,17.15,5.02,16.71,15.15,41.84,10.95
1529,5.412588874668555,4,11.44,7.7,18.19,11.95,7.06,17.08,5.02,17.22,15.09,41.05,10.95
1530,5.412588874668555,4,11.39,7.67,18.11,11.95,7.03,17.08,5,17,15.09,40.8,11.04
1531,5.412588874668555,4,11.39,7.67,17.96,11.9,7.03,17.01,4.98,16.93,15.02,40.8,10.87
1532,5.412588874668555,4,11.39,7.64,18.04,11.9,7.03,17.01,4.98,16.64,15.09,38.83,10.78
1533,5.412588874668555,4,11.44,7.67,18.11,11.95,7.06,17.08,5,16.71,15.15,41.84,10.95
1534,5.412588874668555,4,11.44,7.7,18.11,12,7.06,17.15,5,16.78,15.15,41.05,10.91
1535,5.412588874668555,4,11.39,7.64,18.11,11.9,7,17.08,4.98,16.71,15.15,40.8,11.04
1536,5.412588874668555,4,11.39,7.64,18.11,11.9,7,17.08,4.98,16.78,15.15,40.54,10.7
1537,5.412588874668555,4,11.39,7.67,18.11,11.95,7.03,17.08,4.98,16.78,15.15,40.8,10.78
1538,5.412588874668555,4,11.44,7.7,18.19,12,7.06,17.15,5,16.64,15.15,40.54,10.87
1539,5.412588874668555,4,11.39,7.67,18.11,11.95,7.03,17.08,5,16.78,15.15,41.05,11.04
1540,5.412588874668555,4,11.44,7.73,18.19,12,7.06,17.15,5.02,16.86,15.15,40.8,11.66
1541,5.412588874668555,4,11.48,7.73,18.19,12,7.09,17.15,5.02,16.86,15.22,39.3,11.57
1542,5.412588874668555,4,11.44,7.76,18.19,12,7.09,17.15,5.02,16.86,15.22,41.58,11.21
1543,5.412588874668555,4,11.44,7.7,18.19,12,7.06,17.08,5,16.78,15.15,41.05,11.3
1544,5.412588874668555,4,11.44,7.76,18.19,12,7.09,17.15,5.02,16.86,15.22,41.58,11.04
1545,5.412588874668555,4,11.44,7.73,18.19,12.05,7.09,17.15,5,16.86,15.15,42.94,11.12
1546,5.412588874668555,4,11.39,7.73,18.19,11.95,7.09,17.08,5.02,16.86,15.15,40.04,10.78
1547,5.412588874668555,4,11.39,7.73,18.19,12,7.06,17.15,5,16.86,15.15,39.06,10.78
1548,5.412588874668555,4,11.44,7.76,18.19,12,7.11,17.15,5.02,17,15.22,41.05,10.82
1549,5.412588874668555,4,11.44,7.76,18.19,12,7.11,17.22,5.02,17.07,15.22,42.38,11.12
1550,5.412588874668555,4,11.39,7.76,18.27,12,7.09,17.15,5,17,15.22,43.22,11.26
1551,5.412588874668555,4,11.44,7.76,18.27,12,7.11,17.15,5.02,17,15.22,42.38,10.57
1552,5.412588874668555,4,11.26,7.61,18.04,11.76,6.97,16.86,4.9,16.78,15.09,40.8,10.87
1553,5.412588874668555,4,11.39,7.7,18.19,11.9,7.03,17.01,4.98,17,15.15,41.05,11.62
1554,5.412588874668555,4,11.48,7.73,18.19,11.95,7.09,17.15,5,16.93,15.22,42.38,11.17
1555,5.412588874668555,4,10.74,7.11,17.43,11.22,6.43,16.11,4.54,16.36,14.57,39.79,10.57
1556,5.412588874668555,4,11.44,7.7,18.19,11.95,7.06,17.08,4.98,16.86,15.22,42.11,10.95
1557,5.412588874668555,4,11.39,7.67,18.19,11.9,7.03,17.08,4.94,16.86,15.15,40.29,11.08
1558,5.412588874668555,4,11.39,7.7,18.19,11.86,7.03,17.22,4.96,16.71,15.15,41.05,10.91
1559,5.412588874668555,4,11.39,7.7,18.19,11.86,7.03,17.37,4.94,16.71,15.22,45.88,10.78
1560,5.412588874668555,4,11.35,7.7,18.19,11.9,7.03,17.3,4.96,16.93,15.15,40.04,10.95
1561,5.473782773477036,4,11.44,7.7,18.19,11.9,7.03,17.3,4.96,16.78,15.15,39.79,10.99
1562,5.473782773477036,4,11.39,7.67,18.19,11.86,7,17.22,4.94,17,15.22,42.66,10.74
1563,5.473782773477036,4,11.39,7.67,18.19,11.86,7,17.15,4.92,16.93,15.15,40.8,11.04
1564,5.473782773477036,4,11.39,7.7,18.19,11.9,7.03,17.15,4.96,17.22,15.29,43.5,10.99
1565,5.473782773477036,4,11.44,7.7,18.19,11.9,7.03,17.15,4.96,16.86,15.22,41.32,11.26
1566,5.473782773477036,4,11.48,7.73,18.19,11.9,7.06,17.15,4.96,16.93,15.22,40.29,10.91
1567,5.473782773477036,4,11.53,7.7,18.19,11.9,7.03,17.15,4.96,16.78,15.22,42.38,10.91
1568,5.473782773477036,4,11.48,7.64,18.11,11.86,7,17.08,4.92,16.78,15.15,41.05,10.87
1569,5.473782773477036,4,11.53,7.7,18.19,11.9,7.03,17.15,4.96,16.93,15.22,38.83,11.12
1570,5.473782773477036,4,11.48,7.7,18.19,11.9,7.03,17.08,4.96,16.86,15.22,40.54,11.04
1571,5.473782773477036,4,11.44,7.61,18.04,11.81,6.97,17.01,4.9,16.86,15.15,40.54,10.57
1572,5.473782773477036,4,11.26,7.52,17.96,11.67,6.89,16.86,4.84,16.71,15.02,40.8,10.53
1573,5.473782773477036,4,11.13,7.4,17.81,11.53,6.75,16.58,4.76,16.57,14.96,39.3,10.61
1574,5.473782773477036,4,11.3,7.58,18.04,11.72,6.92,16.93,4.86,16.78,15.15,40.29,11.48
1575,5.473782773477036,4,11.48,7.7,18.19,11.9,7.03,17.15,4.94,17,15.29,41.05,11.48
1576,5.473782773477036,4,11.48,7.73,18.11,11.86,7.03,17.08,4.92,16.86,15.15,41.58,11.12
1577,5.473782773477036,4,11.48,7.73,18.11,11.95,7.03,17.08,4.96,17.07,15.15,40.54,11.12
1578,5.473782773477036,4,11.39,7.64,17.96,11.86,7.03,16.93,4.9,16.78,15.15,41.32,10.91
1579,5.473782773477036,4,11.53,7.7,18.11,11.9,7.03,17.08,4.94,16.93,15.15,38.12,11.3
1580,5.473782773477036,4,11.39,7.61,18.04,11.86,6.94,16.93,4.88,16.86,15.15,42.66,11.43
1581,5.473782773477036,4,11.48,7.7,18.11,11.9,7.03,17.08,4.94,17,15.22,41.05,11.39
1582,5.473782773477036,4,11.57,7.73,18.19,11.95,7.06,17.15,4.96,17,15.29,41.32,11.08
1583,5.473782773477036,4,11.53,7.73,18.19,11.95,7.09,17.15,4.96,17.14,15.29,41.32,10.95
1584,5.473782773477036,4,11.53,7.73,18.19,11.95,7.06,17.15,4.96,17,15.29,41.32,10.95
1585,5.473782773477036,4,11.57,7.73,18.35,11.95,7.06,17.15,4.96,17,15.29,41.05,10.95
1586,5.473782773477036,4,11,7.22,17.66,11.3,6.59,16.31,4.62,16.5,14.83,39.79,10.57
1587,5.473782773477036,4,11.26,7.43,17.96,11.58,6.78,16.65,4.76,16.93,15.02,39.79,11.08
1588,5.473782773477036,4,11.35,7.55,18.04,11.72,6.89,16.86,4.84,16.93,15.15,40.54,10.78
1589,5.473782773477036,4,11.53,7.73,18.27,11.95,7.06,17.15,4.96,17,15.35,40.04,11.26
1590,5.473782773477036,4,11.17,7.37,18.04,11.49,6.72,16.58,4.74,16.86,15.02,40.04,10.01
1591,5.473782773477036,4,11.35,7.52,18.19,11.67,6.89,16.86,4.86,16.64,15.15,40.29,10.82
1592,5.473782773477036,4,11.57,7.7,18.27,11.9,7.06,17.15,4.94,17,15.29,41.05,11.3
1593,5.473782773477036,4,11.57,7.73,18.27,11.95,7.06,17.15,4.94,17,15.29,42.11,10.87
1594,5.473782773477036,4,10.45,6.77,17.29,10.74,6.14,15.65,4.29,16.16,14.44,38.59,10.05
1595,5.473782773477036,4,10.37,6.72,17.21,10.65,6.07,15.65,4.26,16.02,14.38,35.93,10.05
1596,5.473782773477036,4,10.91,7.28,17.73,11.44,6.53,16.44,4.58,16.5,14.76,39.06,10.29
1597,5.473782773477036,4,11.17,7.43,17.96,11.58,6.78,16.79,4.74,17,15.02,40.8,10.91
1598,5.473782773477036,4,11.04,7.28,17.81,11.39,6.61,16.51,4.64,16.5,14.89,39.06,10.74
1599,5.473782773477036,4,10.95,7.22,17.81,11.35,6.59,16.44,4.6,16.64,14.89,39.3,10.29
1600,5.473782773477036,4,11,7.25,17.88,11.35,6.59,16.44,4.62,16.57,14.89,40.54,10.91
1601,5.473782773477036,4,10.95,7.25,17.88,11.35,6.61,16.51,4.62,16.5,14.96,40.8,10.61
1602,5.473782773477036,4,10.87,7.14,17.73,11.22,6.51,16.31,4.54,16.36,14.83,39.06,10.29
1603,5.473782773477036,4,10.87,7.16,17.73,11.26,6.53,16.31,4.54,16.5,14.83,39.55,10.25
1604,5.473782773477036,4,10.87,7.16,17.73,11.26,6.51,16.31,4.54,16.64,14.83,39.3,10.29
1605,5.473782773477036,4,10.87,7.16,17.66,11.26,6.51,16.31,4.54,16.71,14.83,40.04,10.13
1606,5.473782773477036,4,10.83,7.11,17.73,11.22,6.48,16.31,4.52,16.71,14.76,38.36,10.01
1607,5.473782773477036,4,10.83,7.16,17.73,11.22,6.51,16.31,4.54,16.78,14.83,38.59,10.91
1608,5.473782773477036,4,11.26,7.49,18.11,11.67,6.83,16.86,4.76,17.36,15.09,40.29,10.61
1609,5.473782773477036,4,11.21,7.46,18.04,11.67,6.81,16.79,4.76,17.07,15.09,39.79,10.95
1610,5.473782773477036,4,11.39,7.64,18.27,11.86,6.97,17.08,4.86,17.22,15.35,40.8,10.95
1611,5.473782773477036,4,11.48,7.7,18.27,11.95,7.03,17.15,4.9,17.22,15.29,40.8,10.91
1612,5.473782773477036,4,11.3,7.55,18.19,11.76,6.89,16.86,4.82,17.14,15.15,42.11,11.3
1613,5.473782773477036,4,11.57,7.76,18.35,12.05,7.11,17.22,4.96,17.36,15.35,40.54,11.08
1614,5.473782773477036,4,11.48,7.7,18.35,11.95,7.03,17.08,4.92,17.29,15.29,40.04,11.43
1615,5.473782773477036,4,10.33,6.74,16.93,10.87,6.12,15.52,4.22,16.09,14.32,37.44,9.74
1616,5.473782773477036,4,11.57,7.79,18.43,12.1,7.14,17.3,4.98,17.36,15.42,42.94,11.39
1617,5.473782773477036,4,11.3,7.55,18.04,11.86,6.89,16.93,4.8,17.07,15.15,41.05,10.7
1618,5.473782773477036,4,11.53,7.73,18.43,12.05,7.09,17.15,4.94,17.36,15.35,39.79,11.04
1619,5.473782773477036,4,11.57,7.79,18.43,12.1,7.14,17.22,4.98,17.36,15.42,41.84,11.17
1620,5.473782773477036,4,11.57,7.76,18.35,12.14,7.11,17.22,4.96,17.36,15.35,40.8,11.43
1621,5.5391314075682505,4,11.57,7.73,18.27,12.05,7.11,17.22,4.96,17.36,15.35,41.05,10.53
1622,5.5391314075682505,4,11.57,7.79,18.43,12.14,7.11,17.22,4.98,17.29,15.35,40.04,10.99
1623,5.5391314075682505,4,11.3,7.52,18.11,11.81,6.89,16.79,4.76,17.07,15.09,39.3,11.17
1624,5.5391314075682505,4,11.26,7.52,18.11,11.76,6.86,16.79,4.78,17.14,15.09,39.06,10.57
1625,5.5391314075682505,4,11.21,7.49,18.11,11.76,6.86,16.79,4.78,17.07,15.09,44.07,10.78
1626,5.5391314075682505,4,11.04,7.31,17.88,11.53,6.7,16.51,4.66,16.86,14.96,39.79,10.53
1627,5.5391314075682505,4,11.04,7.28,17.96,11.53,6.7,16.51,4.66,16.78,14.96,40.54,10.53
1628,5.5391314075682505,4,11.04,7.31,17.96,11.53,6.67,16.51,4.64,17,14.96,40.54,10.57
1629,5.5391314075682505,4,11.04,7.31,17.96,11.53,6.7,16.51,4.64,17,14.96,37.67,10.53
1630,5.5391314075682505,4,11.04,7.31,17.96,11.53,6.7,16.51,4.66,17,14.89,41.05,10.78
1631,5.5391314075682505,4,11.04,7.28,17.96,11.53,6.7,16.44,4.64,17.14,14.96,40.04,10.21
1632,5.5391314075682505,4,10.87,7.19,17.73,11.39,6.56,16.31,4.56,17.07,14.89,39.79,10.37
1633,5.5391314075682505,4,11,7.28,17.96,11.53,6.67,16.51,4.64,17.14,15.02,39.79,10.53
1634,5.5391314075682505,4,11.04,7.31,17.88,11.53,6.67,16.44,4.64,17.14,14.96,40.29,10.57
1635,5.5391314075682505,4,11.04,7.31,17.96,11.53,6.7,16.44,4.64,17.22,15.02,41.32,10.49
1636,5.5391314075682505,4,11.04,7.31,17.96,11.58,6.7,16.51,4.66,16.86,14.96,39.79,10.95
1637,5.5391314075682505,4,11.04,7.34,17.96,11.58,6.7,16.44,4.64,17.59,15.02,39.79,10.45
1638,5.5391314075682505,4,11.04,7.31,17.96,11.58,6.67,16.51,4.64,17.07,14.96,39.79,10.49
1639,5.5391314075682505,4,11.04,7.34,17.96,11.58,6.72,16.51,4.66,17.14,14.96,39.55,10.49
1640,5.5391314075682505,4,11.17,7.46,18.27,11.72,6.81,16.65,4.74,17.36,15.09,39.79,10.57
1641,5.5391314075682505,4,11.3,7.58,18.19,11.86,6.92,16.79,4.8,17.36,15.15,40.54,10.7
1642,5.5391314075682505,4,11.3,7.61,18.27,11.9,6.94,16.86,4.82,17.36,15.15,44.07,11.3
1643,5.5391314075682505,4,11.35,7.61,18.27,11.9,6.94,16.86,4.82,17.36,15.15,39.06,11.12
1644,5.5391314075682505,4,11.35,7.61,18.27,11.9,6.94,16.79,4.82,17.44,15.15,40.54,11.04
1645,5.5391314075682505,4,11.3,7.58,18.27,11.9,6.94,16.79,4.82,17.29,15.15,40.04,11.21
1646,5.5391314075682505,4,11.3,7.61,18.27,11.9,6.94,16.86,4.84,17.51,15.15,40.54,10.61
1647,5.5391314075682505,4,11.35,7.61,18.27,11.9,6.97,16.86,4.84,17.22,15.22,40.04,10.87
1648,5.5391314075682505,4,11.3,7.61,18.27,11.95,6.97,16.86,4.84,17.44,15.15,40.04,10.82
1649,5.5391314075682505,4,11.3,7.64,18.27,11.95,6.97,16.86,4.84,17.29,15.22,39.06,11.48
1650,5.5391314075682505,4,11.44,7.73,18.43,12.1,7.09,17.01,4.92,17.14,15.29,40.29,11.26
1651,5.5391314075682505,4,11.35,7.67,18.27,12,7.03,16.86,4.86,17,15.22,41.05,10.91
1652,5.5391314075682505,4,11.44,7.73,18.35,12.1,7.09,17.01,4.92,17.14,15.29,40.8,11.08
1653,5.5391314075682505,4,11.48,7.76,18.43,12.1,7.11,17.08,4.92,17.07,15.29,40.54,10.7
1654,5.5391314075682505,4,11.44,7.76,18.35,12.1,7.09,17.01,4.92,17.36,15.29,40.29,10.99
1655,5.5391314075682505,4,11.39,7.67,18.27,12.05,7.03,16.86,4.88,17.29,15.22,40.29,11.04
1656,5.5391314075682505,4,11.53,7.76,18.43,12.19,7.14,17.01,4.94,17.36,15.35,40.8,10.91
1657,5.5391314075682505,4,11.48,7.76,18.43,12.14,7.11,17.01,4.92,17.44,15.35,41.05,10.99
1658,5.5391314075682505,4,11.48,7.79,18.43,12.14,7.09,16.86,4.92,17.44,15.35,41.58,11.39
1659,5.5391314075682505,4,11.3,7.58,18.19,12,6.92,16.65,4.8,17.22,15.15,40.8,10.65
1660,5.5391314075682505,4,11.48,7.73,18.43,12.14,7.09,16.86,4.92,17.36,15.29,41.84,11.12
1661,5.5391314075682505,4,11.48,7.73,18.43,12.1,7.09,16.86,4.9,17.29,15.22,39.06,10.74
1662,5.5391314075682505,4,11.48,7.73,18.35,12.1,7.06,16.86,4.9,17.44,15.29,41.58,10.7
1663,5.5391314075682505,4,11.53,7.76,18.43,12.14,7.09,16.86,4.92,19.44,15.29,39.79,11.12
1664,5.5391314075682505,4,11.53,7.76,18.35,12.14,7.09,16.86,4.92,19.62,15.22,40.29,10.82
1665,5.5391314075682505,4,11.48,7.73,18.35,12.1,7.06,16.86,4.9,19.71,15.22,41.32,10.61
1666,5.5391314075682505,4,11.48,7.7,18.35,12.1,7.06,16.79,4.9,19.36,15.22,43.5,11.43
1667,5.5391314075682505,4,11.53,7.76,18.43,12.19,7.11,16.93,4.94,20.15,15.29,41.58,10.87
1668,5.5391314075682505,4,11.53,7.76,18.43,12.19,7.11,16.86,4.94,19.71,15.22,40.29,11.39
1669,5.5391314075682505,4,11.53,7.76,18.35,12.14,7.09,16.86,4.92,19.27,15.22,41.05,11.08
1670,5.5391314075682505,4,11.53,7.79,18.35,12.19,7.14,16.93,4.94,19.53,15.29,40.8,11.52
1671,5.5391314075682505,4,11.48,7.7,18.35,12.1,7.06,16.79,4.9,19.79,15.22,40.04,10.61
1672,5.5391314075682505,4,11.48,7.73,18.27,12.1,7.09,16.79,4.9,19.79,15.22,41.05,10.99
1673,5.5391314075682505,4,11.44,7.76,18.43,12.14,7.11,16.86,4.92,19.62,15.29,41.58,10.82
1674,5.5391314075682505,4,11.48,7.79,18.35,12.19,7.11,16.86,4.94,19.88,15.22,39.79,11.48
1675,5.5391314075682505,4,11.21,7.76,18.43,12.19,7.14,16.93,4.94,20.15,15.29,40.29,11.43
1676,5.5391314075682505,4,11.17,7.76,18.43,12.24,7.14,16.86,4.94,20.15,15.22,40.54,11.21
1677,5.5391314075682505,4,10.91,7.61,18.27,12,7,16.65,4.84,20.15,15.09,40.29,10.57
1678,5.5391314075682505,4,11.21,7.64,18.19,12.05,7,16.65,4.84,19.97,15.09,40.04,11.34
1679,5.5391314075682505,4,11.3,7.67,18.27,12.1,7.03,16.72,4.88,20.24,15.15,39.79,11.48
1680,5.5391314075682505,4,10.95,7.64,18.19,12.05,7,16.65,4.84,19.97,15.09,38.83,10.82
1681,5.6111427069017825,4,11.04,7.64,18.27,12.1,7,16.65,4.84,20.06,15.15,40.54,10.78
1682,5.6111427069017825,4,11.08,7.67,18.35,12.05,7.03,16.65,4.86,19.97,15.15,40.04,10.91
1683,5.6111427069017825,4,11.08,7.64,18.35,12.05,7,16.65,4.84,19.88,15.15,40.04,10.7
1684,5.6111427069017825,4,11.08,7.67,18.35,12.1,7.03,16.72,4.86,20.06,15.15,40.8,11.39
1685,5.6111427069017825,4,11.44,7.67,18.35,12.1,7.06,16.72,4.88,19.79,15.15,39.79,10.99
1686,5.6111427069017825,4,11.35,7.64,18.27,12.05,7,16.65,4.84,19.79,15.15,39.3,11.39
1687,5.6111427069017825,4,11,7.58,18.19,11.9,6.94,16.58,4.8,19.79,15.09,40.54,10.78
1688,5.6111427069017825,4,11.26,7.58,18.35,12,6.94,16.58,4.8,19.62,15.09,41.58,11.34
1689,5.6111427069017825,4,11.21,7.82,18.51,12.29,7.17,16.93,4.96,19.79,15.35,41.05,11.21
1690,5.6111427069017825,4,11.21,7.82,18.51,12.29,7.17,16.93,4.96,20.24,15.29,40.8,11.3
1691,5.6111427069017825,4,11.21,7.85,18.43,12.34,7.2,16.93,4.98,19.88,15.35,40.8,11.52
1692,5.6111427069017825,4,11.62,7.85,18.51,12.34,7.2,16.93,4.98,19.79,15.35,41.05,11.52
1693,5.6111427069017825,4,11.44,7.76,18.51,12.24,7.11,16.79,4.92,19.79,15.29,38.59,10.95
1694,5.6111427069017825,4,11.57,7.79,18.43,12.29,7.17,16.86,4.94,19.71,15.29,41.05,10.99
1695,5.6111427069017825,4,11.53,7.82,18.67,12.29,7.14,16.93,4.94,17.51,15.29,41.05,10.99
1696,5.6111427069017825,4,11.57,7.82,18.51,12.29,7.17,16.86,4.94,17.51,15.35,40.29,11.52
1697,5.6111427069017825,4,11.48,7.79,18.51,12.29,7.14,16.86,4.94,17.36,15.29,40.8,11.62
1698,5.6111427069017825,4,11.44,7.79,18.43,12.24,7.14,16.79,4.94,17.22,15.29,39.3,11.12
1699,5.6111427069017825,4,11.44,7.85,18.51,12.34,7.2,16.93,4.96,17.29,15.35,41.32,11.66
1700,5.6111427069017825,4,11.48,7.85,18.51,12.34,7.2,16.93,4.96,17.29,15.35,40.29,11.34
1701,5.6111427069017825,4,11.44,7.82,18.51,12.29,7.2,16.86,4.94,17.14,15.29,41.58,11.12
1702,5.6111427069017825,4,11.48,7.85,18.51,12.34,7.17,16.86,4.94,17.36,15.35,40.29,10.91
1703,5.6111427069017825,4,11.39,7.88,18.59,12.34,7.2,16.86,4.96,17.36,15.35,40.04,11.66
1704,5.6111427069017825,4,11.39,7.82,18.51,12.29,7.17,16.86,4.94,17.36,15.29,41.05,11.04
1705,5.6111427069017825,4,11.53,7.85,18.51,12.34,7.17,16.86,4.96,17.74,15.29,41.05,11.48
1706,5.6111427069017825,4,11.44,7.76,18.59,12.19,7.11,16.86,4.94,17.74,15.29,39.06,11.48
1707,5.6111427069017825,4,11.17,7.79,18.51,12.29,7.14,16.86,4.92,17.44,15.29,40.04,10.99
1708,5.6111427069017825,4,11.48,7.79,18.51,12.29,7.14,16.86,4.92,17.29,15.29,40.8,10.74
1709,5.6111427069017825,4,11.39,7.79,18.51,12.29,7.14,16.86,4.92,17.29,15.29,41.32,11.3
1710,5.6111427069017825,4,11.66,7.82,18.51,12.29,7.17,16.86,4.92,17.22,15.29,45.57,11.57
1711,5.6111427069017825,4,11.44,7.82,18.51,12.34,7.17,16.86,4.94,17.59,15.29,41.05,11.08
1712,5.6111427069017825,4,11.39,7.82,18.51,12.34,7.17,16.86,4.94,17.59,15.35,41.05,11.17
1713,5.6111427069017825,4,11.44,7.82,18.59,12.39,7.17,16.86,4.94,17.44,15.35,40.8,10.87
1714,5.6111427069017825,4,11.44,7.85,18.51,12.34,7.2,16.86,4.96,17.51,15.35,40.29,11.04
1715,5.6111427069017825,4,11.53,7.85,18.43,12.34,7.2,16.93,4.94,17.51,15.35,38.83,10.99
1716,5.6111427069017825,4,11.39,7.82,18.59,12.34,7.14,16.86,4.92,17.44,15.35,39.55,10.91
1717,5.6111427069017825,4,11.39,7.85,18.51,12.34,7.2,16.86,4.94,17.51,15.35,40.54,11.34
1718,5.6111427069017825,4,11.62,7.85,18.51,12.39,7.2,16.93,4.96,17.51,15.35,41.05,11.66
1719,5.6111427069017825,4,11.44,7.76,18.43,12.24,7.09,16.72,4.88,17.44,15.29,41.32,10.95
1720,5.6111427069017825,4,10.49,6.97,17.58,11.22,6.3,15.52,4.33,16.5,14.51,37.44,10.57
1721,5.6111427069017825,4,11.39,7.67,18.51,12.14,7.06,16.65,4.86,17.36,15.22,40.8,11.17
1722,5.6111427069017825,4,11.35,7.73,18.43,12.19,7.09,16.72,4.86,17.36,15.22,40.29,11.39
1723,5.6111427069017825,4,11.48,7.79,18.51,12.29,7.14,16.86,4.92,17.59,15.56,40.54,11.12
1724,5.6111427069017825,4,11.48,7.79,18.51,12.29,7.14,16.79,4.9,17.67,15.42,40.8,11.34
1725,5.6111427069017825,4,11.44,7.76,18.59,12.24,7.14,16.79,4.92,17.67,15.35,39.3,11.57
1726,5.6111427069017825,4,11.3,7.7,18.43,12.19,7.03,16.65,4.84,17.36,15.29,43.78,10.95
1727,5.6111427069017825,4,11.39,7.82,18.51,12.24,7.14,16.79,4.9,17.51,15.35,40.8,11.12
1728,5.6111427069017825,4,11.21,7.82,18.51,12.34,7.14,16.79,4.92,17.67,15.29,41.32,10.99
1729,5.6111427069017825,4,11.35,7.85,18.51,12.34,7.14,16.86,4.94,17.59,15.35,40.8,11.17
1730,5.6111427069017825,4,11.21,7.85,18.59,12.39,7.17,17.08,4.92,17.59,15.42,41.05,10.74
1731,5.6111427069017825,4,11.48,7.85,18.51,12.39,7.14,17.01,4.94,17.67,15.35,41.32,10.57
1732,5.6111427069017825,4,11.04,7.46,17.96,11.95,6.81,16.31,4.62,17.07,15.02,39.79,10.65
1733,5.6111427069017825,4,11.44,7.76,18.51,12.39,7.14,16.93,4.92,17.82,15.35,41.32,11.3
1734,5.6111427069017825,4,11.21,7.76,18.51,12.29,7.14,16.86,4.92,18.13,15.35,39.55,11.52
1735,5.6111427069017825,4,10.95,7.49,18.43,11.95,6.92,16.44,4.76,17.51,15.15,39.79,11.39
1736,5.6111427069017825,4,11.13,7.46,18.35,11.95,6.86,16.38,4.76,17.51,15.15,39.55,11.17
1737,5.6111427069017825,4,11.26,7.64,18.43,12.19,7.03,16.65,4.84,17.51,15.22,40.04,10.78
1738,5.6111427069017825,4,11.3,7.7,18.51,12.29,7.09,16.79,4.88,17.51,15.29,41.05,11.3
1739,5.6111427069017825,4,11.39,7.7,18.51,12.24,7.09,16.86,4.88,17.59,15.29,40.29,10.65
1740,5.6111427069017825,4,11.35,7.73,18.43,12.29,7.11,16.86,4.9,17.59,15.29,42.11,10.7
1741,5.636574515923481,4,11.39,7.73,18.51,12.29,7.14,16.79,4.9,17.44,15.35,41.05,11.04
1742,5.636574515923481,4,11.39,7.76,18.51,12.34,7.14,16.86,4.92,17.59,15.35,40.8,11.04
1743,5.636574515923481,4,11.44,7.76,18.51,12.34,7.14,16.86,4.92,17.59,15.35,38.59,10.99
1744,5.636574515923481,4,11.53,7.73,18.51,12.29,7.14,16.79,4.9,17.67,15.29,40.29,11.08
1745,5.636574515923481,4,10.62,6.85,17.43,11.17,6.27,15.45,4.31,16.71,14.44,37.67,9.89
1746,5.636574515923481,4,11.62,7.73,18.59,12.1,7.11,16.79,4.9,17.67,15.35,40.8,10.95
1747,5.636574515923481,4,11.66,7.76,18.43,12.34,7.14,16.86,4.9,17.59,15.35,41.58,10.95
1748,5.636574515923481,4,11.66,7.76,18.43,12.39,7.14,16.86,4.92,17.67,15.29,40.8,10.91
1749,5.636574515923481,4,11.66,7.73,18.67,12.24,7.14,16.72,4.92,17.74,15.35,39.79,11.43
1750,5.636574515923481,4,11.66,7.79,18.51,12.34,7.17,16.79,4.92,17.59,15.29,40.8,10.95
1751,5.636574515923481,4,11.71,7.82,18.51,12.39,7.2,16.79,4.94,17.67,15.35,40.04,10.82
1752,5.636574515923481,4,11.71,7.76,18.43,12.39,7.17,16.72,4.94,17.51,15.29,40.8,11.66
1753,5.636574515923481,4,11.66,7.73,18.51,12.39,7.17,16.72,4.92,17.67,15.29,40.54,10.99
1754,5.636574515923481,4,11.66,7.73,18.43,12.34,7.17,16.65,4.92,17.36,15.29,41.58,10.91
1755,5.636574515923481,4,11.66,7.73,18.51,12.39,7.14,16.65,4.92,17.59,15.29,41.32,10.91
1756,5.636574515923481,4,11.66,7.73,18.51,12.39,7.2,16.65,4.92,17.82,15.29,41.05,11.04
1757,5.636574515923481,4,11.66,7.73,18.43,12.39,7.14,16.65,4.92,17.51,15.29,41.32,10.7
1758,5.636574515923481,4,11.57,7.7,18.35,12.34,7.14,16.65,4.9,17.82,15.15,41.05,11.12
1759,5.636574515923481,4,11.57,7.73,18.27,12.34,7.17,16.58,4.9,17.36,15.09,38.83,11.48
1760,5.636574515923481,4,11.57,7.73,18.27,12.34,7.17,16.51,4.9,17.36,15.09,39.55,11.3
1761,5.636574515923481,4,11.48,7.73,18.35,12.39,7.2,16.51,4.92,17.59,15.15,39.79,11.34
1762,5.636574515923481,4,11.57,7.7,18.27,12.29,7.17,16.51,4.92,17.36,15.09,42.11,10.87
1763,5.636574515923481,4,11.66,7.76,18.43,12.44,7.23,16.58,4.96,17.51,15.29,40.8,11.52
1764,5.636574515923481,4,11.53,7.7,18.11,12.34,7.17,16.38,4.92,17.14,14.96,38.59,10.87
1765,5.636574515923481,4,11.39,7.73,18.11,12.34,7.17,16.38,4.92,17.29,15.02,39.3,10.7
1766,5.636574515923481,4,11.3,7.7,17.96,12.29,7.17,16.31,4.92,17.22,14.89,39.79,10.65
1767,5.636574515923481,4,11.35,7.73,18.04,12.34,7.17,16.31,4.92,17.14,14.89,39.3,11.3
1768,5.636574515923481,4,11.35,7.7,18.04,12.29,7.17,16.31,4.92,17.22,15.02,37.67,11.34
1769,5.636574515923481,4,11.35,7.7,18.04,12.29,7.17,16.24,4.92,17.07,14.89,39.3,10.87
1770,5.636574515923481,4,11.35,7.73,18.11,12.39,7.17,16.31,4.92,17.07,14.96,38.83,10.91
1771,5.636574515923481,4,11.57,7.73,18.11,12.34,7.2,16.31,4.94,17.29,15.02,39.3,10.99
1772,5.636574515923481,4,11.39,7.73,18.11,12.34,7.17,16.31,4.94,17.36,15.02,40.04,11.26
1773,5.636574515923481,4,11.62,7.73,18.11,12.34,7.2,16.31,4.94,17.29,15.02,40.54,10.78
1774,5.636574515923481,4,11.35,7.7,18.04,12.34,7.17,16.24,4.92,17.29,15.02,39.55,10.65
1775,5.636574515923481,4,11.35,7.7,18.11,12.34,7.17,16.24,4.92,17.22,15.02,40.8,10.65
1776,5.636574515923481,4,11.35,7.73,18.11,12.34,7.17,16.24,4.94,17.29,15.09,37.67,11.26
1777,5.636574515923481,4,11.62,7.73,18.11,12.34,7.17,16.31,4.94,17.29,15.02,39.55,11.12
1778,5.636574515923481,4,11.62,7.73,18.11,12.34,7.14,16.24,4.92,17.29,15.02,40.04,10.82
1779,5.636574515923481,4,11.62,7.73,18.11,12.34,7.17,16.31,4.92,17.29,15.02,40.29,10.74
1780,5.636574515923481,4,11.62,7.73,18.11,12.39,7.2,16.31,4.94,17.36,15.02,40.54,11.17
1781,5.636574515923481,4,11.66,7.76,18.27,12.39,7.2,16.31,4.94,17.44,15.09,39.55,10.87
1782,5.636574515923481,4,11.66,7.76,18.11,12.39,7.2,16.31,4.94,17.44,15.02,40.04,11.3
1783,5.636574515923481,4,11.66,7.73,18.11,12.34,7.23,16.24,4.92,17.51,15.02,40.04,11.3
1784,5.636574515923481,4,11.66,7.76,18.11,12.39,7.2,16.31,4.94,17.51,15.09,39.79,11.04
1785,5.636574515923481,4,11.66,7.76,18.19,12.39,7.23,16.31,4.96,17.51,15.09,39.3,11.3
1786,5.636574515923481,4,11.62,7.76,18.19,12.39,7.2,16.31,4.94,17.67,15.09,37.67,10.95
1787,5.636574515923481,4,11.62,7.76,18.19,12.44,7.2,16.31,4.94,17.59,15.09,39.79,10.82
1788,5.636574515923481,4,11.62,7.76,18.11,12.39,7.2,16.31,4.94,17.36,15.02,40.8,11.26
1789,5.636574515923481,4,11.62,7.76,18.11,12.39,7.2,16.38,4.94,17.67,15.09,39.55,10.65
1790,5.636574515923481,4,11.62,7.76,18.11,12.39,7.2,16.31,4.94,17.82,15.02,39.3,11.12
1791,5.636574515923481,4,11.3,7.67,18.04,12.29,7.14,16.17,4.88,17.67,14.96,40.29,10.87
1792,5.636574515923481,4,11.3,7.7,18.04,12.29,7.14,16.17,4.9,17.44,14.96,38.83,11.12
1793,5.636574515923481,4,11.3,7.67,18.04,12.29,7.14,16.17,4.9,17.51,14.96,39.79,11.17
1794,5.636574515923481,4,11.3,7.7,18.04,12.29,7.14,16.11,4.9,17.51,14.96,39.06,11.34
1795,5.636574515923481,4,11.35,7.7,18.04,12.29,7.14,16.04,4.9,17.44,14.96,39.55,10.95
1796,5.636574515923481,4,11.35,7.67,18.04,12.29,7.14,16.04,4.9,17.44,14.96,38.83,10.74
1797,5.636574515923481,4,11.35,7.67,17.96,12.29,7.14,16.04,4.9,17.51,14.96,39.3,10.95
1798,5.636574515923481,4,11.35,7.67,18.04,12.29,7.14,15.97,4.9,17.36,15.02,39.79,10.91
1799,5.636574515923481,4,11.44,7.7,18.43,12.44,7.14,16.24,4.92,17.82,15.29,41.58,11.12
1800,5.636574515923481,4,11.35,7.58,18.35,12.29,7.03,16.11,4.84,17.74,15.22,40.29,10.95
1801,5.644984905269979,4,11.62,7.55,18.35,12.19,7.03,16.04,4.82,17.74,15.22,40.04,10.99
1802,5.644984905269979,4,11.57,7.58,18.43,12.24,7.03,16.11,4.84,17.82,15.22,41.58,11.26
1803,5.644984905269979,4,11.39,7.46,17.88,12.05,6.94,15.78,4.78,17.36,14.89,39.06,10.29
1804,5.644984905269979,4,11.39,7.49,17.88,12.05,6.94,15.78,4.76,17.36,14.89,39.3,10.7
1805,5.644984905269979,4,11.44,7.49,18.11,12.05,6.97,15.78,4.76,17.22,14.89,39.3,10.91
1806,5.644984905269979,4,11.39,7.52,17.88,12.1,6.97,15.84,4.84,17.59,14.89,39.06,11.08
1807,5.644984905269979,4,11.39,7.49,17.88,12.05,6.97,15.71,4.78,17.29,14.83,37.22,10.78
1808,5.644984905269979,4,11.39,7.49,17.81,12.05,6.94,15.71,4.78,17.67,14.83,39.06,10.65
1809,5.644984905269979,4,11.48,7.52,17.96,12.1,6.97,15.78,4.78,17.29,14.89,38.83,11.04
1810,5.644984905269979,4,11.39,7.52,17.96,12.05,6.97,15.78,4.78,17.36,14.89,38.36,11.12
1811,5.644984905269979,4,11.39,7.49,17.88,12.1,6.94,15.78,4.78,17.36,14.96,40.29,10.49
1812,5.644984905269979,4,11.39,7.52,17.96,12.1,6.97,15.84,4.78,17.36,14.96,39.55,10.74
1813,5.644984905269979,4,11.35,7.49,17.96,12.14,7,15.78,4.78,17.36,14.96,40.54,11.04
1814,5.644984905269979,4,11.17,7.49,17.88,12.1,6.97,15.71,4.78,17.36,14.96,39.3,10.53
1815,5.644984905269979,4,11.17,7.49,17.96,12.1,6.97,15.71,4.78,17.36,14.89,39.3,10.87
1816,5.644984905269979,4,11.26,7.52,17.96,12.1,6.97,15.78,4.78,17.36,14.96,38.12,10.74
1817,5.644984905269979,4,11.39,7.52,17.96,12.1,6.97,15.78,4.78,17.36,14.96,37,10.95
1818,5.644984905269979,4,11.39,7.49,17.88,12.05,6.94,15.71,4.76,17.44,14.89,39.06,10.74
1819,5.644984905269979,4,11.35,7.49,17.88,12.05,7,15.71,4.76,17.67,14.96,39.06,10.82
1820,5.644984905269979,4,11.35,7.46,17.88,12.05,6.94,15.65,4.76,17.22,14.89,39.06,10.95
1821,5.644984905269979,4,11.35,7.46,17.88,12.05,6.94,15.65,4.76,17.36,14.89,38.36,10.99
1822,5.644984905269979,4,11.13,7.46,17.88,12.05,7,15.65,4.76,17.29,14.89,38.83,11.04
1823,5.644984905269979,4,11.13,7.49,17.88,12.05,6.97,15.71,4.78,17.22,14.89,41.84,10.91
1824,5.644984905269979,4,11.13,7.49,17.81,12.05,6.97,15.65,4.76,17.14,14.83,38.59,10.91
1825,5.644984905269979,4,11.44,7.49,17.81,12.1,6.97,15.65,4.76,17.22,14.83,38.83,10.87
1826,5.644984905269979,4,11.08,7.43,17.73,11.95,6.89,15.52,4.72,17.07,14.76,38.12,10.61
1827,5.644984905269979,4,11.04,7.4,17.73,11.9,6.86,15.45,4.7,17.14,14.76,38.59,10.91
1828,5.644984905269979,4,11.21,7.52,18.11,12.14,6.97,15.78,4.78,17.44,15.09,39.55,10.87
1829,5.644984905269979,4,11.3,7.55,18.19,12.19,7,15.84,4.8,17.89,15.15,40.04,10.91
1830,5.644984905269979,4,11.35,7.58,18.27,12.24,7.06,15.97,4.84,17.67,15.22,38.59,10.78
1831,5.644984905269979,4,11.44,7.7,18.35,12.39,7.14,16.11,4.9,17.82,15.29,39.06,11.26
1832,5.644984905269979,4,11.62,7.73,18.35,12.44,7.17,16.11,4.92,17.74,15.22,40.8,11.04
1833,5.644984905269979,4,11.62,7.7,18.35,12.39,7.14,16.04,4.9,17.67,15.22,41.05,11.08
1834,5.644984905269979,4,11.66,7.73,18.43,12.39,7.2,16.11,4.92,17.82,15.35,40.29,11.17
1835,5.644984905269979,4,11.66,7.73,18.43,12.44,7.14,16.11,4.92,17.82,15.29,40.8,11.34
1836,5.644984905269979,4,11.66,7.73,18.43,12.44,7.14,16.11,4.92,17.82,15.29,40.8,11.12
1837,5.644984905269979,4,11.62,7.73,18.35,12.44,7.17,16.04,4.92,17.74,15.29,40.04,10.99
1838,5.644984905269979,4,11.62,7.73,18.27,12.39,7.17,15.97,4.9,17.67,15.22,39.3,10.95
1839,5.644984905269979,4,11.62,7.73,18.27,12.39,7.23,15.97,4.92,17.82,15.29,41.05,11.08
1840,5.644984905269979,4,11.57,7.73,18.27,12.44,7.17,15.97,4.92,17.67,15.22,40.29,11.17
1841,5.644984905269979,4,11.57,7.73,18.27,12.39,7.14,15.97,4.9,17.67,15.29,40.04,11.26
1842,5.644984905269979,4,11.66,7.73,18.35,12.44,7.14,15.97,4.92,17.74,15.29,40.8,10.82
1843,5.644984905269979,4,11.75,7.76,18.51,12.49,7.2,16.11,4.94,17.89,15.49,40.8,11.43
1844,5.644984905269979,4,11.75,7.76,18.67,12.49,7.2,16.11,4.94,17.89,15.49,41.32,11.26
1845,5.644984905269979,4,11.75,7.76,18.51,12.49,7.2,16.11,4.94,17.97,15.49,41.32,11.21
1846,5.644984905269979,4,11.66,7.76,18.59,12.49,7.26,16.11,4.94,17.97,15.42,41.32,11.39
1847,5.644984905269979,4,11.71,7.76,18.59,12.49,7.2,16.11,4.94,18.05,15.42,40.8,11.26
1848,5.644984905269979,4,11.71,7.76,18.59,12.54,7.2,16.11,4.94,18.05,15.42,40.04,11.08
1849,5.644984905269979,4,11.71,7.76,18.51,12.44,7.2,16.11,4.94,18.05,15.35,40.8,11.3
1850,5.644984905269979,4,11.75,7.76,18.51,12.49,7.17,16.04,4.92,17.97,15.35,41.58,11.3
1851,5.644984905269979,4,11.8,7.73,18.43,12.49,7.17,16.04,4.92,17.74,15.29,41.05,11.12
1852,5.644984905269979,4,11.71,7.73,18.35,12.44,7.17,15.97,4.92,18.13,15.22,40.8,11.26
1853,5.644984905269979,4,11.62,7.73,18.27,12.39,7.14,15.91,4.9,17.82,15.15,40.29,11.08
1854,5.644984905269979,4,11.48,7.67,18.04,12.29,7.09,15.71,4.86,17.44,14.96,39.06,11.17
1855,5.644984905269979,4,11.57,7.7,18.11,12.34,7.14,15.78,4.9,17.51,15.02,39.79,11.17
1856,5.644984905269979,4,11.53,7.7,18.04,12.34,7.14,15.78,4.88,17.51,15.02,37.44,10.99
1857,5.644984905269979,4,11.39,7.7,18.04,12.34,7.11,15.71,4.88,17.36,15.02,39.79,10.99
1858,5.644984905269979,4,11.35,7.67,18.04,12.29,7.09,15.71,4.88,17.51,15.02,39.3,10.61
1859,5.644984905269979,4,11.39,7.7,18.04,12.34,7.14,15.71,4.9,17.51,15.02,39.79,11.04
1860,5.644984905269979,4,11.53,7.73,18.04,12.34,7.17,15.78,4.94,17.59,15.02,37.9,11.08
1861,5.65997489713184,4,11.62,7.64,18.11,12.24,7.11,15.71,4.86,17.67,15.09,39.79,11.12
1862,5.65997489713184,4,11.66,7.7,18.19,12.34,7.11,15.84,4.88,17.67,15.15,39.3,10.87
1863,5.65997489713184,4,11.48,7.61,17.96,12.19,7.03,15.65,4.82,17.44,14.96,39.3,11.04
1864,5.65997489713184,4,11.8,7.76,18.27,12.44,7.2,15.91,4.94,17.67,15.15,38.83,10.95
1865,5.65997489713184,4,11.75,7.76,18.19,12.44,7.2,15.84,4.94,17.74,15.15,39.55,10.87
1866,5.65997489713184,4,11.66,7.76,18.11,12.39,7.17,15.78,4.92,17.51,15.02,38.83,11.04
1867,5.65997489713184,4,11.71,7.76,18.11,12.44,7.2,15.78,4.94,17.59,15.02,39.79,11.04
1868,5.65997489713184,4,11.44,7.76,18.04,12.39,7.17,15.71,4.9,17.74,15.02,40.04,11.12
1869,5.65997489713184,4,11.53,7.76,18.11,12.49,7.17,15.78,4.92,17.67,15.09,39.79,10.91
1870,5.65997489713184,4,11.48,7.76,18.11,12.49,7.2,15.78,4.92,17.89,15.02,40.04,11.21
1871,5.65997489713184,4,11.48,7.76,18.11,12.49,7.2,15.78,4.92,17.59,15.09,40.04,11.04
1872,5.65997489713184,4,11.85,7.82,18.35,12.59,7.23,15.91,4.96,18.45,15.29,42.38,11.17
1873,5.65997489713184,4,10.09,6.55,16.86,10.91,6.02,14.01,4.11,16.36,13.96,35.31,9.66
1874,5.65997489713184,4,11.62,7.79,18.75,12.54,7.23,16.04,4.98,18.29,15.49,41.32,11.04
1875,5.65997489713184,4,10.49,6.83,17.43,11.35,6.27,14.65,4.29,17.14,14.51,38.12,10.29
1876,5.65997489713184,4,11.35,7.55,18.43,12.29,7,15.78,4.8,17.97,15.22,40.29,11.08
1877,5.65997489713184,4,11.44,7.49,18.35,12.19,6.92,15.71,4.76,17.82,15.15,40.8,10.78
1878,5.65997489713184,4,11.26,7.49,18.35,12.19,6.94,15.71,4.76,17.89,15.22,41.05,11.08
1879,5.65997489713184,4,11.48,7.67,18.59,12.44,7.09,15.97,4.88,18.13,15.42,40.54,10.57
1880,5.65997489713184,4,11.39,7.58,18.51,12.34,7.03,15.78,4.82,18.05,15.42,40.8,11.21
1881,5.65997489713184,4,11.94,7.64,18.51,12.39,7.06,15.84,4.84,18.21,15.49,40.8,11.34
1882,5.65997489713184,4,11.44,7.64,18.51,12.39,7.06,15.84,4.84,18.21,15.49,41.05,10.7
1883,5.65997489713184,4,11.44,7.61,18.59,12.34,7.06,15.84,4.84,18.13,15.49,41.05,11.04
1884,5.65997489713184,4,11.3,7.31,18.19,11.95,6.78,15.39,4.62,17.59,15.15,38.83,10.74
1885,5.65997489713184,4,11.71,7.64,18.59,12.34,7.09,15.91,4.86,18.13,15.49,41.32,11.21
1886,5.65997489713184,4,11.71,7.67,18.67,12.39,7.11,15.97,4.86,18.13,15.49,42.38,11.04
1887,5.65997489713184,4,11.66,7.61,18.51,12.29,7.03,15.84,4.82,17.82,15.42,40.04,10.91
1888,5.65997489713184,4,11.26,7.28,18.19,11.9,6.72,15.33,4.6,17.74,15.15,40.04,10.7
1889,5.65997489713184,4,11.71,7.67,18.59,12.39,7.11,15.97,4.86,18.21,15.49,41.58,11.21
1890,5.65997489713184,4,12.08,7.7,18.75,12.44,7.14,15.97,4.9,18.29,15.56,41.05,11.04
1891,5.65997489713184,4,11.85,7.58,18.51,12.29,7.03,15.78,4.8,18.53,15.42,40.8,10.99
1892,5.65997489713184,4,10.62,6.83,17.73,11.3,6.3,14.71,4.29,17.82,14.7,38.36,10.29
1893,5.65997489713184,4,11.66,7.49,18.51,12.14,6.92,15.78,4.74,18.53,15.29,41.05,10.95
1894,5.65997489713184,4,11.57,7.4,18.43,12.1,6.83,15.58,4.68,18.53,15.22,39.79,10.95
1895,5.65997489713184,4,11.66,7.43,18.43,12.1,6.86,15.65,4.7,18.45,15.22,40.29,10.78
1896,5.65997489713184,4,11.57,7.43,18.43,12.1,6.86,15.65,4.7,18.53,15.22,42.11,10.82
1897,5.65997489713184,4,11.08,7.34,18.35,12,6.78,15.45,4.64,18.45,15.15,40.04,10.74
1898,5.65997489713184,4,11.8,7.64,18.59,12.34,7.06,15.91,4.84,18.69,15.42,41.05,11.17
1899,5.65997489713184,4,11.66,7.67,18.67,12.39,7.09,15.97,4.86,18.61,15.49,41.32,11.3
1900,5.65997489713184,4,10.33,6.66,17.66,11.08,6.14,14.47,4.2,17.74,14.57,37.9,9.81
1901,5.65997489713184,4,10.45,6.74,17.81,11.22,6.22,14.65,4.24,17.82,14.63,38.36,10.17
1902,5.65997489713184,4,10.66,6.74,17.81,11.17,6.22,14.71,4.24,17.67,14.7,37.67,10.13
1903,5.65997489713184,4,11.71,7.67,18.75,12.44,7.14,16.11,4.88,18.77,15.56,41.32,11.12
1904,5.65997489713184,4,11.53,7.67,18.83,12.44,7.14,16.04,4.88,18.94,15.49,41.84,11.08
1905,5.65997489713184,4,11.39,7.43,18.43,12.14,6.86,15.65,4.68,18.45,15.22,40.8,10.74
1906,5.65997489713184,4,11.57,7.58,18.67,12.34,7.03,15.84,4.8,18.69,15.42,41.58,11.17
1907,5.65997489713184,4,11.66,7.67,18.75,12.39,7.09,15.91,4.86,18.69,15.49,38.83,11.26
1908,5.65997489713184,4,11.53,7.67,18.75,12.44,7.14,15.97,4.86,18.77,15.49,41.32,11.21
1909,5.65997489713184,4,11.57,7.73,18.83,12.49,7.17,16.04,4.92,18.94,15.56,41.84,11.43
1910,5.65997489713184,4,11.53,7.67,18.75,12.44,7.11,15.97,4.88,18.77,15.56,42.11,11.26
1911,5.65997489713184,4,11.48,7.64,18.67,12.39,7.09,15.84,4.86,18.69,15.49,41.58,11.17
1912,5.65997489713184,4,11.57,7.7,18.75,12.44,7.14,15.97,4.9,18.85,15.56,41.58,11.26
1913,5.65997489713184,4,11.48,7.67,18.75,12.49,7.09,15.84,4.86,18.69,15.49,41.05,11.26
1914,5.65997489713184,4,11.48,7.64,18.67,12.39,7.06,15.84,4.84,18.77,15.49,41.32,11.12
1915,5.65997489713184,4,11.99,7.7,18.75,12.49,7.14,15.91,4.88,19.19,15.56,41.58,11.21
1916,5.65997489713184,4,12.04,7.73,18.75,12.49,7.17,15.97,4.92,18.77,15.56,41.84,11.21
1917,5.65997489713184,4,11.99,7.7,18.67,12.49,7.14,15.91,4.88,18.69,15.56,41.05,11.12
1918,5.65997489713184,4,11.94,7.7,18.75,12.49,7.14,15.91,4.88,18.53,15.49,43.5,11.3
1919,5.65997489713184,4,11.94,7.67,18.75,12.44,7.11,15.91,4.88,18.45,15.56,41.58,11.08
1920,5.65997489713184,4,11.94,7.7,18.75,12.44,7.14,15.84,4.88,18.53,15.56,42.38,11.21
1921,5.683538089942097,4,12.04,7.76,18.83,12.54,7.2,15.97,4.92,18.85,15.63,42.38,11.48
1922,5.683538089942097,4,11.99,7.79,18.83,12.59,7.23,15.97,4.94,18.61,15.63,42.11,11.34
1923,5.683538089942097,4,11.99,7.76,18.83,12.59,7.2,15.97,4.92,18.29,15.63,41.58,11.04
1924,5.683538089942097,4,12.04,7.79,18.83,12.59,7.23,16.04,4.94,18.37,15.63,40.29,11.21
1925,5.683538089942097,4,11.99,7.76,18.75,12.54,7.2,15.91,4.92,18.37,15.63,41.84,11.57
1926,5.683538089942097,4,10.83,6.72,17.66,11.22,6.19,14.47,4.24,17.36,14.63,39.3,10.21
1927,5.683538089942097,4,10.7,6.66,17.66,11.13,6.12,14.42,4.18,17.29,14.63,37.22,10.17
1928,5.683538089942097,4,12.04,7.37,18.35,12.05,7.2,16.11,4.94,18.45,15.7,41.58,10.99
1929,5.683538089942097,4,11.8,7.73,18.83,12.54,7.17,15.97,4.9,18.37,15.63,43.5,11.43
1930,5.683538089942097,4,11.85,7.73,18.83,12.54,7.2,15.97,4.92,18.45,15.63,41.84,11.3
1931,5.683538089942097,4,11.89,7.79,18.91,12.64,7.26,16.04,4.94,18.85,15.7,44.37,11.48
1932,5.683538089942097,4,11.62,7.7,18.59,12.54,7.09,15.91,4.84,18.77,15.56,42.11,11.34
1933,5.683538089942097,4,11.85,7.64,18.67,12.44,6.97,15.78,4.84,18.69,15.49,41.58,11.08
1934,5.683538089942097,4,11.99,7.7,18.75,12.49,7.17,15.91,4.9,18.77,15.56,42.11,11.34
1935,5.683538089942097,4,11.99,7.73,18.83,12.59,7.2,15.97,4.92,18.45,15.63,42.11,11.26
1936,5.683538089942097,4,12.08,7.76,18.83,12.59,7.2,15.97,4.94,18.53,15.63,42.11,11.57
1937,5.683538089942097,4,11.99,7.7,18.75,12.54,7.14,15.91,4.9,18.61,15.56,41.84,11.43
1938,5.683538089942097,4,11.89,7.64,18.67,12.39,7.09,15.78,4.86,18.53,15.49,40.04,11.43
1939,5.683538089942097,4,11.94,7.67,18.75,12.49,7.14,15.84,4.86,18.53,15.56,42.38,11.21
1940,5.683538089942097,4,11.94,7.67,18.67,12.49,7.11,15.84,4.88,18.69,15.56,42.38,11.39
1941,5.683538089942097,4,11.94,7.7,18.75,12.49,7.14,15.91,4.88,18.85,15.56,41.84,11.43
1942,5.683538089942097,4,11.94,7.7,18.75,12.54,7.14,15.91,4.9,18.69,15.56,41.84,11.57
1943,5.683538089942097,4,11.85,7.64,18.67,12.44,7.09,15.84,4.84,18.53,15.49,40.54,10.87
1944,5.683538089942097,4,11.89,7.67,18.75,12.49,7.14,15.84,4.86,18.37,15.56,42.11,10.99
1945,5.683538089942097,4,11.75,7.64,18.67,12.44,7.09,15.84,4.86,18.21,15.56,42.11,11.17
1946,5.683538089942097,4,11.94,7.67,18.75,12.49,7.14,15.91,4.88,18.37,15.56,41.32,11.12
1947,5.683538089942097,4,11.94,7.7,18.75,12.54,7.14,15.91,4.88,18.45,15.56,41.05,11.21
1948,5.683538089942097,4,11.89,7.7,18.75,12.49,7.2,15.91,4.88,18.77,15.56,40.8,11.48
1949,5.683538089942097,4,11.57,7.46,18.43,12.24,6.86,15.45,4.72,18.13,15.29,40.54,11.17
1950,5.683538089942097,4,11.04,6.91,18.04,11.49,6.4,14.83,4.39,17.67,14.89,38.59,10.74
1951,5.683538089942097,4,10.74,6.69,17.58,11.22,6.14,14.42,4.18,17.67,14.63,38.12,9.93
1952,5.683538089942097,4,11.99,7.73,18.83,12.54,7.17,15.97,4.9,18.45,15.56,46.83,11.12
1953,5.683538089942097,4,10.87,6.77,17.73,11.3,6.25,14.59,4.26,17.44,14.7,38.83,10.09
1954,5.683538089942097,4,11.53,7.28,18.19,12,6.81,15.33,4.6,17.97,15.15,41.32,11.12
1955,5.683538089942097,4,10.83,6.74,17.73,11.26,6.22,14.53,4.24,17.44,14.63,38.36,10.21
1956,5.683538089942097,4,10.66,6.58,17.66,11.04,6.07,14.36,4.15,17.36,14.51,37.67,10.21
1957,5.683538089942097,4,10.78,6.69,17.73,11.17,6.14,14.53,4.2,17.44,14.63,38.59,10.01
1958,5.683538089942097,4,10.7,6.58,17.66,11.08,6.09,14.42,4.16,17.36,14.57,36.35,10.17
1959,5.683538089942097,4,11.89,7.61,18.83,12.44,7.09,15.91,4.84,18.29,15.49,41.32,11.12
1960,5.683538089942097,4,11.89,7.64,18.75,12.44,7.09,15.91,4.84,18.29,15.49,41.05,11.12
1961,5.683538089942097,4,11.89,7.64,18.83,12.49,7.11,15.84,4.86,18.29,15.49,41.84,11.52
1962,5.683538089942097,4,11.89,7.61,18.75,12.44,7.09,15.78,4.84,18.21,15.49,41.32,11.3
1963,5.683538089942097,4,11.85,7.58,18.67,12.39,7.03,15.71,4.82,18.21,15.42,41.84,11.3
1964,5.683538089942097,4,11.85,7.58,18.67,12.39,7.06,15.71,4.82,20.52,15.42,41.58,10.91
1965,5.683538089942097,4,11.89,7.64,18.75,12.44,7.09,15.78,4.84,20.89,15.42,42.66,11.43
1966,5.683538089942097,4,11.89,7.64,18.75,12.49,7.09,15.78,4.84,18.37,15.49,42.11,10.91
1967,5.683538089942097,4,11.89,7.61,18.75,12.44,7.09,15.78,4.84,18.21,15.49,42.11,11.3
1968,5.683538089942097,4,11.8,7.52,18.67,12.34,7,15.65,4.78,18.21,15.42,40.04,10.82
1969,5.683538089942097,4,11.85,7.58,18.67,12.39,7.06,15.71,4.84,18.37,15.49,41.58,10.95
1970,5.683538089942097,4,11.94,7.61,18.67,12.44,7.09,15.78,4.84,18.37,15.49,41.32,11.34
1971,5.683538089942097,4,11.89,7.58,18.67,12.44,7.09,15.71,4.84,18.29,15.49,40.54,11.08
1972,5.683538089942097,4,11.94,7.64,18.75,12.49,7.11,15.78,4.86,21.77,15.49,41.58,11.17
1973,5.683538089942097,4,11.89,7.61,18.67,12.49,7.11,15.84,4.86,18.37,15.49,41.05,11.08
1974,5.683538089942097,4,11.94,7.58,18.59,12.44,7.09,15.71,4.84,18.37,15.49,41.32,11.12
1975,5.683538089942097,4,11.85,7.58,18.67,12.44,7.06,15.71,4.84,18.53,15.42,41.32,11.43
1976,5.683538089942097,4,11.89,7.61,18.75,12.49,7.11,15.78,4.86,18.45,15.49,40.54,11.34
1977,5.683538089942097,4,11.85,7.58,18.67,12.44,7.06,15.71,4.82,18.37,15.42,39.55,11.17
1978,5.683538089942097,4,11.89,7.61,18.75,12.44,7.09,15.71,4.84,18.37,15.49,40.8,10.74
1979,5.683538089942097,4,11.85,7.58,18.67,12.49,7.09,15.71,4.86,18.45,15.42,40.29,11.26
1980,5.683538089942097,4,11.85,7.52,18.59,12.44,7.06,15.65,4.84,18.45,15.42,41.32,11.17
1981,5.723414046731876,4,11.85,7.58,18.83,12.49,7.09,15.71,4.86,18.45,15.49,41.05,10.87
1982,5.723414046731876,4,11.85,7.55,18.67,12.44,7.09,15.71,4.84,18.45,15.42,41.32,11.08
1983,5.723414046731876,4,11.8,7.55,18.67,12.44,7.09,15.65,4.84,18.53,15.42,41.32,11.43
1984,5.723414046731876,4,11.71,7.52,18.59,12.44,7.03,15.65,4.82,18.29,15.42,43.5,11.34
1985,5.723414046731876,4,11.85,7.52,18.59,12.44,7.06,15.65,4.82,18.37,15.42,42.38,11.08
1986,5.723414046731876,4,11.85,7.55,18.67,12.44,7.06,15.65,4.84,18.37,15.49,41.58,11.48
1987,5.723414046731876,4,11.75,7.46,18.51,12.34,7,15.58,4.78,18.21,15.42,41.05,11.3
1988,5.723414046731876,4,11.85,7.52,18.59,12.44,7.06,15.65,4.82,18.37,15.49,41.84,10.87
1989,5.723414046731876,4,11.8,7.52,18.59,12.44,7.03,15.58,4.82,18.37,15.42,41.32,11.26
1990,5.723414046731876,4,11.8,7.52,18.59,12.39,7.03,15.58,4.82,20.06,15.49,40.29,11.08
1991,5.723414046731876,4,11.8,7.55,18.67,12.39,7.06,15.65,4.82,18.45,15.49,42.11,10.87
1992,5.723414046731876,4,11.75,7.49,18.51,12.39,7,15.58,4.78,18.29,15.42,40.54,11.08
1993,5.723414046731876,4,11.85,7.52,18.59,12.39,7.06,15.58,4.82,18.37,15.49,40.8,11.12
1994,5.723414046731876,4,11.85,7.52,18.59,12.39,7.06,15.58,4.82,18.45,15.49,41.05,11.21
1995,5.723414046731876,4,11.71,7.52,18.59,12.39,7.03,15.58,4.82,18.37,15.42,41.05,11.21
1996,5.723414046731876,4,11.85,7.52,18.59,12.44,7.03,15.65,4.82,18.37,15.49,41.05,10.95
1997,5.723414046731876,4,11.21,6.99,17.73,11.67,6.56,15.26,4.46,17.59,14.89,39.55,10.53
1998,5.723414046731876,4,11.85,7.55,18.59,12.44,7.06,16.44,4.84,18.53,15.49,40.54,11.21
1999,5.723414046731876,4,11.89,7.58,18.67,12.44,7.09,15.65,4.84,18.61,15.49,40.54,10.91
2000,5.723414046731876,4,11.94,7.58,18.67,12.49,7.09,15.65,4.84,18.45,15.49,40.8,11.04
2001,5.723414046731876,4,11.85,7.55,18.67,12.44,7.09,15.84,4.84,18.53,15.49,40.8,10.91
2002,5.723414046731876,4,11.89,7.55,18.67,12.44,7.09,15.58,4.84,18.53,15.49,40.8,11.3
2003,5.723414046731876,4,11.89,7.55,18.67,12.44,7.09,15.58,4.84,19.36,15.49,40.54,11.17
2004,5.723414046731876,4,11.89,7.58,18.67,12.49,7.11,15.65,4.86,21.47,15.49,39.55,11.08
2005,5.723414046731876,4,11.85,7.61,18.59,12.59,7.09,15.65,4.86,18.37,15.49,40.29,11.43
2006,5.723414046731876,4,11.94,7.61,18.67,12.49,7.11,15.65,4.86,18.45,15.56,40.04,11.34
2007,5.723414046731876,4,11.94,7.61,18.67,12.49,7.11,15.65,4.88,18.37,15.49,40.04,11.39
2008,5.723414046731876,4,11.8,7.55,18.67,12.44,7.09,15.58,4.84,18.45,15.49,40.8,10.74
2009,5.723414046731876,4,11.89,7.58,18.67,12.44,7.09,15.65,4.84,18.85,15.49,43.5,11.3
2010,5.723414046731876,4,11.85,7.55,18.59,12.44,7.06,15.58,4.84,18.37,15.42,38.36,11.3
2011,5.723414046731876,4,11.89,7.58,18.67,12.49,7.11,15.65,4.86,18.45,15.49,40.04,11.3
2012,5.723414046731876,4,11.89,7.58,18.67,12.49,7.09,15.65,4.86,18.77,15.49,42.66,11.26
2013,5.723414046731876,4,11.94,7.64,18.67,12.49,7.11,15.97,4.86,18.45,15.56,39.79,11.3
2014,5.723414046731876,4,11.85,7.55,18.67,12.44,7.06,15.84,4.84,18.45,15.49,39.79,11.12
2015,5.723414046731876,4,11.8,7.55,18.59,12.44,7.06,15.52,4.82,18.21,15.49,40.54,11.17
2016,5.723414046731876,4,11.85,7.55,18.59,12.44,7.06,15.52,4.84,18.37,15.49,41.58,10.99
2017,5.723414046731876,4,11.85,7.55,18.67,12.44,7.06,15.58,4.84,18.37,15.49,40.29,11.21
2018,5.723414046731876,4,11.85,7.58,18.67,12.49,7.09,15.71,4.84,18.77,15.56,41.05,11.17
2019,5.723414046731876,4,11.85,7.58,18.67,12.49,7.09,15.97,4.84,18.37,15.49,40.54,10.99
2020,5.723414046731876,4,11.89,7.61,18.67,12.54,7.11,15.58,4.88,18.37,15.56,39.79,11.08
2021,5.723414046731876,4,11.85,7.58,18.67,12.49,7.09,15.84,4.86,18.21,15.56,41.32,11.12
2022,5.723414046731876,4,11.89,7.61,18.67,12.49,7.11,15.91,4.86,18.53,15.56,42.11,11.04
2023,5.723414046731876,4,11.85,7.58,18.67,12.44,7.14,15.58,4.86,18.29,15.49,41.05,11.08
2024,5.723414046731876,4,11.85,7.61,18.83,12.49,7.09,15.58,4.86,18.53,15.56,40.54,11.08
2025,5.723414046731876,4,11.85,7.61,18.59,12.49,7.09,15.71,4.86,18.37,15.56,40.04,11.08
2026,5.723414046731876,4,11.89,7.61,18.67,12.54,7.11,15.84,4.88,18.45,15.56,40.8,11.17
2027,5.723414046731876,4,11.71,7.46,18.51,12.34,6.97,15.45,4.78,18.21,15.42,41.58,10.91
2028,5.723414046731876,4,11.8,7.55,18.67,12.54,7.06,15.52,4.84,18.37,15.49,41.05,11.04
2029,5.723414046731876,4,11.75,7.52,18.59,12.39,7.03,15.45,4.82,18.37,15.49,41.05,10.99
2030,5.723414046731876,4,11.8,7.55,18.59,12.39,7.03,15.52,4.82,18.37,15.49,41.32,10.91
2031,5.723414046731876,4,11.8,7.55,18.59,12.44,7.06,15.52,4.82,18.29,15.49,40.8,11.12
2032,5.723414046731876,4,11.8,7.55,18.67,12.44,7.06,15.52,4.84,18.37,15.49,41.32,11.08
2033,5.723414046731876,4,11.75,7.52,18.59,12.39,7.03,15.52,4.8,18.37,15.49,41.58,10.95
2034,5.723414046731876,4,11.75,7.58,18.67,12.44,7.06,15.91,4.84,18.37,15.56,40.8,10.99
2035,5.723414046731876,4,11.85,7.58,18.67,12.44,7.09,15.65,4.84,18.61,15.49,41.05,11.12
2036,5.723414046731876,4,11.89,7.61,18.67,12.54,7.09,15.91,4.86,18.45,15.56,41.58,10.95
2037,5.723414046731876,4,11.85,7.58,18.67,12.49,7.09,15.52,4.84,18.45,15.49,41.32,10.99
2038,5.723414046731876,4,11.8,7.61,18.67,12.54,7.09,15.97,4.86,18.53,15.56,41.05,10.99
2039,5.723414046731876,4,10.7,6.66,17.66,11.26,6.17,14.71,4.22,17.44,14.63,37.44,10.05
2040,5.723414046731876,4,10.66,6.58,17.58,11.17,6.14,14.59,4.16,17.36,14.57,37.67,9.97
2041,5.731030382283858,4,10.66,6.55,17.58,11.13,6.09,14.3,4.16,17.22,14.57,37.44,9.97
2042,5.731030382283858,4,10.91,6.74,17.88,11.35,6.27,14.59,4.29,17.74,14.7,38.12,10.25
2043,5.731030382283858,4,11.89,7.49,18.75,12.44,7.03,15.71,4.82,18.45,15.49,41.05,11.43
2044,5.731030382283858,4,11.85,7.49,18.67,12.49,7.03,15.71,4.82,18.37,15.42,41.32,11.34
2045,5.731030382283858,4,11.85,7.49,18.59,12.44,7.03,15.71,4.8,18.29,15.49,42.11,11.08
2046,5.731030382283858,4,11.85,7.49,18.59,12.44,7.06,15.78,4.82,18.45,15.49,41.58,11.34
2047,5.731030382283858,4,11.89,7.52,18.75,12.49,7.09,15.78,4.84,18.45,15.49,42.66,11.12
2048,5.731030382283858,4,11.71,7.43,18.59,12.39,7,15.65,4.78,18.37,15.42,41.32,11.04
2049,5.731030382283858,4,11.8,7.49,18.59,12.44,7.06,15.71,4.82,18.61,15.49,41.58,11.26
2050,5.731030382283858,4,11.75,7.49,18.67,12.49,7.06,15.65,4.84,18.61,15.49,42.66,11.08
2051,5.731030382283858,4,11.85,7.52,18.67,12.49,7.09,15.71,4.86,18.45,15.56,41.84,11.34
2052,5.731030382283858,4,11.85,7.49,18.67,12.49,7.09,15.65,4.84,18.45,15.49,41.05,11.12
2053,5.731030382283858,4,11.85,7.49,18.67,12.44,7.06,15.65,4.84,18.53,15.49,41.58,11.3
2054,5.731030382283858,4,11.85,7.49,18.59,12.44,7.06,15.65,4.82,18.45,15.49,41.32,11.12
2055,5.731030382283858,4,11.75,7.43,18.51,12.39,6.97,15.58,4.78,18.45,15.42,41.32,11.08
2056,5.731030382283858,4,11.85,7.49,18.67,12.49,7.09,15.71,4.84,18.53,15.56,42.66,11.3
2057,5.731030382283858,4,11.89,7.49,18.67,12.44,7.09,15.65,4.84,20.06,15.49,41.32,11.34
2058,5.731030382283858,4,11.89,7.52,18.59,12.49,7.06,15.71,4.84,18.61,15.56,41.32,11.04
2059,5.731030382283858,4,11.85,7.52,18.59,12.49,7.09,15.71,4.84,18.61,15.56,41.84,10.82
2060,5.731030382283858,4,11.89,7.52,18.67,12.49,7.11,15.84,4.86,18.61,15.56,38.83,11.17
2061,5.731030382283858,4,11.99,7.52,18.59,12.49,7.09,15.71,4.86,18.69,15.56,41.32,11.3
2062,5.731030382283858,4,11.94,7.52,18.59,12.49,7.11,15.65,4.86,19.02,15.49,46.51,11.34
2063,5.731030382283858,4,11.99,7.58,18.67,12.54,7.14,15.71,4.88,18.61,15.56,40.8,11.3
2064,5.731030382283858,4,11.94,7.55,18.59,12.54,7.11,15.65,4.86,18.61,15.56,45.57,10.87
2065,5.731030382283858,4,11.89,7.58,18.67,12.54,7.14,15.71,4.88,18.77,15.63,41.84,11.34
2066,5.731030382283858,4,11.94,7.55,18.67,12.54,7.11,15.91,4.88,18.53,15.56,41.58,11.08
2067,5.731030382283858,4,12.04,7.58,18.67,12.54,7.14,15.91,4.9,18.53,15.63,41.84,11.39
2068,5.731030382283858,4,12.04,7.58,18.67,12.59,7.14,15.91,4.88,18.61,15.56,42.11,11.3
2069,5.731030382283858,4,11.99,7.58,18.67,12.59,7.14,15.65,4.9,18.69,15.56,41.32,11.43
2070,5.731030382283858,4,11.94,7.61,18.59,12.59,7.14,15.65,4.9,18.77,15.56,42.11,11.34
2071,5.731030382283858,4,11.99,7.61,18.67,12.59,7.17,15.71,4.9,18.61,15.56,40.29,11.08
2072,5.731030382283858,4,12.04,7.61,18.67,12.59,7.17,15.65,4.9,19.36,15.63,43.22,11.21
2073,5.731030382283858,4,12.04,7.61,18.67,12.59,7.14,15.65,4.9,18.94,15.63,41.84,10.95
2074,5.731030382283858,4,11.53,7.22,18.27,12.1,6.78,15.08,4.64,18.45,15.22,41.58,10.61
2075,5.731030382283858,4,11.66,7.28,18.35,12.14,6.83,15.2,4.68,18.53,15.29,40.54,10.61
2076,5.731030382283858,4,11.48,7.14,18.11,12,6.7,15.02,4.58,18.21,15.15,39.3,10.82
2077,5.731030382283858,4,11.48,7.14,18.19,11.95,6.7,15.02,4.58,18.29,15.09,39.55,10.87
2078,5.731030382283858,4,11.62,7.28,18.35,12.14,6.83,15.2,4.68,18.53,15.22,40.04,10.99
2079,5.731030382283858,4,11.94,7.52,18.59,12.44,7.06,15.52,4.84,18.77,15.42,40.54,11.43
2080,5.731030382283858,4,11.99,7.58,18.59,12.49,7.09,15.58,4.86,18.77,15.49,40.8,10.78
2081,5.731030382283858,4,12.04,7.76,18.67,12.54,7.11,15.58,4.88,18.77,15.49,41.32,11.39
2082,5.731030382283858,4,11.94,7.7,18.59,12.49,7.09,15.52,4.84,18.77,15.49,46.19,11.26
2083,5.731030382283858,4,11.94,7.73,18.59,12.49,7.09,15.58,4.86,18.77,15.42,41.32,11.3
2084,5.731030382283858,4,11.99,7.73,18.59,12.54,7.09,15.52,4.86,19.27,15.49,41.58,11.34
2085,5.731030382283858,4,11.99,7.7,18.67,12.59,7.14,15.58,4.88,18.94,15.56,41.05,11.3
2086,5.731030382283858,4,11.99,7.67,18.59,12.54,7.11,15.45,4.88,18.85,15.49,41.84,11.04
2087,5.731030382283858,4,11.94,7.67,18.67,12.59,7.14,15.58,4.9,18.94,15.56,42.38,10.91
2088,5.731030382283858,4,11.94,7.64,18.67,12.54,7.09,15.45,4.86,19.02,15.49,41.32,10.87
2089,5.731030382283858,4,11.94,7.61,18.59,12.49,7.06,15.45,4.84,18.94,15.49,41.84,11.08
2090,5.731030382283858,4,11.99,7.7,18.67,12.59,7.14,15.58,4.9,18.94,15.56,41.58,11.43
2091,5.731030382283858,4,12.04,7.76,18.75,12.69,7.2,15.65,4.94,18.94,15.63,41.84,11.43
2092,5.731030382283858,4,11.62,7.7,18.59,12.64,7.14,15.58,4.9,18.94,15.56,42.11,11.34
2093,5.731030382283858,4,11.62,7.7,18.75,12.64,7.17,15.58,4.9,18.94,15.56,42.11,11.21
2094,5.731030382283858,4,11.99,7.7,18.67,12.64,7.14,15.58,4.9,19.1,15.56,40.8,11.17
2095,5.731030382283858,4,11.99,7.64,18.59,12.54,7.11,15.52,4.88,19.1,15.56,41.58,11.17
2096,5.731030382283858,4,12.04,7.67,18.59,12.54,7.14,15.52,4.88,18.85,15.56,41.32,11.12
2097,5.731030382283858,4,11.99,7.67,18.67,12.59,7.14,15.52,4.88,18.77,15.56,42.11,10.91
2098,5.731030382283858,4,11.99,7.7,18.67,12.59,7.14,15.52,4.9,18.69,15.56,41.84,11.12
2099,5.731030382283858,4,11.94,7.61,18.59,12.49,7.09,15.39,4.86,19.02,15.49,41.32,11.17
2100,5.731030382283858,4,11.99,7.61,18.67,12.49,7.09,15.39,4.84,18.85,15.49,41.58,11.12
2101,5.746957728968659,4,11.94,7.61,18.59,12.54,7.09,15.39,4.84,18.85,15.49,41.58,10.99
2102,5.746957728968659,4,11.89,7.61,18.51,12.49,7.06,15.33,4.82,18.77,15.49,41.84,11.08
2103,5.746957728968659,4,11.89,7.64,18.59,12.54,7.06,15.39,4.84,18.85,15.49,40.54,10.82
2104,5.746957728968659,4,11.94,7.61,18.51,12.49,7.06,15.39,4.84,18.77,15.42,41.05,11.04
2105,5.746957728968659,4,11.99,7.64,18.59,12.54,7.11,15.39,4.86,18.85,15.49,40.54,11.21
2106,5.746957728968659,4,11.85,7.64,18.59,12.49,7.09,15.39,4.84,18.85,15.42,41.05,10.82
2107,5.746957728968659,4,11.99,7.64,18.59,12.54,7.09,15.39,4.84,18.94,15.49,41.05,11.08
2108,5.746957728968659,4,11.99,7.64,18.59,12.54,7.11,15.39,4.86,18.85,15.42,41.32,11.08
2109,5.746957728968659,4,11.94,7.64,18.51,12.49,7.09,15.39,4.84,18.85,15.42,41.32,11.08
2110,5.746957728968659,4,11.89,7.67,18.51,12.54,7.11,15.39,4.86,18.85,15.49,41.84,11.04
2111,5.746957728968659,4,11.99,7.64,18.51,12.54,7.09,15.33,4.86,18.85,15.49,41.58,11.12
2112,5.746957728968659,4,11.99,7.64,18.51,12.49,7.09,15.33,4.84,18.85,15.49,41.32,11.3
2113,5.746957728968659,4,11.99,7.7,18.59,12.59,7.11,15.45,4.88,18.94,15.49,41.58,11.34
2114,5.746957728968659,4,11.99,7.7,18.51,12.59,7.11,15.39,4.88,18.94,15.49,41.32,11.39
2115,5.746957728968659,4,11.89,7.67,18.51,12.54,7.09,15.39,4.86,18.85,15.42,41.05,11.21
2116,5.746957728968659,4,11.89,7.67,18.51,12.54,7.11,15.45,4.86,18.85,15.49,41.05,11.3
2117,5.746957728968659,4,12.04,7.7,18.59,12.59,7.14,15.52,4.9,18.85,15.49,40.8,11.43
2118,5.746957728968659,4,11.99,7.7,18.59,12.64,7.11,15.52,4.9,18.94,15.56,42.94,11.26
2119,5.746957728968659,4,11.44,7.28,18.04,12.1,6.75,14.95,4.62,18.45,15.15,38.59,10.82
2120,5.746957728968659,4,11.8,7.55,18.43,12.39,7,15.33,4.78,18.77,15.35,40.8,11.39
2121,5.746957728968659,4,12.04,7.67,18.51,12.59,7.14,15.39,4.9,18.77,15.49,41.32,11.34
2122,5.746957728968659,4,11.8,7.58,18.43,12.44,7.03,15.14,4.8,18.77,15.35,41.32,11.21
2123,5.746957728968659,4,11.85,7.92,18.43,12.49,7.06,15.2,4.82,18.77,15.35,39.06,11.21
2124,5.746957728968659,4,11.89,7.79,18.43,12.44,7,15.33,4.8,18.69,15.35,41.05,11.21
2125,5.746957728968659,4,11.85,7.98,18.43,12.44,7.03,15.39,4.8,18.94,15.35,40.8,11.12
2126,5.746957728968659,4,11.85,7.61,18.43,12.49,7.06,15.39,4.84,18.77,15.42,41.05,11.12
2127,5.746957728968659,4,11.85,7.64,18.35,12.39,7,15.33,4.8,18.77,15.35,41.05,11.26
2128,5.746957728968659,4,11.89,7.67,18.43,12.49,7.06,15.39,4.82,18.85,15.35,40.8,11.08
2129,5.746957728968659,4,11.3,7.22,17.96,11.9,6.61,14.95,4.5,18.29,14.96,39.3,10.78
2130,5.746957728968659,4,11.89,7.85,18.43,12.54,7.06,15.58,4.82,18.94,15.42,39.79,10.74
2131,5.746957728968659,4,11.94,8.17,18.51,12.54,7.09,15.39,4.84,18.77,15.49,41.58,11.26
2132,5.746957728968659,4,11.94,8.17,18.51,12.54,7.06,15.58,4.84,19.02,15.42,40.8,11.17
2133,5.746957728968659,4,11.94,8.11,18.51,12.59,7.09,15.52,4.84,19.1,15.42,40.04,11.21
2134,5.746957728968659,4,11.94,8.11,18.51,12.59,7.09,15.65,4.86,19.19,15.49,41.58,11.26
2135,5.746957728968659,4,11.99,8.11,18.51,12.59,7.11,15.71,4.86,19.19,15.49,41.32,11.39
2136,5.746957728968659,4,11.94,8.07,18.43,12.59,7.09,15.71,4.84,19.1,15.42,42.38,11.26
2137,5.746957728968659,4,11.94,8.14,18.51,12.59,7.11,15.2,4.86,19.1,15.49,41.32,11.04
2138,5.746957728968659,4,11.94,8.14,18.51,12.59,7.11,15.2,4.86,19.1,15.49,41.58,11.43
2139,5.746957728968659,4,11.99,8.14,18.59,12.59,7.11,15.84,4.86,19.02,15.49,41.58,11.34
2140,5.746957728968659,4,11.99,8.17,18.51,12.59,7.11,15.14,4.86,19.27,15.42,41.58,11.26
2141,5.746957728968659,4,11.99,8.11,18.51,12.54,7.09,15.14,4.84,19.27,15.42,41.58,11.12
2142,5.746957728968659,4,11.99,8.07,18.43,12.54,7.06,15.14,4.82,19.27,15.42,41.58,10.99
2143,5.746957728968659,4,11.94,8.11,18.51,12.54,7.06,15.2,4.82,18.94,15.42,42.38,11.21
2144,5.746957728968659,4,11.89,8.07,18.51,12.59,7.11,15.2,4.86,18.94,15.42,41.58,11.43
2145,5.746957728968659,4,11.99,8.11,18.51,12.59,7.11,15.26,4.86,19.02,15.42,42.38,11.48
2146,5.746957728968659,4,12.04,7.73,18.43,12.59,7.14,15.33,4.88,19.02,15.42,41.32,11.39
2147,5.746957728968659,4,11.99,7.92,18.43,12.59,7.11,15.14,4.86,19.02,15.42,41.32,11.26
2148,5.746957728968659,4,12.04,8.01,18.59,12.69,7.14,15.2,4.88,19.02,15.49,41.58,11.34
2149,5.746957728968659,4,11.99,8.11,18.59,12.64,7.11,15.08,4.86,19.02,15.42,41.58,11.39
2150,5.746957728968659,4,11.94,8.04,18.51,12.54,7.06,15.02,4.82,18.94,15.35,41.84,10.65
2151,5.746957728968659,4,11.99,8.04,18.43,12.54,7.06,15.02,4.82,18.94,15.35,41.58,11.34
2152,5.746957728968659,4,11.94,8.04,18.51,12.59,7.14,15.08,4.86,19.1,15.42,41.58,11.48
2153,5.746957728968659,4,12.04,8.07,18.51,12.59,7.11,15.08,4.86,19.02,15.42,41.84,11.26
2154,5.746957728968659,4,11.99,8.07,18.51,12.59,7.11,15.08,4.86,19.1,15.42,41.05,11.26
2155,5.746957728968659,4,11.94,8.01,18.51,12.59,7.09,15.02,4.84,19.27,15.35,39.79,11.12
2156,5.746957728968659,4,11.89,8.01,18.43,12.54,7.09,15.02,4.82,19.02,15.35,41.32,11.3
2157,5.746957728968659,4,11.89,8.01,18.51,12.54,7.06,15.02,4.82,19.27,15.35,41.32,11.39
2158,5.746957728968659,4,11.94,8.01,18.43,12.54,7.09,15.02,4.82,18.94,15.35,44.66,11.34
2159,5.746957728968659,4,11.89,7.98,18.43,12.49,7.06,15.02,4.8,18.85,15.35,41.84,10.65
2160,5.746957728968659,4,11.89,8.01,18.43,12.54,7.03,15.02,4.82,18.85,15.35,42.94,11.39
2161,5.75803314653214,4,11.94,8.04,18.43,12.54,7.09,15.02,4.82,18.94,15.35,42.38,11.34
2162,5.75803314653214,4,11.99,8.04,18.43,12.59,7.09,15.02,4.84,18.94,15.35,41.05,11.26
2163,5.75803314653214,4,12.04,8.04,18.51,12.59,7.09,15.02,4.84,18.94,15.35,41.84,11.3
2164,5.75803314653214,4,11.89,8.01,18.43,12.54,7.09,15.08,4.84,18.94,15.35,41.84,11.08
2165,5.75803314653214,4,11.89,8.04,18.51,12.54,7.09,15.08,4.84,18.94,15.35,40.54,11.43
2166,5.75803314653214,4,11.8,8.01,18.43,12.54,7.03,14.95,4.8,18.85,15.29,41.05,11.34
2167,5.75803314653214,4,11.94,8.04,18.51,12.59,7.09,15.08,4.84,18.94,15.35,42.11,11.34
2168,5.75803314653214,4,10.66,6.94,17.21,11.22,6.04,13.51,4.11,17.67,14.32,37.67,10.09
2169,5.75803314653214,4,11.94,8.01,18.51,12.59,7.11,15.08,4.84,19.1,15.35,42.11,11.34
2170,5.75803314653214,4,11.94,8.04,18.51,12.59,7.11,15.08,4.86,18.85,15.42,41.58,11.12
2171,5.75803314653214,4,11.89,8.01,18.43,12.59,7.09,15.08,4.84,19.02,15.35,41.58,11.21
2172,5.75803314653214,4,11.99,8.07,18.51,12.64,7.11,15.14,4.86,19.02,15.42,41.58,11.3
2173,5.75803314653214,4,11.94,8.01,18.43,12.59,7.06,15.02,4.82,18.85,15.35,41.84,11.21
2174,5.75803314653214,4,12.13,8.04,18.35,12.59,7.11,15.08,4.84,18.94,15.35,41.05,11.3
2175,5.75803314653214,4,12.18,8.01,18.43,12.59,7.14,15.08,4.84,18.94,15.35,41.05,11.34
2176,5.75803314653214,4,12.28,8.04,18.43,12.64,7.14,15.08,4.86,19.02,15.35,41.58,11.34
2177,5.75803314653214,4,11.8,8.04,18.51,12.64,7.09,15.08,4.84,18.94,15.35,41.58,11.26
2178,5.75803314653214,4,12.04,8.07,18.51,12.69,7.17,15.08,4.88,18.85,15.42,41.84,11.43
2179,5.75803314653214,4,11.66,8.04,18.43,12.64,7.11,15.08,4.84,18.94,15.35,41.84,11.48
2180,5.75803314653214,4,11.62,8.07,18.35,12.69,7.14,15.08,4.86,18.94,15.42,41.84,10.95
2181,5.75803314653214,4,11.62,8.04,18.43,12.69,7.14,15.08,4.86,18.94,15.42,45.26,11.66
2182,5.75803314653214,4,11.89,8.04,18.43,12.64,7.14,15.08,4.86,18.85,15.35,41.32,11.52
2183,5.75803314653214,4,11.57,8.04,18.35,12.64,7.14,15.08,4.86,18.94,15.42,41.58,11.39
2184,5.75803314653214,4,11.57,7.98,18.35,12.69,7.14,15.08,4.86,18.94,15.42,39.79,11.39
2185,5.75803314653214,4,11.89,8.04,18.43,12.69,7.14,15.08,4.88,18.94,15.42,42.11,11.43
2186,5.75803314653214,4,11.94,8.04,18.43,12.69,7.17,15.08,4.88,18.69,15.42,41.84,11.34
2187,5.75803314653214,4,11.99,8.01,18.43,12.69,7.11,15.08,4.84,18.85,15.35,41.58,11.26
2188,5.75803314653214,4,12.04,8.04,18.43,12.69,7.14,15.08,4.86,18.69,15.35,41.84,11.34
2189,5.75803314653214,4,11.62,8.01,18.67,12.59,7.14,15.02,4.88,19.02,15.42,41.58,11.43
2190,5.75803314653214,4,11.62,8.07,18.51,12.69,7.17,15.14,4.88,18.85,15.42,42.38,11.3
2191,5.75803314653214,4,11.62,8.04,18.51,12.64,7.14,15.08,4.86,19.02,15.35,43.22,11.34
2192,5.75803314653214,4,11.57,8.07,18.43,12.69,7.11,15.08,4.86,18.94,15.35,41.32,11.39
2193,5.75803314653214,4,11.57,8.07,18.43,12.69,7.14,15.08,4.86,18.94,15.42,41.58,11.39
2194,5.75803314653214,4,11.99,8.11,18.43,12.69,7.14,15.08,4.86,18.85,15.42,40.8,11.43
2195,5.75803314653214,4,11.94,8.11,18.51,12.74,7.14,15.08,4.86,19.1,15.42,41.32,11.39
2196,5.75803314653214,4,11.85,8.07,18.43,12.69,7.11,15.08,4.84,18.85,15.42,41.58,11.39
2197,5.75803314653214,4,11.89,8.07,18.43,12.69,7.14,15.08,4.86,18.85,15.42,41.58,11.43
2198,5.75803314653214,4,11.89,8.11,18.43,12.74,7.14,15.08,4.88,18.85,15.42,39.79,11.52
2199,5.75803314653214,4,11.66,8.11,18.35,12.69,7.14,15.08,4.86,18.85,15.42,41.84,11.48
2200,5.75803314653214,4,11.99,8.11,18.43,12.74,7.17,15.08,4.86,18.85,15.42,42.11,11.08
2201,5.75803314653214,4,12.04,8.07,18.35,12.64,7.09,15.02,4.84,18.77,15.35,41.84,11.26
2202,5.75803314653214,4,11.8,7.95,18.27,12.49,7,14.89,4.76,18.77,15.29,41.58,11.12
2203,5.75803314653214,4,10.78,7.08,17.36,11.39,6.19,13.73,4.2,17.74,14.51,38.59,10.17
2204,5.75803314653214,4,10.57,6.94,17.29,11.22,6.09,13.62,4.13,17.82,14.44,37.44,10.37
2205,5.75803314653214,4,10.7,7.02,17.36,11.39,6.14,13.79,4.16,17.74,14.51,38.59,10.33
2206,5.75803314653214,4,10.66,6.94,17.43,11.26,6.12,13.73,4.15,17.82,14.63,36.57,10.21
2207,5.75803314653214,4,10.41,6.77,17.21,11.04,5.94,13.57,4.04,17.59,14.44,36.78,9.97
2208,5.75803314653214,4,10.41,6.77,17.14,11.08,5.97,13.57,4.04,17.51,14.38,37.22,10.13
2209,5.75803314653214,4,10.45,6.72,17.14,11,5.92,13.51,4,17.51,14.26,37.67,9.93
2210,5.75803314653214,4,10.53,6.85,17.36,11.17,6.04,13.73,4.09,17.59,14.51,37.9,10.17
2211,5.75803314653214,4,11.04,7.34,18.04,11.81,6.51,14.36,4.43,18.29,14.96,39.55,10.37
2212,5.75803314653214,4,11,7.25,17.88,11.72,6.45,14.3,4.37,18.13,14.76,39.06,10.74
2213,5.75803314653214,4,11.75,7.88,18.51,12.54,7.06,15.2,4.78,18.69,15.35,41.84,11.26
2214,5.75803314653214,4,10.95,7.22,17.73,11.67,6.43,14.24,4.33,18.13,14.7,38.59,10.09
2215,5.75803314653214,4,11.71,7.82,18.91,12.49,7.06,15.08,4.8,19.1,15.42,41.05,11.21
2216,5.75803314653214,4,11.66,7.88,18.51,12.59,7.06,15.2,4.78,18.85,15.35,42.66,11.21
2217,5.75803314653214,4,11.75,7.92,18.51,12.64,7.09,15.14,4.8,18.85,15.35,41.58,11.21
2218,5.75803314653214,4,10.57,6.85,17.36,11.26,6.07,13.62,4.09,17.89,14.44,37.67,10.17
2219,5.75803314653214,4,10.83,7.02,17.66,11.44,6.25,13.96,4.22,18.13,14.57,38.36,10.53
2220,5.75803314653214,4,10.66,6.85,17.36,11.26,6.09,13.79,4.11,17.74,14.44,37.9,10.37
