Minute,TVC,Label,MQ135,MQ136,MQ137,MQ138,MQ2,MQ3,MQ4,MQ5,MQ6,MQ8,MQ9
1,2.10902,1,21.44,16.85,9.52,21.33,19.77,36.19,10.55,8.37,25.24,42.11,13.78
2,2.10902,1,21.44,16.78,9.08,21.33,19.51,36.4,10.51,8.37,24.04,44.96,14.06
3,2.10902,1,22.03,16.71,9.12,21.23,18.92,36.19,10.55,8.37,22.45,44.66,14.06
4,2.10902,1,22.14,16.71,9.19,21.14,19.17,36.19,10.89,8.34,24.56,44.07,13.61
5,2.10902,1,22.14,16.71,9.23,20.37,19.01,36.19,10.63,8.34,25.24,43.78,14.06
6,2.10902,1,21.35,16.37,9.26,20.09,18.44,35.56,10.47,8.28,24.96,43.5,13.89
7,2.10902,1,21.84,16.57,9.26,20,18.52,35.77,10.59,8.31,25.52,44.07,14.11
8,2.10902,1,21.35,16.1,9.23,19.37,17.82,34.96,10.26,8.18,26.53,43.22,14.06
9,2.10902,1,21.25,16.17,9.23,22.05,17.75,34.96,10.47,8.18,25.95,47.15,14.11
10,2.10902,1,20.69,15.77,9.05,21.84,17.37,34.36,10.14,8.02,25.52,42.66,14.06
11,2.10902,1,20.78,15.77,9.08,21.74,17.23,34.17,10.18,8.02,25.66,42.38,14.23
12,2.10902,1,21.06,15.9,9.23,21.94,17.82,34.56,10.3,8.15,25.66,44.66,13.89
13,2.10902,1,20.88,15.51,9.08,21.53,16.8,33.98,10.02,7.89,24.83,42.94,13.67
14,2.10902,1,20.88,15.71,9.05,21.64,17.08,34.17,10.14,8.02,23.66,43.22,14.34
15,2.10902,1,21.35,15.71,9.16,21.74,17.01,34.36,10.22,8.18,23.78,41.32,14.06
16,2.10902,1,20.97,15.64,9.08,21.64,16.8,34.36,10.1,8.08,22.68,44.37,14.06
17,2.10902,1,21.06,15.64,9.16,21.23,16.73,34.56,10.26,8.11,19.8,43.5,13.72
18,2.10902,1,20.97,15.45,9.19,19.55,16.38,34.36,9.98,8.18,18.17,44.07,13.83
19,2.10902,1,21.16,15.58,9.26,19.55,16.52,34.56,9.98,8.18,18.17,44.37,14.06
20,2.10902,1,21.16,15.51,9.16,19.82,16.38,34.36,10.14,8.18,18.25,44.07,13.45
21,2.10902,1,21.25,15.58,9.08,19.82,16.38,34.36,10.1,8.24,17.91,44.37,13.61
22,2.10902,1,21.25,15.58,9.12,19.82,16.38,34.56,10.14,8.18,18.69,43.78,13.18
23,2.10902,1,20.97,15.39,9.75,19.64,16.05,34.36,10.02,8.11,18.34,43.5,13.5
24,2.10902,1,21.06,15.39,10.02,19.55,16.05,34.36,10.02,8.15,18.25,46.19,13.45
25,2.10902,1,21.16,15.32,10.06,19.64,15.92,34.17,10.02,8.15,18.17,43.78,13.78
26,2.10902,1,21.25,15.32,10.1,19.64,15.92,34.36,9.98,8.15,18.17,44.66,13.83
27,2.10902,1,21.06,15.32,10.14,19.82,15.98,34.56,9.98,8.18,18.43,44.37,15.06
28,2.10902,1,21.06,15.45,10.14,19.82,15.98,34.76,10.14,8.24,18.43,42.11,15.82
29,2.10902,1,21.16,15.51,10.26,19.91,16.05,34.76,10.18,8.24,18.34,44.37,16.56
30,2.10902,1,20.88,15.26,10.14,19.55,15.66,34.36,9.98,8.18,17.58,46.51,15.82
31,2.10902,1,21.06,15.26,10.18,19.73,15.72,34.36,9.98,8.05,18.34,42.38,15.62
32,2.10902,1,21.25,15.39,10.26,19.73,15.85,35.16,10.1,8.31,18.34,43.78,15.43
33,2.10902,1,21.06,15.39,10.38,19.91,15.98,34.56,10.1,8.44,18.17,44.96,15.82
34,2.10902,1,20.69,14.89,10.14,19.37,15.03,33.98,9.9,8.15,16.95,43.78,16.02
35,2.10902,1,20.78,15.01,10.38,19.46,15.15,34.17,9.86,8.24,16.95,43.78,15.43
36,2.10902,1,20.78,14.95,10.26,19.37,15.03,33.98,9.86,8.28,16.87,42.94,15.95
37,2.10902,1,21.06,14.77,10.22,19.37,14.61,33.79,9.79,8.18,16.72,43.22,15.69
38,2.10902,1,21.25,15.01,10.34,19.46,14.91,34.17,9.9,8.28,16.72,40.54,15.75
39,2.10902,1,21.06,14.83,10.34,19.37,14.91,33.98,9.83,8.28,16.64,44.37,16.15
40,2.10902,1,21.16,14.89,10.38,19.46,14.85,33.98,9.86,8.71,16.49,44.37,15.25
41,2.10902,1,21.16,14.89,10.38,19.46,14.85,33.98,9.9,8.61,16.34,43.5,15.82
42,2.10902,1,21.06,14.71,10.3,19.37,14.61,33.79,9.98,8.57,16.2,43.5,15.25
43,2.10902,1,21.06,14.71,10.38,19.29,14.61,33.6,9.79,8.51,19.14,42.11,15.56
44,2.10902,1,19.97,13.63,9.9,18.52,13.32,31.97,9.08,8.21,18.43,40.54,14.7
45,2.10902,1,19.97,13.41,8.94,18.61,13.11,31.8,8.94,8.15,18.34,40.8,14.58
46,2.10902,1,20.78,14.18,9.16,19.37,13.92,33.04,9.52,8.37,21.55,42.38,14.88
47,2.10902,1,21.06,14.53,9.3,19.82,14.31,33.6,9.71,8.34,21.44,41.58,15.25
48,2.10902,1,21.06,14.42,9.26,21.33,14.37,33.23,9.67,8.11,21.33,42.66,15
49,2.10902,1,21.16,14.53,9.37,21.43,14.31,33.41,9.75,8.37,21.33,42.94,15.88
50,2.10902,1,21.06,14.47,9.34,21.33,14.2,33.23,9.71,8.21,21.22,42.11,15.82
51,2.10902,1,21.16,14.42,9.41,21.33,14.14,33.23,9.6,8.37,20.6,42.94,15.31
52,2.10902,1,21.16,14.42,9.45,21.43,14.03,33.23,9.71,8.37,20.6,43.22,15.75
53,2.10902,1,21.35,14.47,9.48,21.43,14.14,33.23,9.63,8.37,20.49,43.5,16.56
54,2.10902,1,21.35,14.3,9.45,21.43,13.75,33.04,9.63,8.44,16.2,43.22,15.37
55,2.10902,1,21.44,14.3,9.52,21.53,13.86,33.04,9.67,8.24,16.12,43.22,15.88
56,2.10902,1,21.54,14.3,9.67,21.53,13.48,33.04,9.79,8.41,16.12,43.5,15.56
57,2.10902,1,21.64,14.3,9.63,21.43,13.64,33.6,9.71,8.41,16.2,43.78,15.31
58,2.10902,1,21.35,14.3,9.67,21.53,13.64,33.6,9.75,8.44,16.34,43.78,15.82
59,2.10902,1,21.44,14.36,9.75,21.43,13.48,33.79,9.86,8.64,16.12,44.37,15.75
60,2.10902,1,21.35,14.18,9.71,21.43,13.48,33.41,9.67,8.37,16.12,43.78,15.88
61,2.3596399999999997,1,21.35,14.13,9.71,21.43,13.53,33.41,9.63,8.44,16.27,43.78,15.5
62,2.3596399999999997,1,21.16,14.07,9.75,21.43,13.37,33.41,9.67,8.41,16.05,44.07,15.69
63,2.3596399999999997,1,20.24,13.79,9.67,21.14,13.11,33.04,9.45,8.41,15.98,42.94,15.56
64,2.3596399999999997,1,20.42,13.85,9.75,21.23,13,33.23,9.45,8.47,15.98,42.66,15.25
65,2.3596399999999997,1,20.33,13.74,9.67,21.04,12.9,33.04,9.45,8.41,15.49,42.66,15.69
66,2.3596399999999997,1,20.6,13.79,9.75,21.23,12.95,33.23,9.45,8.47,15.49,41.58,15.56
67,2.3596399999999997,1,20.51,13.63,9.75,21.04,12.8,32.86,9.41,8.41,15.29,43.22,15.56
68,2.3596399999999997,1,20.51,13.63,9.71,21.04,12.64,32.86,9.6,8.37,16.72,44.66,15.18
69,2.3596399999999997,1,20.42,13.63,9.75,21.04,12.75,32.86,9.63,8.41,17.03,44.07,15.18
70,2.3596399999999997,1,17.26,13.63,9.75,20.94,12.75,32.68,9.41,8.51,16.57,44.07,15.12
71,2.3596399999999997,1,17.26,13.57,9.75,20.94,12.59,32.68,9.41,8.47,16.42,43.78,15.56
72,2.3596399999999997,1,17.4,13.63,9.9,20.94,12.75,32.86,9.45,8.51,16.87,44.96,15.69
73,2.3596399999999997,1,17.26,13.63,9.86,20.94,12.8,32.68,9.52,8.51,16.34,43.78,16.22
74,2.3596399999999997,1,17.04,13.63,9.9,20.84,12.7,32.68,9.56,8.54,16.34,41.58,15.69
75,2.3596399999999997,1,17.26,13.36,9.82,19.03,12.45,32.5,9.34,8.44,16.2,41.32,15.62
76,2.3596399999999997,1,17.19,13.3,9.82,18.94,12.35,32.15,9.3,8.37,15.7,42.66,15.43
77,2.3596399999999997,1,17.26,13.3,9.9,19.11,12.35,32.15,9.34,8.47,15.42,42.38,16.42
78,2.3596399999999997,1,17.33,13.36,9.86,19.03,12.3,32.32,9.37,8.47,15.42,43.5,14.88
79,2.3596399999999997,1,17.26,13.3,9.9,19.2,12.35,32.32,9.34,8.51,15.42,43.22,15.5
80,2.3596399999999997,1,17.33,13.25,9.9,19.29,12.25,32.15,9.3,8.47,15.49,44.07,15.31
81,2.3596399999999997,1,17.26,13.2,9.9,19.11,12.15,31.97,9.3,8.88,15.49,44.96,15.82
82,2.3596399999999997,1,17.19,13.2,9.9,19.03,12.2,31.97,9.23,8.51,15.49,43.5,15.62
83,2.3596399999999997,1,17.11,13.14,9.9,19.03,12.2,31.97,9.26,8.61,16.42,43.22,15.37
84,2.3596399999999997,1,17.11,13.04,9.9,18.94,12.06,31.8,9.23,8.54,15.42,42.66,15.95
85,2.3596399999999997,1,17.19,13.09,9.94,19.03,12.06,31.8,9.23,8.54,15.35,42.38,16.22
86,2.3596399999999997,1,17.04,12.94,9.9,18.86,11.92,31.8,9.3,8.51,15.22,41.58,15.56
87,2.3596399999999997,1,17.04,12.99,11.49,18.86,12.06,31.63,9.23,8.57,15.22,42.94,15.62
88,2.3596399999999997,1,16.9,12.89,11.49,18.77,11.92,31.8,9.23,8.67,15.02,42.11,15.82
89,2.3596399999999997,1,16.9,12.73,11.4,18.61,11.68,31.63,9.05,8.74,14.89,42.66,15.31
90,2.3596399999999997,1,16.9,12.78,11.49,18.61,11.87,31.63,9.12,8.41,14.89,42.66,15.56
91,2.3596399999999997,1,17.48,13.09,11.72,19.03,11.92,32.32,9.26,8.61,15.09,43.22,15.12
92,2.3596399999999997,1,17.48,13.14,11.76,19.03,12.2,32.32,9.34,8.88,15.15,43.5,16.28
93,2.3596399999999997,1,17.4,13.04,11.63,18.77,12.11,32.15,9.34,8.57,15.02,43.22,16.08
94,2.3596399999999997,1,17.63,13.2,11.67,19.03,12.11,32.32,9.48,8.47,15.22,43.5,16.28
95,2.3596399999999997,1,17.55,13.14,11.63,19.03,11.96,32.15,9.45,8.78,15.15,41.32,15.95
96,2.3596399999999997,1,17.55,13.04,11.63,18.86,11.92,32.15,9.41,8.67,15.15,43.78,16.42
97,2.3596399999999997,1,17.78,13.14,11.63,19.03,12.11,32.15,9.48,8.57,15.09,43.5,15
98,2.3596399999999997,1,17.4,13.04,11.63,18.94,11.92,31.97,9.45,8.67,15.22,44.37,16.08
99,2.3596399999999997,1,17.55,13.09,11.67,18.94,12.01,32.15,9.48,8.71,15.15,44.37,16.15
100,2.3596399999999997,1,17.33,12.94,11.63,18.86,11.82,31.8,9.37,8.61,15.15,41.05,16.15
101,2.3596399999999997,1,17.4,12.83,11.58,18.69,11.73,31.63,9.37,8.78,15.15,43.22,15.75
102,2.3596399999999997,1,17.55,12.94,11.63,18.77,11.82,31.8,9.48,8.64,15.35,43.5,15.88
103,2.3596399999999997,1,17.48,12.99,11.63,18.86,11.82,31.8,9.48,8.57,15.15,43.78,16.56
104,2.3596399999999997,1,16.28,11.81,10.79,17.73,10.51,29.67,8.6,8.02,14.32,40.8,15.75
105,2.3596399999999997,1,17.19,12.68,11.53,18.61,11.55,31.46,9.34,8.61,15.02,43.22,15.69
106,2.3596399999999997,1,17.19,12.68,11.53,18.77,11.5,31.46,9.3,8.78,15.02,43.22,15.88
107,2.3596399999999997,1,17.26,12.68,11.58,18.69,11.55,31.46,9.34,8.64,15.22,44.07,16.28
108,2.3596399999999997,1,17.26,12.68,11.63,18.69,11.59,31.46,9.3,9.13,15.29,42.66,16.56
109,2.3596399999999997,1,17.19,12.63,11.58,18.61,11.5,31.29,9.56,8.44,15.02,44.07,15.82
110,2.3596399999999997,1,17.26,12.68,11.58,18.77,11.5,31.29,9.34,8.64,15.09,43.5,15.56
111,2.3596399999999997,1,17.33,12.63,11.63,18.77,11.37,31.46,9.37,8.54,15.02,44.96,16.15
112,2.3596399999999997,1,17.26,12.53,11.67,18.69,11.41,31.12,9.3,8.67,14.96,43.5,15.95
113,2.3596399999999997,1,17.33,12.53,11.72,18.69,11.41,31.63,9.34,8.78,14.96,44.07,16.02
114,2.3596399999999997,1,17.33,12.53,11.67,18.77,11.41,31.63,9.3,8.71,15.02,43.5,16.02
115,2.3596399999999997,1,16.01,11.14,10.92,17.34,9.95,29.21,8.27,8.11,14.26,41.58,14.29
116,2.3596399999999997,1,17.11,12.34,11.72,18.44,11.19,31.29,9.19,8.64,14.89,43.78,16.15
117,2.3596399999999997,1,17.33,12.53,11.86,18.77,11.41,31.8,9.37,8.78,15.02,42.66,15.95
118,2.3596399999999997,1,17.19,12.38,11.95,18.52,11.32,31.46,9.26,8.88,14.96,43.78,16.35
119,2.3596399999999997,1,16.97,12.19,11.67,18.44,11.06,30.95,9.08,8.57,14.83,40.8,16.02
120,2.3596399999999997,1,17.19,12.38,11.9,18.44,11.23,31.29,9.26,8.78,14.96,43.5,17.12
121,2.5971,1,17.19,12.34,11.9,18.36,11.1,31.29,9.23,8.74,14.89,46.51,15.06
122,2.5971,1,17.19,12.24,11.86,18.36,10.97,31.12,9.19,8.78,14.83,43.22,15.56
123,2.5971,1,17.19,12.24,11.95,18.36,11.06,31.12,9.19,8.88,15.02,42.66,15.06
124,2.5971,1,17.26,12.29,12,18.52,11.06,31.12,9.19,8.74,14.76,43.22,15.88
125,2.5971,1,17.33,12.29,12,18.36,11.02,31.12,9.15,8.74,14.76,43.78,15.69
126,2.5971,1,17.19,12.14,12.05,18.36,10.89,30.79,9.12,8.78,14.76,44.37,15.43
127,2.5971,1,17.19,12.14,12.09,18.28,10.84,30.14,9.12,8.74,14.76,42.94,15.75
128,2.5971,1,17.26,12.19,12.09,18.28,10.93,31.12,9.15,8.78,14.83,42.94,15.95
129,2.5971,1,17.26,12.19,12.09,18.36,10.8,31.12,9.19,8.85,14.83,44.37,15.95
130,2.5971,1,17.55,12.14,12.05,19.73,10.89,31.12,9.15,8.71,14.76,47.81,15.5
131,2.5971,1,17.19,12.19,12.09,19.82,10.93,30.95,9.15,8.85,14.83,48.82,15.5
132,2.5971,1,17.19,12.05,12.05,19.73,10.72,30.79,9.12,8.78,14.76,42.94,15.25
133,2.5971,1,17.04,11.86,11.95,19.82,10.63,30.46,8.98,8.78,14.76,42.94,15.69
134,2.5971,1,16.97,11.86,11.95,19.91,10.59,29.83,8.98,8.74,14.83,43.78,15.75
135,2.5971,1,16.97,11.86,12,19.82,10.59,30.62,8.98,8.71,14.83,43.5,15.31
136,2.5971,1,16.97,11.86,12.05,19.91,10.63,28.91,9.12,8.78,14.89,43.5,16.28
137,2.5971,1,16.97,11.86,12.05,19.91,10.63,28.76,9.12,8.81,14.76,43.78,16.56
138,2.5971,1,16.97,11.81,12.05,19.91,10.59,28.61,8.87,8.61,14.76,45.26,15.43
139,2.5971,1,16.9,11.67,12,19.73,10.23,28.03,8.87,8.74,14.63,43.78,15.88
140,2.5971,1,17.11,11.77,12,19.82,10.51,28.32,8.91,8.81,14.76,43.78,16.15
141,2.5971,1,17.04,11.81,12.14,19.91,10.63,28.32,9.01,8.81,14.76,44.37,16.49
142,2.5971,1,17.19,11.9,12.33,19.91,10.55,28.61,9.05,8.85,14.89,46.19,15.88
143,2.5971,1,17.33,12.05,12.38,20.27,10.68,28.91,9.19,8.95,15.02,44.37,17.05
144,2.5971,1,17.04,11.81,12.24,19.91,10.39,28.32,8.98,8.95,14.83,42.94,16.35
145,2.5971,1,17.04,11.77,12.24,19.91,10.43,28.32,9.01,8.99,14.89,42.66,16.77
146,2.5971,1,17.11,11.81,12.24,20,10.35,28.32,9.01,8.85,14.89,44.37,15.69
147,2.5971,1,17.04,11.77,12.24,20,10.43,27.33,8.94,8.92,15.09,42.94,15.43
148,2.5971,1,16.97,11.63,12.24,19.82,10.19,28.46,8.87,8.88,14.83,45.57,16.7
149,2.5971,1,16.9,11.36,12.19,19.64,9.99,28.18,8.67,9.24,18.34,41.05,16.02
150,2.5971,1,16.76,11.54,12.19,19.82,10.03,29.21,8.8,8.71,17.75,44.07,16.08
151,2.5971,1,16.83,11.63,12.29,19.91,10.23,29.36,8.91,8.81,19.61,42.66,16.15
152,2.5971,1,16.9,11.63,12.29,19.91,10.31,29.83,8.91,8.95,19.8,44.07,16.7
153,2.5971,1,16.9,11.63,12.33,19.91,10.19,29.52,8.91,8.95,19.9,44.07,16.91
154,2.5971,1,16.97,11.58,12.38,19.91,10.07,29.67,8.87,8.92,17.03,45.88,16.42
155,2.5971,1,16.9,11.54,12.33,19.73,10.07,29.36,8.84,8.88,16.79,44.07,15.75
156,2.5971,1,16.83,11.45,12.29,19.82,9.95,29.36,8.8,8.88,16.57,43.5,15.82
157,2.5971,1,17.04,11.63,12.43,20,10.27,29.83,8.94,8.99,16.64,43.5,16.35
158,2.5971,1,17.04,11.63,12.43,20,10.23,29.67,8.94,8.99,15.09,42.94,16.08
159,2.5971,1,16.9,11.49,12.43,19.91,10.11,29.52,8.8,8.85,14.96,42.94,16.02
160,2.5971,1,16.83,11.36,12.38,19.73,9.99,29.36,8.73,8.88,14.89,44.07,16.15
161,2.5971,1,16.83,11.31,12.38,19.73,9.95,29.21,8.6,8.92,14.96,43.78,15.82
162,2.5971,1,16.83,11.27,12.38,19.73,9.91,29.36,8.67,8.95,14.96,44.96,15.75
163,2.5971,1,16.9,11.36,12.43,19.91,9.91,29.52,8.7,9.02,15.02,44.37,15.62
164,2.5971,1,16.83,11.31,12.43,19.82,9.91,29.36,8.7,9.02,15.02,44.07,15.69
165,2.5971,1,16.9,11.36,12.48,19.91,9.99,29.98,8.73,9.06,15.02,43.78,16.35
166,2.5971,1,16.83,11.31,12.48,19.82,9.95,29.67,8.67,8.99,14.96,42.94,15.75
167,2.5971,1,16.76,11.27,12.43,19.73,9.87,29.83,8.67,8.95,15.02,44.07,15.88
168,2.5971,1,16.76,11.22,12.48,19.73,9.91,29.67,8.63,8.99,15.02,43.22,16.02
169,2.5971,1,16.83,11.27,12.53,19.73,9.87,29.67,8.67,8.99,15.02,43.22,16.28
170,2.5971,1,16.76,11.22,12.53,19.73,9.83,29.36,8.63,9.02,15.02,43.78,15.82
171,2.5971,1,16.76,11.22,12.53,19.82,9.83,29.98,8.67,8.99,15.22,43.78,15.95
172,2.5971,1,16.76,11.18,12.48,19.64,9.8,29.98,8.6,9.02,15.02,44.37,16.15
173,2.5971,1,16.83,11.31,12.63,19.73,9.87,30.3,8.67,8.95,15.09,44.07,17.27
174,2.5971,1,16.83,11.31,12.68,19.91,9.83,30.3,8.6,9.16,15.15,43.78,17.05
175,2.5971,1,16.62,11.18,12.63,19.64,9.87,30.14,8.6,9.13,15.09,44.37,15.88
176,2.5971,1,16.83,11.18,12.63,19.73,9.8,29.98,8.53,9.16,15.09,44.66,17.12
177,2.5971,1,16.76,11.14,12.68,19.64,9.8,29.98,8.46,9.24,15.02,46.83,15.75
178,2.5971,1,16.69,11.05,12.63,19.55,9.64,29.83,8.5,9.09,15.02,43.5,15.43
179,2.5971,1,16.69,11.01,12.68,19.46,9.61,29.83,8.46,9.13,14.89,43.5,16.02
180,2.5971,1,16.69,11.01,12.68,19.46,9.64,29.83,8.46,9.13,14.83,44.66,15.75
181,2.8217600000000003,1,16.62,11.05,12.68,19.55,9.68,29.83,8.5,9.13,14.89,46.51,15.62
182,2.8217600000000003,1,16.76,11.09,12.78,19.64,9.72,29.83,8.53,9.24,14.89,44.37,15.95
183,2.8217600000000003,1,16.76,11.05,12.78,19.55,9.68,29.83,8.46,8.99,14.89,43.78,16.56
184,2.8217600000000003,1,16.76,11.05,12.83,19.55,9.61,29.67,8.5,9.13,14.89,44.07,15.56
185,2.8217600000000003,1,16.76,11.01,12.78,19.55,9.61,29.36,8.46,9.6,14.89,44.96,15.88
186,2.8217600000000003,1,16.83,11.01,12.83,19.55,9.61,28.76,8.46,9.34,14.89,43.78,16.02
187,2.8217600000000003,1,16.9,11.05,12.94,19.55,9.61,28.61,8.5,9.24,15.15,44.96,16.84
188,2.8217600000000003,1,16.97,11.01,12.99,19.46,9.64,29.52,8.5,9.31,15.02,44.66,16.02
189,2.8217600000000003,1,16.69,10.79,12.78,19.29,9.42,29.21,8.27,9.24,14.89,43.5,15.75
190,2.8217600000000003,1,16.9,10.92,12.94,19.46,9.53,29.52,8.4,9.24,15.02,44.37,16.02
191,2.8217600000000003,1,17.11,11.09,13.14,19.64,9.72,29.67,8.5,9.38,15.15,44.07,16.56
192,2.8217600000000003,1,16.76,10.79,12.94,19.46,9.35,29.21,8.3,9.2,14.89,43.78,15.82
193,2.8217600000000003,1,16.9,10.88,12.99,19.37,9.46,29.21,8.37,9.31,14.96,45.26,16.63
194,2.8217600000000003,1,16.9,10.83,12.99,19.29,9.49,29.21,8.33,9.27,14.96,45.88,16.84
195,2.8217600000000003,1,16.97,10.83,13.09,19.29,9.46,29.21,8.33,9.27,14.89,43.22,16.63
196,2.8217600000000003,1,17.11,10.75,13.04,19.2,9.42,29.21,8.27,9.27,14.96,44.07,15.31
197,2.8217600000000003,1,17.11,10.79,13.09,19.37,9.49,29.21,8.3,9.34,14.96,44.07,16.49
198,2.8217600000000003,1,16.97,10.71,13.04,19.11,9.27,29.06,8.24,9.38,14.96,44.07,16.08
199,2.8217600000000003,1,17.11,10.79,13.09,19.29,9.42,29.21,8.17,9.31,14.96,44.07,15.95
200,2.8217600000000003,1,17.04,10.71,13.09,19.2,9.38,29.06,8.14,9.2,14.96,45.88,16.49
201,2.8217600000000003,1,16.97,10.62,13.09,19.03,9.38,28.91,8.05,9.31,15.35,45.57,16.42
202,2.8217600000000003,1,17.04,10.67,13.09,19.11,9.27,28.91,8.05,9.27,15.22,44.37,16.35
203,2.8217600000000003,1,17.04,10.71,13.2,19.11,9.35,29.06,8.11,9.42,15.22,44.07,16.56
204,2.8217600000000003,1,17.11,10.71,13.25,19.11,9.35,29.06,8.05,9.38,15.15,44.07,16.15
205,2.8217600000000003,1,17.04,10.71,13.2,19.11,9.38,29.06,8.11,10.72,15.09,44.07,15.82
206,2.8217600000000003,1,17.19,10.79,13.3,19.29,9.46,29.21,8.17,11.15,15.42,44.96,16.08
207,2.8217600000000003,1,17.04,10.75,13.3,19.2,9.42,29.06,8.14,11.01,15.42,44.66,16.63
208,2.8217600000000003,1,16.97,10.71,13.3,19.11,9.38,29.06,8.11,11.23,15.35,48.82,16.77
209,2.8217600000000003,1,17.04,10.71,13.36,19.11,9.38,29.06,8.08,11.1,15.42,41.84,16.98
210,2.8217600000000003,1,16.9,10.62,13.3,19.03,9.27,28.76,8.01,11.32,15.42,43.78,14.23
211,2.8217600000000003,1,16.76,10.58,13.2,18.86,9.24,28.61,7.98,11.32,15.29,43.5,13.56
212,2.8217600000000003,1,16.69,10.5,13.3,18.86,9.17,28.46,7.92,11.15,15.29,45.88,13.94
213,2.8217600000000003,1,15.82,9.71,12.63,17.8,8.47,27.06,7.32,10.89,14.7,41.58,12.57
214,2.8217600000000003,1,16.42,10.26,13.14,18.52,8.99,28.03,7.77,11.32,15.15,44.07,13.72
215,2.8217600000000003,1,15.69,9.63,12.48,17.65,8.37,26.79,7.21,10.84,14.7,41.05,13.13
216,2.8217600000000003,1,16.42,10.18,13.14,18.44,8.92,27.75,7.71,11.5,15.09,42.94,14.17
217,2.8217600000000003,1,16.35,10.1,13.09,18.36,8.81,27.75,7.74,11.59,15.02,44.07,13.94
218,2.8217600000000003,1,16.42,10.14,13.14,18.36,8.92,27.75,7.68,11.59,16.2,43.22,14.88
219,2.8217600000000003,1,16.42,10.1,13.14,18.36,8.85,27.75,7.65,11.59,15.02,42.94,14.29
220,2.8217600000000003,1,16.35,10.06,13.2,18.28,8.88,27.61,7.62,11.78,15.02,43.22,14.46
221,2.8217600000000003,1,16.28,10.02,13.14,18.2,8.78,27.47,7.56,11.78,15.02,42.94,13.94
222,2.8217600000000003,1,16.35,10.06,13.2,18.28,8.81,27.75,7.62,11.87,15.02,42.94,14.06
223,2.8217600000000003,1,16.48,10.18,13.36,18.44,8.88,27.89,7.68,11.97,15.09,42.94,14.58
224,2.8217600000000003,1,16.42,10.14,13.3,18.36,8.92,27.75,7.62,12.06,16.72,44.07,14.7
225,2.8217600000000003,1,16.48,10.14,13.36,18.36,8.88,27.89,7.62,12.16,15.15,43.22,14.4
226,2.8217600000000003,1,16.35,9.98,13.25,18.2,8.88,27.61,7.53,12.06,14.96,43.22,14.46
227,2.8217600000000003,1,16.35,10.02,13.36,18.2,8.78,27.61,7.56,12.21,15.02,42.94,15.37
228,2.8217600000000003,1,16.35,9.98,13.36,18.2,8.78,27.61,7.5,12.3,15.02,42.66,14.52
229,2.8217600000000003,1,16.48,10.1,13.46,18.36,8.85,27.89,7.56,12.45,15.09,42.38,14.64
230,2.8217600000000003,1,16.42,10.02,13.52,18.2,8.88,27.61,7.53,12.45,15.09,42.94,13.56
231,2.8217600000000003,1,16.35,9.9,13.46,18.04,8.68,27.47,7.44,12.3,15.02,42.38,13.61
232,2.8217600000000003,1,16.42,9.94,13.36,18.04,8.71,27.61,7.47,12.55,15.15,44.07,13.72
233,2.8217600000000003,1,16.48,9.98,13.25,18.12,8.68,27.61,7.5,12.5,15.15,43.22,13.78
234,2.8217600000000003,1,16.42,9.9,13.09,18.04,8.85,26.52,7.38,12.4,15.09,42.94,14.23
235,2.8217600000000003,1,16.42,9.94,13.14,18.12,8.71,27.33,7.44,12.65,15.09,43.22,14
236,2.8217600000000003,1,16.28,9.82,13.09,17.96,8.57,26.92,7.38,12.8,14.96,42.94,14.23
237,2.8217600000000003,1,16.35,9.9,13.36,18.04,8.68,26.79,7.41,12.6,15.09,42.11,13.83
238,2.8217600000000003,1,16.42,9.9,13.25,18.04,8.68,26.92,7.44,12.75,15.15,42.94,14.23
239,2.8217600000000003,1,16.42,9.9,13.04,18.12,8.68,26.92,7.41,12.75,15.15,44.37,13.67
240,2.8217600000000003,1,16.42,9.9,12.53,18.12,8.71,26.92,7.38,12.85,15.15,44.66,13.45
241,3.03398,2,16.69,10.1,12.48,18.36,8.88,27.33,7.56,12.85,15.35,43.78,13.94
242,3.03398,2,16.28,9.71,12.19,17.8,8.51,26.66,7.27,12.55,15.09,41.84,13.5
243,3.03398,2,16.21,9.67,12.19,17.73,8.54,26.66,7.21,12.91,15.02,42.66,13.4
244,3.03398,2,16.35,9.82,12.29,17.96,8.64,26.66,7.41,12.91,15.15,43.22,13.4
245,3.03398,2,16.15,9.6,12.19,17.65,8.44,26.39,7.15,12.8,15.02,43.5,13.13
246,3.03398,2,16.08,9.56,12.14,17.57,8.41,26.39,7.13,12.75,15.02,42.11,12.92
247,3.03398,2,16.08,9.48,12.09,17.5,8.37,26.26,7.07,12.85,15.15,42.94,13.13
248,3.03398,2,16.01,9.41,12.05,17.42,8.24,26,7.15,12.85,15.15,41.84,13.29
249,3.03398,2,15.95,9.37,12.05,17.42,8.24,26.13,6.96,12.8,15.09,43.22,12.82
250,3.03398,2,15.95,9.37,12.05,17.34,8.18,26.26,6.99,12.91,15.09,41.05,12.57
251,3.03398,2,16.01,9.41,12.05,17.34,8.24,26.26,7.01,13.06,15.09,41.84,12.67
252,3.03398,2,16.01,9.37,12.09,17.34,8.24,26.26,7.04,12.96,15.09,41.05,12.62
253,3.03398,2,15.12,8.67,11.58,16.4,7.74,25.01,6.48,12.6,14.63,39.3,11.89
254,3.03398,2,15.75,9.26,12,17.19,8.18,26.66,6.93,13.01,15.09,40.8,13.13
255,3.03398,2,15.95,9.37,12.09,17.34,8.28,26.26,6.99,13.11,15.15,42.94,13.18
256,3.03398,2,15.95,9.37,12.09,17.34,8.28,26.39,7.01,13.11,15.22,41.84,14.58
257,3.03398,2,16.21,9.52,12.24,17.57,8.41,26.66,7.1,13.27,15.35,42.94,15.18
258,3.03398,2,16.08,9.48,12.19,17.5,8.34,26.52,7.07,13.33,15.35,43.5,14.11
259,3.03398,2,16.15,9.48,12.24,17.5,8.34,26.52,7.04,13.38,15.35,43.78,15.18
260,3.03398,2,16.01,9.34,12.14,17.27,8.37,26.26,6.93,13.27,15.29,42.11,14.82
261,3.03398,2,15.95,9.34,12.14,17.19,8.21,26.26,6.9,13.44,15.29,42.11,14.64
262,3.03398,2,15.95,9.34,12.14,17.27,8.21,26.39,6.93,13.33,15.42,43.78,13.89
263,3.03398,2,15.95,9.23,12.14,17.12,8.15,26.13,6.85,13.27,15.29,40.04,14.06
264,3.03398,2,15.95,9.26,12.05,17.12,8.18,26.13,6.88,13.22,15.29,42.38,13.67
265,3.03398,2,15.88,9.23,12.09,16.97,8.11,25.88,6.85,13.33,15.29,41.05,13.5
266,3.03398,2,15.88,9.19,12.09,17.05,8.08,25.75,6.8,13.22,15.22,44.66,13.56
267,3.03398,2,16.01,9.19,12.09,17.05,8.15,25.88,6.8,13.33,15.29,41.05,13.45
268,3.03398,2,15.18,8.5,11.67,16.12,7.58,24.53,6.33,13.06,14.76,40.29,12.87
269,3.03398,2,15.95,9.16,12.05,16.97,8.05,25.75,6.8,13.38,15.29,47.81,13.61
270,3.03398,2,15.88,9.09,12.05,16.9,8.02,25.63,6.74,13.49,15.22,41.32,13.78
271,3.03398,2,15.88,9.16,12.09,16.97,8.08,25.63,6.74,13.49,15.29,41.32,13.4
272,3.03398,2,15.82,9.09,12.09,16.9,8.02,25.5,6.72,13.54,15.22,40.8,13.4
273,3.03398,2,15.88,9.09,12.09,16.97,8.02,24.53,6.72,13.6,15.22,42.11,13.61
274,3.03398,2,15.75,9.09,12.14,16.83,8.05,25.38,6.74,13.65,15.29,42.38,14.06
275,3.03398,2,15.95,9.23,12.19,17.05,8.18,25.5,6.8,13.71,15.49,47.48,13.5
276,3.03398,2,16.01,9.3,12.29,17.12,8.24,24.77,6.82,13.65,15.42,41.84,14.11
277,3.03398,2,16.01,9.3,12.29,17.19,8.18,25.13,6.8,13.76,15.42,43.78,13.89
278,3.03398,2,15.95,9.23,12.24,17.05,8.18,24.89,6.77,13.76,15.49,41.84,14.23
279,3.03398,2,15.75,9.16,12.38,16.9,8.11,24.53,6.72,13.82,15.42,43.22,13.4
280,3.03398,2,15.82,9.16,12.24,16.9,8.11,25.25,6.72,13.76,15.35,42.38,13.67
281,3.03398,2,16.01,9.12,12.24,16.9,8.08,25.63,6.74,13.76,15.35,42.11,13.78
282,3.03398,2,16.15,9.12,12.24,16.9,8.08,25.63,6.72,13.76,15.42,42.11,13.61
283,3.03398,2,16.08,9.05,12.29,16.83,8.18,25.38,6.61,13.99,15.29,42.38,13.13
284,3.03398,2,15.37,8.43,11.86,15.92,7.46,24.3,6.23,13.49,14.96,40.8,12.87
285,3.03398,2,15.37,8.37,11.81,15.85,7.38,24.07,6.18,13.82,14.96,41.05,12.67
286,3.03398,2,15.43,8.4,11.81,15.92,7.38,23.62,6.23,13.6,14.96,40.8,12.87
287,3.03398,2,16.21,9.01,12.29,16.68,7.99,24.3,6.69,14.05,15.49,41.84,13.61
288,3.03398,2,16.15,8.94,12.19,16.68,7.95,24.3,6.61,13.93,15.42,42.11,13.18
289,3.03398,2,16.01,8.91,12.19,16.54,7.89,24.42,6.51,14.39,15.35,42.11,13.24
290,3.03398,2,15.95,8.87,12.29,16.54,7.83,24.18,6.53,13.93,15.35,42.38,13.5
291,3.03398,2,15.82,8.77,12.05,16.26,7.8,23.84,6.46,13.71,15.22,41.05,13.67
292,3.03398,2,15.88,8.8,12.14,16.4,7.8,24.3,6.46,13.88,15.29,40.29,13.08
293,3.03398,2,15.88,8.8,12.19,16.4,7.83,24.18,6.46,14.05,15.35,40.8,13.24
294,3.03398,2,15.88,8.77,12.19,16.26,7.8,23.18,6.46,14.05,15.35,39.79,13.13
295,3.03398,2,15.82,8.77,12.19,16.33,7.8,23.4,6.43,14.05,15.84,42.11,13.34
296,3.03398,2,15.88,8.8,12.24,16.4,7.83,23.73,6.46,13.99,15.42,42.11,13.24
297,3.03398,2,15.88,8.74,12.19,16.33,7.8,23.73,6.51,14.28,15.42,42.38,12.67
298,3.03398,2,15.88,8.77,12.24,16.33,7.83,23.62,6.58,14.05,15.42,42.94,13.56
299,3.03398,2,15.88,8.74,12.19,16.26,7.8,23.62,6.64,13.88,15.42,42.94,13.4
300,3.03398,2,15.95,8.77,12.24,16.33,7.77,23.84,6.69,13.76,15.42,42.38,13.83
301,3.23412,2,15.88,8.74,12.29,16.26,7.8,23.96,6.69,13.93,15.42,42.38,14.34
302,3.23412,2,15.88,8.7,12.14,16.19,7.8,23.84,6.77,14.1,15.42,41.84,14.46
303,3.23412,2,16.01,8.7,12.14,16.19,7.77,23.73,6.72,13.93,15.42,42.11,14.06
304,3.23412,2,15.88,8.67,12.14,16.12,7.74,23.62,6.69,13.93,15.42,42.11,14.06
305,3.23412,2,15.88,8.67,12.14,16.12,7.77,23.62,6.69,13.88,15.42,41.58,13.94
306,3.23412,2,15.95,8.7,12.14,16.19,7.77,23.62,6.74,14.16,15.42,41.32,13.5
307,3.23412,2,15.88,8.67,12.14,16.12,7.77,23.51,6.69,13.88,15.42,42.11,12.52
308,3.23412,2,15.82,8.63,12.09,16.19,7.74,23.4,6.64,13.88,15.35,41.58,12.77
309,3.23412,2,15.88,8.67,12.19,16.12,7.77,23.51,6.77,13.88,15.42,41.84,13.18
310,3.23412,2,15.88,8.57,12.14,16.12,7.74,23.62,6.8,13.93,15.42,43.22,13.34
311,3.23412,2,15.88,8.6,12.19,16.05,7.74,23.73,6.66,13.99,15.42,42.38,12.52
312,3.23412,2,15.82,8.57,12.24,15.99,7.77,23.62,6.64,13.93,15.42,42.11,13.29
313,3.23412,2,15.82,8.53,12.14,15.99,7.68,23.62,6.61,13.99,15.42,42.11,12.98
314,3.23412,2,15.88,8.5,12.19,15.99,7.65,23.4,6.58,13.99,15.42,40.04,13.03
315,3.23412,2,15.82,8.53,12.19,15.99,7.62,23.4,6.61,13.99,15.42,41.58,13.45
316,3.23412,2,15.82,8.63,12.19,15.92,7.62,23.51,6.53,14.57,15.49,42.38,13.4
317,3.23412,2,15.82,8.57,12.14,15.92,7.62,23.4,6.53,14.05,15.56,40.54,13.5
318,3.23412,2,15.82,8.6,12.24,15.92,7.68,23.51,6.58,14.1,15.49,41.84,13.45
319,3.23412,2,15.75,8.53,12.24,15.92,7.62,23.4,6.58,14.1,15.49,42.11,13.61
320,3.23412,2,15.75,8.5,12.24,15.85,7.58,23.29,6.58,14.16,15.56,42.38,13.61
321,3.23412,2,15.75,8.53,12.24,15.85,7.58,23.29,6.48,14.22,15.63,44.37,13.4
322,3.23412,2,15.75,8.47,12.14,15.72,7.52,23.18,6.43,14.16,15.56,41.84,13.29
323,3.23412,2,15.69,8.5,12.19,15.78,7.55,23.18,6.46,14.16,15.56,42.38,13.56
324,3.23412,2,15.69,8.43,12.24,15.78,7.52,23.07,6.4,14.16,15.56,44.07,13.45
325,3.23412,2,15.69,8.47,12.29,15.78,7.55,23.07,6.43,14.22,15.56,43.22,13.5
326,3.23412,2,15.69,8.47,12.29,15.72,7.55,23.18,6.4,14.22,15.56,42.11,13.18
327,3.23412,2,15.69,8.43,12.29,15.72,7.52,23.07,6.4,14.22,15.56,42.38,13.72
328,3.23412,2,15.75,8.5,12.33,15.78,7.58,23.07,6.4,14.28,15.63,41.84,13.18
329,3.23412,2,15.69,8.47,12.33,15.72,7.55,22.96,6.38,14.28,15.63,41.32,13.18
330,3.23412,2,15.75,8.5,12.33,15.72,7.55,22.96,6.35,14.45,15.63,42.11,13.08
331,3.23412,2,15.82,8.5,12.38,15.78,7.58,23.18,6.4,14.28,15.7,40.29,13.29
332,3.23412,2,15.75,8.5,12.38,15.72,7.52,22.96,6.4,14.39,15.7,41.84,13.29
333,3.23412,2,15.82,8.5,12.38,15.72,7.58,22.96,6.38,14.39,15.7,47.15,13.45
334,3.23412,2,15.75,8.47,12.38,15.72,7.52,22.96,6.35,14.39,15.7,42.94,13.45
335,3.23412,2,15.75,8.43,12.38,15.65,7.49,22.96,6.33,14.39,15.77,46.51,15.06
336,3.23412,2,15.69,8.37,12.38,15.52,7.43,22.75,6.25,14.33,15.29,38.59,15.06
337,3.23412,2,15.75,8.37,12.38,15.65,7.41,22.64,6.23,14.45,15.77,41.58,15.37
338,3.23412,2,15.18,7.95,11.95,14.95,7,21.83,5.91,13.93,15.29,41.58,14.58
339,3.23412,2,14.81,7.55,11.86,14.4,6.64,21.14,5.73,13.93,15.15,40.04,14.23
340,3.23412,2,14.69,7.52,11.86,14.34,6.61,21.24,5.7,14.16,15.09,39.79,14.11
341,3.23412,2,14.64,7.49,11.81,14.28,6.56,21.05,5.68,14.16,15.22,39.79,14.4
342,3.23412,2,14.64,7.49,11.81,14.28,6.61,21.05,5.7,14.22,15.15,39.79,14.23
343,3.23412,2,14.69,7.55,11.81,14.34,6.67,21.14,5.73,14.33,15.29,40.04,14.64
344,3.23412,2,14.64,7.49,11.86,14.28,6.61,21.05,5.68,14.28,15.15,39.79,14.64
345,3.23412,2,14.69,7.49,11.86,14.28,6.59,21.14,5.7,14.45,15.15,40.04,14.06
346,3.23412,2,14.94,7.67,12.05,14.46,6.72,21.43,5.82,14.33,15.22,40.54,14.76
347,3.23412,2,15.75,8.37,12.58,15.39,7.38,22.54,6.3,15.12,15.84,42.94,15.69
348,3.23412,2,15.69,8.27,12.53,15.26,7.26,22.33,6.18,14.93,15.77,42.66,15.37
349,3.23412,2,15.82,8.37,12.63,15.33,7.38,22.33,6.25,15.06,15.84,43.22,15.75
350,3.23412,2,15.69,8.27,12.53,15.26,7.29,22.23,6.15,14.93,15.77,40.54,15.56
351,3.23412,2,15.82,8.23,12.53,15.2,7.23,22.13,6.13,15,15.91,42.66,15.43
352,3.23412,2,14.87,7.52,12,14.28,6.61,20.77,5.59,14.1,15.15,40.8,14.52
353,3.23412,2,15.75,8.2,12.58,15.2,7.23,22.03,6.11,14.87,15.77,42.66,15.43
354,3.23412,2,15.82,8.27,12.68,15.26,7.29,22.13,6.11,15,15.84,43.22,15.5
355,3.23412,2,15.88,8.3,12.68,15.33,7.26,22.23,6.13,14.87,15.91,42.38,15.43
356,3.23412,2,15.75,8.2,12.63,15.14,7.2,22.03,6.08,15.06,16.2,42.66,15.31
357,3.23412,2,15.69,8.14,12.63,15.07,7.14,21.93,6.03,15,16.2,42.38,15.12
358,3.23412,2,15.69,8.14,12.58,15.01,7.17,21.93,6.01,15.12,16.12,42.94,15
359,3.23412,2,15.62,8.11,12.53,15.01,7.14,21.83,6.01,15,16.64,42.11,15.06
360,3.23412,2,15.62,8.14,12.63,15.01,7.14,21.73,6.01,15.06,16.64,42.11,15.12
361,3.42254,2,15.62,8.14,12.68,15.01,7.14,21.73,6.03,15.06,16.64,42.11,14.82
362,3.42254,2,15.56,8.07,12.63,14.95,7.11,21.63,6.01,15.18,16.64,45.88,15.06
363,3.42254,2,15.56,8.07,12.63,14.95,7.11,21.63,5.96,15,16.49,41.84,14.82
364,3.42254,2,15.56,8.11,12.68,14.95,7.17,21.63,6.01,15.06,16.57,41.32,14.76
365,3.42254,2,14.75,7.46,12.24,14.16,6.56,20.49,5.57,14.57,16.05,40.54,13.56
366,3.42254,2,14.81,7.49,12.29,14.16,6.61,20.58,5.63,15.12,16.05,39.79,14.52
367,3.42254,2,14.4,7.22,12.05,13.76,6.4,20.13,5.45,14.22,15.77,39.55,14.23
368,3.42254,2,14.46,7.16,12.05,13.76,6.35,20.13,5.48,14.51,15.77,39.79,14.58
369,3.42254,2,14.64,7.31,12.19,13.93,6.45,20.4,5.57,13.33,16.42,41.84,14.52
370,3.42254,2,14.58,7.34,12.14,13.93,6.48,20.22,5.54,13.82,16.42,40.04,14.4
371,3.42254,2,15.37,7.98,12.63,14.76,7.06,21.33,5.98,13.44,16.87,42.66,14.94
372,3.42254,2,15.49,8.01,12.73,14.95,7.06,21.33,5.98,13.54,16.27,42.11,15.06
373,3.42254,2,15.49,7.95,12.68,14.76,7.09,21.24,5.96,13.49,16.27,43.78,16.15
374,3.42254,2,15.43,7.95,12.73,14.76,6.97,21.24,6.06,13.49,16.2,40.29,15.06
375,3.42254,2,15.43,7.92,12.68,14.7,6.97,20.95,6.08,14.1,16.2,42.38,15.37
376,3.42254,2,14.81,7.46,12.29,14.11,6.56,20.13,5.7,14.63,15.77,40.54,14.46
377,3.42254,2,15,7.52,12.53,14.11,6.78,20.31,5.8,14.75,15.91,41.32,14.64
378,3.42254,2,14.46,7.16,12.14,13.65,6.32,19.69,5.54,14.63,15.56,39.79,14.11
379,3.42254,2,14.58,7.25,12.19,13.76,6.48,19.77,5.61,14.69,15.56,40.04,12.37
380,3.42254,2,14.4,7.11,12.09,13.54,6.3,19.43,5.57,14.57,15.49,39.79,12.67
381,3.42254,2,14.17,6.97,11.95,13.32,6.17,18.76,5.06,14.45,15.35,38.83,12.18
382,3.42254,2,14.28,7.08,12.09,13.49,6.32,19.34,5.17,14.45,15.42,38.83,12.27
383,3.42254,2,14.23,7.31,12.05,13.43,6.27,19.26,5.13,14.45,15.42,39.3,13.18
384,3.42254,2,14.17,6.99,12,13.32,6.22,18.84,5.09,14.39,15.35,39.06,12.32
385,3.42254,2,14.17,7.02,12,13.27,6.22,18.76,5.09,14.45,15.35,39.55,12.47
386,3.42254,2,14.06,6.99,12,13.27,6.19,18.84,5.06,14.57,15.29,38.59,12.82
387,3.42254,2,14.06,6.99,12,13.21,6.22,19.09,5.11,14.45,15.29,37.9,12.77
388,3.42254,2,14.06,6.99,12,13.32,6.22,19.09,5.06,14.51,15.35,39.06,15.12
389,3.42254,2,14.06,6.97,12,13.27,6.25,19.09,5.04,14.63,15.29,39.06,14.76
390,3.42254,2,14,6.88,11.95,13.16,6.17,19.01,4.98,14.45,15.22,39.06,15.06
391,3.42254,2,13.94,6.88,11.95,13.11,6.14,18.93,4.98,14.33,15.22,39.3,14.94
392,3.42254,2,14.06,6.91,12,13.16,6.14,18.84,5,14.63,15.22,38.59,13.89
393,3.42254,2,14,6.91,12.05,13.11,6.19,18.84,5,14.69,15.22,38.59,14.23
394,3.42254,2,14.06,6.99,12.05,13.21,6.22,19.09,5.04,14.81,15.35,39.3,14.7
395,3.42254,2,14.06,6.94,12.05,13.16,6.19,19.01,5,14.69,15.29,40.29,14.82
396,3.42254,2,14.06,6.97,12.05,13.21,6.25,18.93,5.02,14.75,15.29,39.3,14.82
397,3.42254,2,14.11,6.99,12.09,13.21,6.32,19.09,5.04,14.75,15.35,39.55,14.82
398,3.42254,2,14,6.91,12,13.11,6.19,18.84,4.98,14.51,15.22,39.3,14.64
399,3.42254,2,13.94,6.88,12,13.06,6.19,18.76,4.96,14.69,15.15,36.78,14.52
400,3.42254,2,13.94,6.85,11.95,13.06,6.19,18.76,4.94,14.33,15.15,38.59,14.58
401,3.42254,2,14,6.94,12.05,13.11,6.25,18.76,4.98,14.81,15.22,38.12,14.7
402,3.42254,2,14,6.91,12,13.06,6.25,18.84,4.98,14.87,15.22,38.36,15
403,3.42254,2,13.94,6.91,12.05,13.06,6.22,19.77,4.96,14.75,15.22,38.59,14.46
404,3.42254,2,14,6.94,12.09,13.11,6.32,18.68,5.02,14.81,15.22,38.59,15.25
405,3.42254,2,13.94,6.88,12,13,6.17,18.6,4.94,14.93,15.22,40.04,14.76
406,3.42254,2,14.06,6.99,12.09,13.11,6.25,18.6,5,15,15.29,40.8,15.12
407,3.42254,2,14.06,6.99,12.14,13.16,6.3,18.6,5.02,15.06,15.29,40.29,14.7
408,3.42254,2,14.11,7.02,12.14,13.16,6.3,18.68,5.04,15.25,15.29,39.06,14.76
409,3.42254,2,13.94,6.88,12.05,13,6.14,18.44,4.94,15.12,15.15,39.79,14.23
410,3.42254,2,14.06,7.02,12.19,13.16,6.27,18.52,5.02,15.12,15.29,38.12,14.46
411,3.42254,2,14.11,7.05,12.19,13.21,6.32,18.68,5.04,15.06,15.29,39.06,14.58
412,3.42254,2,14.17,7.08,12.24,13.27,6.35,18.84,5.06,15.06,15.29,39.3,14.7
413,3.42254,2,14.17,7.11,12.29,13.27,6.35,18.84,5.04,15.12,15.29,39.55,14.7
414,3.42254,2,14.06,7.05,12.19,13.16,6.32,18.6,5,15.06,15.22,39.55,14.76
415,3.42254,2,14.17,7.11,12.29,13.27,6.43,18.76,5.06,15.18,15.29,39.3,14.64
416,3.42254,2,14.17,7.14,12.33,13.32,6.43,18.84,5.06,15.18,15.35,40.8,14.88
417,3.42254,2,15,7.76,12.83,14.16,7.03,20.58,5.48,15.5,15.84,41.05,15.43
418,3.42254,2,14.11,7.11,12.05,13.32,6.38,19.43,4.96,14.51,15.22,44.96,14.7
419,3.42254,2,15.06,7.79,12.83,14.16,7.03,20.58,5.48,15.5,22.33,41.84,15.69
420,3.42254,2,14.81,7.76,12.83,14.22,6.81,20.22,5.32,15.69,21.01,41.84,15.82
421,3.9833195118768105,2,15.06,7.76,12.99,14.16,7.03,20.49,5.45,15.5,15.84,41.32,15.95
422,3.9833195118768105,2,15.06,7.79,12.94,14.16,7.03,19.6,5.45,15.31,15.91,46.51,15.62
423,3.9833195118768105,2,15.18,7.88,12.99,14.34,7.11,19.69,5.52,15.5,15.98,42.94,16.49
424,3.9833195118768105,2,15.18,7.82,12.99,14.28,7.11,19.26,5.5,15.56,15.98,42.38,15.12
425,3.9833195118768105,2,15,7.73,12.94,14.11,7,19.18,5.43,15.5,15.84,40.04,16.15
426,3.9833195118768105,2,15,7.73,12.88,14.11,6.94,19.18,5.41,15.31,15.84,41.05,15.62
427,3.9833195118768105,2,15.18,7.82,12.99,14.22,7.09,19.34,5.45,15.37,15.98,42.38,16.02
428,3.9833195118768105,2,15.18,7.82,12.99,14.16,7.09,19.26,5.45,15.12,15.98,42.11,15.75
429,3.9833195118768105,2,15.12,7.79,12.94,14.22,7.06,19.18,5.43,15.31,15.98,43.78,16.28
430,3.9833195118768105,2,15.12,7.79,12.94,14.16,7.06,19.26,5.45,15.56,15.98,41.84,16.28
431,3.9833195118768105,2,15.12,7.76,12.94,14.16,7.06,19.43,5.41,15.31,16.05,41.84,16.42
432,3.9833195118768105,2,15.12,7.79,12.94,14.16,7.06,19.51,5.43,15.31,15.98,42.38,16.28
433,3.9833195118768105,2,15.12,7.76,12.94,14.11,7.09,19.43,5.43,15.44,15.98,42.38,16.02
434,3.9833195118768105,2,15.24,7.85,13.04,14.28,7.14,19.43,5.52,15.5,16.05,43.5,16.42
435,3.9833195118768105,2,15.12,7.79,12.99,14.16,7.09,19.34,5.43,15.56,16.05,41.58,16.49
436,3.9833195118768105,2,15.06,7.73,12.99,14.11,7.03,19.26,5.39,15.31,15.98,42.11,16.02
437,3.9833195118768105,2,14.94,7.67,12.88,13.99,6.97,19.09,5.34,15.37,15.91,41.05,15.56
438,3.9833195118768105,2,15,7.7,12.88,14.05,6.97,19.18,5.34,15.31,15.98,41.84,15.56
439,3.9833195118768105,2,14.94,7.67,12.88,14.16,6.97,19.18,5.32,15.44,15.98,41.58,16.15
440,3.9833195118768105,2,14.28,7.14,12.48,13.32,6.48,18.28,4.98,15.06,15.42,40.04,15.12
441,3.9833195118768105,2,14.11,6.99,12.38,13.06,6.35,18.05,4.92,15.12,15.42,38.59,14.7
442,3.9833195118768105,2,15.06,7.73,12.94,14.11,7.03,19.26,5.39,15.56,15.98,42.38,15.43
443,3.9833195118768105,2,15,7.73,12.94,14.05,7.03,19.26,5.39,15.69,15.98,43.5,15.5
444,3.9833195118768105,2,15,7.73,12.94,14.11,7.03,19.26,5.36,15.37,15.98,43.22,16.22
445,3.9833195118768105,2,15.06,7.76,12.94,14.16,7.09,19.34,5.39,15.5,15.98,40.54,16.02
446,3.9833195118768105,2,15,7.73,12.94,14.05,7.06,19.26,5.36,15.44,15.98,41.58,16.15
447,3.9833195118768105,2,15.06,7.79,12.99,14.11,7.09,19.26,5.39,15.37,15.98,42.94,15.82
448,3.9833195118768105,2,15,7.7,12.88,14.11,7.03,19.18,5.34,15.25,15.98,42.94,16.28
449,3.9833195118768105,2,14.94,7.7,12.99,14.05,7.03,19.09,5.34,15.44,15.98,41.32,17.05
450,3.9833195118768105,2,15.06,7.76,12.99,14.16,7.09,19.26,5.39,15.76,16.05,41.58,15.95
451,3.9833195118768105,2,15.06,7.79,12.99,14.16,7.11,19.26,5.39,15.56,15.98,43.22,15.56
452,3.9833195118768105,2,15.06,7.79,12.99,14.16,7.11,19.18,5.39,15.56,15.98,42.11,15.82
453,3.9833195118768105,2,15.06,7.82,12.99,14.16,7.14,19.26,5.39,15.56,16.57,47.15,15.88
454,3.9833195118768105,2,15.06,7.79,12.99,14.16,7.14,19.18,5.36,15.76,16.42,42.38,15.95
455,3.9833195118768105,2,15,7.76,12.99,14.11,7.11,19.09,5.32,15.44,16.42,43.5,16.15
456,3.9833195118768105,2,15.06,7.82,12.99,14.16,7.14,19.18,5.39,15.76,16.42,41.84,16.08
457,3.9833195118768105,2,15,7.79,12.99,14.11,7.11,19.09,5.36,16.02,16.34,42.38,14.94
458,3.9833195118768105,2,14.94,7.73,12.94,14.05,7.06,19.01,5.3,15.69,16.27,44.37,14.82
459,3.9833195118768105,2,15.06,7.82,13.04,14.16,7.17,19.09,5.39,15.83,16.34,40.29,15
460,3.9833195118768105,2,15,7.76,12.99,14.11,7.09,18.93,5.34,15.76,16.34,41.32,14.94
461,3.9833195118768105,2,13.94,7.02,12.19,13.11,6.35,17.74,4.78,14.81,15.49,39.55,13.08
462,3.9833195118768105,2,14.87,7.73,12.94,13.99,7.09,18.84,5.3,15.56,16.27,42.66,14.58
463,3.9833195118768105,2,14.94,7.76,12.99,14.05,7.09,18.93,5.32,15.69,16.27,42.38,14.82
464,3.9833195118768105,2,14.94,7.73,12.99,13.99,7.09,18.84,5.3,15.69,16.12,41.58,15.12
465,3.9833195118768105,2,14.94,7.73,12.94,13.99,7.09,18.84,5.3,15.69,16.12,43.22,16.56
466,3.9833195118768105,2,15,7.79,12.99,14.05,7.11,18.84,5.39,15.56,28.94,42.66,16.49
467,3.9833195118768105,2,15,7.82,12.94,14.11,7.17,18.93,5.34,15.89,33.15,41.84,16.42
468,3.9833195118768105,2,15.06,7.82,12.99,14.05,7.2,18.93,5.34,15.63,29.46,42.66,15.62
469,3.9833195118768105,2,15.06,7.82,12.99,14.05,7.17,18.84,5.34,15.63,32.31,43.5,15.88
470,3.9833195118768105,2,15.06,7.82,12.94,14.05,7.2,18.76,5.34,15.76,32.31,41.84,16.28
471,3.9833195118768105,2,15.06,7.82,13.04,14.11,7.11,18.84,5.34,15.56,32.31,41.58,15.06
472,3.9833195118768105,2,15.06,7.82,12.99,14.05,7.17,18.76,5.34,15.96,32.31,42.11,15.18
473,3.9833195118768105,2,15.06,7.85,13.25,14.11,7.2,18.68,5.34,15.69,32.31,42.11,15.43
474,3.9833195118768105,2,15,7.82,12.94,14.11,7.17,18.68,5.34,15.5,27.3,44.37,15.06
475,3.9833195118768105,2,15,7.82,13.04,14.05,7.2,18.68,5.34,15.69,27.3,42.66,15.5
476,3.9833195118768105,2,14.94,7.73,12.94,13.99,7.09,18.28,5.28,15.56,24.96,41.32,16.15
477,3.9833195118768105,2,14.94,7.79,12.99,14.05,7.11,18.68,5.3,15.83,25.38,42.94,14.82
478,3.9833195118768105,2,15,7.85,13.04,14.11,7.2,18.84,5.34,15.63,24.3,43.5,16.28
479,3.9833195118768105,2,15,7.82,13.04,14.05,7.17,18.84,5.34,16.16,22.33,41.58,16.35
480,3.9833195118768105,2,14.87,7.73,12.99,13.99,7.06,18.68,5.28,15.83,18.51,42.11,15.95
481,3.9919588829782655,2,14.87,7.73,13.14,13.99,7.06,18.68,5.26,15.69,16.05,42.66,14.64
482,3.9919588829782655,2,14.81,7.7,13.04,13.99,7.03,18.76,5.26,15.69,16.05,42.66,14.82
483,3.9919588829782655,2,14.81,7.7,12.99,13.99,7,18.68,5.23,15.76,15.98,46.19,15
484,3.9919588829782655,2,14.87,7.7,12.99,13.93,7,18.68,5.26,16.09,15.98,41.05,16.22
485,3.9919588829782655,2,14.81,7.7,13.04,13.93,7.03,18.76,5.26,15.83,15.98,42.94,14.94
486,3.9919588829782655,2,14.87,7.7,13.09,13.99,7,18.68,5.23,15.96,15.98,43.22,15
487,3.9919588829782655,2,14.87,7.7,12.99,13.93,7,18.68,5.23,15.89,15.98,41.32,15
488,3.9919588829782655,2,14.94,7.76,13.04,14.05,7.06,18.76,5.28,16.09,16.05,42.38,15
489,3.9919588829782655,2,15,7.79,13.09,14.11,7.09,18.84,5.3,15.96,16.05,40.29,15.12
490,3.9919588829782655,2,15,7.79,13.04,14.11,7.09,18.84,5.28,16.23,16.05,41.84,15.12
491,3.9919588829782655,2,15.06,7.82,13.09,14.11,7.11,18.84,5.32,16.16,16.05,42.66,15.06
492,3.9919588829782655,2,14.94,7.76,13.04,14.05,7.09,18.76,5.28,15.83,16.05,41.84,14.82
493,3.9919588829782655,2,14.81,7.7,12.99,13.88,7,18.6,5.21,16.23,15.98,42.11,15.12
494,3.9919588829782655,2,15,7.79,13.2,14.11,7.09,18.76,5.3,16.02,16.05,41.84,15.12
495,3.9919588829782655,2,15,7.82,13.09,14.11,7.11,18.84,5.3,15.96,16.12,43.78,15.5
496,3.9919588829782655,2,14.87,7.76,12.99,14.05,7,18.76,5.26,16.57,16.05,42.94,15.43
497,3.9919588829782655,2,14.87,7.76,12.99,14.05,7,18.76,5.23,16.57,16.05,42.66,15.37
498,3.9919588829782655,2,14.87,7.79,13.04,14.11,7.03,18.76,5.26,16.43,16.05,42.66,15.43
499,3.9919588829782655,2,15,7.85,13.09,14.16,7.14,18.93,5.32,16.43,16.2,42.38,15.43
500,3.9919588829782655,2,14.94,7.82,13.09,14.11,7.09,18.84,5.28,16.5,16.05,42.66,15.95
501,3.9919588829782655,2,14.94,7.85,13.14,14.16,7.14,18.84,5.32,16.64,16.12,42.66,15.37
502,3.9919588829782655,2,15.06,7.88,13.14,14.22,7.17,18.93,5.32,16.71,16.12,43.22,14.88
503,3.9919588829782655,2,15,7.85,13.09,14.16,7.17,18.84,5.3,16.86,16.12,42.11,15.31
504,3.9919588829782655,2,15,7.85,13.09,14.16,7.17,18.84,5.3,17.14,16.05,42.38,15.95
505,3.9919588829782655,2,15.06,7.92,13.14,14.22,7.23,18.93,5.34,17.22,16.2,42.38,15.69
506,3.9919588829782655,2,15,7.85,13.04,14.16,7.17,18.76,5.28,17.07,16.12,42.11,15.95
507,3.9919588829782655,2,14.94,7.85,13.09,14.16,7.17,18.84,5.3,17.14,16.12,42.66,15.82
508,3.9919588829782655,2,14.94,7.85,13.04,14.16,7.17,18.76,5.28,17.14,16.05,42.38,15.75
509,3.9919588829782655,2,14.94,7.82,12.99,14.11,7.11,18.76,5.26,17.67,16.12,43.5,15.69
510,3.9919588829782655,2,14.81,7.79,12.99,14.05,7.09,18.68,5.23,17.07,16.05,41.58,15.31
511,3.9919588829782655,2,14.87,7.82,13.04,14.11,7.14,18.76,5.26,17.67,16.12,42.11,15.06
512,3.9919588829782655,2,14.69,7.76,12.99,13.99,7.06,18.6,5.19,17.22,16.05,42.11,15.75
513,3.9919588829782655,2,14.75,7.76,12.99,14.05,7.06,18.68,5.21,17.22,16.05,40.04,15.62
514,3.9919588829782655,2,14.81,7.76,12.99,14.11,7.09,18.68,5.21,17.22,16.05,41.84,15.62
515,3.9919588829782655,2,14.75,7.76,12.94,13.99,7.06,18.6,5.19,17,16.05,41.84,15.69
516,3.9919588829782655,2,14.87,7.76,12.99,14.05,7.09,18.68,5.21,16.09,16.05,43.22,15.82
517,3.9919588829782655,2,14.81,7.76,12.94,14.05,7.09,18.6,5.19,16.93,16.05,41.05,16.02
518,3.9919588829782655,2,14.81,7.73,12.94,13.99,7.06,18.6,5.19,16.86,16.05,41.58,15.12
519,3.9919588829782655,2,14.69,7.73,12.88,13.99,6.97,18.52,5.17,16.43,16.05,41.58,15.5
520,3.9919588829782655,2,14.87,7.85,12.99,14.11,7.14,18.68,5.23,16.71,16.12,41.84,16.28
521,3.9919588829782655,2,14.81,7.79,12.99,14.11,7.11,18.68,5.21,16.57,16.12,41.05,16.22
522,3.9919588829782655,2,14.81,7.79,12.99,14.05,7.11,18.6,5.21,17,16.05,42.38,16.08
523,3.9919588829782655,2,14.75,7.76,12.99,14.05,7.11,18.6,5.19,17,16.12,40.8,15.82
524,3.9919588829782655,2,14.75,7.73,12.88,13.99,7.03,18.52,5.17,17,16.05,44.07,15.82
525,3.9919588829782655,2,14.87,7.82,12.99,14.11,7.11,18.68,5.21,17.07,16.05,42.66,16.02
526,3.9919588829782655,2,14.75,7.76,12.94,14.05,7.11,19.01,5.19,16.78,16.05,42.38,15.88
527,3.9919588829782655,2,14.75,7.76,12.99,13.99,7.09,19.01,5.17,17.07,16.05,41.84,15.5
528,3.9919588829782655,2,14.75,7.76,12.94,13.99,7.06,19.09,5.19,17.14,16.05,43.22,15.62
529,3.9919588829782655,2,14.75,7.79,12.94,14.11,7.09,18.44,5.19,17.07,16.05,41.84,15.95
530,3.9919588829782655,2,14.75,7.79,12.94,14.05,7.09,18.6,5.17,17.22,16.05,42.38,15.56
531,3.9919588829782655,2,14.69,7.76,12.88,14.05,7.06,18.52,5.17,17.59,15.98,41.84,15.56
532,3.9919588829782655,2,14.81,7.85,12.99,14.16,7.14,18.6,5.23,17.22,16.12,45.57,16.56
533,3.9919588829782655,2,14.87,7.85,12.99,14.16,7.17,18.68,5.23,17.07,16.05,42.38,16.63
534,3.9919588829782655,2,14.75,7.79,12.83,14.05,7.06,18.52,5.15,17.14,15.98,39.06,15.25
535,3.9919588829782655,2,14.75,7.82,12.94,14.05,7.11,18.6,5.19,17.44,16.05,40.8,16.08
536,3.9919588829782655,2,14.64,7.76,12.83,13.99,7,18.36,5.13,17.36,15.98,42.38,15.18
537,3.9919588829782655,2,14.64,7.79,12.88,14.05,7.06,18.36,5.15,17.44,15.98,42.38,14.46
538,3.9919588829782655,2,14.64,7.76,12.83,13.99,7.03,18.28,5.13,17.59,15.91,41.84,14.29
539,3.9919588829782655,2,14.64,7.76,12.83,13.99,7,18.28,5.11,17.36,15.91,45.57,15.25
540,3.9919588829782655,2,14.64,7.76,12.83,13.99,7.03,18.28,5.13,17.44,15.91,41.32,15.31
541,4.040469816571031,3,14.69,7.88,12.94,14.05,7.11,18.44,5.19,17.51,15.98,42.11,15.56
542,4.040469816571031,3,14.58,7.82,12.88,13.99,7.06,18.36,5.13,17.51,15.98,42.38,15.56
543,4.040469816571031,3,14.64,8.91,12.88,14.11,7.11,18.44,5.17,17.51,18,44.96,15.5
544,4.040469816571031,3,14.58,8.8,12.83,14.11,7.03,18.36,5.13,17.67,17.83,41.58,15.37
545,4.040469816571031,3,14.58,7.88,12.78,13.99,7.03,18.28,5.11,17.44,18.34,42.38,15.25
546,4.040469816571031,3,14.64,8.14,12.88,14.05,7.09,18.44,5.15,17.59,18.34,39.79,15.12
547,4.040469816571031,3,14.69,7.98,12.94,14.11,7.11,18.44,5.17,17.74,18.17,42.94,14.88
548,4.040469816571031,3,14.64,7.92,12.83,14.05,7.11,18.36,5.13,17.36,18.17,40.04,14.76
549,4.040469816571031,3,14.64,7.95,12.83,14.05,7.11,18.36,5.17,17.36,17.75,41.58,15
550,4.040469816571031,3,14.58,7.92,12.78,14.05,7.09,18.36,5.15,17.36,15.84,42.66,14.82
551,4.040469816571031,3,14.64,7.95,12.83,14.05,7.09,18.36,5.15,17.36,15.84,42.66,14.64
552,4.040469816571031,3,14.64,7.92,12.88,14.05,7.11,18.36,5.15,16.93,15.84,41.32,15.43
553,4.040469816571031,3,14.64,7.95,12.88,14.11,7.06,18.36,5.13,14.69,15.91,41.58,15.5
554,4.040469816571031,3,14.64,7.95,12.88,14.11,7.03,18.44,5.15,14.93,15.91,41.84,15.5
555,4.040469816571031,3,14.52,7.88,12.88,14.05,7.06,18.36,5.11,14.57,15.91,41.84,15.43
556,4.040469816571031,3,14.64,7.95,12.94,14.05,7.11,18.44,5.15,14.81,15.98,41.58,15.18
557,4.040469816571031,3,14.58,7.85,12.88,14.11,7.03,18.36,5.11,14.87,15.91,41.32,14.17
558,4.040469816571031,3,13.24,6.83,12,12.69,6.04,16.65,4.39,13.76,15.09,39.55,13.61
559,4.040469816571031,3,13.18,6.74,13.63,12.54,5.99,16.72,4.37,14.1,15.02,37.44,13.67
560,4.040469816571031,3,13.18,6.72,13.74,12.54,5.97,16.72,4.35,14.28,14.96,38.12,14.76
561,4.040469816571031,3,14.64,7.82,14.71,14.05,7.03,18.52,5.13,14.93,15.98,41.32,14.76
562,4.040469816571031,3,14.64,7.79,14.59,14.05,7.03,18.44,5.11,14.75,15.91,42.38,14.76
563,4.040469816571031,3,14.64,7.79,14.77,14.05,7,18.36,5.09,14.75,15.98,41.58,14.58
564,4.040469816571031,3,14.58,7.76,14.71,14.05,7.03,18.36,5.06,14.87,15.91,42.66,15.37
565,4.040469816571031,3,14.58,7.79,14.71,14.05,7,18.36,5.09,14.75,15.91,41.84,15.43
566,4.040469816571031,3,14.87,7.79,12.94,14.05,7.03,18.36,5.09,14.93,15.91,42.11,15.5
567,4.040469816571031,3,14.69,7.82,12.94,14.11,6.97,18.36,5.09,14.81,15.91,42.66,15.5
568,4.040469816571031,3,14.69,7.79,12.94,14.11,6.89,18.36,5.09,14.93,15.98,40.04,16.22
569,4.040469816571031,3,14.64,7.82,12.94,14.11,7.03,18.44,5.09,15.06,15.98,41.84,15.56
570,4.040469816571031,3,14.58,7.82,12.94,14.11,7,18.36,5.09,14.87,15.91,41.84,16.02
571,4.040469816571031,3,14.64,7.92,12.99,14.22,7.11,18.52,5.13,15,15.98,39.55,15.95
572,4.040469816571031,3,14.64,7.92,12.99,14.22,7.11,18.52,5.13,14.93,16.05,41.58,15.69
573,4.040469816571031,3,14.69,7.95,13.04,14.28,7.17,18.6,5.17,15.56,16.12,40.8,16.35
574,4.040469816571031,3,14.58,7.88,12.99,14.22,7.09,18.52,5.13,15,15.98,41.05,16.15
575,4.040469816571031,3,14.46,7.82,12.94,14.11,7.06,18.44,5.11,15.18,15.91,42.38,16.15
576,4.040469816571031,3,14.34,7.79,12.94,14.16,7.03,18.44,5.06,15,15.91,42.66,16.08
577,4.040469816571031,3,14.34,7.73,12.88,14.05,6.94,18.28,5.04,14.69,15.84,44.96,16.49
578,4.040469816571031,3,14.52,7.79,12.99,14.16,7.06,18.2,5.09,14.93,15.98,44.37,15.95
579,4.040469816571031,3,14.52,7.85,12.94,14.16,7.11,18.44,5.11,15.06,15.98,42.38,16.56
580,4.040469816571031,3,14.58,7.79,12.99,14.16,7.03,18.36,5.09,14.75,15.91,41.84,15.82
581,4.040469816571031,3,14.52,7.79,12.94,14.16,7.06,18.36,5.09,14.81,15.91,41.05,15.69
582,4.040469816571031,3,14.52,7.79,12.99,14.28,7.03,18.36,5.06,14.75,16.05,41.58,15.43
583,4.040469816571031,3,14.58,7.85,12.99,14.28,7.14,18.52,5.13,14.81,15.98,42.11,16.08
584,4.040469816571031,3,14.64,7.88,13.04,14.28,7.17,18.52,5.13,14.93,15.98,42.66,15.31
585,4.040469816571031,3,14.64,7.88,13.04,14.28,7.14,18.52,5.13,15.25,15.98,42.38,15.62
586,4.040469816571031,3,14.64,7.88,13.09,14.28,7.11,18.52,5.11,15.25,15.98,41.05,15.95
587,4.040469816571031,3,14.64,7.85,13.04,14.28,7.09,18.44,5.09,15.18,15.91,46.83,15.88
588,4.040469816571031,3,14.58,7.82,13.04,14.22,7.06,18.44,5.09,15.25,15.91,41.84,15.95
589,4.040469816571031,3,14.52,7.79,12.99,14.16,7.03,18.36,5.06,15.25,15.91,40.04,15.31
590,4.040469816571031,3,14.52,7.79,12.99,14.22,6.97,18.36,5.06,15.37,15.91,42.38,15.18
591,4.040469816571031,3,14.52,7.76,12.99,14.11,7,18.36,5.04,15.31,15.84,42.11,15.56
592,4.040469816571031,3,14.58,7.79,12.99,14.22,7.06,18.44,5.06,15.37,15.84,41.58,15.56
593,4.040469816571031,3,14.58,7.82,13.04,14.22,7.03,18.44,5.06,15.44,15.91,41.32,15.82
594,4.040469816571031,3,14.64,7.85,13.04,14.28,7.06,18.52,5.11,15.37,15.91,41.84,16.02
595,4.040469816571031,3,14.52,7.79,12.99,14.22,7,18.44,5.06,15.37,15.91,40.54,16.15
596,4.040469816571031,3,14.52,7.76,12.99,14.16,6.97,18.36,5.02,15.37,15.84,41.58,15.95
597,4.040469816571031,3,14.64,7.85,13.04,14.28,7,18.52,5.13,15.44,15.91,40.54,17.34
598,4.040469816571031,3,13.78,7.55,13.04,13.88,6.45,17.74,4.8,15.37,15.84,40.29,15.82
599,4.040469816571031,3,14.58,7.79,12.99,14.22,6.97,18.52,5.06,15.37,15.91,41.58,16.15
600,4.040469816571031,3,14.52,7.76,12.99,14.22,6.94,18.44,5.02,15.5,15.84,41.05,16.02
601,4.074306539990229,3,14.52,7.76,12.99,14.22,6.94,18.44,5.02,15.44,15.91,45.26,16.02
602,4.074306539990229,3,14.58,7.79,12.99,14.22,6.97,18.44,5.04,15.25,15.91,40.29,16.49
603,4.074306539990229,3,14.52,7.76,12.99,14.22,6.94,18.44,5.02,15.37,15.91,41.32,16.15
604,4.074306539990229,3,14.52,7.76,12.99,14.22,6.92,18.36,5.06,15.44,15.91,45.26,16.02
605,4.074306539990229,3,14.58,7.76,12.99,14.22,6.97,18.44,5.02,15.31,15.91,42.38,15.82
606,4.074306539990229,3,14.64,7.79,12.99,14.22,6.94,18.44,5.04,15.44,15.84,42.38,16.42
607,4.074306539990229,3,14.52,7.88,13.04,14.4,7.03,18.52,5.09,15.5,15.91,40.54,16.77
608,4.074306539990229,3,14.11,7.58,12.73,13.99,6.75,18.05,4.88,15.06,15.63,40.54,16.28
609,4.074306539990229,3,14.52,7.88,13.04,14.4,7.06,18.6,5.09,14.93,15.98,41.32,15.43
610,4.074306539990229,3,14.52,7.85,13.09,14.4,7,18.52,5.09,15.06,15.98,41.32,14.82
611,4.074306539990229,3,14.46,7.79,13.09,14.22,7,18.44,5.06,15.18,16.05,44.66,15.25
612,4.074306539990229,3,14.52,7.85,13.04,14.4,7.03,18.52,5.09,15.12,15.98,42.66,16.28
613,4.074306539990229,3,14.4,7.82,13.04,14.34,7,18.44,5.04,15.12,15.98,40.29,15.82
614,4.074306539990229,3,14.4,7.79,13.04,14.28,6.97,18.44,5.02,15.18,15.98,41.58,15.95
615,4.074306539990229,3,14.4,7.79,13.04,14.28,7,18.44,5.04,15.25,15.91,41.58,15.31
616,4.074306539990229,3,14.4,7.79,13.04,14.28,7,18.44,5.02,15.12,15.91,41.58,15.43
617,4.074306539990229,3,14.28,7.73,13.04,14.22,6.94,18.36,5,15.31,15.91,40.8,15.37
618,4.074306539990229,3,14.34,7.79,12.99,14.28,6.94,18.2,5.04,15.63,15.91,42.66,15.56
619,4.074306539990229,3,14.34,7.79,12.99,14.34,6.97,18.13,5.02,15.25,15.91,41.32,15.69
620,4.074306539990229,3,14.4,7.82,13.04,14.34,7,17.97,5.04,15.18,15.91,42.94,15.25
621,4.074306539990229,3,14.46,7.85,13.2,14.4,7.03,18.2,5.06,15.37,15.98,42.38,15.31
622,4.074306539990229,3,14.52,7.82,13.04,14.4,7.03,18.2,5.04,15.31,15.91,41.58,15.37
623,4.074306539990229,3,14.58,7.95,13.14,14.52,7.09,18.28,5.11,15.89,15.98,43.78,15.37
624,4.074306539990229,3,14.52,7.88,13.09,14.4,7.03,18.28,5.09,15.5,15.91,42.11,15.5
625,4.074306539990229,3,14.46,7.82,13.04,14.4,6.97,18.2,5.04,15.69,15.84,42.38,15.43
626,4.074306539990229,3,14.52,7.88,13.09,14.46,7.03,18.2,5.06,15.96,15.91,40.8,15.56
627,4.074306539990229,3,14.46,7.85,13.09,14.46,7.09,18.2,5.04,15.56,15.84,41.32,15.88
628,4.074306539990229,3,14.46,7.85,13.09,14.46,7,18.28,5.04,15.5,15.91,41.32,15.5
629,4.074306539990229,3,14.4,7.82,13.04,14.46,6.97,18.2,5.02,15.37,15.91,41.05,15.43
630,4.074306539990229,3,14.46,7.85,13.14,14.46,7,18.28,5.04,15.5,15.91,41.58,15.5
631,4.074306539990229,3,14.34,7.79,13.04,14.4,6.92,18.2,5,15.31,15.84,41.84,15.06
632,4.074306539990229,3,14.4,7.82,13.04,14.4,6.94,18.28,5.02,15.5,15.84,41.32,15.62
633,4.074306539990229,3,14.52,7.92,13.14,14.52,7,18.36,5.06,15.5,15.91,41.58,15.95
634,4.074306539990229,3,14.52,7.88,13.2,14.46,7,18.44,5.06,15.5,15.91,41.05,15.69
635,4.074306539990229,3,14.4,7.82,13.04,14.4,6.92,18.28,5,15.37,15.84,40.54,15.43
636,4.074306539990229,3,14.4,7.82,13.09,14.4,6.92,18.28,5.02,15.37,15.84,41.32,15.12
637,4.074306539990229,3,14.4,7.82,13.09,14.4,6.92,18.28,5,15.37,15.84,40.54,15.56
638,4.074306539990229,3,14.46,7.85,13.14,14.46,6.97,18.36,5.04,15.44,15.91,41.32,15.5
639,4.074306539990229,3,14.4,7.79,13.09,14.4,6.86,18.28,5,15.56,15.84,41.05,16.08
640,4.074306539990229,3,14.52,7.82,13.14,14.46,6.89,18.28,5.02,15.5,15.91,39.3,15.88
641,4.074306539990229,3,14.4,7.76,13.09,14.4,6.86,18.2,4.96,15.37,15.77,40.8,15.88
642,4.074306539990229,3,14.34,7.73,13.04,14.34,6.81,18.13,4.94,15.37,15.7,39.79,15.56
643,4.074306539990229,3,14.4,7.79,13.09,14.4,6.86,18.2,4.98,15.44,15.77,44.96,16.08
644,4.074306539990229,3,14.58,7.92,13.2,14.64,6.94,18.44,5.06,15.63,15.91,40.04,16.02
645,4.074306539990229,3,14.46,7.85,13.09,14.4,6.89,18.2,5,15.63,15.84,42.11,16.15
646,4.074306539990229,3,14.34,7.76,13.04,14.4,6.83,18.05,4.96,15.5,15.77,41.58,16.15
647,4.074306539990229,3,14.52,7.92,13.2,14.58,6.92,18.36,5.04,15.5,15.91,41.58,16.28
648,4.074306539990229,3,14.4,7.82,13.2,14.46,6.89,18.28,5,15.5,15.77,41.32,15.62
649,4.074306539990229,3,14.4,7.82,13.2,14.46,6.89,18.13,4.98,15.56,15.84,41.58,15.69
650,4.074306539990229,3,14.34,7.79,13.09,14.4,6.86,17.97,4.98,15.44,15.77,41.05,15.56
651,4.074306539990229,3,14.34,7.79,13.09,14.46,6.89,18.13,4.98,15.83,15.77,41.58,15.62
652,4.074306539990229,3,14.4,7.76,13.3,14.52,6.94,18.05,5,15.37,15.84,41.58,15.5
653,4.074306539990229,3,14.52,7.88,14.59,14.58,6.94,18.2,5.02,15.56,15.91,42.38,15.5
654,4.074306539990229,3,14.58,7.95,14.95,14.64,7,18.2,5.06,15.76,15.91,42.38,15.43
655,4.074306539990229,3,14.58,7.95,15.77,14.58,6.97,18.52,5.06,15.83,15.84,41.58,15.31
656,4.074306539990229,3,14.52,7.92,15.45,14.58,6.97,18.52,5.04,15.83,15.84,41.32,15.5
657,4.074306539990229,3,14.52,7.92,15.51,14.52,6.94,18.44,5.02,15.83,15.77,41.32,14.34
658,4.074306539990229,3,14.4,7.79,15.64,14.4,6.83,18.2,4.96,15.69,15.7,39.79,14.11
659,4.074306539990229,3,14.52,7.85,15.77,14.52,6.86,18.36,5,15.56,15.77,42.11,13.89
660,4.074306539990229,3,14.46,7.82,15.71,14.46,6.89,18.28,4.98,15.5,15.7,41.58,13.72
661,4.088233926884913,3,14.75,8.07,15.97,14.82,7.14,18.68,5.15,15.76,15.91,42.11,13.83
662,4.088233926884913,3,14.4,7.79,15.64,14.4,6.86,18.2,4.94,15.44,15.63,40.54,13.13
663,4.088233926884913,3,14.46,7.82,15.71,14.46,6.89,18.2,4.96,15.76,15.7,41.05,13.56
664,4.088233926884913,3,14.46,7.79,15.9,14.46,6.92,18.2,4.94,15.76,15.63,41.32,14.11
665,4.088233926884913,3,14.46,7.79,15.97,14.46,6.86,18.13,4.96,15.69,15.63,40.8,13.45
666,4.088233926884913,3,14.46,7.82,15.97,14.64,6.92,18.2,4.98,15.76,15.7,40.54,13.83
667,4.088233926884913,3,14.46,7.85,15.97,14.52,6.94,18.2,4.98,15.83,15.7,41.05,13.13
668,4.088233926884913,3,14.34,7.85,16.03,14.52,6.92,18.2,4.98,15.76,15.7,41.05,13.29
669,4.088233926884913,3,14.58,7.95,16.1,14.64,7,18.36,5.04,15.76,15.77,40.29,13.45
670,4.088233926884913,3,14.28,7.85,16.03,14.58,6.89,18.2,4.98,15.83,15.7,41.58,13.45
671,4.088233926884913,3,14.34,7.92,16.17,14.64,6.92,18.36,5.02,15.76,15.84,41.05,14.06
672,4.088233926884913,3,14.28,7.88,16.17,14.58,6.97,18.2,4.98,15.83,15.7,40.29,14
673,4.088233926884913,3,14.28,7.85,16.17,14.58,6.89,18.2,4.98,15.69,15.77,42.11,13.5
674,4.088233926884913,3,13.83,7.85,16.24,14.52,6.83,18.13,4.96,15.69,15.77,41.05,14
675,4.088233926884913,3,14.17,7.85,16.24,14.58,6.89,18.13,4.98,15.89,15.77,41.58,13.56
676,4.088233926884913,3,14.46,7.85,16.37,14.58,6.92,18.13,4.98,15.76,15.77,41.32,14.29
677,4.088233926884913,3,14.46,7.88,16.3,14.58,6.92,18.13,4.98,15.83,15.77,41.58,14.76
678,4.088233926884913,3,14.46,7.85,16.3,14.58,6.86,18.13,4.96,15.83,15.77,42.11,14.06
679,4.088233926884913,3,14.46,7.85,16.37,14.58,6.94,18.13,4.98,15.76,15.77,40.04,13.72
680,4.088233926884913,3,14.46,7.85,16.37,14.58,6.92,18.05,4.96,15.76,15.7,40.54,13.89
681,4.088233926884913,3,13.94,7.49,15.9,14.28,6.59,17.44,4.72,15.31,15.29,39.55,13.78
682,4.088233926884913,3,14.4,7.79,16.44,14.46,6.86,17.97,4.94,15.76,15.7,42.11,13.5
683,4.088233926884913,3,14.34,7.82,16.44,14.58,6.89,17.97,4.96,15.83,15.7,41.58,14.17
684,4.088233926884913,3,14.46,7.82,16.44,14.58,6.86,17.82,4.94,15.76,15.77,41.05,17.34
685,4.088233926884913,3,14.17,7.82,16.51,14.58,6.86,17.74,4.96,15.76,15.77,42.66,13.72
686,4.088233926884913,3,14.06,7.82,16.51,14.52,6.86,17.74,4.94,16.16,15.7,39.06,13.67
687,4.088233926884913,3,14.28,7.79,16.58,14.52,6.83,17.82,4.92,15.83,15.84,43.22,12.42
688,4.088233926884913,3,14.4,7.82,16.51,14.58,6.83,17.89,4.94,15.96,15.7,42.38,13.5
689,4.088233926884913,3,14.17,7.82,16.51,14.58,6.86,17.89,4.94,15.83,15.77,40.04,12.82
690,4.088233926884913,3,14.23,7.85,16.58,14.58,6.89,17.89,4.96,15.83,15.7,40.8,13.56
691,4.088233926884913,3,14.17,7.82,16.72,14.58,6.86,18.76,4.96,15.96,15.7,41.32,13.29
692,4.088233926884913,3,14.11,7.82,16.44,14.64,6.86,18.52,4.94,15.96,15.63,40.8,13.08
693,4.088233926884913,3,14,7.85,16.65,14.7,6.89,18.6,4.96,15.89,15.7,41.32,13.08
694,4.088233926884913,3,14.34,7.85,16.65,14.7,6.89,18.6,4.96,15.69,15.7,42.11,13.13
695,4.088233926884913,3,14.34,7.85,16.65,14.64,6.92,18.52,4.96,15.76,15.77,42.11,13.34
696,4.088233926884913,3,14.28,7.85,16.51,14.64,6.92,18.52,4.96,15.76,15.77,39.06,13.34
697,4.088233926884913,3,14.28,7.88,16.65,14.64,6.94,18.52,4.98,16.02,15.77,44.07,13.08
698,4.088233926884913,3,14.34,7.88,16.65,14.58,6.94,18.44,4.98,16.36,15.84,41.84,13.03
699,4.088233926884913,3,14.34,7.85,16.65,14.64,6.92,18.2,4.96,16.23,15.77,41.05,12.87
700,4.088233926884913,3,14.34,7.92,16.72,14.64,6.94,18.52,4.98,16.36,15.77,41.58,12.37
701,4.088233926884913,3,14.34,7.85,16.65,14.58,6.89,18.52,4.96,16.3,15.77,41.05,13.03
702,4.088233926884913,3,14.34,7.88,16.72,14.64,6.92,17.82,4.98,16.36,15.77,41.32,12.67
703,4.088233926884913,3,14.4,7.92,16.72,14.7,6.94,17.89,5,16.43,15.84,41.05,12.57
704,4.088233926884913,3,14.34,7.88,16.72,14.64,6.92,17.74,4.96,16.43,15.77,41.32,13.13
705,4.088233926884913,3,14.34,7.88,16.72,14.7,6.86,17.82,4.96,16.3,15.77,40.8,12.82
706,4.088233926884913,3,14.28,7.88,16.72,14.7,6.89,17.74,4.94,16.36,15.77,42.11,12.52
707,4.088233926884913,3,14.28,7.85,16.79,14.64,6.89,17.67,4.94,16.43,15.77,41.32,12.37
708,4.088233926884913,3,14.69,8.17,17.14,15.07,7.2,18.2,5.15,16.78,16.05,41.84,13.34
709,4.088233926884913,3,14.4,7.92,16.79,14.7,6.92,17.74,4.96,16.3,15.77,40.29,12.37
710,4.088233926884913,3,14.34,7.92,16.79,14.7,6.94,17.74,5.06,16.64,15.77,41.32,13.34
711,4.088233926884913,3,14.52,8.04,16.93,14.95,7.09,17.97,5.04,16.02,15.91,39.55,12.82
712,4.088233926884913,3,14.52,8.01,16.86,14.89,7.03,17.74,5.02,16.36,15.91,42.38,12.42
713,4.088233926884913,3,14.46,7.98,16.79,14.82,7,17.74,5,16.36,15.98,42.38,12.98
714,4.088233926884913,3,14.52,8.01,16.93,14.95,7.03,17.74,5.04,16.5,15.84,42.94,13.45
715,4.088233926884913,3,14.46,8.04,16.93,14.95,7.06,17.74,5.02,16.64,15.84,41.05,12.52
716,4.088233926884913,3,14.4,7.98,16.86,14.82,7,17.59,5,16.5,15.77,41.58,13.4
717,4.088233926884913,3,14.52,8.04,16.93,14.95,7.09,17.74,5.02,16.71,15.84,41.05,13.08
718,4.088233926884913,3,14.52,8.04,16.93,14.95,7.09,17.74,5.04,16.71,15.84,41.32,13.29
719,4.088233926884913,3,14.52,8.07,17,14.95,7.09,17.74,5.04,16.64,15.84,41.58,13.34
720,4.088233926884913,3,14.4,7.98,16.79,14.89,7,17.59,4.98,16.64,15.7,39.55,12.37
721,4.173797639307779,3,14.46,8.01,16.93,14.89,7.03,17.59,5,16.5,15.77,41.05,13.72
722,4.173797639307779,3,14.75,8.23,17.21,15.26,7.26,17.97,5.17,17,16.05,41.84,13.34
723,4.173797639307779,3,14.28,7.88,16.79,14.76,6.86,17.44,4.94,16.71,15.63,40.8,13.61
724,4.173797639307779,3,14.23,7.85,16.79,14.82,6.86,17.44,4.92,16.64,15.7,40.54,13.13
725,4.173797639307779,3,14.23,7.82,16.79,14.7,6.81,17.3,4.9,16.5,15.63,39.79,12.98
726,4.173797639307779,3,14.17,7.79,16.79,14.58,6.83,17.3,4.88,16.93,15.56,40.54,13.34
727,4.173797639307779,3,14.17,7.79,16.72,14.64,6.78,17.22,4.86,16.78,15.56,42.38,13.5
728,4.173797639307779,3,14.23,7.85,16.86,14.7,6.92,17.37,4.94,16.78,15.63,40.8,12.98
729,4.173797639307779,3,14.23,7.85,16.86,14.76,6.86,17.3,4.9,16.71,15.63,40.04,12.82
730,4.173797639307779,3,14.28,7.88,16.86,14.76,6.92,17.37,4.94,16.57,15.7,45.57,12.92
731,4.173797639307779,3,14.28,7.88,16.93,14.82,6.92,17.37,4.94,16.71,15.7,44.37,12.23
732,4.173797639307779,3,14.23,7.85,16.86,14.76,6.86,17.3,4.9,16.16,15.63,41.32,12.62
733,4.173797639307779,3,14.17,7.85,16.86,14.76,6.83,17.3,4.88,16.16,15.63,42.94,12.52
734,4.173797639307779,3,14.17,7.92,16.93,14.82,6.94,17.37,4.98,16.43,15.7,41.58,13.13
735,4.173797639307779,3,14.28,7.92,16.93,14.89,6.92,17.37,4.94,16.02,15.7,41.05,12.42
736,4.173797639307779,3,14.11,7.88,16.86,14.82,6.86,17.3,4.9,16.09,15.7,41.58,12.47
737,4.173797639307779,3,14.17,7.98,17,14.89,6.97,17.44,4.98,16.02,15.77,41.05,12.52
738,4.173797639307779,3,14.28,8.04,17.07,15.01,7.03,17.52,5.02,16.3,15.84,41.58,12.27
739,4.173797639307779,3,14.17,7.95,17,14.89,6.97,17.37,4.96,16.71,15.77,40.54,12.92
740,4.173797639307779,3,14.11,8.07,17.14,15.01,7.03,17.44,5.02,16.71,15.84,41.05,13.13
741,4.173797639307779,3,14.06,8.07,17.14,15.2,7.03,17.44,5.02,16.71,15.77,41.58,13.18
742,4.173797639307779,3,13.94,7.98,17.14,14.95,6.97,17.37,4.98,16.64,15.77,41.32,12.67
743,4.173797639307779,3,14.06,7.98,17.07,14.95,6.97,17.3,4.96,16.23,15.91,41.32,12.87
744,4.173797639307779,3,14.11,7.98,17,14.89,6.94,16.17,4.94,16.71,15.77,42.11,12.47
745,4.173797639307779,3,14.11,8.01,17,14.95,6.97,16.17,4.96,16.93,15.77,41.32,12.32
746,4.173797639307779,3,14.23,8.04,17.07,14.95,7,16.31,4.98,16.86,15.77,42.11,12.32
747,4.173797639307779,3,14.17,8.01,17.07,14.95,7,16.65,4.96,16.78,15.77,41.32,12.62
748,4.173797639307779,3,14.17,8.01,17.07,14.95,6.97,16.51,4.96,16.3,15.77,40.8,12.62
749,4.173797639307779,3,14.06,7.98,17,14.89,6.94,16.44,4.94,16.71,15.7,41.05,12.67
750,4.173797639307779,3,14.06,7.98,17,14.89,6.92,16.44,4.92,17,15.7,39.06,12.67
751,4.173797639307779,3,14,8.2,17.14,14.82,6.92,16.44,4.9,16.16,15.7,40.04,12.37
752,4.173797639307779,3,13.94,8.04,17.14,14.82,6.89,16.38,4.9,16.23,15.7,40.8,12.67
753,4.173797639307779,3,13.83,8.3,17.14,14.82,6.86,16.38,4.88,16.16,15.63,40.8,12.57
754,4.173797639307779,3,14,8.11,17.14,14.82,6.92,17.37,4.88,16.3,15.63,40.8,12.72
755,4.173797639307779,3,13.89,7.95,17.07,14.76,6.86,17.3,4.86,16.09,15.56,42.11,12.52
756,4.173797639307779,3,13.89,7.85,17.14,14.76,6.83,17.3,4.88,16.16,15.63,38.59,12.23
757,4.173797639307779,3,13.83,7.88,17.21,14.82,6.86,17.3,4.88,16.23,15.63,41.05,12.32
758,4.173797639307779,3,13.89,7.88,17.14,14.76,6.89,17.3,4.88,16.3,15.63,40.8,12.37
759,4.173797639307779,3,13.89,7.88,17.14,14.76,6.86,17.22,4.88,16.3,15.63,41.05,12.62
760,4.173797639307779,3,13.83,7.88,17.21,14.76,6.86,17.22,4.86,16.36,15.7,41.05,12.32
761,4.173797639307779,3,13.83,7.85,17.21,14.82,6.86,17.15,4.86,16.36,15.63,41.84,12.52
762,4.173797639307779,3,13.72,7.88,17.21,14.76,6.86,17.15,4.86,16.3,15.63,41.05,12.62
763,4.173797639307779,3,13.83,7.85,17.21,14.89,6.83,17.15,4.84,16.5,15.63,41.05,12.37
764,4.173797639307779,3,13.78,7.88,17.21,14.82,6.83,17.15,4.86,16.36,15.63,42.66,12.57
765,4.173797639307779,3,13.78,7.92,17.21,14.82,6.83,17.08,4.86,16.36,15.7,41.58,12.57
766,4.173797639307779,3,13.78,8.07,17.21,14.76,6.83,17.08,4.86,16.36,15.63,40.8,13.4
767,4.173797639307779,3,13.83,8.04,17.21,14.82,6.86,17.08,4.86,16.43,15.7,40.29,13.24
768,4.173797639307779,3,13.83,8.04,17.29,14.89,6.92,17.15,4.88,16.5,15.63,40.54,12.47
769,4.173797639307779,3,13.94,8.11,17.29,14.82,6.89,17.15,4.9,16.57,15.7,39.3,12.32
770,4.173797639307779,3,14,8.07,17.29,14.89,6.89,17.08,4.88,16.36,15.7,40.29,12.72
771,4.173797639307779,3,13.94,7.92,17.29,14.82,6.86,17.08,4.88,16.5,15.7,40.04,12.67
772,4.173797639307779,3,13.89,7.88,17.21,14.76,6.86,17.01,4.86,16.5,15.63,40.04,12.52
773,4.173797639307779,3,13.94,7.92,17.29,14.89,6.89,17.08,4.88,16.57,15.7,39.79,12.18
774,4.173797639307779,3,13.94,7.92,17.36,14.89,6.94,17.08,4.88,16.43,15.7,40.54,12.52
775,4.173797639307779,3,13.94,7.92,17.36,14.89,6.89,17.08,4.9,16.43,15.63,40.54,11.99
776,4.173797639307779,3,13.89,7.88,17.29,14.82,6.86,17.01,4.86,16.5,15.7,39.79,11.99
777,4.173797639307779,3,13.94,7.88,17.29,14.89,6.89,17.01,4.86,16.57,15.63,40.04,12.62
778,4.173797639307779,3,13.89,7.98,17.36,14.82,6.86,17.01,4.86,16.86,15.63,42.66,12.67
779,4.173797639307779,3,13.78,7.95,17.29,14.7,6.75,16.79,4.8,17.14,15.63,39.79,12.08
780,4.173797639307779,3,13.83,7.95,17.29,14.76,6.81,16.86,4.8,16.57,15.7,39.55,12.18
781,4.1903608369515295,3,13.89,7.98,17.29,14.82,6.83,16.86,4.84,16.43,15.63,40.54,12.13
782,4.1903608369515295,3,13.89,8.04,17.29,14.76,6.83,16.86,4.8,17,15.63,41.32,12.13
783,4.1903608369515295,3,14,8.01,17.43,14.95,6.89,17.01,4.88,16.71,15.7,41.05,11.94
784,4.1903608369515295,3,14,8.04,17.51,14.89,6.92,16.93,4.88,17.14,15.7,40.54,12.42
785,4.1903608369515295,3,14,7.98,17.43,15.01,6.92,16.93,4.88,16.78,15.7,40.8,12.42
786,4.1903608369515295,3,14,7.98,17.43,14.95,6.92,16.93,4.88,17.29,15.7,40.8,12.37
787,4.1903608369515295,3,14,7.92,17.36,14.89,6.89,16.93,4.86,16.5,15.7,41.58,12.23
788,4.1903608369515295,3,14,7.92,17.43,14.89,6.86,16.86,4.86,16.57,15.7,42.38,12.42
789,4.1903608369515295,3,13.94,7.88,17.43,14.82,6.86,16.86,4.84,16.71,15.7,41.32,11.99
790,4.1903608369515295,3,14.11,7.88,17.43,14.89,6.86,16.86,4.84,16.64,15.7,41.05,12.13
791,4.1903608369515295,3,14,7.95,17.43,14.95,6.89,16.86,4.86,16.64,15.77,40.54,12.52
792,4.1903608369515295,3,14,7.88,17.43,14.89,6.86,16.86,4.84,16.57,15.7,42.66,12.42
793,4.1903608369515295,3,13.94,7.85,17.36,14.76,6.83,16.72,4.82,16.64,15.63,42.11,12.27
794,4.1903608369515295,3,14.06,7.92,17.51,14.95,6.89,16.79,4.86,16.93,15.7,39.55,12.27
795,4.1903608369515295,3,13.94,7.85,17.51,14.82,6.83,16.72,4.82,16.64,15.63,41.84,12.47
796,4.1903608369515295,3,14.06,7.88,17.58,15.07,6.86,16.86,4.86,16.78,15.7,42.66,12.32
797,4.1903608369515295,3,14.06,7.88,17.58,14.89,6.86,16.79,4.86,16.57,15.63,41.32,12.52
798,4.1903608369515295,3,14,7.85,17.51,14.89,6.86,16.72,4.84,17.07,15.63,42.11,12.27
799,4.1903608369515295,3,14,7.85,17.51,14.82,6.86,16.72,4.84,17.07,15.63,39.79,12.42
800,4.1903608369515295,3,14,7.85,17.51,14.89,6.83,16.72,4.82,16.93,15.63,39.06,11.94
801,4.1903608369515295,3,14,7.88,17.58,14.89,6.86,16.72,4.84,16.93,15.63,41.05,12.32
802,4.1903608369515295,3,14.06,7.88,17.66,14.95,6.89,16.72,4.84,17.29,15.7,46.19,12.47
803,4.1903608369515295,3,14.06,7.88,17.66,14.89,6.86,16.72,4.84,17.29,15.63,38.83,11.43
804,4.1903608369515295,3,14.06,7.88,17.58,14.95,6.89,16.72,4.86,17.36,15.7,41.58,12.37
805,4.1903608369515295,3,14.06,7.88,17.43,14.89,6.89,16.65,4.84,17.29,15.7,40.8,12.32
806,4.1903608369515295,3,14.06,7.88,17.66,14.89,6.86,16.58,4.84,17.29,15.7,40.04,12.27
807,4.1903608369515295,3,14.06,7.88,17.51,14.95,6.86,16.51,4.84,17.14,15.63,41.58,12.37
808,4.1903608369515295,3,14.06,7.85,17.51,14.89,6.86,16.44,4.82,17,15.63,40.29,12.13
809,4.1903608369515295,3,14.06,7.88,17.51,14.95,6.89,16.51,4.86,17.07,15.63,40.54,12.52
810,4.1903608369515295,3,14,7.88,17.58,14.89,6.86,16.51,4.84,17,15.63,39.79,12.47
811,4.1903608369515295,3,14.06,7.92,17.58,14.95,6.89,16.58,4.82,17.07,15.7,40.54,12.62
812,4.1903608369515295,3,13.94,7.85,17.58,14.89,6.86,16.51,4.82,17.44,15.7,41.58,12.52
813,4.1903608369515295,3,14,7.88,17.66,14.95,6.86,16.51,4.84,17.07,15.63,38.59,12.42
814,4.1903608369515295,3,14,7.85,17.66,14.89,6.86,16.51,4.82,16.78,15.63,41.32,12.32
815,4.1903608369515295,3,14.06,7.92,17.73,15.01,6.86,16.58,4.86,17,15.63,41.05,12.42
816,4.1903608369515295,3,14,7.85,17.66,14.89,6.89,16.58,4.82,16.86,15.63,41.05,12.42
817,4.1903608369515295,3,14.06,7.88,17.66,14.95,6.86,16.51,4.84,16.86,15.63,41.05,12.62
818,4.1903608369515295,3,14.11,7.98,18.04,15.01,6.97,16.65,4.88,16.93,15.7,42.11,12.87
819,4.1903608369515295,3,14.11,7.98,17.96,15.07,6.97,16.65,4.88,16.93,15.7,40.8,12.42
820,4.1903608369515295,3,14.06,7.95,17.81,15.01,6.94,16.58,4.86,16.93,15.63,40.54,12.52
821,4.1903608369515295,3,14.06,7.95,17.88,15.01,6.94,16.58,4.86,17.22,15.63,40.29,12.57
822,4.1903608369515295,3,14.06,7.92,17.96,15.01,6.92,16.58,4.86,17.07,15.63,41.32,12.42
823,4.1903608369515295,3,14,7.92,18.04,14.95,6.92,16.51,4.84,17,15.63,41.05,12.37
824,4.1903608369515295,3,14,7.95,18.04,15.01,6.89,16.51,4.84,17,15.7,42.38,12.42
825,4.1903608369515295,3,13.94,7.92,18.04,15.01,6.92,16.51,4.84,17.29,15.63,41.32,12.42
826,4.1903608369515295,3,14,7.95,18.04,15.01,6.89,16.51,4.84,17.29,15.63,42.94,12.47
827,4.1903608369515295,3,13.89,7.88,17.96,14.89,6.86,16.44,4.8,17.29,15.63,42.38,12.32
828,4.1903608369515295,3,14,7.95,18.11,15.01,6.92,16.51,4.84,17.59,15.63,41.58,12.57
829,4.1903608369515295,3,13.89,7.95,18.11,15.01,6.94,16.51,4.86,17.36,15.7,40.8,12.62
830,4.1903608369515295,3,14.11,7.98,18.11,15.01,6.94,16.51,4.86,17.51,15.7,41.84,12.62
831,4.1903608369515295,3,14.11,7.98,18.11,15.01,6.92,16.44,4.86,17.44,15.63,41.05,12.57
832,4.1903608369515295,3,14.06,7.92,18.11,14.95,6.89,16.44,4.82,17.29,15.63,40.54,12.37
833,4.1903608369515295,3,14.06,7.95,17.96,15.01,6.92,16.44,4.84,17.67,15.7,40.54,12.42
834,4.1903608369515295,3,14.06,7.98,18.11,15.07,6.92,16.44,4.84,17.29,15.63,39.06,12.32
835,4.1903608369515295,3,13.89,7.95,18.04,14.89,6.86,16.31,4.8,17.44,15.56,41.84,12.23
836,4.1903608369515295,3,13.94,8.04,18.04,15.01,6.92,16.44,4.84,17.51,15.63,41.32,12.23
837,4.1903608369515295,3,14.06,8.11,17.88,15.01,6.89,16.44,4.84,17.51,15.63,42.38,12.32
838,4.1903608369515295,3,14.06,7.98,18.04,14.95,6.92,16.44,4.84,17.36,15.63,41.32,12.23
839,4.1903608369515295,3,14.06,7.92,17.96,14.95,6.89,16.31,4.82,17.36,15.56,40.29,12.52
840,4.1903608369515295,3,14.11,7.92,17.96,14.95,6.92,16.31,4.84,17.89,15.56,39.55,12.37
841,4.933246435661026,3,14,7.82,17.96,14.89,6.86,16.24,4.78,17.59,15.56,40.29,12.47
842,4.933246435661026,3,14.11,7.92,18.04,14.95,6.86,16.31,4.82,17.51,15.63,40.29,12.52
843,4.933246435661026,3,14.17,7.92,18.11,15.01,6.89,16.38,4.84,17.59,15.63,40.29,12.37
844,4.933246435661026,3,14.23,7.92,18.19,15.07,6.89,16.44,4.86,17.59,15.63,40.04,12.52
845,4.933246435661026,3,14.23,7.95,18.27,15.07,6.86,16.38,4.86,17.67,15.63,40.8,12.52
846,4.933246435661026,3,14.23,7.92,18.19,15.01,6.92,16.38,4.84,17.51,15.63,41.32,12.32
847,4.933246435661026,3,14.34,7.98,18.27,15.07,6.94,16.51,4.9,17.51,15.7,41.32,12.47
848,4.933246435661026,3,14.23,7.88,18.19,15.01,6.86,16.24,4.82,17.51,15.63,41.32,12.42
849,4.933246435661026,3,14.17,7.88,18.11,15.01,6.86,16.24,4.82,17.44,15.63,42.11,12.13
850,4.933246435661026,3,14.23,7.92,18.19,15.07,6.89,16.17,4.86,17.22,15.63,40.8,12.42
851,4.933246435661026,3,14.23,7.92,18.19,15.01,6.89,15.97,4.86,17.36,15.63,44.66,12.52
852,4.933246435661026,3,14.23,7.88,18.19,15.01,6.89,15.97,4.84,17.51,15.63,40.29,12.57
853,4.933246435661026,3,14.17,7.88,18.19,15.07,6.89,15.84,4.82,17.44,15.63,41.84,12.37
854,4.933246435661026,3,14.23,7.88,18.35,15.01,6.92,15.97,4.84,17.36,15.56,41.05,12.47
855,4.933246435661026,3,14.23,7.88,18.19,15.07,6.92,16.11,4.84,17.36,15.63,43.22,11.99
856,4.933246435661026,3,14.17,7.88,18.19,15.07,6.92,16.04,4.84,17.44,15.56,41.05,12.42
857,4.933246435661026,3,14.23,7.88,18.19,15.01,6.92,15.97,4.84,17.29,15.63,45.26,12.32
858,4.933246435661026,3,14.23,7.92,18.19,15.07,6.92,16.04,4.84,17.07,15.63,42.38,12.47
859,4.933246435661026,3,14.23,7.88,18.19,15.01,6.92,16.04,4.84,17,15.63,41.05,12.37
860,4.933246435661026,3,14.28,7.92,18.27,15.07,6.92,16.11,4.86,17,15.63,40.8,12.32
861,4.933246435661026,3,14.28,7.95,18.43,15.07,6.94,16.17,4.86,17.22,15.7,41.32,12.62
862,4.933246435661026,3,14.23,7.95,18.27,15.07,6.94,16.17,4.86,17.07,15.63,42.94,12.42
863,4.933246435661026,3,14,7.73,18.04,14.82,6.81,15.91,4.72,17,15.56,40.8,12.42
864,4.933246435661026,3,14.06,7.79,18.11,14.89,6.81,15.84,4.76,17.14,15.49,40.54,12.18
865,4.933246435661026,3,14.11,7.85,18.19,14.95,6.86,15.91,4.8,16.93,15.35,40.04,11.99
866,4.933246435661026,3,14.11,7.88,18.19,14.95,6.86,15.97,4.8,17.22,15.35,40.04,12.52
867,4.933246435661026,3,14.11,7.88,18.27,14.95,6.89,15.97,4.82,17.14,16.64,40.29,12.77
868,4.933246435661026,3,14.06,7.88,18.27,14.95,6.89,16.04,4.8,17.29,15.98,39.06,12.18
869,4.933246435661026,3,14.06,7.98,18.19,15.01,6.89,15.97,4.82,17.36,17.03,41.32,12.47
870,4.933246435661026,3,14.17,7.98,18.19,14.95,6.89,15.91,4.8,17.59,16.34,41.32,12.57
871,4.933246435661026,3,14.06,7.95,18.19,14.95,6.94,16.04,4.8,17.74,16.2,41.05,12.18
872,4.933246435661026,3,14,7.98,18.11,14.95,6.89,15.97,4.8,17.67,16.27,40.54,12.32
873,4.933246435661026,3,14.23,8.07,18.19,15.01,6.92,15.97,4.82,17.82,16.2,40.8,12.62
874,4.933246435661026,3,14.23,7.98,18.27,15.01,6.92,16.04,4.8,17.74,16.2,41.84,12.52
875,4.933246435661026,3,14.28,8.01,18.19,15.01,6.92,16.04,4.8,17.82,16.2,41.05,12.13
876,4.933246435661026,3,14.28,7.98,18.27,15.01,6.92,16.04,4.82,17.82,16.2,41.05,12.03
877,4.933246435661026,3,14.28,7.95,18.19,15.01,6.92,16.04,4.82,17.82,16.2,41.05,11.99
878,4.933246435661026,3,14.34,7.95,18.27,15.01,6.92,15.97,4.82,17.97,16.12,40.8,12.67
879,4.933246435661026,3,14.4,7.95,18.27,15.01,6.92,15.91,4.82,17.89,16.12,41.58,12.32
880,4.933246435661026,3,14.34,7.95,18.27,14.95,6.92,15.91,4.82,17.89,16.12,40.8,12.32
881,4.933246435661026,3,14.34,8.01,18.27,15.01,6.92,15.91,4.8,17.67,16.12,43.5,12.13
882,4.933246435661026,3,14.4,7.98,18.43,15.01,6.92,15.97,4.82,17.82,16.12,41.58,12.23
883,4.933246435661026,3,14.34,7.95,18.27,14.95,6.94,15.97,4.8,17.82,16.12,40.54,12.32
884,4.933246435661026,3,14.46,7.98,18.35,15.01,6.92,16.04,4.82,17.89,16.12,41.32,12.37
885,4.933246435661026,3,14.34,7.92,18.27,14.89,6.83,15.97,4.78,17.51,16.05,40.8,12.27
886,4.933246435661026,3,14.46,8.01,18.35,14.95,6.89,15.97,4.8,17.36,16.12,40.8,12.32
887,4.933246435661026,3,14.28,7.98,18.35,14.89,6.86,15.97,4.78,17.36,16.12,40.29,12.23
888,4.933246435661026,3,14.11,7.98,18.35,15.01,6.89,16.04,4.8,17.36,16.12,40.8,12.23
889,4.933246435661026,3,14.17,7.95,18.27,14.95,6.89,16.04,4.82,17.36,16.12,41.05,11.94
890,4.933246435661026,3,14.34,7.95,18.11,15.01,6.94,16.11,4.82,17.51,16.12,41.58,12.47
891,4.933246435661026,3,14.46,8.07,18.35,15.2,7.03,16.31,4.9,17.51,16.27,42.38,12.42
892,4.933246435661026,3,14.23,7.88,18.35,14.95,6.89,16.04,4.78,17.22,16.05,41.58,12.42
893,4.933246435661026,3,14.34,7.88,18.27,14.95,6.89,15.97,4.8,17.51,16.12,41.05,12.72
894,4.933246435661026,3,14.34,7.92,18.35,14.95,6.92,16.04,4.8,17.44,16.05,41.32,12.37
895,4.933246435661026,3,14.34,7.95,18.43,15.07,6.94,16.11,4.82,17.22,16.05,39.06,12.52
896,4.933246435661026,3,14.23,7.88,18.35,14.95,6.89,15.97,4.78,17.74,16.05,40.8,11.75
897,4.933246435661026,3,14.28,7.85,18.35,14.89,6.86,15.97,4.78,17.14,16.05,39.79,12.08
898,4.933246435661026,3,14.23,7.85,18.35,14.89,6.86,15.78,4.76,17.07,15.98,42.11,12.27
899,4.933246435661026,3,14.28,7.88,18.35,14.95,6.86,15.84,4.78,17.51,15.98,40.8,12.27
900,4.933246435661026,3,14.28,7.88,18.35,14.95,6.89,15.78,4.78,17.67,15.98,41.58,12.08
901,5.035700757430144,4,14.28,7.88,18.35,15.01,6.89,15.91,4.78,17.74,15.98,41.58,12.57
902,5.035700757430144,4,14.23,7.85,18.35,15.01,6.89,15.91,4.78,17.67,15.98,39.55,12.23
903,5.035700757430144,4,14.23,7.82,18.35,14.95,6.92,15.91,4.76,17.67,15.98,41.05,12.52
904,5.035700757430144,4,14.23,7.82,18.35,14.95,6.89,15.91,4.76,17.74,15.98,38.36,12.57
905,5.035700757430144,4,14.11,7.73,18.04,14.82,6.83,15.78,4.72,17.44,15.91,39.79,12.18
906,5.035700757430144,4,14.17,7.73,18.35,14.89,6.83,15.71,4.72,17.51,15.91,40.8,12.52
907,5.035700757430144,4,14.17,7.79,18.43,14.95,6.89,15.78,4.76,17.59,15.98,40.29,12.08
908,5.035700757430144,4,14.23,7.79,18.43,14.95,6.83,15.78,4.76,17.59,15.98,41.32,12.57
909,5.035700757430144,4,14.28,7.82,18.43,14.95,6.89,15.78,4.78,17.59,15.98,41.05,12.32
910,5.035700757430144,4,14.23,7.79,18.43,14.95,6.92,15.71,4.76,17.59,15.98,41.05,12.47
911,5.035700757430144,4,14.28,7.79,18.43,14.95,6.86,15.78,4.76,17.67,15.98,39.79,12.52
912,5.035700757430144,4,14.23,7.76,18.43,14.89,6.83,15.71,4.74,17.67,15.98,40.54,12.57
913,5.035700757430144,4,14.28,7.79,18.43,14.95,6.86,15.71,4.76,17.67,15.98,40.04,12.27
914,5.035700757430144,4,14.34,7.82,18.43,14.95,6.89,15.71,4.76,17.67,15.98,40.54,12.57
915,5.035700757430144,4,14.34,7.82,18.43,14.95,6.89,15.78,4.78,17.67,15.91,41.32,12.62
916,5.035700757430144,4,14.34,7.82,18.43,15.07,6.89,15.78,4.78,17.67,15.98,39.55,12.32
917,5.035700757430144,4,14.34,7.85,18.43,15.01,6.92,15.78,4.78,17.74,15.98,41.32,12.37
918,5.035700757430144,4,14.4,7.85,18.51,15.01,6.92,15.78,4.8,17.67,15.98,41.32,12.27
919,5.035700757430144,4,14.34,7.85,18.43,15.01,6.94,15.78,4.78,17.82,15.98,41.32,12.57
920,5.035700757430144,4,14.23,7.79,18.43,15.07,6.81,15.65,4.74,17.74,15.91,42.11,12.47
921,5.035700757430144,4,14.28,7.82,18.43,14.89,6.81,15.58,4.72,17.67,15.91,41.05,12.42
922,5.035700757430144,4,14.28,7.82,18.51,14.95,6.83,15.58,4.74,17.67,15.91,38.83,12.47
923,5.035700757430144,4,14.34,7.85,18.43,15.01,6.83,15.65,4.76,17.74,15.91,40.8,12.67
924,5.035700757430144,4,14.28,7.79,18.35,14.89,6.75,15.58,4.72,17.97,15.84,38.12,12.42
925,5.035700757430144,4,14.28,7.82,18.43,14.89,6.75,15.58,4.72,17.74,15.84,40.29,12.37
926,5.035700757430144,4,14.28,7.85,18.43,14.89,6.78,15.58,4.72,17.67,15.84,39.79,12.27
927,5.035700757430144,4,14.28,7.82,18.43,14.89,6.78,15.58,4.72,17.82,15.84,39.55,12.23
928,5.035700757430144,4,14.28,8.01,18.43,14.89,6.78,15.65,4.72,17.59,15.84,40.29,12.37
929,5.035700757430144,4,14.34,7.92,18.51,14.89,6.83,15.71,4.74,17.74,15.84,41.84,12.32
930,5.035700757430144,4,14.28,8.01,18.43,14.89,6.81,15.58,4.72,17.74,15.84,38.59,12.37
931,5.035700757430144,4,14.34,7.95,18.51,14.95,6.86,15.71,4.76,17.82,15.84,41.84,12.57
932,5.035700757430144,4,14.34,7.95,18.51,14.95,6.83,15.71,4.74,17.97,15.84,40.54,12.47
933,5.035700757430144,4,14.34,7.95,18.27,14.95,6.83,15.65,4.74,17.97,15.84,41.84,12.42
934,5.035700757430144,4,14.28,7.82,18.19,14.89,6.81,15.65,4.72,17.82,15.84,40.29,12.23
935,5.035700757430144,4,14.28,7.79,18.11,14.89,6.78,15.65,4.72,17.89,15.42,40.29,12.47
936,5.035700757430144,4,14.28,7.76,18.43,14.89,6.78,15.65,4.72,18.05,15.77,40.54,12.37
937,5.035700757430144,4,14.4,7.88,18.35,15.07,6.89,15.78,4.78,18.05,15.84,40.8,12.47
938,5.035700757430144,4,14.34,7.82,18.51,15.01,6.83,15.71,4.76,17.97,15.84,39.55,12.18
939,5.035700757430144,4,14.34,7.79,18.43,14.95,6.89,15.65,4.74,17.89,15.77,40.54,12.13
940,5.035700757430144,4,14.34,7.79,18.51,14.95,6.83,15.71,4.74,18.05,15.84,40.8,12.13
941,5.035700757430144,4,14.34,7.79,18.19,14.95,6.83,15.65,4.74,18.05,15.77,41.84,12.37
942,5.035700757430144,4,14.28,7.73,18.43,14.89,6.81,15.58,4.72,18.13,15.91,38.83,12.57
943,5.035700757430144,4,14.28,7.73,18.43,14.82,6.81,15.58,4.7,18.13,15.84,40.8,12.42
944,5.035700757430144,4,14.34,7.79,18.43,14.95,6.83,15.71,4.74,18.21,15.91,40.54,12.37
945,5.035700757430144,4,14.28,7.73,18.11,14.95,6.81,15.58,4.72,18.05,15.84,40.8,12.27
946,5.035700757430144,4,14.28,7.76,18.11,14.89,6.81,15.58,4.72,18.05,15.84,41.84,12.18
947,5.035700757430144,4,14.34,7.73,18.51,14.89,6.78,15.58,4.72,17.89,15.84,42.66,12.42
948,5.035700757430144,4,14.34,7.76,18.43,14.95,6.83,15.65,4.74,18.13,15.91,40.54,12.13
949,5.035700757430144,4,14.4,7.76,18.51,14.89,6.83,15.65,4.76,17.97,15.84,39.3,12.23
950,5.035700757430144,4,14.34,7.76,18.19,14.95,6.83,15.65,4.72,17.89,15.77,45.26,12.62
951,5.035700757430144,4,14.28,7.7,18.43,14.82,6.78,15.58,4.7,17.97,15.77,40.8,12.27
952,5.035700757430144,4,14.4,7.76,18.19,14.95,6.83,15.65,4.74,18.05,15.84,40.54,12.47
953,5.035700757430144,4,14.4,7.76,18.19,14.95,6.83,15.65,4.74,18.05,15.84,40.54,12.62
954,5.035700757430144,4,14.34,7.76,18.19,14.95,6.86,15.58,4.74,18.21,15.84,40.29,12.47
955,5.035700757430144,4,14.4,7.79,18.51,14.95,6.86,15.58,4.76,18.21,15.91,40.54,12.47
956,5.035700757430144,4,14.34,7.76,18.43,14.95,6.83,15.58,4.74,18.13,15.84,40.54,12.42
957,5.035700757430144,4,13.4,7.05,17.36,13.99,6.14,14.47,4.22,17.14,15.09,38.36,11.52
958,5.035700757430144,4,14.28,7.73,18.11,14.89,6.83,15.52,4.72,18.21,15.84,41.05,11.85
959,5.035700757430144,4,14.34,7.73,18.27,14.89,6.83,15.58,4.72,18.13,15.84,41.58,11.99
960,5.035700757430144,4,14.4,7.79,18.43,15.01,6.83,15.65,4.76,18.29,15.84,40.54,12.32
961,5.10019780977824,4,14.34,7.73,18.59,14.82,6.81,15.58,4.72,18.21,15.77,40.8,12.23
962,5.10019780977824,4,14.34,7.73,18.43,14.95,6.83,15.58,4.72,18.05,15.84,39.3,12.03
963,5.10019780977824,4,14.34,7.73,18.43,14.89,6.75,15.52,4.72,18.05,15.77,40.8,12.03
964,5.10019780977824,4,14.34,7.73,18.43,14.89,6.83,15.58,4.72,17.97,15.77,43.5,12.13
965,5.10019780977824,4,14.34,7.76,18.51,14.89,6.83,15.58,4.74,18.13,15.77,40.54,12.18
966,5.10019780977824,4,14.34,7.76,18.51,15.07,6.81,15.58,4.74,18.13,15.84,41.32,12.52
967,5.10019780977824,4,14.34,7.73,18.51,14.89,6.81,15.58,4.72,18.13,15.84,42.66,12.27
968,5.10019780977824,4,14.34,7.73,18.43,14.89,6.81,15.58,4.72,18.21,15.77,41.84,12.32
969,5.10019780977824,4,14.28,7.7,18.43,14.82,6.75,15.52,4.68,17.97,15.77,41.58,12.27
970,5.10019780977824,4,14.28,7.73,18.43,14.82,6.81,15.52,4.7,18.13,15.77,39.3,12.42
971,5.10019780977824,4,14.34,7.73,18.51,14.82,6.83,15.58,4.72,18.13,15.77,41.05,12.47
972,5.10019780977824,4,14.4,7.76,18.51,14.89,6.83,15.58,4.72,18.29,15.77,39.3,12.08
973,5.10019780977824,4,14.4,7.79,18.27,14.82,6.86,15.58,4.74,18.13,15.84,40.8,12.08
974,5.10019780977824,4,14.52,7.85,18.67,15.01,6.92,15.71,4.8,18.05,15.91,40.8,12.52
975,5.10019780977824,4,14.64,7.92,18.75,15.14,7,15.84,4.84,18.29,15.91,42.94,12.42
976,5.10019780977824,4,14.4,7.73,18.59,14.89,6.81,15.52,4.72,18.13,15.77,39.55,12.42
977,5.10019780977824,4,14.34,7.7,18.59,14.82,6.78,15.45,4.7,18.21,15.77,41.58,12.52
978,5.10019780977824,4,14.4,7.76,18.67,14.89,6.86,15.58,4.74,18.37,15.77,40.54,12.32
979,5.10019780977824,4,14.4,7.76,18.67,14.82,6.83,15.52,4.72,18.21,15.84,40.8,12.42
980,5.10019780977824,4,14.34,7.73,18.67,14.82,6.81,15.39,4.7,18.21,15.84,39.06,11.99
981,5.10019780977824,4,14.4,7.79,18.67,14.95,6.86,15.52,4.74,18.37,15.91,41.05,12.18
982,5.10019780977824,4,14.4,7.79,18.67,15.01,6.86,15.45,4.74,18.29,15.84,41.32,12.27
983,5.10019780977824,4,14.58,7.92,18.91,15.01,6.94,15.58,4.82,18.37,15.91,41.58,12.57
984,5.10019780977824,4,14.28,7.7,18.59,14.76,6.81,15.33,4.7,18.85,15.77,41.05,12.23
985,5.10019780977824,4,14.52,7.85,18.67,15.01,6.92,15.52,4.8,19.1,15.98,42.11,12.57
986,5.10019780977824,4,14.58,7.92,18.83,15.07,6.97,15.58,4.82,19.1,15.98,43.22,12.42
987,5.10019780977824,4,14.64,7.95,18.91,15.14,7,15.71,4.84,19.62,16.05,42.38,12.47
988,5.10019780977824,4,14.52,7.92,18.75,15.07,6.94,15.58,4.8,19.1,15.91,40.29,12.42
989,5.10019780977824,4,14.4,7.79,18.75,14.95,6.89,15.45,4.76,19.19,15.91,41.58,12.27
990,5.10019780977824,4,14.46,7.82,18.75,14.95,6.89,15.52,4.78,19.02,15.91,41.58,12.27
991,5.10019780977824,4,14.4,7.79,18.75,14.95,6.89,15.52,4.76,18.21,15.84,40.8,12.32
992,5.10019780977824,4,14.46,7.85,18.83,15.01,6.92,15.58,4.78,18.21,15.91,41.84,12.47
993,5.10019780977824,4,14.34,7.73,18.67,14.76,6.83,15.39,4.7,18.13,15.77,41.05,12.13
994,5.10019780977824,4,14.4,7.79,18.75,14.89,6.86,15.45,4.74,18.21,15.84,40.8,12.27
995,5.10019780977824,4,14.4,7.79,18.83,14.89,6.94,15.45,4.74,18.29,15.84,42.38,12.18
996,5.10019780977824,4,14.46,7.82,18.75,14.82,6.97,15.52,4.76,18.61,15.84,42.11,12.52
997,5.10019780977824,4,14.4,7.79,18.75,14.76,6.86,15.39,4.72,18.13,15.77,43.78,12.27
998,5.10019780977824,4,14.4,7.76,18.75,14.76,6.89,15.45,4.74,18.21,15.84,42.11,12.13
999,5.10019780977824,4,14.4,7.79,18.75,14.52,6.89,15.45,4.74,17.82,15.84,41.84,12.18
1000,5.10019780977824,4,14.46,7.82,18.83,14.46,6.92,15.52,4.76,18.21,15.84,42.94,12.18
1001,5.10019780977824,4,14.46,7.85,18.83,14.46,6.94,15.52,4.78,17.74,15.84,41.32,12.32
1002,5.10019780977824,4,14.46,7.85,18.99,14.46,6.94,15.52,4.78,18.05,15.84,45.88,12.18
1003,5.10019780977824,4,14.46,7.85,18.83,14.28,6.92,15.52,4.78,17.97,15.84,41.58,12.32
1004,5.10019780977824,4,14.46,7.82,18.83,14.28,6.92,15.52,4.76,18.05,15.84,41.32,12.37
1005,5.10019780977824,4,14.46,7.82,18.83,14.28,6.92,15.45,4.78,18.05,15.84,42.11,12.23
1006,5.10019780977824,4,14.46,7.85,18.83,14.4,6.97,15.52,4.78,18.45,15.84,42.94,12.37
1007,5.10019780977824,4,14.46,7.88,18.83,14.4,6.94,15.52,4.8,18.37,15.84,41.32,12.47
1008,5.10019780977824,4,14.64,7.98,18.91,14.7,7.06,15.71,4.86,18.21,15.98,42.11,12.37
1009,5.10019780977824,4,14.4,7.79,18.75,14.58,6.89,15.45,4.76,18.13,15.77,41.58,12.32
1010,5.10019780977824,4,14.46,7.85,18.83,14.64,6.94,15.52,4.78,18.13,15.77,44.96,12.42
1011,5.10019780977824,4,14.34,7.76,18.75,14.52,6.89,15.39,4.74,18.05,15.77,41.58,12.27
1012,5.10019780977824,4,14.46,7.85,18.43,14.28,6.94,15.45,4.78,18.21,15.84,39.55,12.42
1013,5.10019780977824,4,14.52,7.85,18.83,14.28,6.97,15.52,4.78,18.29,15.84,42.66,12.42
1014,5.10019780977824,4,14.52,7.88,18.83,14.22,7,15.58,4.8,18.21,15.91,40.8,12.37
1015,5.10019780977824,4,14.52,7.92,18.91,14.22,7,15.58,4.82,18.37,15.91,46.83,12.47
1016,5.10019780977824,4,14.52,7.88,18.91,14.16,6.97,15.52,4.8,18.29,15.84,45.88,12.62
1017,5.10019780977824,4,14.4,7.79,18.75,14.05,6.89,15.33,4.74,18.13,15.77,41.32,12.62
1018,5.10019780977824,4,14.46,7.82,18.83,14.11,6.92,15.45,4.76,18.13,15.84,42.66,12.57
1019,5.10019780977824,4,14.46,7.82,18.83,14.05,6.92,15.45,4.76,18.21,15.84,41.84,12.13
1020,5.10019780977824,4,14.46,7.82,18.83,14.11,6.92,15.45,4.76,18.13,15.84,41.58,12.27
1021,5.125764912114362,4,14.4,7.82,18.83,14.05,6.92,15.45,4.74,18.61,15.77,41.58,12.13
1022,5.125764912114362,4,14.4,7.79,18.75,14.46,6.89,15.39,4.74,18.45,15.77,42.11,12.18
1023,5.125764912114362,4,14.4,7.79,18.75,14.22,6.89,15.39,4.74,18.21,15.77,41.32,12.03
1024,5.125764912114362,4,14.46,7.88,18.83,14.34,6.92,15.45,4.76,18.29,15.77,41.32,12.27
1025,5.125764912114362,4,14.4,7.88,18.83,14.34,6.92,15.45,4.74,18.37,15.7,41.58,12.67
1026,5.125764912114362,4,14.4,8.07,18.83,14.28,6.89,15.45,4.74,18.37,15.77,41.05,12.08
1027,5.125764912114362,4,14.34,7.98,18.75,14.46,6.89,15.45,4.72,18.21,15.7,41.05,12.08
1028,5.125764912114362,4,14.28,7.95,18.75,14.4,6.86,15.39,4.72,18.37,15.7,40.8,12.18
1029,5.125764912114362,4,14.34,7.95,18.75,14.46,6.89,15.45,4.72,18.05,15.7,41.32,12.18
1030,5.125764912114362,4,14.34,7.92,18.83,14.34,6.83,15.39,4.74,18.05,15.91,40.29,12.18
1031,5.125764912114362,4,14.28,8.14,18.83,14.22,6.83,15.45,4.72,18.13,15.91,40.8,11.89
1032,5.125764912114362,4,14.28,8.8,18.91,14.28,6.86,15.52,4.74,18.21,15.98,41.58,12.08
1033,5.125764912114362,4,14.4,8.67,18.91,14.28,6.89,15.52,4.76,18.21,15.98,40.8,12.27
1034,5.125764912114362,4,14.34,8.6,18.83,14.28,6.89,15.45,4.74,18.21,15.98,41.58,12.37
1035,5.125764912114362,4,14.34,7.95,18.83,14.28,6.89,15.45,4.76,18.21,15.98,44.07,12.27
1036,5.125764912114362,4,14.34,7.88,18.75,14.22,6.89,15.39,4.74,17.97,15.98,45.57,12.47
1037,5.125764912114362,4,14.4,7.88,18.83,14.28,6.89,15.39,4.74,17.89,15.91,40.8,12.57
1038,5.125764912114362,4,14.4,7.88,18.83,14.22,6.92,15.39,4.74,17.74,15.91,44.96,12.32
1039,5.125764912114362,4,14.34,7.85,18.83,14.22,6.89,15.39,4.74,17.82,15.91,40.8,12.03
1040,5.125764912114362,4,14.34,7.85,18.83,14.28,6.89,15.39,4.74,18.61,15.98,41.84,12.37
1041,5.125764912114362,4,14.34,7.85,18.83,14.34,6.89,15.39,4.74,18.61,15.91,41.05,12.37
1042,5.125764912114362,4,14.34,7.85,18.83,14.22,6.89,15.39,4.74,18.85,15.91,38.36,11.99
1043,5.125764912114362,4,14.52,7.98,18.99,14.4,7.06,15.58,4.84,19.1,16.05,41.58,12.52
1044,5.125764912114362,4,14.28,7.82,18.83,14.28,6.89,15.39,4.74,18.69,15.91,40.8,12.23
1045,5.125764912114362,4,14.46,7.85,18.91,14.16,6.89,15.39,4.74,17.97,15.91,41.84,12.23
1046,5.125764912114362,4,14.46,7.79,18.75,14.34,6.89,15.39,4.72,17.97,15.91,41.58,12.18
1047,5.125764912114362,4,14.4,7.76,18.83,14.11,6.81,15.33,4.68,17.97,15.84,41.58,12.27
1048,5.125764912114362,4,14.52,7.85,18.83,14.22,6.92,15.45,4.74,17.82,15.91,41.05,12.27
1049,5.125764912114362,4,14.46,7.79,18.75,14.11,6.89,15.39,4.72,17.89,15.91,40.8,12.13
1050,5.125764912114362,4,14.46,7.76,18.75,14.05,6.86,15.39,4.72,18.37,15.91,41.32,12.42
1051,5.125764912114362,4,14.46,7.76,18.75,14.05,6.86,15.39,4.72,18.37,15.98,40.8,12.27
1052,5.125764912114362,4,14.46,7.79,18.83,14.11,6.86,15.39,4.72,18.37,15.98,39.55,12.18
1053,5.125764912114362,4,14.58,7.85,18.83,14.22,6.94,15.52,4.78,18.37,15.98,41.58,12.18
1054,5.125764912114362,4,14.58,7.85,18.83,14.22,6.94,15.52,4.78,18.53,15.98,39.79,12.27
1055,5.125764912114362,4,14.58,7.82,18.91,14.11,6.92,15.52,4.76,18.45,15.98,42.11,12.37
1056,5.125764912114362,4,14.52,7.76,18.75,14.05,6.86,15.39,4.7,18.21,15.91,40.04,12.08
1057,5.125764912114362,4,14.52,7.76,18.75,13.99,6.89,15.39,4.72,17.89,15.91,42.11,12.03
1058,5.125764912114362,4,14.58,7.79,18.83,14.05,6.94,15.39,4.74,17.89,15.91,42.11,12.03
1059,5.125764912114362,4,14.64,7.82,18.83,14.11,6.92,15.45,4.76,18.05,15.98,42.66,11.94
1060,5.125764912114362,4,14.64,7.79,18.83,14.05,6.97,15.39,4.74,17.97,15.91,42.94,11.94
1061,5.125764912114362,4,14.58,7.79,18.75,13.99,6.89,15.33,4.72,17.97,15.91,40.8,12.08
1062,5.125764912114362,4,14.64,7.79,18.75,14.16,6.92,15.39,4.74,18.13,15.91,41.84,12.37
1063,5.125764912114362,4,14.64,7.82,18.83,14.16,6.94,15.39,4.74,17.89,15.91,40.8,12.32
1064,5.125764912114362,4,14.58,7.76,18.75,14.05,6.92,15.33,4.72,17.89,15.91,42.11,12.08
1065,5.125764912114362,4,14.52,7.73,18.75,13.99,6.89,15.39,4.68,17.82,15.84,41.84,12.13
1066,5.125764912114362,4,14.52,7.7,18.75,14.05,6.92,15.26,4.68,17.82,15.84,41.05,12.03
1067,5.125764912114362,4,14.52,7.67,18.75,13.88,7,15.91,4.66,17.89,15.84,39.55,11.94
1068,5.125764912114362,4,14.58,7.7,18.75,13.99,7,16.04,4.68,18.05,15.84,41.84,12.27
1069,5.125764912114362,4,14.52,7.67,18.75,13.93,6.97,15.97,4.66,18.05,15.84,45.26,11.94
1070,5.125764912114362,4,14.52,7.67,18.75,13.93,6.92,15.91,4.68,18.13,15.84,41.84,12.13
1071,5.125764912114362,4,14.52,7.67,18.75,13.88,6.97,15.84,4.66,18.21,15.77,40.8,12.18
1072,5.125764912114362,4,14.52,7.67,18.75,13.93,7.03,15.84,4.68,18.13,15.77,41.05,12.23
1073,5.125764912114362,4,14.52,7.67,18.75,14.11,7.03,15.84,4.66,18.29,15.7,41.32,11.75
1074,5.125764912114362,4,14.46,7.64,18.67,13.99,6.97,15.78,4.64,17.97,15.63,40.8,12.32
1075,5.125764912114362,4,14.46,7.64,18.67,13.93,7,15.78,4.64,17.89,15.56,41.84,11.85
1076,5.125764912114362,4,14.52,7.7,18.75,14.11,7.06,15.78,4.68,17.97,15.63,40.29,12.27
1077,5.125764912114362,4,14.52,7.67,18.67,14.05,7.06,15.84,4.66,18.21,15.63,39.55,12.13
1078,5.125764912114362,4,14.52,7.67,18.75,14.05,7.09,15.08,4.68,18.05,15.63,41.32,12.03
1079,5.125764912114362,4,14.52,7.7,18.75,13.99,7.09,15.14,4.68,18.21,15.63,39.06,12.27
1080,5.125764912114362,4,14.52,7.7,18.67,13.99,7.09,15.14,4.68,18.13,15.7,41.58,12.18
1081,5.1343538823805295,4,14.52,7.7,18.75,13.99,7.09,15.14,4.68,18.21,15.77,41.05,12.18
1082,5.1343538823805295,4,14.46,7.7,18.75,13.99,7.06,15.14,4.66,18.05,15.7,41.58,12.13
1083,5.1343538823805295,4,14.52,7.79,18.67,14.05,7.11,15.91,4.72,18.21,30.18,41.05,12.27
1084,5.1343538823805295,4,14.46,7.7,18.91,13.99,7.06,15.91,4.68,18.29,15.77,41.84,12.37
1085,5.1343538823805295,4,14.46,7.7,18.75,13.99,7.11,15.91,4.68,18.21,15.7,41.58,12.08
1086,5.1343538823805295,4,14.52,7.73,18.75,13.99,7.09,15.84,4.68,18.21,15.77,41.32,12.23
1087,5.1343538823805295,4,14.52,7.73,18.75,13.93,7.09,15.91,4.68,18.53,15.84,41.05,11.99
1088,5.1343538823805295,4,14.52,7.73,18.83,13.93,7.09,15.84,4.68,18.05,15.84,41.05,12.37
1089,5.1343538823805295,4,14.52,7.73,18.83,13.93,7.09,15.84,4.68,17.82,15.77,41.32,12.13
1090,5.1343538823805295,4,14.58,7.76,18.83,13.99,7.09,15.84,4.7,17.82,15.84,42.94,11.89
1091,5.1343538823805295,4,14.4,7.79,18.83,13.99,7.11,15.78,4.7,17.74,15.84,42.11,12.18
1092,5.1343538823805295,4,14.4,7.79,18.83,13.99,7.11,15.84,4.7,17.97,15.84,41.84,12.13
1093,5.1343538823805295,4,14.34,7.79,18.83,13.93,7.06,15.78,4.68,17.59,15.91,42.11,11.85
1094,5.1343538823805295,4,14.34,7.95,18.75,13.99,7.11,15.14,4.68,17.97,15.84,41.05,12.08
1095,5.1343538823805295,4,14.4,7.85,18.75,13.93,7.11,15.14,4.7,17.82,15.84,43.22,11.85
1096,5.1343538823805295,4,14.4,7.85,18.83,14.05,7.14,15.14,4.7,17.89,15.84,42.11,11.94
1097,5.1343538823805295,4,14.4,7.82,18.75,13.99,7.11,15.14,4.7,17.67,15.77,41.84,12.08
1098,5.1343538823805295,4,14.46,7.88,18.83,14.11,7.17,15.14,4.72,17.82,15.84,41.84,12.27
1099,5.1343538823805295,4,14.4,7.82,18.75,13.93,7.11,15.08,4.7,17.82,15.84,41.84,12.27
1100,5.1343538823805295,4,14.4,7.82,18.75,13.93,7.11,15.08,4.68,17.89,15.84,41.84,12.03
1101,5.1343538823805295,4,14.4,7.98,18.75,13.93,7.09,15.02,4.68,17.82,15.77,41.58,12.23
1102,5.1343538823805295,4,14.34,8.53,18.75,13.88,7.09,15.02,4.66,18.13,15.77,41.84,12.23
1103,5.1343538823805295,4,14.28,8.57,18.75,13.88,7.09,15.08,4.66,17.89,15.77,41.84,11.94
1104,5.1343538823805295,4,14.46,8.07,18.83,13.99,7.17,15.97,4.72,17.89,15.84,42.38,12.13
1105,5.1343538823805295,4,14.34,8.53,18.75,13.99,7.11,15.84,4.68,17.89,15.77,42.38,12.03
1106,5.1343538823805295,4,14.34,8.6,18.75,13.93,7.11,15.78,4.68,17.97,15.77,41.32,12.03
1107,5.1343538823805295,4,14.4,8.67,18.83,13.93,7.11,15.84,4.7,17.82,15.84,42.11,12.37
1108,5.1343538823805295,4,14.28,8.53,18.75,13.88,7.09,15.71,4.64,17.74,15.77,41.05,12.03
1109,5.1343538823805295,4,14.28,8.53,18.75,13.82,7.11,15.71,4.64,17.74,15.77,42.94,12.13
1110,5.1343538823805295,4,14.28,8.57,18.75,13.82,7.09,15.71,4.64,17.74,15.77,39.55,12.03
1111,5.1343538823805295,4,14.28,8.6,18.75,13.88,7.09,15.71,4.64,18.21,15.7,41.05,12.18
1112,5.1343538823805295,4,14.28,8.53,18.75,13.88,7.09,15.65,4.64,18.13,15.77,41.05,12.13
1113,5.1343538823805295,4,14.28,7.79,18.75,13.88,7.11,15.71,4.66,17.74,15.7,42.11,12.37
1114,5.1343538823805295,4,14.34,7.79,18.75,13.93,7.11,15.71,4.66,17.89,15.77,41.84,12.08
1115,5.1343538823805295,4,14.23,7.76,18.75,13.88,7.09,15.65,4.66,17.74,15.77,41.58,12.37
1116,5.1343538823805295,4,14.23,7.76,18.75,13.93,7.09,15.65,4.64,17.74,15.7,42.11,12.13
1117,5.1343538823805295,4,14.23,7.76,18.75,13.82,7.11,15.65,4.66,17.74,15.7,41.58,12.18
1118,5.1343538823805295,4,14.23,7.73,18.75,13.93,7.11,15.52,4.66,17.82,15.77,41.84,12.23
1119,5.1343538823805295,4,14.28,7.73,18.75,13.88,7.09,15.58,4.66,17.74,15.7,41.84,12.08
1120,5.1343538823805295,4,14.17,7.7,18.67,13.88,7.06,15.58,4.64,17.74,15.7,42.11,12.13
1121,5.1343538823805295,4,14.23,7.7,18.67,13.99,7.09,15.58,4.64,18.05,15.77,39.55,12.23
1122,5.1343538823805295,4,14.23,7.67,18.75,13.82,6.92,15.52,4.62,17.82,15.7,41.05,12.03
1123,5.1343538823805295,4,14.28,7.7,18.75,13.82,7.06,15.58,4.64,17.74,15.7,40.8,12.13
1124,5.1343538823805295,4,14.23,7.73,18.75,13.88,7.06,15.58,4.66,17.67,15.7,43.22,12.08
1125,5.1343538823805295,4,14.23,7.7,18.67,13.82,7.06,15.52,4.64,17.67,15.7,39.55,12.18
1126,5.1343538823805295,4,14.28,7.7,18.75,13.82,7.09,15.52,4.64,17.82,15.84,41.84,12.08
1127,5.1343538823805295,4,14.28,7.73,18.75,13.82,7.11,15.58,4.66,17.74,15.77,41.84,12.03
1128,5.1343538823805295,4,14.34,7.76,18.75,13.99,7.14,14.89,4.68,17.97,15.7,43.22,11.99
1129,5.1343538823805295,4,14.4,7.76,18.83,13.88,7.09,15.65,4.66,17.89,15.7,41.84,11.89
1130,5.1343538823805295,4,14.34,7.73,18.75,13.88,7.09,15.58,4.64,17.74,15.7,42.11,12.03
1131,5.1343538823805295,4,14.34,7.73,18.75,13.93,7.09,15.58,4.66,17.59,15.49,43.22,11.8
1132,5.1343538823805295,4,14.4,7.73,18.75,13.93,7.11,15.58,4.66,17.82,15.56,45.88,11.99
1133,5.1343538823805295,4,14.4,7.73,18.75,13.93,7.11,15.58,4.66,17.74,15.15,41.32,11.94
1134,5.1343538823805295,4,14.34,7.73,18.83,13.93,7.11,15.58,4.68,17.67,15.56,42.11,12.27
1135,5.1343538823805295,4,14.28,7.76,18.75,13.93,7.11,15.58,4.66,18.53,15.56,41.58,12.42
1136,5.1343538823805295,4,14.28,7.73,18.75,13.93,7.11,15.58,4.66,17.82,15.49,41.05,12.27
1137,5.1343538823805295,4,14.34,7.79,18.83,13.99,7.17,15.65,4.7,18.45,15.56,42.66,12.52
1138,5.1343538823805295,4,14.28,7.76,18.83,13.82,7.14,15.58,4.68,17.82,15.49,39.79,12.27
1139,5.1343538823805295,4,14.4,7.76,18.75,13.82,7.14,15.52,4.68,17.82,15.49,42.11,12.23
1140,5.1343538823805295,4,14.28,7.76,18.75,13.82,7.14,14.83,4.68,17.74,15.42,42.11,12.18
1141,5.161827263845113,4,14.28,7.79,18.91,13.76,7.17,14.89,4.7,17.97,15.49,40.29,12.27
1142,5.161827263845113,4,14.28,7.79,18.75,14.4,7.14,15.58,4.68,18.21,15.49,42.94,12.47
1143,5.161827263845113,4,14.23,7.76,18.75,14.34,7.14,15.58,4.66,18.53,15.49,41.32,12.03
1144,5.161827263845113,4,14.28,8.43,18.75,14.34,7.2,15.58,4.66,17.89,15.49,43.22,12.13
1145,5.161827263845113,4,14.23,8.07,18.75,14.28,7.09,15.52,4.64,18.21,15.42,42.11,12.18
1146,5.161827263845113,4,14.28,8.04,18.35,14.34,7.11,15.58,4.66,18.29,15.56,41.84,12.23
1147,5.161827263845113,4,14.28,8.7,18.67,14.28,7.11,15.52,4.66,18.53,15.15,41.84,12.08
1148,5.161827263845113,4,13.18,7.88,17.29,13.32,6.38,14.47,4.13,16.93,14.76,37.9,11.26
1149,5.161827263845113,4,14.23,8.74,18.67,14.28,7.14,15.58,4.68,18.53,15.56,41.58,12.27
1150,5.161827263845113,4,14.28,8.77,18.43,13.88,7.26,15.65,4.7,19.44,15.56,42.38,11.99
1151,5.161827263845113,4,14.23,8.7,18.83,13.76,7.11,15.52,4.66,18.69,15.49,40.04,12.13
1152,5.161827263845113,4,14.28,8.67,18.83,13.93,7.17,15.65,4.7,18.77,15.56,42.94,12.23
1153,5.161827263845113,4,14.17,8.6,18.75,13.82,7.17,15.52,4.68,18.61,15.56,42.11,12.32
1154,5.161827263845113,4,14.28,8.63,18.75,13.82,7.17,15.52,4.68,17.89,15.49,42.11,12.47
1155,5.161827263845113,4,14.17,8.6,18.75,13.82,7.14,15.52,4.66,17.82,15.49,43.78,12.42
1156,5.161827263845113,4,14.17,8.63,18.75,13.82,7.14,15.52,4.68,18.21,15.56,43.5,12.27
1157,5.161827263845113,4,13.94,8.7,18.75,13.93,7.17,15.52,4.68,18.53,15.49,42.38,12.42
1158,5.161827263845113,4,14.23,8.6,18.67,13.88,7.11,15.39,4.64,17.89,15.49,41.84,12.23
1159,5.161827263845113,4,14.17,8.67,18.67,13.93,7.14,14.77,4.66,18.53,15.56,42.11,12.37
1160,5.161827263845113,4,14.46,7.88,18.75,13.88,7.17,15.58,4.7,18.05,15.56,42.38,12.52
1161,5.161827263845113,4,14.4,7.92,18.83,13.93,7.23,15.65,4.74,18.61,15.63,42.66,12.47
1162,5.161827263845113,4,14.11,7.79,18.75,13.88,7.17,15.52,4.68,18.29,15.49,42.11,12.42
1163,5.161827263845113,4,14.17,7.76,18.67,13.82,7.11,15.45,4.66,18.61,15.7,43.5,12.27
1164,5.161827263845113,4,14.17,7.76,18.75,13.99,7.14,15.45,4.66,18.69,15.7,39.3,12.42
1165,5.161827263845113,4,14.23,7.79,18.67,13.82,7.17,15.45,4.66,18.77,15.7,43.5,12.42
1166,5.161827263845113,4,14.23,7.76,18.67,13.88,7.17,15.45,4.66,18.85,15.7,40.8,12.37
1167,5.161827263845113,4,14.23,7.76,18.75,13.88,7.14,15.45,4.66,18.77,15.7,42.11,12.23
1168,5.161827263845113,4,14.23,7.76,18.67,13.82,7.14,15.45,4.68,18.85,15.7,41.84,12.23
1169,5.161827263845113,4,14.34,7.76,18.67,13.76,7.23,15.45,4.68,18.85,15.7,41.58,12.23
1170,5.161827263845113,4,14.34,7.79,18.67,13.82,7.2,15.45,4.7,18.94,15.7,42.38,12.27
1171,5.161827263845113,4,14.28,7.79,18.67,14.16,7.14,15.45,4.68,18.29,15.7,41.84,12.72
1172,5.161827263845113,4,14.28,7.76,18.67,13.99,7.14,15.45,4.68,17.97,15.7,42.66,12.03
1173,5.161827263845113,4,14.23,7.79,18.59,13.93,7.17,15.45,4.68,18.05,15.7,41.58,12.23
1174,5.161827263845113,4,14.28,7.79,18.51,13.99,7.2,15.45,4.7,18.37,15.7,41.32,12.23
1175,5.161827263845113,4,14.34,7.79,18.59,14.05,7.2,15.45,4.7,18.21,15.7,42.38,12.03
1176,5.161827263845113,4,14.34,7.79,18.59,13.99,7.2,15.52,4.7,17.89,15.63,40.54,11.75
1177,5.161827263845113,4,14.34,7.82,18.59,13.88,7.23,15.45,4.72,17.97,15.63,42.38,12.37
1178,5.161827263845113,4,14.28,7.82,18.59,13.93,7.23,15.45,4.72,18.05,15.7,42.11,12.47
1179,5.161827263845113,4,14.4,7.79,18.43,13.71,7.14,15.45,4.7,18.61,15.63,41.84,12.37
1180,5.161827263845113,4,14.4,7.79,18.59,13.82,7.2,15.45,4.7,18.77,15.63,42.38,12.52
1181,5.161827263845113,4,14.34,7.76,18.51,13.93,7.17,15.45,4.68,18.85,15.7,41.84,11.8
1182,5.161827263845113,4,14.34,7.76,18.51,13.88,7.2,15.39,4.68,18.77,15.7,44.66,11.85
1183,5.161827263845113,4,14.34,7.73,18.51,13.76,7.17,15.39,4.68,18.77,15.63,40.29,12.32
1184,5.161827263845113,4,14.28,7.73,18.43,13.6,7.11,15.33,4.66,18.69,15.63,42.11,12.13
1185,5.161827263845113,4,14.28,7.7,18.27,13.65,7.11,15.33,4.66,18.77,15.63,42.11,12.47
1186,5.161827263845113,4,14.23,7.7,18.43,13.65,7.09,15.33,4.62,18.05,15.63,42.94,12.03
1187,5.161827263845113,4,14.28,7.67,18.11,13.71,7.11,15.33,4.64,18.21,15.63,42.11,12.08
1188,5.161827263845113,4,14.28,7.67,18.43,13.71,7.09,15.33,4.64,18.05,15.63,40.04,12.47
1189,5.161827263845113,4,14.28,7.7,18.51,13.82,7.09,15.33,4.66,18.21,15.63,42.11,12.52
1190,5.161827263845113,4,14.34,7.76,18.51,15.14,7.17,15.39,4.68,17.97,15.7,42.38,12.18
1191,5.161827263845113,4,14.34,7.76,18.51,15.01,7.09,15.39,4.7,18.29,15.7,42.11,12.08
1192,5.161827263845113,4,14.28,7.73,18.51,15.07,7.14,15.33,4.66,17.89,15.7,42.38,12.13
1193,5.161827263845113,4,14.34,7.79,18.35,15.07,7.2,15.33,4.72,17.51,34.25,39.79,12.13
1194,5.161827263845113,4,14.34,7.85,18.43,15.14,7.26,15.39,4.74,17.74,33.15,41.58,12.23
1195,5.161827263845113,4,14.28,7.79,18.43,15.07,7.2,15.33,4.72,17.67,32.31,41.58,12.08
1196,5.161827263845113,4,14.34,7.79,18.35,15.07,7.17,15.26,4.72,17.67,32.11,42.11,12.23
1197,5.161827263845113,4,14.28,7.79,18.43,15.07,7.2,15.33,4.72,17.97,32.11,43.22,12.18
1198,5.161827263845113,4,14.28,7.82,18.43,15.14,7.23,14.71,4.74,18.05,31.51,42.11,12.42
1199,5.161827263845113,4,14.4,7.85,18.43,15.2,7.26,14.77,4.76,18.21,30.93,42.11,12.18
1200,5.161827263845113,4,14.34,7.82,18.43,15.14,7.23,14.71,4.74,18.13,29.46,40.54,11.99
1201,5.171540705521753,4,14.23,7.82,18.43,15.14,7.26,14.77,4.74,17.97,28.77,42.38,11.99
1202,5.171540705521753,4,14.34,7.92,18.51,15.26,7.38,14.89,4.78,18.13,28.77,42.11,12.72
1203,5.171540705521753,4,14.23,7.85,18.43,15.14,7.29,14.83,4.74,18.37,28.94,42.66,12.32
1204,5.171540705521753,4,14.23,7.82,18.43,15.14,7.2,15.39,4.72,18.05,27.62,41.58,12.47
1205,5.171540705521753,4,14.23,7.79,18.43,15.07,7.17,15.45,4.7,18.13,24.3,44.07,12.08
1206,5.171540705521753,4,14.23,7.76,18.51,15.07,7.14,15.39,4.68,18.29,15.7,41.05,12.57
1207,5.171540705521753,4,14.23,7.73,18.43,15.07,7.11,14.83,4.66,18.21,15.7,42.38,12.42
1208,5.171540705521753,4,14.28,7.79,18.51,15.14,7.2,14.95,4.72,18.29,15.77,41.58,12.13
1209,5.171540705521753,4,14.28,7.76,18.59,15.07,7.11,14.83,4.68,18.37,15.7,43.22,12.42
1210,5.171540705521753,4,14.17,7.7,18.43,15.01,7.09,15.39,4.66,18.29,15.7,41.58,12.18
1211,5.171540705521753,4,14.17,7.7,18.43,15.01,7.06,15.39,4.66,18.37,15.7,42.38,12.37
1212,5.171540705521753,4,14.17,7.7,18.43,14.95,7.09,15.33,4.66,18.53,15.7,42.11,12.03
1213,5.171540705521753,4,14.23,7.7,18.35,15.01,7.11,15.33,4.66,18.45,15.7,42.38,12.08
1214,5.171540705521753,4,14.23,7.76,18.43,15.07,7.17,14.83,4.7,18.69,15.77,42.38,12.08
1215,5.171540705521753,4,14.28,7.82,18.59,15.2,7.17,15.52,4.74,18.94,15.84,42.94,12.08
1216,5.171540705521753,4,14.17,7.76,18.43,15.07,7.11,15.39,4.68,19.02,15.77,42.66,11.8
1217,5.171540705521753,4,14.17,7.73,18.51,15.01,7.14,15.33,4.68,18.85,15.77,41.84,11.94
1218,5.171540705521753,4,14.23,7.76,18.43,15.07,7.14,14.77,4.68,18.53,15.77,42.66,12.18
1219,5.171540705521753,4,14.28,7.79,18.51,15.07,7.2,14.83,4.72,18.85,15.77,42.38,12.03
1220,5.171540705521753,4,14.28,7.82,18.59,15.14,7.2,14.83,4.72,18.69,15.84,41.84,12.23
1221,5.171540705521753,4,14.23,7.76,18.43,15.07,7.17,14.83,4.7,18.45,15.7,41.58,12.32
1222,5.171540705521753,4,14.23,7.73,18.43,15.01,7.09,14.83,4.68,18.69,15.77,42.11,11.94
1223,5.171540705521753,4,14.23,7.76,18.59,15.01,7.17,14.95,4.68,18.45,15.77,40.29,11.94
1224,5.171540705521753,4,14.23,7.76,18.51,15.01,7.09,14.95,4.68,18.13,15.77,41.84,12.18
1225,5.171540705521753,4,14.23,7.76,18.51,15.07,7.17,15.02,4.7,18.53,15.77,44.66,12.27
1226,5.171540705521753,4,14.17,7.73,18.43,14.95,7.11,14.95,4.66,18.21,15.7,41.58,12.08
1227,5.171540705521753,4,14.28,7.79,18.51,15.07,7.14,15.02,4.72,18.61,15.77,42.94,12.13
1228,5.171540705521753,4,14.23,7.76,18.51,15.07,7.09,14.95,4.68,18.29,15.77,42.94,11.75
1229,5.171540705521753,4,14.28,7.76,18.27,15.07,7.14,14.95,4.68,18.29,15.77,43.5,12.42
1230,5.171540705521753,4,14.34,7.76,18.35,15.07,7.09,14.89,4.68,18.45,15.7,42.38,11.89
1231,5.171540705521753,4,14.28,7.76,18.43,15.01,7.11,14.95,4.68,18.21,15.77,40.8,12.18
1232,5.171540705521753,4,14.28,7.73,18.43,14.89,7.11,14.89,4.68,18.45,15.77,42.11,12.37
1233,5.171540705521753,4,14.34,7.76,18.43,14.11,7.17,15.02,4.7,18.77,15.84,42.38,12.27
1234,5.171540705521753,4,14.34,7.73,18.11,14.16,7.17,14.95,4.7,18.61,15.84,42.66,11.89
1235,5.171540705521753,4,14.34,7.76,18.43,13.99,7.14,14.95,4.68,18.94,15.77,42.66,11.66
1236,5.171540705521753,4,14.34,7.73,18.35,13.99,7.09,14.95,4.66,18.37,15.77,41.58,11.85
1237,5.171540705521753,4,14.28,7.7,18.43,13.93,7.06,14.89,4.66,18.29,15.77,42.38,11.85
1238,5.171540705521753,4,14.34,7.73,18.35,13.99,7.09,14.89,4.66,18.45,15.84,41.84,12.23
1239,5.171540705521753,4,14.4,7.76,18.43,13.99,7.09,14.95,4.68,18.45,15.84,42.11,11.85
1240,5.171540705521753,4,14.34,7.76,18.43,14.11,7.14,14.89,4.68,18.29,15.77,41.58,12.08
1241,5.171540705521753,4,14.34,7.73,18.43,13.99,7.11,14.89,4.68,18.29,15.77,42.66,12.03
1242,5.171540705521753,4,14.4,7.79,18.43,13.99,7.14,15.02,4.72,18.45,15.84,41.84,12.18
1243,5.171540705521753,4,14.46,7.82,18.51,13.99,7.14,15.08,4.72,18.45,15.84,40.8,12.32
1244,5.171540705521753,4,14.34,7.73,18.43,13.88,7.09,14.95,4.68,18.45,15.77,43.22,12.13
1245,5.171540705521753,4,14.4,7.76,18.43,13.99,7.11,15.02,4.7,18.69,15.77,45.88,12.18
1246,5.171540705521753,4,14.46,7.79,18.51,14.05,7.17,15.02,4.72,18.61,15.84,41.84,12.18
1247,5.171540705521753,4,14.46,7.79,18.51,14.05,7.14,14.95,4.72,18.37,15.91,40.8,12.27
1248,5.171540705521753,4,14.34,7.73,18.43,13.93,7.06,14.83,4.66,18.29,15.77,42.11,12.08
1249,5.171540705521753,4,14.4,7.76,18.51,14.16,7.06,14.89,4.68,18.37,15.77,42.38,12.18
1250,5.171540705521753,4,14.46,7.76,18.51,14.22,7.11,14.95,4.7,18.45,15.77,43.22,11.94
1251,5.171540705521753,4,14.52,7.76,18.51,14.28,7.14,14.95,4.72,18.45,15.7,42.66,12.32
1252,5.171540705521753,4,14.52,7.79,18.51,14.22,7.14,14.95,4.72,18.85,15.77,42.11,12.08
1253,5.171540705521753,4,14.46,7.79,18.51,14.16,7.14,14.95,4.72,18.53,15.77,44.07,12.27
1254,5.171540705521753,4,14.52,7.82,18.59,14.22,7.14,15.02,4.74,18.21,15.77,42.94,12.18
1255,5.171540705521753,4,14.46,7.82,18.51,14.16,7.17,15.02,4.72,18.45,15.77,40.8,12.32
1256,5.171540705521753,4,14.52,7.82,18.51,14.22,7.17,15.02,4.72,18.94,15.77,42.38,12.23
1257,5.171540705521753,4,14.46,7.82,18.59,14.22,7.2,15.08,4.74,18.53,15.77,42.94,12.42
1258,5.171540705521753,4,14.4,7.76,18.51,14.22,7.17,14.95,4.7,18.45,15.84,42.11,12.27
1259,5.171540705521753,4,14.46,7.76,18.43,14.16,7.17,14.89,4.68,18.29,15.7,42.38,12.23
1260,5.171540705521753,4,14.34,7.76,18.43,14.16,7.17,14.89,4.68,18.37,15.7,42.11,12.03
1261,5.176042904911599,4,14.4,7.76,18.43,14.11,7.14,14.89,4.68,18.29,15.7,43.78,12.23
1262,5.176042904911599,4,14.4,7.76,18.43,14.11,7.17,14.95,4.7,18.53,15.7,46.51,12.23
1263,5.176042904911599,4,14.4,7.73,18.43,14.05,7.17,14.89,4.68,18.53,15.63,43.22,11.94
1264,5.176042904911599,4,14.34,7.73,18.35,14.05,7.14,14.89,4.68,18.85,15.7,42.11,12.08
1265,5.176042904911599,4,14.34,7.76,18.43,14.11,7.06,14.95,4.7,18.77,15.7,42.11,12.23
1266,5.176042904911599,4,14.23,7.73,18.35,14.05,7.14,14.95,4.68,18.69,15.7,42.38,12.13
1267,5.176042904911599,4,14.28,7.73,18.35,13.99,7.11,14.95,4.68,18.37,15.7,41.84,11.8
1268,5.176042904911599,4,14.34,7.73,18.43,14.11,7.11,14.95,4.68,18.37,15.7,42.38,12.03
1269,5.176042904911599,4,14.34,7.76,18.43,14.11,7.14,14.89,4.68,18.61,15.7,41.32,12.13
1270,5.176042904911599,4,14.34,7.76,18.43,13.99,7.11,14.95,4.68,18.69,15.7,42.66,12.37
1271,5.176042904911599,4,14.34,7.76,18.43,14.05,7.2,14.95,4.7,18.61,15.63,41.84,12.13
1272,5.176042904911599,4,14.34,7.76,18.43,13.99,7.09,14.95,4.68,18.69,15.63,41.84,12.18
1273,5.176042904911599,4,14.34,7.76,18.43,13.99,7.14,14.95,4.68,18.69,15.7,45.57,12.18
1274,5.176042904911599,4,14.34,7.79,18.43,14.05,7.14,15.02,4.7,19.1,15.63,44.96,12.27
1275,5.176042904911599,4,14.34,7.76,18.43,14.05,7.14,14.95,4.68,19.02,15.63,42.66,12.08
1276,5.176042904911599,4,14.34,7.76,18.59,14.05,7.17,14.95,4.7,19.1,15.63,41.84,12.27
1277,5.176042904911599,4,14.4,7.76,18.43,14.05,7.14,14.95,4.68,19.1,15.63,43.78,12.08
1278,5.176042904911599,4,14.46,7.82,18.51,14.11,7.23,15.02,4.74,19.1,15.7,42.11,12.08
1279,5.176042904911599,4,14.46,7.85,18.51,14.11,7.26,15.02,4.74,19.1,15.7,40.29,12.23
1280,5.176042904911599,4,14.46,7.82,18.43,14.05,7.2,14.95,4.72,19.02,15.7,41.32,12.18
1281,5.176042904911599,4,14.4,7.79,18.43,14.16,7.17,14.89,4.72,18.69,15.7,41.84,12.08
1282,5.176042904911599,4,14.46,7.82,18.43,14.16,7.17,14.95,4.74,18.69,15.77,41.84,12.18
1283,5.176042904911599,4,14.58,7.92,18.51,14.34,7.23,15.08,4.76,18.69,15.77,42.38,12.47
1284,5.176042904911599,4,14.58,7.92,18.59,14.22,7.2,15.08,4.78,18.85,15.84,41.32,12.23
1285,5.176042904911599,4,14.58,7.92,18.51,14.22,7.32,15.08,4.78,18.77,15.77,41.58,12.08
1286,5.176042904911599,4,14.52,7.85,18.51,14.16,7.26,15.02,4.74,18.69,15.7,42.66,12.23
1287,5.176042904911599,4,14.64,7.95,18.59,14.28,7.35,15.14,4.8,18.85,15.77,41.84,12.27
1288,5.176042904911599,4,14.64,7.98,18.59,14.22,7.38,15.14,4.82,18.85,15.77,39.55,12.47
1289,5.176042904911599,4,14.64,7.92,18.59,14.28,7.32,15.08,4.78,18.77,15.77,42.66,12.18
1290,5.176042904911599,4,14.64,7.95,18.59,14.22,7.35,15.14,4.8,19.02,15.77,42.11,12.47
1291,5.176042904911599,4,14.69,7.98,18.67,14.22,7.41,15.2,4.84,18.77,15.91,41.32,12.37
1292,5.176042904911599,4,14.64,7.95,18.51,14.22,7.35,15.14,4.8,18.69,15.84,42.66,12.27
1293,5.176042904911599,4,14.64,7.95,18.51,14.22,7.32,15.08,4.8,19.02,15.77,42.66,12.03
1294,5.176042904911599,4,14.64,7.95,18.51,14.22,7.29,15.08,4.8,19.1,15.77,41.05,12.23
1295,5.176042904911599,4,14.64,7.92,18.51,14.22,7.29,15.02,4.78,18.69,15.77,42.66,12.27
1296,5.176042904911599,4,14.64,7.88,18.51,14.16,7.26,15.02,4.76,18.61,15.77,42.11,12.27
1297,5.176042904911599,4,14.64,7.92,18.51,14.22,7.29,15.08,4.78,18.61,15.77,41.58,12.23
1298,5.176042904911599,4,14.69,7.88,18.59,14.16,7.29,15.02,4.76,18.77,15.7,42.66,12.23
1299,5.176042904911599,4,14.64,7.85,18.51,14.16,7.17,15.02,4.74,18.53,15.7,42.66,12.23
1300,5.176042904911599,4,14.69,7.85,18.51,14.11,7.2,15.02,4.74,18.53,15.7,40.29,12.27
1301,5.176042904911599,4,14.75,7.85,18.51,14.16,7.23,15.02,4.74,18.61,15.7,43.22,12.08
1302,5.176042904911599,4,14.64,7.82,18.43,14.11,7.2,14.95,4.72,18.45,15.63,42.38,12.27
1303,5.176042904911599,4,14.69,7.95,18.59,14.28,7.35,15.14,4.8,18.77,15.7,42.94,12.32
1304,5.176042904911599,4,14.75,7.92,18.51,14.28,7.32,15.2,4.8,18.61,15.7,42.66,12.27
1305,5.176042904911599,4,14.75,7.95,18.59,14.28,7.35,15.14,4.8,18.61,15.77,40.29,12.27
1306,5.176042904911599,4,14.69,7.92,18.51,14.16,7.32,15.08,4.78,18.53,15.77,42.11,12.13
1307,5.176042904911599,4,14.64,7.82,18.35,14.16,7.26,14.95,4.72,18.53,15.7,44.07,12.08
1308,5.176042904911599,4,14.58,7.73,18.27,13.99,7.17,14.83,4.68,18.37,15.63,41.58,11.85
1309,5.176042904911599,4,14.46,7.73,18.27,13.93,7.14,14.83,4.66,18.61,15.56,40.8,12.03
1310,5.176042904911599,4,14.64,7.79,18.27,13.93,7.17,14.83,4.7,18.85,15.63,39.3,12.13
1311,5.176042904911599,4,14.69,7.88,18.43,14.11,7.26,15.08,4.76,19.02,15.7,42.94,12.13
1312,5.176042904911599,4,14.58,7.88,18.43,14.16,7.26,15.08,4.76,18.53,15.7,42.66,12.23
1313,5.176042904911599,4,14.58,7.85,18.43,14.11,7.23,15.02,4.74,18.37,15.7,41.58,12.18
1314,5.176042904911599,4,14.64,7.92,18.59,14.22,7.32,15.08,4.78,18.53,15.7,43.22,12.08
1315,5.176042904911599,4,14.58,7.88,18.43,14.16,7.26,15.02,4.76,18.45,15.7,42.11,12.23
1316,5.176042904911599,4,14.69,7.95,18.59,14.16,7.32,15.14,4.8,18.53,15.84,42.94,12.27
1317,5.176042904911599,4,14.69,7.95,18.51,14.16,7.35,15.08,4.8,18.61,15.84,42.94,12.27
1318,5.176042904911599,4,14.64,7.92,18.43,14.22,7.32,15.08,4.78,18.53,15.77,42.94,12.18
1319,5.176042904911599,4,14.64,7.95,18.51,14.16,7.32,15.08,4.8,18.61,15.91,42.11,12.18
1320,5.176042904911599,4,14.58,7.88,18.43,14.11,7.29,14.95,4.76,18.45,15.84,42.66,12.32
1321,5.225728036940453,4,14.52,7.85,18.11,14.05,7.2,14.95,4.74,18.45,15.77,43.5,12.18
1322,5.225728036940453,4,14.52,7.88,18.35,14.11,7.23,15.02,4.76,18.45,15.77,42.66,12.23
1323,5.225728036940453,4,14.58,7.92,18.35,14.11,7.29,15.02,4.76,18.53,15.77,42.94,12.27
1324,5.225728036940453,4,14.69,7.98,18.43,14.16,7.35,15.08,4.8,18.61,15.84,41.58,12.23
1325,5.225728036940453,4,14.69,7.98,18.43,14.16,7.35,15.08,4.8,18.53,15.84,43.5,12.32
1326,5.225728036940453,4,14.69,7.98,18.43,14.11,7.35,15.02,4.82,19.36,15.84,41.84,12.32
1327,5.225728036940453,4,14.69,8.04,18.51,14.28,7.41,15.08,4.84,18.53,15.84,41.84,12.27
1328,5.225728036940453,4,14.81,8.14,18.75,14.34,7.46,15.26,4.92,18.77,15.98,44.37,12.37
1329,5.225728036940453,4,14.64,7.98,18.43,14.16,7.35,15.02,4.8,18.77,15.84,42.94,12.37
1330,5.225728036940453,4,14.4,7.79,18.19,14.05,7.17,14.77,4.7,18.53,15.63,41.84,12.08
1331,5.225728036940453,4,14.64,7.95,18.35,14.11,7.32,15.02,4.8,18.37,15.77,41.58,12.23
1332,5.225728036940453,4,14.46,7.82,18.27,13.93,7.23,14.83,4.72,18.45,15.7,42.38,12.13
1333,5.225728036940453,4,14.52,7.88,18.35,14.05,7.29,14.95,4.76,18.61,15.7,41.84,12.27
1334,5.225728036940453,4,14.58,7.88,18.27,13.99,7.26,14.89,4.76,18.45,15.7,42.11,12.32
1335,5.225728036940453,4,14.52,7.85,18.27,13.99,7.2,14.89,4.72,18.77,15.7,42.38,12.27
1336,5.225728036940453,4,14.52,7.85,18.27,14.05,7.23,14.89,4.72,18.45,15.63,43.78,12.13
1337,5.225728036940453,4,14.4,7.79,18.19,13.88,7.09,14.77,4.68,18.53,15.63,42.11,12.23
1338,5.225728036940453,4,14.4,7.76,18.11,13.99,7.17,14.77,4.68,18.61,15.63,41.32,12.32
1339,5.225728036940453,4,14.4,7.76,18.19,13.88,7.09,14.77,4.66,18.85,15.63,42.11,12.13
1340,5.225728036940453,4,14.4,7.79,18.19,13.93,7.11,14.77,4.7,18.69,15.63,42.38,12.18
1341,5.225728036940453,4,14.34,7.79,18.11,13.88,7.17,14.77,4.68,18.37,15.63,41.58,12.18
1342,5.225728036940453,4,14.4,7.79,18.11,13.93,7.14,14.83,4.68,18.77,15.63,42.11,12.08
1343,5.225728036940453,4,14.4,7.82,18.19,13.99,7.14,14.77,4.68,18.77,15.63,40.29,12.27
1344,5.225728036940453,4,14.46,7.79,18.19,13.88,7.14,14.77,4.68,18.61,15.63,42.66,12.08
1345,5.225728036940453,4,14.4,7.82,18.11,13.99,7.17,14.83,4.68,18.45,15.63,41.32,12.08
1346,5.225728036940453,4,14.34,7.76,18.11,13.93,7.06,14.71,4.64,18.61,15.56,43.5,12.18
1347,5.225728036940453,4,14.34,7.73,18.11,13.88,7.09,14.71,4.64,18.45,15.56,44.96,12.13
1348,5.225728036940453,4,14.4,7.76,18.11,13.88,7.14,14.77,4.66,18.61,15.56,41.58,11.94
1349,5.225728036940453,4,14.4,7.76,18.11,13.88,7.11,14.77,4.66,18.85,15.56,41.58,11.85
1350,5.225728036940453,4,14.4,7.79,18.11,13.93,7.14,14.77,4.66,18.29,15.63,39.79,12.08
1351,5.225728036940453,4,14.52,7.85,18.19,14.05,7.23,14.89,4.7,18.61,15.63,42.11,12.18
1352,5.225728036940453,4,14.4,7.79,18.11,13.93,7.17,14.77,4.66,18.94,15.56,41.05,12.03
1353,5.225728036940453,4,14.4,7.79,18.11,13.93,7.17,14.71,4.66,18.61,15.56,41.05,11.99
1354,5.225728036940453,4,14.64,8.04,18.35,14.16,7.32,15.14,4.78,18.77,15.7,42.38,12.13
1355,5.225728036940453,4,14.52,8.84,18.19,14.05,7.2,14.95,4.72,18.05,15.63,41.32,12.23
1356,5.225728036940453,4,14.46,8.8,18.11,13.99,7.23,14.89,4.68,17.97,15.7,42.66,11.85
1357,5.225728036940453,4,14.46,8.74,18.35,13.93,7.14,14.83,4.66,17.89,15.63,40.54,12.18
1358,5.225728036940453,4,14.52,8.87,18.19,13.93,7.17,14.77,4.68,18.21,15.63,40.04,11.99
1359,5.225728036940453,4,14.58,8.94,18.27,13.99,7.2,14.89,4.7,18.45,15.7,43.78,12.23
1360,5.225728036940453,4,14.75,9.12,18.43,14.22,7.35,15.2,4.8,18.53,15.84,43.5,12.27
1361,5.225728036940453,4,14.75,9.05,18.35,14.11,7.29,15.02,4.78,18.21,15.77,42.94,12.27
1362,5.225728036940453,4,14.75,8.67,18.35,14.16,7.32,15.02,4.78,18.21,15.7,41.05,12.27
1363,5.225728036940453,4,14.87,8.7,18.43,14.16,7.32,15.2,4.84,18.21,15.91,43.5,12.32
1364,5.225728036940453,4,14.69,8.53,18.19,13.99,7.26,15.02,4.74,17.89,15.7,42.66,12.13
1365,5.225728036940453,4,14.58,8.57,18.27,14.05,7.35,15.08,4.78,18.21,15.77,42.94,11.89
1366,5.225728036940453,4,14.64,8.6,18.35,14.22,7.35,15.14,4.8,18.05,15.77,42.94,12.27
1367,5.225728036940453,4,14.52,8.5,18.27,14.16,7.26,14.95,4.74,17.97,15.7,42.66,12.23
1368,5.225728036940453,4,14.52,8.5,18.27,14.11,7.26,14.95,4.76,18.13,15.7,41.05,12.13
1369,5.225728036940453,4,14.52,8.47,18.27,14.05,7.29,15.02,4.76,18.61,15.7,42.38,12.37
1370,5.225728036940453,4,14.58,8.53,18.35,14.22,7.35,15.08,4.8,18.69,15.77,42.38,12.32
1371,5.225728036940453,4,14.58,8.57,18.35,14.22,7.35,15.08,4.78,18.61,15.7,43.5,12.23
1372,5.225728036940453,4,14.52,8.5,18.27,14.16,7.29,14.77,4.78,19.02,15.63,41.32,12.37
1373,5.225728036940453,4,14.52,8.5,18.27,14.11,7.26,14.95,4.76,18.85,15.7,42.38,12.47
1374,5.225728036940453,4,14.64,8.57,18.43,14.22,7.35,15.08,4.82,19.02,15.91,42.66,12.37
1375,5.225728036940453,4,14.58,8.5,18.43,14.16,7.29,14.95,4.78,18.53,15.7,41.84,12.27
1376,5.225728036940453,4,14.52,8.5,18.35,14.16,7.26,14.95,4.76,18.61,15.7,46.19,12.13
1377,5.225728036940453,4,14.52,8.5,18.27,14.16,7.26,14.95,4.76,18.61,15.7,42.66,12.23
1378,5.225728036940453,4,14.52,8.53,18.27,14.16,7.26,15.02,4.78,18.77,15.77,42.11,12.37
1379,5.225728036940453,4,14.58,8.6,18.35,14.28,7.35,15.08,4.82,18.85,15.77,40.04,12.37
1380,5.225728036940453,4,14.52,8.5,18.43,14.16,7.26,14.95,4.76,18.69,15.7,43.22,12.32
1381,5.257494181321206,4,14.46,8.47,18.27,14.22,7.26,14.71,4.76,18.53,15.7,42.38,12.18
1382,5.257494181321206,4,14.4,8.4,18.27,14.05,7.2,14.65,4.72,18.61,15.63,41.32,12.13
1383,5.257494181321206,4,14.4,8.4,18.19,14.11,7.2,14.65,4.72,18.94,15.63,42.94,11.99
1384,5.257494181321206,4,14.4,8.4,18.19,14.05,7.14,14.65,4.72,18.53,15.63,41.84,12.03
1385,5.257494181321206,4,14.46,8.43,18.27,14.05,7.2,14.77,4.72,18.61,15.7,41.32,12.23
1386,5.257494181321206,4,14.46,8.47,18.27,14.05,7.23,14.77,4.74,18.53,15.63,41.58,12.18
1387,5.257494181321206,4,14.46,8.47,18.35,14.11,7.17,15.02,4.72,18.53,15.63,40.8,12.27
1388,5.257494181321206,4,14.52,8.5,18.19,14.22,7.26,15.08,4.74,18.53,15.7,43.22,12.13
1389,5.257494181321206,4,14.46,8.47,18.19,14.11,7.23,15.02,4.74,18.53,15.63,47.48,12.08
1390,5.257494181321206,4,14.58,8.57,18.19,14.22,7.29,15.14,4.78,18.77,15.7,42.11,12.42
1391,5.257494181321206,4,14.46,8.47,18.04,14.16,7.23,14.95,4.74,18.69,15.63,41.05,12.42
1392,5.257494181321206,4,14.46,8.5,18.11,14.11,7.14,15.02,4.72,18.61,15.63,40.8,12.32
1393,5.257494181321206,4,14.52,8.5,18.11,14.16,7.2,15.02,4.72,18.61,15.49,41.58,12.13
1394,5.257494181321206,4,14.52,8.43,18.11,14.16,7.23,15.02,4.74,18.69,15.56,41.84,12.18
1395,5.257494181321206,4,14.52,8.43,18.11,14.05,7.17,15.02,4.7,18.61,15.56,46.83,12.18
1396,5.257494181321206,4,14.52,8.5,18.11,14.11,7.14,15.02,4.72,19.19,15.56,41.84,12.37
1397,5.257494181321206,4,14.64,8.5,18.19,14.11,7.2,14.95,4.72,19.02,15.63,42.66,12.13
1398,5.257494181321206,4,14.58,8.53,18.11,14.16,7.2,15.02,4.72,19.19,15.56,40.54,12.27
1399,5.257494181321206,4,14.58,8.57,18.11,14.16,7.14,14.95,4.72,18.94,15.56,41.32,12.18
1400,5.257494181321206,4,14.58,8.53,18.19,14.16,7.17,15.02,4.74,19.1,15.63,41.84,12.13
1401,5.257494181321206,4,14.58,8.57,18.11,14.22,7.17,15.02,4.74,19.1,15.63,41.32,11.85
1402,5.257494181321206,4,14.58,8.53,18.11,14.16,7.17,15.02,4.74,19.19,15.63,41.32,12.23
1403,5.257494181321206,4,14.58,8.53,18.11,14.22,7.14,15.02,4.74,19.27,15.63,41.84,12.18
1404,5.257494181321206,4,14.58,8.53,18.11,14.22,7.11,14.77,4.76,19.1,15.63,41.84,12.18
1405,5.257494181321206,4,14.58,8.53,18.11,14.22,7.17,14.83,4.74,19.02,15.63,41.32,12.18
1406,5.257494181321206,4,14.64,8.57,17.96,14.22,7.17,14.83,4.76,19.02,15.7,42.11,12.23
1407,5.257494181321206,4,14.58,8.5,18.04,14.22,7.17,15.08,4.74,19.02,15.63,42.38,12.18
1408,5.257494181321206,4,14.58,8.53,18.04,14.22,7.2,15.02,4.76,19.1,15.63,42.11,12.23
1409,5.257494181321206,4,14.69,8.53,18.11,14.28,7.14,15.08,4.76,19.27,15.77,41.32,12.13
1410,5.257494181321206,4,14.64,8.53,17.96,14.22,7.17,15.02,4.74,19.02,15.63,42.11,12.47
1411,5.257494181321206,4,14.64,8.6,18.04,14.22,7.23,15.08,4.76,19.36,15.63,42.94,12.37
1412,5.257494181321206,4,14.64,8.63,18.04,14.22,7.2,15.02,4.74,19.19,15.63,41.58,12.37
1413,5.257494181321206,4,14.64,8.57,18.11,14.22,7.14,15.02,4.74,19.1,15.63,41.58,12.32
1414,5.257494181321206,4,14.64,8.57,18.11,14.22,7.2,15.08,4.76,19.1,15.7,39.79,12.18
1415,5.257494181321206,4,14.69,8.63,18.11,14.22,7.17,15.08,4.76,18.94,15.7,42.38,12.13
1416,5.257494181321206,4,14.69,8.63,18.04,14.22,7.17,15.02,4.74,19.1,15.56,42.11,12.13
1417,5.257494181321206,4,14.69,8.6,18.04,14.22,7.17,15.08,4.76,19.02,15.56,42.11,12.23
1418,5.257494181321206,4,14.75,8.74,18.11,14.28,7.23,15.08,4.78,19.02,15.56,42.38,12.32
1419,5.257494181321206,4,14.75,8.7,18.11,14.28,7.23,15.08,4.8,19.02,15.63,42.38,12.23
1420,5.257494181321206,4,14.87,8.8,18.27,14.34,7.32,15.2,4.84,19.19,15.63,42.94,12.42
1421,5.257494181321206,4,14.81,8.74,18.11,14.28,7.23,15.08,4.78,19.02,15.56,41.58,12.32
1422,5.257494181321206,4,15,8.84,18.19,14.46,7.35,15.26,4.88,19.19,15.63,47.81,12.52
1423,5.257494181321206,4,14.94,8.87,18.27,14.46,7.32,15.33,4.88,19.19,15.63,43.78,12.47
1424,5.257494181321206,4,14.87,8.74,18.11,14.28,7.26,15.14,4.8,19.1,15.56,44.07,12.37
1425,5.257494181321206,4,14.81,8.7,18.11,14.22,7.23,15.08,4.8,18.94,15.49,43.22,12.32
1426,5.257494181321206,4,14.87,8.67,18.11,14.22,7.2,15.2,4.8,18.85,15.49,45.88,12.13
1427,5.257494181321206,4,14.87,8.74,18.19,14.28,7.29,15.2,4.84,18.13,15.49,43.22,12.52
1428,5.257494181321206,4,14.87,8.67,18.11,14.22,7.23,15.08,4.8,18.21,15.42,43.78,12.37
1429,5.257494181321206,4,14.87,8.77,18.27,14.28,7.29,15.26,4.84,18.77,15.42,42.94,12.47
1430,5.257494181321206,4,15,8.8,18.19,14.34,7.32,15.2,4.84,18.13,15.49,43.5,12.52
1431,5.257494181321206,4,14.75,8.74,18.11,14.34,7.23,15.14,4.8,17.97,15.42,42.94,12.18
1432,5.257494181321206,4,14.81,8.8,18.19,14.34,7.35,15.26,4.86,18.37,15.49,44.07,12.57
1433,5.257494181321206,4,14.81,8.77,18.27,14.34,7.32,15.26,4.84,18.13,15.42,42.94,12.57
1434,5.257494181321206,4,14.94,9.01,18.27,14.46,7.41,15.33,4.88,18.21,15.49,41.05,12.72
1435,5.257494181321206,4,14.94,8.8,18.19,14.34,7.35,15.33,4.86,18.21,15.49,44.07,12.57
1436,5.257494181321206,4,14.94,8.84,18.19,14.52,7.41,15.33,4.86,18.29,15.49,41.05,12.27
1437,5.257494181321206,4,14.94,8.74,18.11,14.34,7.29,15.26,4.82,18.21,15.42,42.38,12.27
1438,5.257494181321206,4,15.06,8.84,18.27,14.4,7.41,15.45,4.9,18.37,15.42,42.66,12.52
1439,5.257494181321206,4,15,8.8,18.11,14.4,7.35,15.39,4.86,18.29,15.49,42.11,12.18
1440,5.257494181321206,4,15,8.84,18.19,14.4,7.32,15.39,4.86,18.29,15.49,43.5,12.37
1441,5.264702219204275,4,15.06,8.77,18.19,14.34,7.29,15.33,4.88,18.37,15.42,48.82,12.92
1442,5.264702219204275,4,15.12,9.01,18.19,14.52,7.43,15.08,4.96,18.77,30.93,43.78,12.87
1443,5.264702219204275,4,15,8.91,18.04,14.34,7.38,14.95,4.9,18.21,28.43,47.15,12.62
1444,5.264702219204275,4,15,8.91,18.11,14.34,7.32,14.95,4.88,18.21,28.43,42.94,12.62
1445,5.264702219204275,4,14.75,8.8,17.88,14.22,7.23,14.83,4.84,17.97,28.43,41.05,12.37
1446,5.264702219204275,4,14.75,8.8,17.96,14.16,7.26,14.89,4.84,17.97,28.43,41.84,12.42
1447,5.264702219204275,4,14.87,8.87,18.04,14.34,7.35,15.02,4.88,18.69,27.14,42.66,12.42
1448,5.264702219204275,4,14.87,8.87,18.19,14.28,7.35,14.95,4.88,18.13,23.04,42.94,12.67
1449,5.264702219204275,4,14.75,8.74,18.04,14.28,7.23,14.83,4.82,18.45,15.42,42.38,12.57
1450,5.264702219204275,4,14.87,8.84,18.11,14.34,7.32,14.83,4.86,18.45,15.42,42.66,12.57
1451,5.264702219204275,4,14.81,8.74,18.04,14.16,7.17,14.71,4.8,18.29,15.35,39.55,12.37
1452,5.264702219204275,4,14.75,8.7,18.04,14.11,7.17,14.71,4.78,18.05,15.29,43.78,12.42
1453,5.264702219204275,4,14.75,8.74,17.96,14.16,7.17,14.71,4.78,18.13,15.35,42.38,12.37
1454,5.264702219204275,4,14.81,8.7,17.96,14.11,7.11,14.65,4.76,17.97,15.22,43.5,12.27
1455,5.264702219204275,4,14.87,8.74,18.04,14.16,7.17,14.77,4.8,18.13,15.15,42.38,12.32
1456,5.264702219204275,4,14.81,8.77,18.11,14.22,7.17,14.77,4.82,18.37,15.22,42.94,12.37
1457,5.264702219204275,4,14.81,8.74,18.04,14.22,7.17,14.77,4.82,18.37,15.63,43.5,11.85
1458,5.264702219204275,4,14.87,8.77,18.11,14.11,7.17,14.83,4.84,18.45,15.63,41.84,12.72
1459,5.264702219204275,4,14.94,8.8,18.11,14.22,7.23,14.89,4.86,18.21,15.49,44.07,12.42
1460,5.264702219204275,4,14.81,8.74,18.11,14.16,7.17,14.83,4.82,18.21,15.42,41.84,12.13
1461,5.264702219204275,4,14.81,8.67,18.04,13.99,7.09,14.77,4.78,18.13,15.35,42.66,12.23
1462,5.264702219204275,4,14.87,8.67,18.04,14.05,7.14,14.77,4.8,18.13,15.35,43.78,12.37
1463,5.264702219204275,4,14.87,8.67,18.19,14.05,7.14,14.77,4.8,18.13,15.29,42.11,12.32
1464,5.264702219204275,4,14.94,8.74,18.19,14.16,7.2,14.83,4.82,18.21,15.35,42.94,12.52
1465,5.264702219204275,4,14.87,8.63,17.96,14.05,7.14,14.77,4.78,18.21,15.22,42.11,12.42
1466,5.264702219204275,4,14.87,8.7,18.04,14.11,7.17,14.83,4.82,18.21,15.22,42.66,12.37
1467,5.264702219204275,4,14.81,8.5,17.88,13.99,7.11,14.71,4.74,18.05,15.15,42.11,12.27
1468,5.264702219204275,4,14.94,8.7,17.96,14.05,7.2,15.33,4.78,18.29,15.22,41.32,12.08
1469,5.264702219204275,4,14.87,8.7,18.04,14.05,7.14,15.33,4.78,18.21,15.29,42.66,12.18
1470,5.264702219204275,4,14.81,8.7,17.96,14.11,7.17,15.52,4.78,18.05,15.29,43.5,12.03
1471,5.264702219204275,4,14.87,8.74,17.96,14.16,7.2,15.52,4.8,18.05,15.29,42.66,12.27
1472,5.264702219204275,4,14.94,8.74,17.96,14.05,7.23,15.02,4.8,17.97,15.22,42.66,12.37
1473,5.264702219204275,4,14.87,8.74,17.96,14.11,7.2,15.02,4.78,18.05,15.22,42.11,12.47
1474,5.264702219204275,4,14.81,8.87,17.96,14.05,7.23,15.08,4.8,18.77,15.29,43.5,12.37
1475,5.264702219204275,4,14.87,8.8,18.04,14.16,7.26,15.26,4.84,18.29,15.22,42.38,12.32
1476,5.264702219204275,4,14.87,8.8,17.96,14.16,7.26,15.33,4.84,18.21,15.22,42.38,12.37
1477,5.264702219204275,4,14.94,8.84,18.11,14.22,7.32,15.58,4.86,18.29,15.22,42.94,12.37
1478,5.264702219204275,4,14.46,8.47,17.58,13.88,6.94,14.65,4.62,17.82,14.89,42.66,12.03
1479,5.264702219204275,4,14.87,8.77,18.04,14.11,7.29,15.08,4.82,18.21,15.15,42.94,12.37
1480,5.264702219204275,4,14.81,8.74,17.96,14.11,7.26,15.02,4.8,18.29,15.09,43.22,12.23
1481,5.264702219204275,4,14.94,8.84,18.04,14.22,7.38,15.14,4.86,18.69,15.15,43.22,12.62
1482,5.264702219204275,4,14.87,8.8,18.04,14.16,7.29,15.08,4.84,18.37,15.15,44.07,12.47
1483,5.264702219204275,4,14.87,8.74,17.96,14.05,7.23,15.08,4.8,18.29,15.15,43.78,12.42
1484,5.264702219204275,4,14.87,8.8,18.04,14.16,7.29,15.14,4.84,18.21,15.22,42.66,12.47
1485,5.264702219204275,4,14.75,8.74,17.88,14.05,7.23,15.02,4.8,18.21,15.09,42.94,12.32
1486,5.264702219204275,4,14.81,8.77,17.88,14.11,7.26,15.08,4.82,18.21,15.09,40.8,12.42
1487,5.264702219204275,4,14.75,8.7,17.88,14.05,7.2,15.08,4.78,18.37,15.09,42.11,12.32
1488,5.264702219204275,4,14.87,8.77,17.96,14.16,7.32,15.14,4.82,18.29,15.15,42.94,12.37
1489,5.264702219204275,4,14.94,8.77,17.96,14.16,7.26,15.14,4.84,18.29,15.09,42.94,12.57
1490,5.264702219204275,4,14.94,8.77,17.96,14.16,7.26,15.02,4.82,18.45,15.09,41.32,12.57
1491,5.264702219204275,4,15,8.77,17.96,14.16,7.29,15.08,4.82,18.29,15.02,41.05,12.57
1492,5.264702219204275,4,14.94,8.74,17.88,14.16,7.26,14.95,4.8,18.29,15.09,42.94,12.42
1493,5.264702219204275,4,15,8.8,18.04,14.22,7.32,15.14,4.86,18.29,15.09,43.22,12.37
1494,5.264702219204275,4,14.94,8.74,17.96,14.11,7.23,15.08,4.82,18.37,15.02,43.22,12.47
1495,5.264702219204275,4,14.94,8.7,17.96,14.16,7.32,15.02,4.82,18.37,15.02,41.84,12.47
1496,5.264702219204275,4,15,8.7,17.96,14.11,7.29,15.02,4.82,18.45,14.96,42.94,12.23
1497,5.264702219204275,4,14.87,8.67,17.81,14.05,7.23,14.95,4.78,18.29,14.96,43.5,12.03
1498,5.264702219204275,4,14.87,8.74,17.88,14.05,7.29,14.95,4.78,17.97,15.09,43.5,12.23
1499,5.264702219204275,4,14.87,8.8,17.88,14.11,7.26,15.02,4.82,18.21,15.02,43.22,12.67
1500,5.264702219204275,4,14.87,8.8,17.96,14.11,7.32,15.08,4.84,18.13,15.15,44.07,12.47
1501,5.2753081750798545,4,14.81,8.77,17.96,14.05,7.29,15.08,4.82,18.05,15.09,40.8,12.42
1502,5.2753081750798545,4,14.87,8.77,17.96,14.16,7.32,15.02,4.82,18.13,15.02,41.58,12.47
1503,5.2753081750798545,4,14.87,8.7,17.96,14.11,7.26,15.14,4.8,18.13,15.02,41.84,12.52
1504,5.2753081750798545,4,15.43,9.16,18.43,14.58,7.71,15.65,5.09,18.94,15.35,44.66,13.13
1505,5.2753081750798545,4,15.31,9.12,18.27,14.46,7.49,15.52,5.04,18.85,15.35,44.37,12.87
1506,5.2753081750798545,4,14.87,8.77,17.96,14.22,7.35,15.14,4.84,18.77,15.09,43.22,12.27
1507,5.2753081750798545,4,15.24,9.09,18.27,14.46,7.62,15.52,5.04,18.94,15.35,43.5,12.77
1508,5.2753081750798545,4,14.87,8.74,17.81,14.11,7.29,15.02,4.82,18.37,15.02,42.11,12.47
1509,5.2753081750798545,4,14.75,8.7,17.81,13.99,7.23,15.02,4.8,18.69,15.02,42.11,12.57
1510,5.2753081750798545,4,14.75,8.67,17.81,13.99,7.26,14.95,4.78,18.69,14.96,43.22,12.37
1511,5.2753081750798545,4,14.75,8.63,17.81,13.82,7.17,15.02,4.76,18.61,15.09,43.78,12.23
1512,5.2753081750798545,4,14.81,8.67,17.73,13.71,7.26,15.02,4.78,18.77,15.15,42.66,12.18
1513,5.2753081750798545,4,14.81,8.67,17.81,13.82,7.26,14.95,4.78,18.94,15.15,44.07,12.23
1514,5.2753081750798545,4,14.81,8.7,17.73,13.76,7.29,15.02,4.8,18.94,15.15,42.11,12.37
1515,5.2753081750798545,4,14.87,8.74,17.81,13.71,7.29,15.02,4.8,19.02,15.15,42.94,12.57
1516,5.2753081750798545,4,14.94,8.77,17.81,13.71,7.32,15.08,4.82,19.1,15.22,43.22,12.57
1517,5.2753081750798545,4,14.87,8.7,17.81,13.76,7.32,15.08,4.8,18.85,15.09,42.94,12.32
1518,5.2753081750798545,4,14.94,8.74,17.81,13.88,7.32,15.14,4.82,19.02,15.02,42.94,12.27
1519,5.2753081750798545,4,14.94,8.74,17.73,15.14,7.32,15.14,4.82,19.1,15.02,41.84,12.52
1520,5.2753081750798545,4,14.94,8.74,17.73,15.26,7.29,15.2,4.82,19.19,15.09,42.94,12.32
1521,5.2753081750798545,4,14.87,8.7,17.73,15.2,7.29,15.39,4.82,19.19,15.02,42.66,12.52
1522,5.2753081750798545,4,14.87,8.67,17.73,15.2,7.29,15.08,4.82,19.1,15.02,42.38,12.32
1523,5.2753081750798545,4,14.87,8.67,17.73,15.2,7.23,15.02,4.8,18.94,14.96,42.66,12.32
1524,5.2753081750798545,4,15,8.77,17.73,15.33,7.35,15.14,4.86,18.85,15.15,43.5,12.42
1525,5.2753081750798545,4,14.94,8.7,17.73,15.2,7.26,15.08,4.82,18.45,14.96,44.07,12.08
1526,5.2753081750798545,4,15,8.77,17.73,15.26,7.29,15.08,4.84,18.77,15.09,42.94,12.42
1527,5.2753081750798545,4,15,8.74,17.73,15.26,7.32,15.08,4.82,18.85,14.96,42.94,12.47
1528,5.2753081750798545,4,15.06,8.77,17.73,15.33,7.35,14.83,4.86,18.85,14.96,42.66,12.42
1529,5.2753081750798545,4,15.06,8.8,17.73,15.39,7.35,14.83,4.86,19.1,15.09,43.22,12.32
1530,5.2753081750798545,4,15,8.8,17.73,15.33,7.41,14.83,4.86,19.19,15.02,43.5,12.37
1531,5.2753081750798545,4,15.12,8.8,17.81,15.46,7.35,14.83,4.84,19.1,15.02,42.66,12.52
1532,5.2753081750798545,4,15.06,8.87,17.81,15.52,7.41,14.95,4.9,18.94,15.02,42.94,12.57
1533,5.2753081750798545,4,14.87,8.74,17.66,15.33,7.26,14.71,4.82,18.77,14.89,42.66,12.32
1534,5.2753081750798545,4,14.81,8.74,17.73,15.26,7.26,14.71,4.82,18.85,14.96,42.94,12.23
1535,5.2753081750798545,4,14.87,8.7,17.66,15.26,7.29,14.71,4.8,18.94,14.89,42.11,12.32
1536,5.2753081750798545,4,14.94,8.77,17.73,15.39,7.38,14.77,4.84,19.02,14.96,44.37,12.42
1537,5.2753081750798545,4,14.94,8.17,17.66,15.39,7.32,14.77,4.82,19.27,14.96,44.07,12.42
1538,5.2753081750798545,4,14.87,8.67,17.66,15.33,7.26,14.71,4.8,19.1,14.89,42.66,12.32
1539,5.2753081750798545,4,14.94,8.74,17.73,15.39,7.29,14.77,4.84,19.27,14.96,42.66,12.18
1540,5.2753081750798545,4,14.94,8.7,17.81,15.33,7.29,14.77,4.82,19.19,14.96,42.66,12.32
1541,5.2753081750798545,4,15,8.74,17.66,15.39,7.29,14.77,4.82,19.19,14.96,42.66,12.27
1542,5.2753081750798545,4,14.87,8.63,17.58,15.2,7.14,14.71,4.76,19.02,14.7,40.29,12.13
1543,5.2753081750798545,4,14.94,8.5,17.58,15.26,7.2,14.71,4.78,18.94,14.76,47.15,12.42
1544,5.2753081750798545,4,14.94,8.63,17.58,15.33,7.17,14.71,4.78,19.1,14.83,40.29,12.27
1545,5.2753081750798545,4,14.94,8.63,17.58,15.26,7.17,14.71,4.78,19.1,14.7,42.94,12.32
1546,5.2753081750798545,4,15,8.7,17.73,15.33,7.23,14.77,4.8,19.19,14.76,40.29,12.27
1547,5.2753081750798545,4,15.06,8.74,17.66,15.39,7.23,14.83,4.82,19.19,14.89,42.94,12.08
1548,5.2753081750798545,4,15,8.7,17.73,15.33,7.17,14.83,4.72,19.1,14.83,42.66,12.32
1549,5.2753081750798545,4,15,8.67,17.66,15.39,7.17,14.83,4.8,19.02,14.83,43.22,12.37
1550,5.2753081750798545,4,14.94,8.67,17.66,15.33,7.14,14.83,4.78,18.94,14.89,40.54,12.52
1551,5.2753081750798545,4,15.06,8.74,17.66,15.46,7.26,14.95,4.84,19.27,14.96,49.17,12.32
1552,5.2753081750798545,4,15.06,8.74,17.66,15.39,7.2,14.89,4.8,19.1,14.96,42.94,12.32
1553,5.2753081750798545,4,15,8.74,17.58,15.33,7.17,14.83,4.8,18.94,14.89,43.22,12.57
1554,5.2753081750798545,4,15,8.74,17.58,15.26,7.2,14.83,4.8,19.1,14.83,42.66,12.32
1555,5.2753081750798545,4,15,8.7,17.58,15.33,7.14,14.89,4.78,19.02,14.89,42.66,12.37
1556,5.2753081750798545,4,15,8.7,17.58,15.33,7.14,15.02,4.8,19.1,14.89,42.66,12.47
1557,5.2753081750798545,4,15.06,8.7,17.66,15.39,7.23,15.2,4.8,18.94,15.02,43.22,12.27
1558,5.2753081750798545,4,15.06,8.7,17.66,15.39,7.26,15.2,4.82,18.94,14.96,44.07,12.57
1559,5.2753081750798545,4,15.06,8.7,17.66,15.39,7.2,15.2,4.8,18.94,14.96,42.66,12.57
1560,5.2753081750798545,4,15.06,8.74,17.58,15.33,7.23,15.33,4.82,19.02,14.96,42.94,12.52
1561,5.344773548491224,4,15.12,8.23,17.66,15.46,7.26,15.39,4.84,19.02,14.96,40.29,12.42
1562,5.344773548491224,4,15.12,8.2,17.58,15.39,7.23,15.33,4.82,19.19,14.96,42.66,12.52
1563,5.344773548491224,4,15.12,8.17,17.58,15.46,7.2,15.33,4.82,18.94,14.96,42.66,12.57
1564,5.344773548491224,4,15.12,8.2,17.66,15.39,7.26,15.14,4.82,19.02,14.89,43.22,12.42
1565,5.344773548491224,4,15.31,8.33,17.81,15.65,7.41,15.45,4.9,19.02,15.02,43.5,12.52
1566,5.344773548491224,4,15.24,8.3,17.73,15.85,7.35,15.45,4.88,19.1,15.02,44.07,12.57
1567,5.344773548491224,4,15.12,8.74,17.66,15.59,7.29,15.52,4.82,19.02,14.96,43.22,12.13
1568,5.344773548491224,4,15.12,8.77,17.66,15.52,7.26,15.52,4.84,19.02,14.89,41.84,12.23
1569,5.344773548491224,4,15.06,8.7,17.58,15.46,7.23,15.45,4.8,18.94,14.89,45.26,12.18
1570,5.344773548491224,4,15.06,8.77,17.58,15.52,7.29,15.52,4.84,18.94,14.89,43.22,12.37
1571,5.344773548491224,4,15.06,8.7,17.58,15.52,7.17,15.39,4.78,19.02,14.89,43.78,12.37
1572,5.344773548491224,4,15.12,8.77,17.66,15.59,7.23,15.52,4.84,18.94,14.96,44.07,12.32
1573,5.344773548491224,4,15,8.67,17.51,15.39,7.17,15.39,4.78,18.77,14.89,43.5,12.23
1574,5.344773548491224,4,15,8.14,17.51,15.46,7.2,15.39,4.8,18.77,14.83,43.22,12.27
1575,5.344773548491224,4,15.06,8.14,17.58,15.46,7.11,15.39,4.8,18.45,14.83,42.94,12.27
1576,5.344773548491224,4,15.18,8.23,17.66,15.52,7.14,15.52,4.86,18.61,14.89,43.78,12.57
1577,5.344773548491224,4,15.18,8.23,17.58,15.59,7.14,15.52,4.86,18.69,14.89,44.96,12.52
1578,5.344773548491224,4,15.18,8.84,17.66,15.59,7.2,15.58,4.88,18.85,14.96,44.07,12.57
1579,5.344773548491224,4,15.18,8.84,17.66,15.46,7.14,15.45,4.84,18.13,14.89,43.22,12.52
1580,5.344773548491224,4,15.18,8.8,17.58,15.52,7.14,15.45,4.84,18.29,14.89,43.22,12.37
1581,5.344773548491224,4,15.18,8.84,17.58,15.59,7.17,15.52,4.86,18.29,14.89,43.22,12.47
1582,5.344773548491224,4,15.18,8.87,17.66,15.59,7.26,15.52,4.86,18.45,14.96,45.57,12.52
1583,5.344773548491224,4,15.12,8.8,17.58,15.46,7.11,15.39,4.82,18.29,14.89,41.58,12.42
1584,5.344773548491224,4,15.24,8.8,17.58,15.46,7.11,15.39,4.82,18.53,14.89,41.84,12.27
1585,5.344773548491224,4,15.06,8.8,17.51,15.46,7.11,15.39,4.8,18.45,14.83,41.84,12.37
1586,5.344773548491224,4,15,8.74,17.43,15.39,7.06,15.26,4.76,18.77,14.76,42.66,12.23
1587,5.344773548491224,4,14.94,8.7,17.43,15.39,7.06,15.26,4.74,20.8,14.7,42.38,12.18
1588,5.344773548491224,4,14.87,8.7,17.36,15.33,6.94,15.26,4.74,21.18,14.7,41.32,12.27
1589,5.344773548491224,4,14.94,8.7,17.43,15.33,7,15.26,4.76,21.08,14.7,43.5,12.23
1590,5.344773548491224,4,14.94,8.7,17.36,15.33,7,15.26,4.76,21.28,14.63,42.38,12.08
1591,5.344773548491224,4,14.87,8.63,17.36,15.46,7.03,15.14,4.74,21.47,14.76,42.38,12.08
1592,5.344773548491224,4,14.94,8.17,17.43,15.33,7.03,15.33,4.78,21.18,14.7,42.66,12.32
1593,5.344773548491224,4,14.87,8.04,17.43,15.39,7.03,15.26,4.76,21.57,14.7,42.94,12.13
1594,5.344773548491224,4,14.81,8.57,17.36,15.39,7.03,15.26,4.74,21.37,14.63,43.5,11.99
1595,5.344773548491224,4,14.87,8.7,17.43,15.46,7.11,15.33,4.78,21.28,14.7,42.94,12.18
1596,5.344773548491224,4,15.06,8.8,17.58,15.65,7.17,15.45,4.86,21.37,14.76,44.07,12.13
1597,5.344773548491224,4,14.94,8.11,17.51,15.59,7.14,15.33,4.8,21.08,14.76,43.22,12.18
1598,5.344773548491224,4,14.87,8.01,17.43,15.52,7.11,15.33,4.8,21.28,14.7,41.32,12.18
1599,5.344773548491224,4,14.87,8.01,17.43,15.52,7.14,15.33,4.78,21.28,14.63,43.5,12.08
1600,5.344773548491224,4,14.94,8.04,17.43,15.52,7.17,15.33,4.82,21.28,14.57,42.66,12.32
1601,5.344773548491224,4,14.94,8.01,17.58,15.46,7.17,15.33,4.8,21.28,14.57,42.94,12.08
1602,5.344773548491224,4,15,8.04,17.51,15.52,7.2,15.39,4.84,21.37,14.7,45.57,12.18
1603,5.344773548491224,4,15.06,8.07,17.43,15.59,7.26,15.45,4.84,21.37,14.76,43.78,12.13
1604,5.344773548491224,4,14.94,8.04,17.36,15.52,7.17,15.33,4.82,21.28,14.7,44.66,12.23
1605,5.344773548491224,4,14.94,7.98,17.36,15.52,7.17,15.26,4.8,21.28,14.7,44.07,12.03
1606,5.344773548491224,4,14.87,7.98,17.36,15.46,7.17,15.26,4.8,21.37,14.63,43.78,12.08
1607,5.344773548491224,4,14.87,7.98,17.36,15.52,7.2,15.26,4.8,21.28,14.63,45.26,12.03
1608,5.344773548491224,4,14.94,7.98,17.29,15.46,7.17,15.26,4.8,21.47,14.63,44.66,12.32
1609,5.344773548491224,4,14.87,7.98,17.29,15.52,7.23,15.26,4.78,21.28,14.63,42.94,12.18
1610,5.344773548491224,4,14.94,8.04,17.36,15.52,7.23,15.33,4.82,21.37,14.63,45.26,12.27
1611,5.344773548491224,4,14.94,8.01,17.21,15.52,7.17,15.26,4.8,21.28,14.57,42.94,12.18
1612,5.344773548491224,4,15,8.04,17.29,15.59,7.17,15.33,4.82,21.37,14.63,45.57,12.57
1613,5.344773548491224,4,14.94,8.01,17.29,15.52,7.14,15.26,4.8,21.28,14.57,44.07,12.27
1614,5.344773548491224,4,14.94,8.07,17.36,15.52,7.17,15.33,4.82,21.28,14.57,43.22,12.47
1615,5.344773548491224,4,14.94,8.63,17.36,15.59,7.23,15.33,4.82,21.28,14.63,42.94,12.52
1616,5.344773548491224,4,14.94,8.74,17.36,15.59,7.17,15.33,4.82,21.18,14.63,42.94,12.42
1617,5.344773548491224,4,14.94,8.77,17.43,15.65,7.26,15.39,4.86,21.37,14.63,42.11,12.47
1618,5.344773548491224,4,14.81,8.74,17.36,15.59,7.2,15.33,4.82,22.18,14.63,43.22,12.42
1619,5.344773548491224,4,14.94,8.8,17.29,15.59,7.2,15.33,4.82,21.57,14.63,42.94,12.37
1620,5.344773548491224,4,15,8.77,17.29,15.59,7.23,15.33,4.82,21.47,14.63,44.37,12.37
1621,5.5432804137794145,4,15.12,8.87,17.36,15.72,7.32,15.45,4.88,21.67,14.76,42.94,12.37
1622,5.5432804137794145,4,15.12,8.91,17.43,15.72,7.32,15.52,4.9,21.57,14.76,43.5,12.57
1623,5.5432804137794145,4,15.06,8.87,17.43,15.65,7.26,15.45,4.86,21.28,14.7,43.22,12.62
1624,5.5432804137794145,4,15.12,8.91,17.36,15.72,7.29,15.45,4.88,21.28,14.7,43.22,12.92
1625,5.5432804137794145,4,15.06,8.87,17.36,15.65,7.29,15.39,4.86,21.28,14.7,43.22,12.47
1626,5.5432804137794145,4,15,8.77,17.29,15.59,7.23,15.33,4.82,21.77,14.63,43.78,12.47
1627,5.5432804137794145,4,15.06,8.84,17.36,15.65,7.32,15.39,4.84,21.47,14.7,43.22,12.52
1628,5.5432804137794145,4,15.06,8.84,17.29,15.65,7.26,15.39,4.84,21.67,14.7,43.22,12.03
1629,5.5432804137794145,4,15,8.84,17.29,15.59,7.29,15.39,4.84,21.47,14.7,42.94,12.72
1630,5.5432804137794145,4,15.06,8.84,17.29,15.65,7.29,15.39,4.84,21.47,14.7,41.58,12.62
1631,5.5432804137794145,4,15,8.84,17.29,15.59,7.29,15.39,4.84,21.47,14.7,42.38,12.42
1632,5.5432804137794145,4,15,8.84,17.29,15.59,7.26,15.33,4.82,21.87,14.63,42.66,12.47
1633,5.5432804137794145,4,15,8.8,17.36,15.65,7.23,15.33,4.82,21.28,14.7,42.38,12.42
1634,5.5432804137794145,4,15,8.8,17.29,15.65,7.26,15.39,4.84,21.47,14.57,42.66,12.37
1635,5.5432804137794145,4,15.06,8.84,17.29,15.65,7.32,15.39,4.84,21.47,14.63,43.22,12.42
1636,5.5432804137794145,4,15.06,8.84,17.21,15.65,7.26,15.33,4.84,21.28,14.57,43.5,12.08
1637,5.5432804137794145,4,15.06,8.84,17.21,15.65,7.26,15.39,4.82,21.57,14.57,43.22,12.57
1638,5.5432804137794145,4,15.06,8.84,17.29,15.59,7.26,15.33,4.82,21.37,14.57,43.5,12.37
1639,5.5432804137794145,4,15.06,8.84,17.29,15.65,7.38,15.39,4.84,21.67,14.57,42.94,12.47
1640,5.5432804137794145,4,15.12,8.84,17.21,15.65,7.29,15.39,4.82,21.67,14.57,43.5,12.23
1641,5.5432804137794145,4,15.12,8.84,17.21,15.65,7.32,15.39,4.84,21.67,14.57,43.78,12.27
1642,5.5432804137794145,4,15.12,8.84,17.21,15.65,7.29,15.39,4.84,21.57,14.63,42.11,12.47
1643,5.5432804137794145,4,15.24,8.98,17.29,15.78,7.41,15.52,4.9,21.37,14.7,43.78,12.47
1644,5.5432804137794145,4,15.18,8.8,17.21,15.72,7.32,15.39,4.84,21.28,14.7,43.78,12.52
1645,5.5432804137794145,4,15.06,8.84,17.21,15.65,7.29,15.33,4.82,21.28,14.57,42.66,12.42
1646,5.5432804137794145,4,15.12,8.8,17.21,15.65,7.29,15.33,4.82,21.28,14.57,42.94,12.23
1647,5.5432804137794145,4,15.06,8.8,17.14,15.59,7.29,15.33,4.8,20.99,14.57,44.66,12.42
1648,5.5432804137794145,4,15.12,8.8,17.21,15.65,7.32,15.39,4.84,21.37,15.63,42.66,12.32
1649,5.5432804137794145,4,15.12,8.77,17.21,15.65,7.26,15.33,4.82,21.08,15.63,42.94,12.37
1650,5.5432804137794145,4,15.12,8.74,17.21,15.85,7.32,15.39,4.84,21.37,15.7,44.07,12.47
1651,5.5432804137794145,4,15.12,8.33,17.29,15.65,7.29,15.39,4.84,21.57,15.63,44.07,12.18
1652,5.5432804137794145,4,15.06,8.74,17.07,15.59,7.23,15.26,4.8,21.37,15.7,48.48,12.23
1653,5.5432804137794145,4,15,8.7,17.14,15.52,7.23,15.26,4.76,20.99,15.56,44.37,12.23
1654,5.5432804137794145,4,15.06,8.8,17.14,15.59,7.29,15.33,4.8,21.47,15.49,44.96,12.32
1655,5.5432804137794145,4,15.18,8.87,17.21,15.72,7.41,15.45,4.88,21.37,15.49,43.22,12.37
1656,5.5432804137794145,4,15.12,8.84,17.21,15.65,7.35,15.45,4.86,21.28,15.42,40.29,12.42
1657,5.5432804137794145,4,15.12,8.84,17.29,15.72,7.35,15.39,4.86,21.28,15.35,42.66,12.23
1658,5.5432804137794145,4,15.06,8.77,17.21,15.59,7.26,15.33,4.82,21.18,15.35,43.5,12.32
1659,5.5432804137794145,4,15,8.8,17.21,15.59,7.17,15.33,4.8,21.18,15.29,42.66,12.32
1660,5.5432804137794145,4,15,8.8,17.21,15.59,7.17,15.33,4.8,20.89,15.29,46.51,12.42
1661,5.5432804137794145,4,15.06,8.84,17.21,15.65,7.23,15.33,4.82,20.89,15.29,41.58,12.62
1662,5.5432804137794145,4,15.06,8.84,17.29,15.65,7.23,15.39,4.82,21.18,15.29,42.38,12.57
1663,5.5432804137794145,4,15.06,8.84,17.29,15.65,7.2,15.39,4.82,21.47,15.29,39.79,12.62
1664,5.5432804137794145,4,15,8.84,17.29,15.65,7.2,15.33,4.82,21.08,15.22,43.78,12.57
1665,5.5432804137794145,4,15,8.84,17.29,15.65,7.2,15.33,4.82,21.18,15.22,40.54,12.52
1666,5.5432804137794145,4,15,8.84,17.21,15.72,7.2,15.33,4.82,20.99,15.35,42.38,12.52
1667,5.5432804137794145,4,15.06,8.87,17.29,15.72,7.23,15.39,4.84,21.47,15.35,41.58,12.57
1668,5.5432804137794145,4,15.06,8.94,17.29,15.78,7.29,15.45,4.88,21.08,15.42,42.66,12.67
1669,5.5432804137794145,4,15.06,8.94,17.29,15.72,7.29,15.45,4.88,20.89,15.35,42.11,12.52
1670,5.5432804137794145,4,15.06,8.94,17.29,15.78,7.29,15.45,4.86,20.99,15.29,42.66,12.23
1671,5.5432804137794145,4,15.06,8.91,17.29,15.72,7.29,15.39,4.86,20.61,15.42,42.38,12.37
1672,5.5432804137794145,4,15.12,8.98,17.21,15.78,7.41,15.45,4.88,20.89,15.42,42.66,12.52
1673,5.5432804137794145,4,15.12,8.94,17.07,15.78,7.35,15.45,4.88,20.89,15.35,42.66,12.42
1674,5.5432804137794145,4,15.06,8.94,17.21,15.72,7.35,15.45,4.86,20.8,15.35,43.22,12.57
1675,5.5432804137794145,4,15.06,8.91,17.29,15.78,7.43,15.45,4.86,21.08,15.35,42.66,12.67
1676,5.5432804137794145,4,15.06,8.91,17.21,15.72,7.35,15.39,4.86,20.7,15.22,42.38,12.47
1677,5.5432804137794145,4,15,8.91,17.21,15.72,7.32,15.39,4.84,20.99,15.29,42.38,12.52
1678,5.5432804137794145,4,14.94,8.91,17.21,15.72,7.38,15.39,4.86,21.67,15.35,42.66,12.47
1679,5.5432804137794145,4,14.81,8.8,17.14,15.65,7.17,15.26,4.78,20.7,15.29,42.11,12.32
1680,5.5432804137794145,4,14.81,8.77,17.14,15.52,7.23,15.45,4.78,20.8,15.22,43.22,12.23
1681,5.58504638418499,4,14.94,8.91,17.21,15.72,7.32,15.39,4.84,20.89,15.09,44.37,12.47
1682,5.58504638418499,4,15,8.91,17.14,15.72,7.35,15.39,4.84,20.8,14.96,41.58,12.42
1683,5.58504638418499,4,15,8.94,17.21,15.72,7.35,15.52,4.86,20.99,14.96,42.94,12.42
1684,5.58504638418499,4,14.94,8.91,17.21,15.72,7.35,15.39,4.84,21.37,14.96,44.96,12.47
1685,5.58504638418499,4,15.06,9.01,17.29,15.85,7.43,15.45,4.9,20.99,14.76,43.5,12.32
1686,5.58504638418499,4,15,8.94,17.21,15.78,7.41,15.39,4.88,20.99,14.76,43.78,12.52
1687,5.58504638418499,4,15,8.94,17.21,15.78,7.35,15.39,4.86,21.08,14.7,43.5,12.32
1688,5.58504638418499,4,15.06,9.05,17.36,15.85,7.43,15.52,4.92,20.89,14.76,44.07,12.62
1689,5.58504638418499,4,15,8.98,17.29,15.78,7.41,15.39,4.88,20.99,14.63,44.07,12.62
1690,5.58504638418499,4,14.94,8.94,17.21,15.78,7.38,15.39,4.86,20.89,14.63,44.66,12.47
1691,5.58504638418499,4,15,8.94,17.21,15.72,7.35,15.39,4.86,20.89,14.63,43.5,12.57
1692,5.58504638418499,4,14.94,8.98,17.21,15.78,7.41,15.45,4.88,20.89,14.7,42.38,12.67
1693,5.58504638418499,4,15,8.98,17.29,15.85,7.41,15.45,4.9,21.28,14.7,42.66,12.47
1694,5.58504638418499,4,14.94,8.94,17.21,15.72,7.38,15.39,4.88,21.18,14.7,43.5,12.67
1695,5.58504638418499,4,15,8.94,17.21,15.85,7.46,15.39,4.88,20.89,14.7,44.37,12.62
1696,5.58504638418499,4,15,8.84,17.21,15.78,7.35,15.39,4.86,20.89,14.7,43.78,12.52
1697,5.58504638418499,4,15.06,8.91,17.21,15.85,7.29,15.39,4.88,20.89,14.7,44.37,12.62
1698,5.58504638418499,4,15.12,8.94,17.36,15.92,7.35,15.45,4.92,20.89,14.7,43.78,12.42
1699,5.58504638418499,4,15.06,8.94,17.29,15.85,7.38,15.45,4.92,20.8,15.09,42.66,13.45
1700,5.58504638418499,4,15.12,9.05,17.29,15.92,7.46,15.52,4.94,20.89,15.09,44.07,12.87
1701,5.58504638418499,4,15.12,8.98,17.21,15.85,7.43,15.45,4.9,20.8,15.02,45.57,12.77
1702,5.58504638418499,4,15.12,8.84,17.21,15.92,7.41,15.45,4.92,20.7,15.02,44.07,12.87
1703,5.58504638418499,4,15.18,8.94,17.29,15.92,7.46,15.52,4.92,20.8,14.89,45.88,12.92
1704,5.58504638418499,4,15.06,8.77,17.14,15.78,7.38,15.33,4.88,20.7,14.76,43.78,12.92
1705,5.58504638418499,4,15,8.77,17.14,15.78,7.38,15.33,4.86,20.7,14.76,43.22,12.87
1706,5.58504638418499,4,15,8.8,17.14,15.72,7.35,15.26,4.86,20.24,14.76,43.22,12.82
1707,5.58504638418499,4,15.06,8.87,17.14,15.78,7.38,15.39,4.88,20.99,14.76,43.22,12.77
1708,5.58504638418499,4,15,8.87,17.14,15.85,7.35,15.33,4.88,20.33,14.83,42.94,12.77
1709,5.58504638418499,4,15,8.87,17.21,15.78,7.43,15.33,4.88,20.61,14.76,42.38,11.62
1710,5.58504638418499,4,15.06,8.91,17.21,15.85,7.41,15.39,4.88,21.08,14.7,42.66,12.57
1711,5.58504638418499,4,15.06,8.91,17.14,15.85,7.41,15.33,4.9,21.28,14.7,43.22,12.67
1712,5.58504638418499,4,15,8.87,17.14,15.78,7.38,15.33,4.86,21.28,14.7,41.84,12.62
1713,5.58504638418499,4,15,8.87,17.14,15.85,7.38,15.33,4.86,20.42,14.83,42.38,12.52
1714,5.58504638418499,4,15,8.8,17.14,15.92,7.41,15.33,4.88,20.61,14.89,42.38,12.57
1715,5.58504638418499,4,15.06,8.84,17.14,15.78,7.35,15.33,4.86,20.42,14.83,40.54,12.27
1716,5.58504638418499,4,15,8.8,17.14,15.78,7.35,15.26,4.84,20.7,14.83,43.5,12.67
1717,5.58504638418499,4,15,8.8,17.07,15.78,7.23,15.26,4.88,20.52,14.83,41.58,12.37
1718,5.58504638418499,4,14.94,8.84,17.14,15.92,7.14,15.26,4.84,20.52,14.76,42.66,12.52
1719,5.58504638418499,4,14.94,8.84,17.21,15.72,7.09,15.26,4.86,20.61,14.76,42.11,12.47
1720,5.58504638418499,4,14.87,8.8,17.07,15.72,7.06,15.2,4.84,20.61,14.76,42.94,12.27
1721,5.58504638418499,4,14.94,8.8,17.07,15.72,7.03,15.2,4.82,21.18,14.7,42.66,12.13
1722,5.58504638418499,4,14.87,8.8,17.07,15.72,7.03,15.14,4.82,21.08,14.7,42.94,12.18
1723,5.58504638418499,4,14.87,8.8,17,15.65,7.03,15.2,4.82,21.28,14.63,42.66,12.47
1724,5.58504638418499,4,14.87,8.8,17.21,15.72,7.03,15.2,4.82,21.28,14.57,42.11,12.13
1725,5.58504638418499,4,14.81,8.77,17.07,15.72,7.03,15.26,4.86,20.61,14.57,42.38,12.32
1726,5.58504638418499,4,14.94,8.84,17.14,15.78,7.09,15.26,4.86,20.8,14.63,42.38,12.37
1727,5.58504638418499,4,14.94,8.84,17.21,15.78,7.06,15.26,4.86,20.8,14.7,42.38,11.48
1728,5.58504638418499,4,14.81,8.87,17.21,15.78,7.06,15.26,4.86,21.28,14.7,42.94,12.57
1729,5.58504638418499,4,14.69,8.84,17.21,15.78,7.03,15.2,4.84,21.18,14.63,42.38,12.23
1730,5.58504638418499,4,14.87,8.84,17.29,15.72,7.03,15.2,4.84,21.28,14.63,43.22,12.52
1731,5.58504638418499,4,14.94,8.87,17.29,15.72,7.03,15.2,4.84,21.18,14.63,40.8,12.27
1732,5.58504638418499,4,15.06,8.91,17.36,15.78,7.06,15.26,4.88,21.57,14.7,42.94,12.37
1733,5.58504638418499,4,14.94,8.74,17.29,15.65,7,15.2,4.84,21.57,14.7,42.38,12.23
1734,5.58504638418499,4,15.06,8.84,17.29,15.78,7.03,15.26,4.88,21.47,14.7,41.05,12.32
1735,5.58504638418499,4,15.06,8.84,17.29,15.78,7.14,15.26,4.88,21.97,14.76,43.78,12.08
1736,5.58504638418499,4,15,8.8,17.29,15.72,7.03,15.2,4.86,21.67,14.63,42.66,12.32
1737,5.58504638418499,4,15,8.8,17.29,15.72,7.03,15.2,4.84,21.67,14.63,42.38,12.47
1738,5.58504638418499,4,15.06,8.84,17.29,15.78,7.03,15.2,4.86,21.67,14.7,42.66,12.52
1739,5.58504638418499,4,15.12,8.87,17.36,15.85,7.09,15.33,4.9,21.77,14.7,41.58,12.42
1740,5.58504638418499,4,15.06,8.84,17.29,15.78,7.03,15.2,4.86,21.97,14.7,41.58,12.32
1741,5.595315764743269,4,15,8.84,17.36,15.78,7.06,15.26,4.86,22.08,14.63,43.22,12.37
1742,5.595315764743269,4,15,8.8,17.36,15.78,7.03,15.26,4.86,21.57,14.63,40.8,12.42
1743,5.595315764743269,4,15,8.84,17.36,15.78,7.06,15.26,4.88,21.97,14.57,43.22,12.47
1744,5.595315764743269,4,14.87,8.84,17.29,15.78,7.03,15.2,4.86,21.47,14.89,43.22,12.47
1745,5.595315764743269,4,14.87,8.84,17.29,15.78,7.03,15.2,4.86,21.47,14.83,42.66,12.37
1746,5.595315764743269,4,14.81,8.8,17.29,15.72,7,15.14,4.84,21.28,14.83,42.94,12.27
1747,5.595315764743269,4,14.75,8.8,17.29,15.72,7,15.14,4.82,21.57,14.83,42.94,12.37
1748,5.595315764743269,4,14.75,8.37,17.29,15.72,7,15.2,4.84,21.57,14.83,42.11,12.27
1749,5.595315764743269,4,14.94,8.4,17.29,15.78,7.06,15.26,4.88,21.67,14.83,42.94,12.37
1750,5.595315764743269,4,14.94,9.01,17.29,15.85,7.06,15.26,4.88,21.57,14.89,44.07,12.57
1751,5.595315764743269,4,14.87,9.01,17.29,15.78,7.06,15.2,4.88,21.67,14.89,45.26,12.42
1752,5.595315764743269,4,15,9.01,17.36,15.85,7.09,15.26,4.88,21.37,14.89,42.66,12.32
1753,5.595315764743269,4,15,9.01,17.36,15.85,7.06,15.26,4.88,21.47,14.89,42.66,12.27
1754,5.595315764743269,4,15,9.01,17.36,15.78,7.03,15.52,4.86,21.28,14.89,42.38,12.23
1755,5.595315764743269,4,14.94,8.27,17.36,15.99,7.06,15.26,4.88,21.37,14.89,41.84,12.27
1756,5.595315764743269,4,14.87,8.23,17.36,15.78,7.03,15.2,4.86,21.28,14.83,42.38,12.32
1757,5.595315764743269,4,14.94,8.27,17.36,15.85,7.06,15.26,4.88,21.08,14.89,42.66,12.42
1758,5.595315764743269,4,14.94,8.3,17.36,15.92,7.11,15.33,4.92,21.37,14.89,42.66,12.32
1759,5.595315764743269,4,14.75,8.23,17.29,15.78,7.03,15.2,4.86,20.8,14.83,42.38,12.32
1760,5.595315764743269,4,14.87,8.27,17.29,15.85,7.09,15.2,4.9,21.18,14.83,42.94,12.37
1761,5.595315764743269,4,14.75,8.23,17.29,15.78,7.06,15.2,4.86,21.18,14.83,42.66,12.32
1762,5.595315764743269,4,15,8.23,17.29,15.78,7.06,15.2,4.88,21.18,14.83,41.84,12.42
1763,5.595315764743269,4,14.94,8.23,17.21,15.85,7.03,15.2,4.86,21.18,14.83,42.94,12.18
1764,5.595315764743269,4,15.06,8.33,17.43,15.99,7.11,15.33,4.94,21.37,14.89,43.22,12.47
1765,5.595315764743269,4,14.94,8.27,17.21,15.85,7.06,15.2,4.88,21.08,14.83,42.66,12.32
1766,5.595315764743269,4,14.94,8.3,17.29,15.85,7.09,15.2,4.9,20.89,14.89,43.22,12.32
1767,5.595315764743269,4,14.69,8.23,17.21,15.85,7.03,15.14,4.86,21.08,14.76,42.66,12.27
1768,5.595315764743269,4,14.87,8.3,17.29,15.99,7.06,15.2,4.88,21.28,14.83,42.66,12.57
1769,5.595315764743269,4,15,8.37,17.36,15.99,7.14,15.26,4.94,21.57,14.96,41.58,12.27
1770,5.595315764743269,4,14.87,8.27,17.29,15.78,7.03,15.14,4.86,20.24,14.89,41.84,12.23
1771,5.595315764743269,4,14.75,8.98,17.29,15.85,7.03,15.14,4.86,20.33,14.89,45.88,12.37
1772,5.595315764743269,4,14.81,8.94,17.36,15.78,7.03,15.14,4.86,20.33,14.83,42.11,12.62
1773,5.595315764743269,4,14.87,8.87,17.21,15.78,7.03,15.14,4.84,20.33,14.83,42.38,12.42
1774,5.595315764743269,4,14.94,8.87,17.29,15.78,7.17,15.14,4.84,20.42,14.83,42.94,12.23
1775,5.595315764743269,4,14.94,8.91,17.36,15.85,7.23,15.2,4.88,20.52,14.89,42.66,12.13
1776,5.595315764743269,4,13.94,8.17,16.51,14.76,6.56,14.24,4.39,19.88,14.26,39.79,11.43
1777,5.595315764743269,4,14.87,8.94,17.21,15.78,7.2,15.26,4.86,20.52,14.83,42.38,12.32
1778,5.595315764743269,4,14.81,8.91,17.21,15.78,7.2,15.14,4.84,20.42,14.76,41.05,12.23
1779,5.595315764743269,4,14.94,8.91,17.29,15.72,7.23,15.2,4.86,20.33,14.83,41.84,12.37
1780,5.595315764743269,4,14.94,8.94,17.36,15.78,7.26,15.2,4.86,20.33,14.83,44.07,12.23
1781,5.595315764743269,4,14.87,8.94,17.36,15.78,7.23,15.14,4.84,20.61,14.89,44.07,12.13
1782,5.595315764743269,4,14.87,8.91,17.36,15.78,7.26,15.14,4.86,21.08,14.83,42.11,12.27
1783,5.595315764743269,4,14.87,8.87,17.36,15.72,7.23,15.14,4.84,21.18,14.83,43.78,12.03
1784,5.595315764743269,4,14.87,8.84,17.29,15.78,7.23,15.14,4.84,21.28,14.83,42.11,12.32
1785,5.595315764743269,4,13.34,7.67,16.1,14.05,6.14,13.51,4.07,19.79,13.9,39.06,10.91
1786,5.595315764743269,4,14.64,8.67,17.29,15.46,7.09,15.02,4.66,20.89,14.63,40.04,12.13
1787,5.595315764743269,4,14.87,8.84,17.29,15.72,7.23,15.2,4.82,21.37,14.83,41.58,12.32
1788,5.595315764743269,4,14.94,8.84,17.36,15.65,7.23,15.14,4.82,21.18,14.83,42.66,12.37
1789,5.595315764743269,4,14.94,8.87,17.43,15.78,7.26,15.2,4.86,21.08,14.83,43.5,12.37
1790,5.595315764743269,4,15,8.8,17.36,15.72,7.23,15.14,4.8,18.53,14.76,42.94,12.08
1791,5.595315764743269,4,15,8.8,17.36,15.72,7.23,15.14,4.82,18.21,14.76,47.48,12.18
1792,5.595315764743269,4,15,8.8,17.43,15.72,7.23,15.14,4.8,17.97,14.76,42.38,12.27
1793,5.595315764743269,4,15,8.77,17.36,15.65,7.2,15.08,4.8,17.82,14.83,41.05,12.32
1794,5.595315764743269,4,15,8.8,17.43,15.72,7.17,15.14,4.82,20.06,14.76,41.58,12.32
1795,5.595315764743269,4,14.87,8.74,17.36,15.72,7.17,15.14,4.82,18.05,14.83,42.11,12.42
1796,5.595315764743269,4,14.94,8.74,17.43,15.72,7.2,15.08,4.82,18.37,15.02,42.66,12.23
1797,5.595315764743269,4,14.94,8.77,17.36,15.72,7.2,15.08,4.82,17.97,14.96,42.38,12.47
1798,5.595315764743269,4,15,8.8,17.43,15.78,7.2,15.14,4.84,17.74,14.96,42.11,12.47
1799,5.595315764743269,4,14.94,8.8,17.43,15.72,7.23,15.14,4.84,18.29,14.96,43.22,12.47
1800,5.595315764743269,4,14.34,8.8,17.58,15.78,7.2,15.14,4.82,17.97,14.96,41.84,12.47
1801,5.613439146767839,4,15,8.8,17.51,15.78,7.23,15.14,4.84,17.97,14.96,43.78,12.47
1802,5.613439146767839,4,14.4,8.84,17.51,15.78,7.23,15.14,4.84,17.82,14.96,42.11,12.37
1803,5.613439146767839,4,15,8.8,17.43,15.72,7.23,15.08,4.82,17.59,14.89,42.38,12.37
1804,5.613439146767839,4,15,8.77,17.43,15.72,7.23,15.08,4.8,17.89,14.89,43.78,12.27
1805,5.613439146767839,4,15.12,8.84,17.43,15.78,7.26,15.14,4.86,17.97,14.96,42.94,12.32
1806,5.613439146767839,4,14.4,8.84,17.43,15.78,7.23,15.14,4.84,17.97,15.02,47.48,12.32
1807,5.613439146767839,4,14.46,8.87,17.58,15.85,7.29,15.2,4.86,18.21,15.02,42.66,12.23
1808,5.613439146767839,4,14.4,8.33,17.43,15.85,7.29,15.2,4.86,18.13,15.02,42.94,12.18
1809,5.613439146767839,4,14.4,8.27,17.51,15.85,7.29,15.14,4.86,18.05,15.02,43.78,12.18
1810,5.613439146767839,4,14.4,8.3,17.51,15.92,7.29,15.14,4.88,17.89,15.02,43.22,12.18
1811,5.613439146767839,4,14.4,8.84,17.58,15.92,7.29,15.14,4.86,17.82,15.02,42.94,12.27
1812,5.613439146767839,4,14.34,8.8,17.43,15.78,7.23,15.08,4.82,17.97,14.96,42.94,12.27
1813,5.613439146767839,4,14.34,8.77,17.43,15.72,7.2,15.02,4.8,17.89,14.96,42.66,12.13
1814,5.613439146767839,4,14.34,8.77,17.43,15.65,7.2,15.02,4.8,17.74,14.96,42.11,11.94
1815,5.613439146767839,4,14.34,8.74,17.43,15.72,7.2,15.02,4.8,17.59,14.96,42.11,11.99
1816,5.613439146767839,4,14.28,8.6,17.36,15.59,7.17,14.95,4.78,17.82,14.96,42.66,11.94
1817,5.613439146767839,4,14.28,8.63,17.29,15.65,7.17,14.95,4.78,17.74,14.89,42.94,11.99
1818,5.613439146767839,4,14.28,8.7,17.29,15.65,7.2,15.2,4.78,18.37,14.89,42.11,12.23
1819,5.613439146767839,4,14.28,8.7,17.29,15.65,7.2,14.95,4.78,18.21,14.89,42.38,12.18
1820,5.613439146767839,4,15.06,8.74,17.29,15.72,7.23,15.02,4.8,18.45,14.89,43.78,12.32
1821,5.613439146767839,4,14.4,8.7,17.29,15.72,7.23,15.02,4.8,18.29,14.89,42.66,12.13
1822,5.613439146767839,4,14.4,8.7,17.29,15.72,7.23,15.02,4.8,18.37,14.96,42.11,12.13
1823,5.613439146767839,4,14.46,8.5,17.36,15.85,7.32,15.14,4.86,18.53,15.02,42.38,12.13
1824,5.613439146767839,4,14.58,8.37,17.36,15.85,7.35,15.14,4.88,18.29,15.02,42.94,12.18
1825,5.613439146767839,4,14.64,8.91,17.36,15.92,7.38,15.14,4.88,18.53,15.02,42.11,12.32
1826,5.613439146767839,4,14.52,8.8,17.29,15.78,7.26,15.08,4.84,18.45,14.96,42.11,11.94
1827,5.613439146767839,4,14.52,8.91,17.43,15.92,7.35,15.14,4.88,18.77,15.02,42.94,12.32
1828,5.613439146767839,4,14.58,8.87,17.36,15.92,7.38,15.14,4.88,18.77,15.02,42.94,12.42
1829,5.613439146767839,4,14.58,8.87,17.36,15.92,7.32,15.14,4.88,18.45,15.02,43.5,12.13
1830,5.613439146767839,4,14.46,8.87,17.36,15.92,7.35,15.14,4.88,18.69,15.02,40.29,12.37
1831,5.613439146767839,4,14.4,8.84,17.29,15.85,7.35,15.08,4.86,18.37,15.02,43.22,12.42
1832,5.613439146767839,4,14.4,8.47,17.29,15.78,7.23,15.02,4.82,18.77,14.96,41.58,12.27
1833,5.613439146767839,4,14.46,8.3,17.43,15.92,7.32,15.14,4.9,18.45,15.02,41.84,12.23
1834,5.613439146767839,4,15.18,8.23,17.29,15.85,7.29,15.08,4.86,18.13,14.96,41.58,12.42
1835,5.613439146767839,4,15.12,8.23,17.29,15.85,7.29,15.08,4.86,18.29,15.02,44.96,12.27
1836,5.613439146767839,4,15.24,8.33,17.43,16.05,7.41,15.2,4.94,18.61,15.09,43.78,12.37
1837,5.613439146767839,4,14.46,8.27,17.36,15.92,7.32,15.08,4.88,18.45,15.02,43.78,12.23
1838,5.613439146767839,4,14.58,8.3,17.36,15.99,7.35,15.14,4.9,18.37,15.09,42.94,12.37
1839,5.613439146767839,4,14.52,8.23,17.36,15.92,7.38,15.08,4.86,18.05,15.02,42.94,12.23
1840,5.613439146767839,4,14.46,8.17,17.21,15.72,7.26,15.02,4.82,18.21,14.96,43.22,12.23
1841,5.613439146767839,4,14.28,8.14,17.29,15.78,7.23,14.95,4.8,18.29,14.96,42.66,12.23
1842,5.613439146767839,4,14.4,8.14,17.29,15.78,7.2,15.02,4.82,18.21,15.02,41.05,12.03
1843,5.613439146767839,4,14.58,8.27,17.36,15.92,7.35,15.08,4.88,18.37,15.09,43.22,11.89
1844,5.613439146767839,4,14.58,8.43,17.36,15.92,7.35,15.14,4.88,18.37,15.09,43.22,12.27
1845,5.613439146767839,4,14.46,8.8,17.29,15.85,7.26,15.02,4.82,18.29,14.96,43.22,12.03
1846,5.613439146767839,4,14.64,8.94,17.43,15.99,7.41,15.14,4.92,18.61,15.02,41.84,12.27
1847,5.613439146767839,4,14.69,9.05,17.58,16.19,7.43,15.26,4.96,18.69,15.09,42.94,12.42
1848,5.613439146767839,4,14.46,8.8,17.29,15.78,7.26,14.95,4.82,18.21,14.96,42.94,11.94
1849,5.613439146767839,4,12.72,7.28,15.97,13.65,5.89,13.09,3.91,17,13.84,38.59,10.53
1850,5.613439146767839,4,14.52,8.7,17.43,15.65,7.2,15.14,4.82,18.77,15.02,42.94,12.08
1851,5.613439146767839,4,14.46,8.74,17.29,15.72,7.23,15.02,4.8,18.13,15.02,42.66,12.03
1852,5.613439146767839,4,14.46,8.74,17.29,15.72,7.23,15.02,4.8,18.13,15.02,42.38,12.18
1853,5.613439146767839,4,14.64,8.27,17.29,15.78,7.26,15.02,4.8,18.13,15.22,42.94,12.23
1854,5.613439146767839,4,14.52,8.27,17.36,15.78,7.26,15.02,4.8,18.21,15.35,42.11,12.08
1855,5.613439146767839,4,14.58,8.27,17.29,15.78,7.29,15.02,4.82,18.21,17.26,42.94,12.32
1856,5.613439146767839,4,14.58,8.77,17.29,15.78,7.26,15.02,4.82,18.21,17.34,43.22,12.18
1857,5.613439146767839,4,14.64,8.8,17.36,15.85,7.29,15.08,4.84,18.37,17.26,43.22,12.23
1858,5.613439146767839,4,14.58,8.8,17.29,15.85,7.29,15.02,4.84,18.85,17.18,42.94,11.99
1859,5.613439146767839,4,14.64,8.84,17.36,15.92,7.32,15.08,4.86,18.45,17.1,43.5,12.08
1860,5.613439146767839,4,14.81,8.8,17.29,15.85,7.29,15.08,4.84,18.37,17.03,41.05,11.89
1861,5.645403079397457,4,14.75,8.77,17.29,15.85,7.29,15.02,4.84,18.29,17.03,43.5,11.99
1862,5.645403079397457,4,14.69,8.8,17.29,15.85,7.26,15.02,4.84,18.37,17.03,46.19,12.03
1863,5.645403079397457,4,15.37,8.7,17.29,15.85,7.29,15.02,4.84,18.37,16.95,41.84,12.67
1864,5.645403079397457,4,15.18,8.8,17.29,15.85,7.29,15.02,4.84,18.29,16.87,40.8,12.57
1865,5.645403079397457,4,14.87,8.8,17.36,15.78,7.29,15.02,4.82,18.29,16.87,43.22,12.42
1866,5.645403079397457,4,14.58,8.8,17.29,15.85,7.32,15.02,4.84,18.29,16.79,41.32,12.37
1867,5.645403079397457,4,14.69,8.3,17.29,15.92,7.38,15.08,4.86,18.29,16.87,43.22,12.23
1868,5.645403079397457,4,14.75,8.8,17.29,15.92,7.35,15.08,4.88,21.47,16.72,43.78,12.57
1869,5.645403079397457,4,14.75,8.4,17.36,15.99,7.35,15.02,4.86,18.29,16.64,40.54,12.37
1870,5.645403079397457,4,14.87,8.87,17.21,15.92,7.35,15.08,4.88,18.37,16.64,43.5,12.32
1871,5.645403079397457,4,15.43,8.87,17.36,15.92,7.32,15.08,4.88,18.45,16.87,43.5,12.32
1872,5.645403079397457,4,14.69,8.87,17.36,15.99,7.32,15.08,4.88,18.53,16.72,43.78,12.47
1873,5.645403079397457,4,14.94,8.98,17.51,16.12,7.43,15.2,4.94,18.53,16.79,42.66,12.67
1874,5.645403079397457,4,14.81,8.91,17.36,16.05,7.35,15.08,4.9,18.69,16.57,43.78,12.32
1875,5.645403079397457,4,15.12,8.87,17.36,15.92,7.32,15.02,4.86,18.37,16.64,43.78,12.47
1876,5.645403079397457,4,14.81,8.8,17.29,15.92,7.32,15.02,4.86,18.37,16.64,43.5,12.47
1877,5.645403079397457,4,14.87,8.77,17.29,15.85,7.23,14.95,4.82,18.29,16.57,44.96,12.32
1878,5.645403079397457,4,13.34,7.67,16.3,14.28,6.22,13.57,4.16,17.36,15.49,39.3,11.39
1879,5.645403079397457,4,14.34,8.4,17.07,15.2,6.89,14.59,4.6,18.29,16.12,41.84,12.03
1880,5.645403079397457,4,14.28,8.47,17.07,15.33,6.89,14.71,4.62,18.37,16.27,43.78,11.99
1881,5.645403079397457,4,14.69,7.92,17,15.39,6.97,14.71,4.66,18.21,16.34,42.94,11.85
1882,5.645403079397457,4,14.69,7.95,17.14,15.46,7,14.71,4.68,18.21,16.27,42.94,12.18
1883,5.645403079397457,4,14.87,7.98,17.14,15.52,7.03,14.77,4.68,18.13,16.34,42.38,12.03
1884,5.645403079397457,4,14.34,7.98,17.14,15.52,7.03,14.77,4.7,18.61,16.27,42.11,12.08
1885,5.645403079397457,4,14.75,7.82,16.93,15.33,6.89,14.53,4.6,17.97,16.05,42.11,11.89
1886,5.645403079397457,4,15.06,7.98,17.14,15.52,7.06,14.77,4.7,18.13,16.2,42.38,12.03
1887,5.645403079397457,4,15.24,7.98,17.14,15.59,7.06,14.71,4.7,18.37,16.2,42.38,12.08
1888,5.645403079397457,4,15,7.95,17.07,15.46,7,14.71,4.66,18.29,16.12,42.11,12.08
1889,5.645403079397457,4,15.12,8.4,17.14,15.52,7.06,14.71,4.68,18.21,16.2,43.78,12.03
1890,5.645403079397457,4,15.31,8.33,17.29,15.39,7.03,14.77,4.7,18.37,16.2,47.81,12.23
1891,5.645403079397457,4,15.43,8.3,17.14,15.59,7.09,14.77,4.7,18.21,16.34,48.48,12.08
1892,5.645403079397457,4,14.75,8.27,17.07,15.46,7.06,14.71,4.68,17.97,16.27,42.38,12.27
1893,5.645403079397457,4,14.75,8.4,17.14,15.52,7.17,14.77,4.7,18.21,16.34,42.38,12.23
1894,5.645403079397457,4,14.75,8.47,17.14,15.52,7.09,14.77,4.72,18.21,16.34,42.11,12.23
1895,5.645403079397457,4,14.75,8.43,17.14,15.46,7.06,14.71,4.68,18.69,16.27,42.38,12.18
1896,5.645403079397457,4,14.94,8.57,17.29,15.65,7.14,14.89,4.76,18.53,16.34,42.94,12.08
1897,5.645403079397457,4,14.75,8.01,17.07,15.52,7.06,14.71,4.68,18.21,16.2,44.07,12.13
1898,5.645403079397457,4,14,7.98,17.07,15.52,7,14.77,4.7,18.53,16.2,42.11,11.89
1899,5.645403079397457,4,14.69,7.98,17.14,15.52,7.09,14.71,4.7,18.13,16.2,42.66,11.99
1900,5.645403079397457,4,14.06,7.95,17.14,15.52,7.09,14.77,4.7,18.21,16.2,43.22,12.23
1901,5.645403079397457,4,14.75,7.98,17.14,15.59,7.09,14.77,4.7,18.13,16.2,42.66,12.03
1902,5.645403079397457,4,14.75,7.95,17.07,15.52,7.03,14.71,4.7,18.13,16.2,43.22,11.89
1903,5.645403079397457,4,14,7.88,17.07,15.39,6.97,14.65,4.66,18.21,16.12,42.11,11.94
1904,5.645403079397457,4,14.06,7.92,17,15.46,7.03,14.71,4.66,18.05,16.12,40.8,12.18
1905,5.645403079397457,4,14,7.92,17,15.46,7.03,14.65,4.66,18.13,16.12,42.11,12.03
1906,5.645403079397457,4,14.34,7.92,17.07,15.46,7.03,14.71,4.68,18.37,16.12,42.66,11.99
1907,5.645403079397457,4,14,7.92,17.07,15.39,7,14.65,4.66,18.05,16.12,42.66,11.89
1908,5.645403079397457,4,14.06,7.92,17.07,15.52,7.06,14.71,4.68,18.61,16.05,42.38,11.85
1909,5.645403079397457,4,14.81,7.92,17.07,15.46,7.06,14.71,4.7,18.05,15.98,42.38,12.08
1910,5.645403079397457,4,14.06,7.92,17,15.46,7.03,14.71,4.68,18.53,15.98,42.66,11.89
1911,5.645403079397457,4,14.17,7.92,17.07,15.46,7,14.71,4.68,18.05,15.98,41.05,12.13
1912,5.645403079397457,4,15,7.92,17.07,15.52,7.03,14.71,4.68,18.37,15.98,41.84,11.75
1913,5.645403079397457,4,15,7.92,17,15.52,7.06,14.71,4.68,18.05,15.98,42.38,12.13
1914,5.645403079397457,4,15,7.92,17,15.46,7.06,14.71,4.68,18.05,15.98,42.11,12.03
1915,5.645403079397457,4,15,7.92,17,15.52,7.06,14.71,4.68,18.05,15.98,42.66,12.08
1916,5.645403079397457,4,14.94,7.92,16.93,15.46,7.09,14.71,4.68,18.21,15.98,42.66,11.85
1917,5.645403079397457,4,15,7.95,16.93,15.52,7.11,14.77,4.7,18.21,15.91,42.94,12.27
1918,5.645403079397457,4,15,7.92,16.86,15.52,7.09,14.71,4.68,18.21,15.91,42.66,11.85
1919,5.645403079397457,4,14.94,7.95,16.93,15.52,7.09,14.71,4.7,18.21,15.91,42.94,11.75
1920,5.645403079397457,4,14.94,7.95,16.93,15.52,7.09,14.71,4.68,18.37,15.91,43.5,11.94
1921,5.669643972677285,4,14.94,7.95,16.93,15.52,7.09,14.71,4.7,18.21,15.84,42.66,12.08
1922,5.669643972677285,4,14.87,7.98,16.86,15.52,7.11,14.77,4.72,18.21,15.91,42.94,12.13
1923,5.669643972677285,4,14.81,7.95,16.93,15.59,7.11,14.77,4.72,18.13,15.91,42.11,11.94
1924,5.669643972677285,4,14.94,7.95,16.86,15.52,7.09,14.71,4.7,18.21,15.84,43.78,12.13
1925,5.669643972677285,4,14.87,7.95,16.86,15.59,7.09,14.71,4.7,18.05,15.84,42.94,11.85
1926,5.669643972677285,4,14.94,7.95,16.79,15.59,7.09,14.71,4.7,17.97,15.84,42.38,11.75
1927,5.669643972677285,4,14.94,7.92,16.86,15.52,7.06,14.71,4.7,18.21,15.77,42.66,11.99
1928,5.669643972677285,4,14.94,7.92,16.93,15.52,7.06,14.71,4.68,18.29,15.77,42.38,11.99
1929,5.669643972677285,4,14.87,7.88,16.93,15.46,7.03,14.65,4.66,18.21,15.7,42.38,11.89
1930,5.669643972677285,4,14.94,7.95,16.93,15.52,7.09,14.71,4.7,18.29,15.77,42.66,12.13
1931,5.669643972677285,4,14.81,7.92,16.86,15.46,7.06,14.65,4.68,18.37,15.7,44.07,12.13
1932,5.669643972677285,4,13.03,6.97,16.03,14.11,6.17,13.41,4.09,17.82,14.89,41.05,11.08
1933,5.669643972677285,4,15.06,7.92,16.93,15.52,7.09,14.77,4.7,18.29,15.77,42.66,11.99
1934,5.669643972677285,4,15,7.92,17,15.52,7.09,14.71,4.68,18.13,15.7,42.66,12.18
1935,5.669643972677285,4,15.12,7.98,17,15.59,7.14,14.77,4.72,18.21,15.77,42.94,12.18
1936,5.669643972677285,4,15,7.88,16.86,15.52,7.06,14.65,4.68,18.13,15.7,43.78,12.08
1937,5.669643972677285,4,15,7.95,17,15.52,7.11,14.71,4.7,18.13,15.7,42.38,11.89
1938,5.669643972677285,4,15.06,7.98,17,15.65,7.17,14.77,4.74,18.13,15.77,44.66,11.99
1939,5.669643972677285,4,14.87,7.88,16.86,15.52,7.06,14.65,4.66,18.13,15.63,40.54,11.94
1940,5.669643972677285,4,15,7.98,16.93,15.59,7.17,14.77,4.72,18.05,15.7,41.84,12.23
1941,5.669643972677285,4,15.06,7.95,16.93,15.59,7.09,14.77,4.7,18.61,15.7,42.66,12.27
1942,5.669643972677285,4,15.75,7.95,16.93,15.59,7.09,14.71,4.7,18.29,15.7,42.66,12.27
1943,5.669643972677285,4,15.95,7.92,16.86,15.52,7,14.71,4.68,18.29,15.7,44.96,12.13
1944,5.669643972677285,4,15.88,7.88,16.86,15.59,7.06,14.65,4.68,18.13,15.7,40.54,12.23
1945,5.669643972677285,4,15.49,7.85,16.79,15.52,7.03,14.65,4.66,18.29,15.63,42.66,12.18
1946,5.669643972677285,4,15.82,7.85,16.79,15.46,7.06,14.65,4.66,18.21,15.63,42.11,12.18
1947,5.669643972677285,4,15.62,7.88,16.79,15.46,7.03,14.65,4.66,18.13,15.63,42.66,12.03
1948,5.669643972677285,4,15.88,8.04,16.93,15.65,7.17,14.83,4.74,18.21,15.77,42.38,12.23
1949,5.669643972677285,4,15.88,8.01,17,15.65,7.17,14.83,4.76,18.45,15.63,42.38,12.23
1950,5.669643972677285,4,15.56,7.95,16.86,15.59,7.14,14.71,4.7,18.13,15.7,44.37,12.13
1951,5.669643972677285,4,15.56,7.95,16.86,15.59,7.09,14.71,4.7,18.45,15.63,42.11,12.23
1952,5.669643972677285,4,15.06,8.01,17,15.65,7.17,14.83,4.74,18.29,15.7,42.94,12.32
1953,5.669643972677285,4,15.56,7.95,16.93,15.59,7.11,14.77,4.7,18.21,15.7,44.66,12.27
1954,5.669643972677285,4,15.43,7.95,16.86,15.59,7.06,14.71,4.7,18.21,15.7,42.66,12.13
1955,5.669643972677285,4,15.37,7.95,16.86,15.59,7.11,14.71,4.72,18.29,15.63,43.22,12.23
1956,5.669643972677285,4,15.56,7.92,16.86,15.52,7.06,14.71,4.7,18.13,15.63,44.37,12.27
1957,5.669643972677285,4,15.82,7.95,16.86,15.52,7.06,14.77,4.7,18.21,15.63,42.94,12.23
1958,5.669643972677285,4,15.12,7.95,16.93,15.59,7.09,14.71,4.7,18.29,15.63,42.38,12.13
1959,5.669643972677285,4,15.75,7.95,16.93,15.59,7.09,14.77,4.7,18.29,15.63,42.94,12.13
1960,5.669643972677285,4,15.69,7.95,16.93,15.59,7.09,14.71,4.7,18.45,15.63,42.94,12.13
1961,5.669643972677285,4,15.31,7.92,16.93,15.59,7.06,14.71,4.7,18.21,15.63,44.07,12.08
1962,5.669643972677285,4,14.46,7.73,16.72,15.33,6.92,14.47,4.58,17.97,15.49,44.96,11.71
1963,5.669643972677285,4,14.75,7.88,16.86,15.52,7.06,14.65,4.66,18.29,15.56,41.84,11.89
1964,5.669643972677285,4,14.75,7.92,16.86,15.52,7.06,14.71,4.68,18.21,15.56,42.38,11.94
1965,5.669643972677285,4,14.75,7.92,16.86,15.52,7.06,14.65,4.68,18.21,15.56,43.22,11.89
1966,5.669643972677285,4,14.75,7.92,16.86,15.52,7.09,14.65,4.68,18.29,15.56,43.22,11.99
1967,5.669643972677285,4,14.75,7.92,16.86,15.46,7.03,14.71,4.68,18.21,15.56,42.94,12.18
1968,5.669643972677285,4,14.75,7.85,16.79,15.39,7,14.77,4.68,18.69,15.56,42.66,12.03
1969,5.669643972677285,4,14.81,7.98,16.72,15.59,7.14,14.83,4.72,18.29,15.56,43.78,12.18
1970,5.669643972677285,4,14.81,7.98,16.79,15.65,7.11,14.83,4.72,18.45,15.56,41.32,12.13
1971,5.669643972677285,4,14.87,7.98,16.79,15.59,7.09,14.77,4.7,18.69,15.56,42.94,12.08
1972,5.669643972677285,4,14.87,7.98,16.86,15.65,7.14,14.77,4.72,18.61,15.56,42.94,11.99
1973,5.669643972677285,4,14.87,7.98,16.86,15.65,7.17,14.83,4.72,18.53,15.56,43.22,11.99
1974,5.669643972677285,4,14.94,8.07,17,15.78,7.23,14.89,4.78,18.69,15.7,44.96,12.08
1975,5.669643972677285,4,14.94,8.04,16.93,15.72,7.2,14.83,4.76,18.53,15.63,43.5,11.99
1976,5.669643972677285,4,14.87,8.01,16.86,15.65,7.17,14.77,4.72,18.69,15.63,42.94,12.23
1977,5.669643972677285,4,15,8.04,16.86,15.72,7.2,14.83,4.76,18.53,15.56,41.58,11.99
1978,5.669643972677285,4,15.06,8.07,16.86,15.78,7.2,14.89,4.78,18.53,15.7,43.78,12.03
1979,5.669643972677285,4,14.94,7.98,16.86,15.65,7.09,14.71,4.72,18.37,15.56,41.84,12.08
1980,5.669643972677285,4,15,8.07,17,15.78,7.09,14.89,4.78,18.61,15.63,42.94,12.18
1981,5.714221042565295,4,15,8.04,16.86,15.72,7.09,14.83,4.76,18.61,15.56,44.37,12.13
1982,5.714221042565295,4,14.94,8.04,16.86,15.72,7.09,14.77,4.76,18.53,15.63,43.22,11.99
1983,5.714221042565295,4,15.06,8.11,16.93,15.85,7.14,14.89,4.8,18.61,15.63,43.22,12.13
1984,5.714221042565295,4,14.94,8.04,16.86,15.72,7.09,14.77,4.76,18.85,15.63,42.38,12.23
1985,5.714221042565295,4,15,8.11,16.93,15.78,7.17,14.83,4.8,18.69,15.63,48.14,12.18
1986,5.714221042565295,4,14.94,8.04,16.79,15.72,7.11,14.77,4.74,18.61,15.63,44.96,12.13
1987,5.714221042565295,4,14.81,7.98,16.72,15.65,7.09,14.71,4.7,18.61,15.49,44.37,11.89
1988,5.714221042565295,4,14.87,7.98,16.79,15.65,7.03,14.71,4.7,18.69,15.56,43.22,11.99
1989,5.714221042565295,4,14.87,7.98,16.86,15.65,7.09,14.77,4.72,18.94,15.56,43.5,11.71
1990,5.714221042565295,4,14.81,7.98,16.79,15.65,7.06,14.71,4.72,18.61,15.56,42.94,12.08
1991,5.714221042565295,4,14.64,7.98,16.79,15.65,7.09,14.77,4.72,18.77,15.56,42.94,11.94
1992,5.714221042565295,4,14.94,7.98,16.79,15.72,7.14,14.77,4.74,18.94,15.63,49.52,11.94
1993,5.714221042565295,4,15.06,8.11,16.93,15.78,7.2,14.89,4.8,18.94,15.63,41.05,12.08
1994,5.714221042565295,4,14.94,8.01,16.79,15.72,7.09,14.77,4.74,18.94,15.56,45.88,11.99
1995,5.714221042565295,4,14.94,8.04,16.79,15.72,7.11,14.77,4.74,18.85,15.56,42.11,11.85
1996,5.714221042565295,4,14.94,8.04,16.86,15.65,7.14,14.77,4.74,18.77,15.56,41.32,12.13
1997,5.714221042565295,4,15,8.11,16.86,15.85,7.2,14.89,4.8,18.94,15.63,42.38,12.23
1998,5.714221042565295,4,14.94,8.07,16.79,15.72,7.17,14.77,4.76,18.85,15.56,43.22,11.99
1999,5.714221042565295,4,14.94,8.07,16.86,15.78,7.17,14.83,4.76,18.69,15.56,42.38,12.23
2000,5.714221042565295,4,15.06,8.17,16.93,15.92,7.29,14.95,4.84,18.85,15.63,42.66,12.13
2001,5.714221042565295,4,14.87,8.04,16.93,15.65,7.17,14.77,4.74,18.94,15.56,42.94,12.13
2002,5.714221042565295,4,14.87,8.11,16.86,15.78,7.2,14.83,4.78,18.77,15.56,43.22,12.03
2003,5.714221042565295,4,15,8.14,16.93,15.92,7.26,14.89,4.82,18.94,15.63,42.66,12.42
2004,5.714221042565295,4,15,8.11,16.93,15.85,7.26,14.83,4.8,18.85,15.63,42.38,12.18
2005,5.714221042565295,4,15.18,8.17,17,15.85,7.23,14.95,4.84,18.85,15.63,43.5,12.27
2006,5.714221042565295,4,15.18,8.17,16.93,15.92,7.2,14.89,4.82,18.77,15.63,44.96,12.37
2007,5.714221042565295,4,15.12,8.14,16.93,15.85,7.23,14.89,4.82,19.44,15.63,42.11,12.52
2008,5.714221042565295,4,15.43,8.4,17.14,16.19,7.43,15.26,4.98,19.1,15.84,42.94,12.57
2009,5.714221042565295,4,15.12,8.17,16.93,15.92,7.35,14.89,4.82,18.77,15.56,44.66,12.13
2010,5.714221042565295,4,15.12,8.14,16.79,15.99,7.23,14.83,4.8,18.69,15.56,44.66,12.13
2011,5.714221042565295,4,15.12,8.14,16.86,15.85,7.23,14.83,4.8,18.77,15.56,42.66,12.32
2012,5.714221042565295,4,15.18,8.17,17.07,15.85,7.26,14.89,4.82,18.77,15.56,43.5,12.13
2013,5.714221042565295,4,15.12,8.14,16.86,15.85,7.23,14.83,4.8,18.69,15.56,44.66,12.37
2014,5.714221042565295,4,15.06,8.07,16.86,15.78,7.14,14.77,4.76,18.85,15.49,43.22,12.08
2015,5.714221042565295,4,15.12,8.14,16.93,15.85,7.2,14.89,4.8,18.77,15.56,43.22,11.94
2016,5.714221042565295,4,15.06,8.04,16.79,15.72,7.14,14.71,4.74,18.69,15.56,42.94,12.18
2017,5.714221042565295,4,15.06,8.04,16.79,15.72,7.14,14.77,4.76,18.94,15.49,42.94,12.18
2018,5.714221042565295,4,15.06,8.07,16.86,15.78,7.11,14.77,4.76,19.02,15.49,42.66,12.18
2019,5.714221042565295,4,15.06,8.11,16.86,15.85,7.17,14.83,4.78,18.45,15.49,43.22,12.32
2020,5.714221042565295,4,15.12,8.14,16.86,15.85,7.23,14.89,4.8,18.45,15.56,42.38,11.99
2021,5.714221042565295,4,15.06,8.07,16.86,15.78,7.14,14.83,4.78,18.37,15.49,42.66,12.18
2022,5.714221042565295,4,15.06,8.14,16.86,15.92,7.17,14.89,4.8,18.77,15.56,44.07,12.08
2023,5.714221042565295,4,15,8.11,16.79,15.78,7.2,14.83,4.78,18.37,15.49,42.66,12.18
2024,5.714221042565295,4,15.06,8.14,16.86,15.85,7.23,14.89,4.8,18.45,15.56,43.78,11.99
2025,5.714221042565295,4,15,8.07,16.79,15.78,7.2,14.77,4.78,18.37,15.49,41.58,11.94
2026,5.714221042565295,4,15.06,8.14,16.86,15.85,7.23,14.83,4.78,18.37,15.49,42.66,12.03
2027,5.714221042565295,4,15.06,8.11,16.86,15.78,7.2,14.83,4.78,18.37,15.49,41.84,11.89
2028,5.714221042565295,4,15.12,8.14,16.86,15.92,7.2,14.89,4.8,18.61,15.49,41.58,12.32
2029,5.714221042565295,4,15.12,8.17,16.79,15.85,7.2,14.83,4.82,18.37,15.49,42.94,12.52
2030,5.714221042565295,4,15.18,8.2,17,15.99,7.23,14.95,4.84,18.61,15.56,42.94,12.37
2031,5.714221042565295,4,15.18,8.2,16.93,15.99,7.23,14.95,4.84,18.29,15.56,43.22,12.03
2032,5.714221042565295,4,14.87,8.04,16.72,15.78,7.09,14.71,4.74,18.21,15.42,41.84,11.94
2033,5.714221042565295,4,14.94,8.01,16.72,15.65,7.06,14.65,4.72,18.21,15.42,42.66,11.94
2034,5.714221042565295,4,15.18,8.14,16.86,15.85,7.23,14.89,4.74,18.21,15.49,42.94,12.08
2035,5.714221042565295,4,15.12,8.11,16.79,15.72,7.17,14.83,4.78,18.13,15.49,41.58,12.23
2036,5.714221042565295,4,15.18,8.11,16.86,15.85,7.17,14.83,4.8,18.37,15.49,42.94,12.57
2037,5.714221042565295,4,15.18,8.11,16.79,15.85,7.23,14.83,4.78,18.45,15.49,41.84,12.42
2038,5.714221042565295,4,15.18,8.14,16.86,15.85,7.2,14.83,4.8,18.37,15.49,42.11,12.27
2039,5.714221042565295,4,15.18,8.14,16.86,15.85,7.2,14.83,4.8,18.29,15.49,42.38,12.27
2040,5.714221042565295,4,15.24,8.14,16.86,15.85,7.14,14.83,4.8,18.37,15.49,42.94,12.32
2041,5.729780662046317,4,15.18,8.11,16.79,15.85,7.2,14.77,4.78,18.29,15.49,43.22,12.13
2042,5.729780662046317,4,15.06,8.01,16.79,15.85,7.09,14.71,4.76,18.37,15.35,42.66,12.08
2043,5.729780662046317,4,15.31,8.2,17.07,15.99,7.29,14.95,4.84,18.37,15.56,42.94,12.57
2044,5.729780662046317,4,15.06,8.04,16.72,15.72,7.09,14.71,4.74,18.29,15.35,42.66,12.47
2045,5.729780662046317,4,15.31,8.17,16.93,15.85,7.26,14.95,4.74,18.45,15.56,42.94,12.23
2046,5.729780662046317,4,15.31,8.2,17,15.92,7.26,14.95,4.86,18.53,15.56,44.37,12.42
2047,5.729780662046317,4,15.18,8.07,16.79,15.72,7.14,14.77,4.76,18.21,15.42,42.66,12.27
2048,5.729780662046317,4,15.37,8.23,17,15.99,7.32,14.95,4.86,18.53,15.56,43.5,12.47
2049,5.729780662046317,4,15,8.01,16.72,15.72,7.11,14.65,4.72,18.13,15.35,46.83,12.03
2050,5.729780662046317,4,15,7.95,16.65,15.59,7.09,14.59,4.7,18.21,15.29,42.94,12.42
2051,5.729780662046317,4,15,7.95,16.65,15.52,7.06,14.59,4.68,18.21,15.29,42.38,11.99
2052,5.729780662046317,4,15.06,7.98,16.72,15.65,7.09,14.65,4.7,18.53,15.35,43.22,12.13
2053,5.729780662046317,4,15,7.95,16.65,15.59,7.09,14.59,4.68,18.21,15.29,41.58,12.03
2054,5.729780662046317,4,15.06,7.95,16.72,15.59,7.06,14.65,4.68,18.13,15.29,45.26,11.99
2055,5.729780662046317,4,15,7.92,16.65,15.52,7.06,14.59,4.68,18.05,15.29,41.58,11.99
2056,5.729780662046317,4,15.06,7.98,16.72,15.65,7.09,14.65,4.7,18.05,15.35,42.38,12.03
2057,5.729780662046317,4,15.06,7.98,16.72,15.59,7.09,14.65,4.7,17.82,15.29,43.5,12.23
2058,5.729780662046317,4,14.94,7.85,16.72,15.46,7,14.53,4.64,17.82,15.29,39.55,11.66
2059,5.729780662046317,4,15,7.95,16.72,15.59,7.06,14.65,4.68,17.97,15.29,41.58,11.66
2060,5.729780662046317,4,15.06,7.95,16.72,15.59,7.06,14.65,4.68,18.13,15.35,40.8,11.94
2061,5.729780662046317,4,15.06,7.98,16.72,15.65,7.06,14.71,4.7,17.89,15.35,42.38,12.27
2062,5.729780662046317,4,15,7.92,16.65,15.52,7.03,14.59,4.66,17.82,15.29,41.58,12.37
2063,5.729780662046317,4,14.94,7.88,16.58,15.52,7,14.53,4.64,18.05,15.22,42.11,12.32
2064,5.729780662046317,4,14.87,7.85,16.58,15.46,7.03,14.53,4.62,17.97,15.22,48.14,12.18
2065,5.729780662046317,4,14.94,7.88,16.65,15.46,6.97,14.59,4.64,18.85,15.22,42.38,11.94
2066,5.729780662046317,4,14.94,7.92,16.58,15.46,7,14.59,4.64,17.89,15.22,41.84,12.77
2067,5.729780662046317,4,14.94,7.88,16.65,15.72,7,14.59,4.64,17.74,15.22,42.11,11.94
2068,5.729780662046317,4,14.94,8.2,16.65,15.52,6.97,14.59,4.64,17.97,15.22,41.84,11.99
2069,5.729780662046317,4,14.94,8.4,16.65,15.59,7,14.59,4.64,18.29,15.22,47.81,12.18
2070,5.729780662046317,4,15,8.4,16.65,15.52,7,14.59,4.66,18.29,15.22,41.84,12.37
2071,5.729780662046317,4,15,8.01,16.79,15.46,6.97,14.59,4.64,18.21,15.22,42.38,12.13
2072,5.72978066204632,4,15.06,8.11,16.72,15.59,7.11,14.71,4.7,18.21,15.29,41.84,12.27
2073,5.72978066204632,4,15.06,8.04,16.72,15.59,7.06,14.71,4.68,17.97,15.29,42.94,12.23
2074,5.72978066204632,4,15,8.04,16.72,15.59,7.03,14.65,4.66,18.05,15.29,41.84,11.85
2075,5.72978066204632,4,15.06,8.43,16.72,15.59,7.03,14.65,4.66,17.82,15.29,42.38,11.94
2076,5.72978066204632,4,15.06,8.43,16.72,15.59,7.06,14.71,4.68,18.05,15.29,42.66,12.13
2077,5.72978066204632,4,14.94,8.4,16.65,15.46,7,14.59,4.64,18.21,15.22,40.54,11.75
2078,5.72978066204632,4,15.06,8.47,16.72,15.59,7.06,14.65,4.66,18.29,15.22,42.38,11.94
2079,5.72978066204632,4,15,8.5,16.65,15.59,7.03,14.65,4.66,18.29,15.22,43.78,12.27
2080,5.72978066204632,4,15.06,8.5,16.65,15.59,7.06,14.65,4.66,18.05,15.22,41.84,12.13
2081,5.72978066204632,4,15.12,8.57,16.79,15.65,7.11,14.77,4.7,18.13,15.29,41.58,11.99
2082,5.72978066204632,4,15.06,8.5,16.65,15.59,7.09,14.65,4.66,18.05,15.22,41.84,12.42
2083,5.72978066204632,4,15.06,8.53,16.72,15.59,7.09,14.65,4.68,18.05,15.15,42.94,12.13
2084,5.72978066204632,4,15.06,8.53,16.65,15.59,7.11,14.65,4.66,18.13,15.22,42.66,11.89
2085,5.72978066204632,4,15.12,8.14,16.65,15.59,7.09,14.71,4.68,18.05,15.22,40.29,11.99
2086,5.72978066204632,4,15.12,8.11,16.65,15.65,7.11,14.71,4.7,18.05,15.29,42.38,11.94
2087,5.72978066204632,4,15.12,8.07,16.65,15.59,7.03,14.71,4.7,18.05,15.22,42.66,11.75
2088,5.72978066204632,4,15,8.01,16.58,15.46,6.97,14.59,4.64,17.97,15.15,41.58,11.75
2089,5.72978066204632,4,15,8.4,16.58,15.52,6.97,14.59,4.62,17.97,15.15,42.38,11.71
2090,5.72978066204632,4,15,8.53,16.72,15.52,7,14.65,4.66,18.05,15.22,42.66,11.8
2091,5.72978066204632,4,15.06,8.57,16.58,15.59,7.03,14.65,4.66,17.97,15.22,42.11,12.13
2092,5.72978066204632,4,15.06,8.53,16.58,15.52,7,14.65,4.66,18.05,15.29,42.11,11.85
2093,5.72978066204632,4,15,8.53,16.58,15.52,7,14.59,4.64,17.97,15.22,44.96,11.89
2094,5.72978066204632,4,15,8.53,16.58,15.52,7,14.65,4.64,17.97,15.22,41.58,11.99
2095,5.72978066204632,4,15.06,8.6,16.65,15.59,7.03,14.71,4.68,18.05,15.22,42.11,12.03
2096,5.72978066204632,4,15,8.53,16.51,15.52,7.03,14.65,4.66,17.97,15.29,39.79,11.99
2097,5.72978066204632,4,15,8.47,16.58,15.52,7.03,14.65,4.66,17.97,15.22,40.54,11.85
2098,5.72978066204632,4,14.94,8.43,16.58,15.52,7,14.65,4.64,18.45,15.15,42.11,11.8
2099,5.72978066204632,4,14.69,8.23,16.37,15.2,6.81,14.36,4.52,17.74,15.02,41.32,11.21
2100,5.72978066204632,4,14.94,8.43,16.51,15.52,7,14.65,4.64,18.05,15.15,46.83,12.18
2101,5.735777650130194,4,14.94,8.43,16.58,15.52,7.03,14.65,4.66,18.13,15.15,42.38,11.85
2102,5.735777650130194,4,14.94,8.43,16.58,15.52,7.03,14.65,4.64,17.89,15.15,42.94,11.94
2103,5.735777650130194,4,14.94,8.43,16.58,15.59,6.97,14.65,4.66,17.89,15.22,39.79,12.23
2104,5.735777650130194,4,15,8.5,16.58,15.72,6.97,14.71,4.68,17.97,15.22,41.84,12.13
2105,5.735777650130194,4,15,8.17,16.58,15.59,7,14.71,4.66,17.97,15.15,42.66,12.03
2106,5.735777650130194,4,15.12,8.2,16.65,15.72,7.03,14.77,4.72,18.13,15.29,42.66,12.27
2107,5.735777650130194,4,14.87,8.07,16.51,15.46,6.94,14.59,4.44,17.67,15.09,41.58,12.13
2108,5.735777650130194,4,15,8.14,16.58,15.52,7.03,14.71,4.7,17.97,15.15,41.32,12.03
2109,5.735777650130194,4,14.94,8.07,16.58,15.52,7,14.65,4.64,18.05,15.15,47.15,12.03
2110,5.735777650130194,4,14.87,8.07,16.51,15.52,6.94,14.59,4.64,18.53,15.15,42.11,12.08
2111,5.735777650130194,4,14.81,8.01,16.51,15.39,6.89,14.53,4.6,18.29,15.09,42.66,11.75
2112,5.735777650130194,4,14.81,7.98,16.51,15.39,6.86,14.53,4.58,17.82,15.09,42.11,11.89
2113,5.735777650130194,4,15.06,8.2,16.65,15.72,7.09,14.77,4.72,17.97,15.22,42.11,12.37
2114,5.735777650130194,4,14.87,8.07,16.58,15.52,6.97,14.59,4.64,17.89,15.15,41.32,12.03
2115,5.735777650130194,4,14.87,8.07,16.65,15.52,6.97,14.65,4.64,17.51,15.15,41.32,12.18
2116,5.735777650130194,4,14.87,8.07,16.58,15.46,7,14.65,4.64,17,15.15,42.38,11.89
2117,5.735777650130194,4,14.94,8.14,16.65,15.59,7.03,14.71,4.68,17.14,15.22,42.38,12.13
2118,5.735777650130194,4,15,8.17,16.86,15.65,7.09,14.77,4.72,17.14,15.29,43.78,12.27
2119,5.735777650130194,4,15,8.23,16.72,15.72,7.09,14.77,4.72,17.82,15.35,41.32,12.13
2120,5.735777650130194,4,14.87,8.4,16.58,15.59,7.06,14.71,4.68,17.89,15.15,42.11,12.23
2121,5.735777650130194,4,14.81,8.5,16.58,15.52,7,14.59,4.64,17.89,15.15,42.11,11.8
2122,5.735777650130194,4,14.75,8.04,16.51,15.52,7,14.65,4.64,17.67,15.15,42.11,12.08
2123,5.735777650130194,4,14.87,8.01,16.58,15.59,7.03,14.71,4.68,17.29,15.15,42.38,12.23
2124,5.735777650130194,4,14.81,7.92,16.58,15.52,7.06,14.65,4.64,17.22,15.15,40.29,12.08
2125,5.735777650130194,4,14.75,7.92,16.58,15.52,6.97,14.59,4.62,17.59,15.09,42.11,12.13
2126,5.735777650130194,4,14.81,7.92,16.58,15.52,7.03,14.65,4.66,17.22,15.15,43.5,12.18
2127,5.735777650130194,4,14.81,7.92,16.65,15.59,7.03,14.65,4.66,17.22,15.15,43.5,11.94
2128,5.735777650130194,4,14.87,7.95,16.65,15.59,7.03,14.71,4.68,17.44,15.15,40.04,12.18
2129,5.735777650130194,4,14.94,7.98,16.72,15.65,7.06,14.71,4.7,17.22,15.22,42.11,12.13
2130,5.735777650130194,4,14.87,7.95,16.58,15.59,7,14.71,4.68,17.07,15.15,41.05,12.13
2131,5.735777650130194,4,14.94,7.98,16.65,15.65,7.03,14.71,4.7,17.07,15.22,40.54,12.13
2132,5.735777650130194,4,14.87,7.98,16.58,15.65,7.03,14.71,4.62,17.67,15.15,42.11,11.99
2133,5.735777650130194,4,14.87,7.98,16.65,15.72,6.97,14.71,4.7,17.14,15.29,42.38,11.85
2134,5.735777650130194,4,15,7.98,16.65,15.65,7,14.71,4.7,17.29,15.22,42.38,12.08
2135,5.735777650130194,4,14.94,7.98,16.65,15.65,7.03,14.71,4.7,17.44,15.22,42.11,11.99
2136,5.735777650130194,4,14.94,7.98,16.65,15.59,7,14.71,4.7,17.07,15.22,42.11,11.34
2137,5.735777650130194,4,14.94,8.01,16.72,15.65,7.03,14.71,4.72,17.22,15.22,41.84,12.42
2138,5.735777650130194,4,15,8.01,16.72,15.65,7,14.71,4.7,17.07,15.22,42.38,12.03
2139,5.735777650130194,4,15,8.01,16.79,15.72,7.06,14.77,4.72,17.22,15.22,41.84,12.32
2140,5.735777650130194,4,15,8.04,16.72,15.72,7.06,14.77,4.74,17.14,15.22,42.11,12.08
2141,5.735777650130194,4,14.87,7.98,16.72,15.72,7.06,14.71,4.72,17.14,15.22,42.11,11.99
2142,5.735777650130194,4,14.94,8.01,16.72,15.65,7.03,14.71,4.72,17.14,15.22,41.32,12.18
2143,5.735777650130194,4,15,7.98,16.58,15.72,7.03,14.71,4.72,17.29,15.22,41.32,12.32
2144,5.735777650130194,4,15.06,7.98,16.65,15.65,7.06,14.71,4.72,17.22,15.22,42.66,12.47
2145,5.735777650130194,4,15,7.98,16.72,15.65,6.97,14.71,4.7,17.36,15.22,40.04,12.23
2146,5.735777650130194,4,15.12,8.01,16.65,15.72,7.06,14.77,4.72,17.89,15.22,42.38,12.13
2147,5.735777650130194,4,15.06,7.98,16.72,15.72,7.03,14.77,4.72,17.44,15.22,42.94,12.13
2148,5.735777650130194,4,15.06,7.98,16.65,15.72,6.97,14.71,4.7,17.36,15.22,40.54,12.13
2149,5.735777650130194,4,15.06,7.98,16.65,15.65,7,14.71,4.7,17.36,15.22,42.66,11.99
2150,5.735777650130194,4,15.06,7.95,16.58,15.65,6.97,14.71,4.7,17.36,15.22,42.38,11.99
2151,5.735777650130194,4,15.06,7.98,16.65,15.72,7,14.71,4.72,17.59,15.22,43.78,11.66
2152,5.735777650130194,4,15.06,8.01,16.65,15.72,7.03,14.71,4.72,17.51,15.22,42.11,12.08
2153,5.735777650130194,4,15,7.98,16.58,15.65,7,14.71,4.7,17.22,15.22,41.84,12.03
2154,5.735777650130194,4,15.06,7.98,16.58,15.65,6.97,14.71,4.7,17.22,15.22,42.38,12.23
2155,5.735777650130194,4,15.06,8.01,16.58,15.72,6.94,14.71,4.72,17.29,15.22,44.07,12.13
2156,5.735777650130194,4,15.06,8.01,16.65,15.65,6.97,14.71,4.72,17.29,15.49,42.38,12.18
2157,5.735777650130194,4,15,7.95,16.65,15.65,6.97,14.65,4.7,17.74,15.42,41.84,12.18
2158,5.735777650130194,4,15,7.95,16.65,15.65,6.97,14.71,4.7,17.14,15.42,42.11,12.37
2159,5.735777650130194,4,14.94,7.88,16.58,15.59,6.94,14.65,4.68,17.29,15.35,41.84,12.08
2160,5.735777650130194,4,15,7.88,16.58,15.59,6.94,14.65,4.66,17.29,15.42,41.58,11.94
2161,5.732680741678283,4,14.94,7.92,16.65,15.59,6.94,14.65,4.68,17.14,15.35,42.66,12.13
2162,5.732680741678283,4,14.94,7.92,16.58,15.59,6.94,14.65,4.66,17.14,15.42,41.32,11.8
2163,5.732680741678283,4,15.06,7.98,16.65,15.65,7.03,14.71,4.7,17.29,15.49,42.38,12.18
2164,5.732680741678283,4,14.94,7.92,16.58,15.59,6.94,14.59,4.66,17.14,15.42,42.11,11.99
2165,5.732680741678283,4,15.06,8.01,16.65,15.65,7.03,14.77,4.72,17.74,15.63,42.66,12.37
2166,5.732680741678283,4,14.94,7.92,16.44,15.52,6.94,14.65,4.66,17.44,15.49,41.84,12.23
2167,5.732680741678283,4,14.94,7.92,16.58,15.59,6.97,14.65,4.68,17.89,15.49,42.38,12.18
2168,5.732680741678283,4,14.94,7.92,16.51,15.59,6.94,14.65,4.66,17.59,15.49,42.94,11.99
2169,5.732680741678283,4,14.94,7.92,16.51,15.59,6.94,14.65,4.66,17.51,15.49,41.84,12.18
2170,5.732680741678283,4,14.94,7.92,16.58,15.59,6.92,14.65,4.66,17.36,15.49,41.58,12.08
2171,5.732680741678283,4,14.87,7.88,16.51,15.52,6.89,14.59,4.64,17.14,15.42,41.84,12.08
2172,5.732680741678283,4,14.94,7.88,16.51,15.59,6.92,14.65,4.66,17.14,15.49,42.11,11.99
2173,5.732680741678283,4,14.94,7.88,16.51,15.46,6.92,14.59,4.64,17.14,15.49,41.05,12.03
2174,5.732680741678283,4,14.87,7.88,16.44,15.59,6.89,14.59,4.64,17.14,15.49,42.11,12.03
2175,5.732680741678283,4,14.94,7.88,16.51,15.59,6.94,14.65,4.66,17.14,15.56,41.84,12.03
2176,5.732680741678283,4,14.94,7.88,16.51,15.72,6.89,14.59,4.66,17.14,15.49,44.66,12.08
2177,5.732680741678283,4,15.06,7.98,16.58,15.78,7.03,14.77,4.72,17.36,15.63,42.66,12.13
2178,5.732680741678283,4,15,7.95,16.58,15.65,6.94,14.71,4.68,17.22,15.56,42.66,12.27
2179,5.732680741678283,4,15,7.95,16.58,15.65,6.92,14.71,4.68,17.22,15.63,42.94,12.18
2180,5.732680741678283,4,15,7.95,16.72,15.85,6.94,14.65,4.68,17.29,15.56,42.94,12.13
2181,5.732680741678283,4,15,7.92,16.65,15.65,6.97,14.65,4.68,17.14,15.7,44.07,12.18
2182,5.732680741678283,4,15.06,7.98,16.65,15.65,7.03,14.77,4.72,17.36,15.7,42.66,12.47
2183,5.732680741678283,4,15,7.92,16.58,15.59,6.94,14.65,4.66,17,15.63,41.58,11.94
2184,5.732680741678283,4,14.94,7.85,16.58,15.52,6.92,14.59,4.64,17.14,15.63,46.19,11.75
2185,5.732680741678283,4,14.94,7.88,16.51,15.52,6.94,14.59,4.66,17.22,15.63,42.11,12.08
2186,5.732680741678283,4,14.94,7.88,16.51,15.59,6.94,14.59,4.64,17,15.63,41.84,12.13
2187,5.732680741678283,4,14.87,7.88,16.51,15.59,6.92,14.59,4.64,17.07,15.63,42.38,12.18
2188,5.732680741678283,4,14.87,7.85,16.51,15.52,6.92,14.59,4.64,17.14,15.56,41.58,11.8
2189,5.732680741678283,4,14.94,7.88,16.58,15.59,6.92,14.59,4.66,17.14,15.63,42.11,11.99
2190,5.732680741678283,4,14.94,7.88,16.51,15.59,6.89,14.59,4.66,17.22,15.63,41.58,12.03
2191,5.732680741678283,4,14.94,7.92,16.58,15.59,6.94,14.59,4.66,17.22,15.63,43.5,12.27
2192,5.732680741678283,4,14.94,7.88,16.58,15.52,6.94,14.65,4.66,17.22,15.63,42.11,12.08
2193,5.732680741678283,4,15,7.92,16.58,15.59,6.92,14.65,4.66,17.14,15.7,41.32,12.03
2194,5.732680741678283,4,15,7.92,16.58,15.59,6.94,14.65,4.68,17.22,15.7,42.94,12.03
2195,5.732680741678283,4,14.94,7.88,16.58,15.52,6.86,14.59,4.64,17.14,15.63,42.66,11.99
2196,5.732680741678283,4,14.94,7.88,16.51,15.59,6.92,14.59,4.64,17.14,15.63,43.22,12.13
2197,5.732680741678283,4,15,7.92,16.58,15.59,6.97,14.65,4.66,17.22,15.7,42.11,12.08
2198,5.732680741678283,4,14.94,7.85,16.51,15.59,6.92,14.53,4.62,17.07,15.63,41.84,12.13
2199,5.732680741678283,4,14.94,7.85,16.51,15.52,6.89,14.59,4.62,17,15.63,41.58,11.94
2200,5.732680741678283,4,14.94,7.85,16.51,15.52,6.92,14.53,4.62,17.82,15.63,42.38,11.85
2201,5.732680741678283,4,15,7.92,16.58,15.59,6.94,14.65,4.66,17.07,15.7,45.88,12.13
2202,5.732680741678283,4,15.06,7.98,16.58,15.65,7.03,14.71,4.7,17.22,15.77,48.14,12.03
2203,5.732680741678283,4,15.06,7.98,16.58,15.65,7,14.71,4.7,17.74,16.12,41.58,11.89
2204,5.732680741678283,4,15.06,7.95,16.51,15.78,7,14.65,4.68,17.14,15.77,42.11,12.03
2205,5.732680741678283,4,15.06,7.95,16.58,15.65,6.97,14.71,4.68,17.22,15.77,42.66,11.94
2206,5.732680741678283,4,15,7.95,16.58,15.59,6.97,14.65,4.68,17.07,15.7,42.11,11.99
2207,5.732680741678283,4,14.94,7.85,16.51,15.52,6.92,14.59,4.62,17.14,15.7,42.11,11.17
2208,5.732680741678283,4,15,7.88,16.44,15.59,6.94,14.59,4.64,17.14,15.7,46.19,11.08
2209,5.732680741678283,4,15,7.92,16.58,15.59,7,14.65,4.66,17.14,15.77,41.32,10.95
2210,5.732680741678283,4,15.06,7.95,16.58,15.65,6.97,14.71,4.68,17.29,15.77,40.8,11.08
2211,5.732680741678283,4,15,7.92,16.51,15.59,6.94,14.65,4.66,17.22,15.77,41.58,11.26
2212,5.732680741678283,4,15,7.88,16.51,15.59,6.94,14.65,4.64,17.22,15.77,42.11,10.91
2213,5.732680741678283,4,15,7.92,16.51,15.65,6.97,14.65,4.66,17.14,15.77,42.38,11.12
2214,5.732680741678283,4,15.12,7.98,16.58,15.72,7.03,14.71,4.7,17.22,15.77,42.94,11.12
2215,5.732680741678283,4,15.06,7.98,16.58,15.72,7,14.77,4.7,17.14,15.77,41.32,11.12
2216,5.732680741678283,4,15.12,7.98,16.58,15.72,7,14.77,4.7,17.22,15.84,40.04,11.12
2217,5.732680741678283,4,15.06,7.95,16.51,15.65,7,14.71,4.68,17.07,15.77,42.94,11.12
2218,5.732680741678283,4,15,7.88,16.51,15.59,6.94,14.65,4.64,17.29,15.77,42.38,11.04
2219,5.732680741678283,4,15,7.92,16.51,15.65,6.94,14.65,4.66,17.22,15.7,42.38,11.12
2220,5.732680741678283,4,15,7.88,16.51,15.59,6.92,14.65,4.66,17.44,15.77,41.84,11.04
