Minute,TVC,Label,MQ135,MQ136,MQ137,MQ138,MQ2,MQ3,MQ4,MQ5,MQ6,MQ8,MQ9
1,1.87589,1,14.87,37.65,5.16,20.37,12.25,16.24,28.66,6.11,3.59,46.19,10.01
2,1.87589,1,14.94,38.56,5.09,20.46,13.37,16.38,28.5,5.74,3.39,46.19,10.05
3,1.87589,1,15,39.5,5.07,20.46,12.4,17.01,28.18,6.18,3.25,46.83,10.21
4,1.87589,1,14.87,40.48,5.05,20.37,12.5,16.44,28.18,5.6,3.16,46.19,10.13
5,1.87589,1,14.87,40.73,5,20.27,12.01,16.38,28.5,5.48,3.11,47.48,10.13
6,1.87589,1,14.69,41.76,4.96,20.27,12.35,16.38,27.87,6.03,3.07,43.5,10.17
7,1.87589,1,14.75,42.56,4.92,20.09,12.06,16.51,28.18,5.6,3.03,46.51,10.17
8,1.87589,1,14.69,42.83,4.92,20.18,12.25,16.24,27.11,5.64,3.1,42.94,10.21
9,1.87589,1,14.81,41.76,4.87,20.37,12.35,16.44,26.67,5.5,3.05,43.78,10.17
10,1.87589,1,15.75,42.83,4.87,20,13.37,16.24,26.39,5.53,3.11,46.83,10.01
11,1.87589,1,14.87,42.83,4.85,19.91,13,16.31,27.11,5.67,3.07,45.88,10.09
12,1.87589,1,15,41.76,4.79,19.91,12.35,16.17,25.82,5.55,3.08,48.82,10.01
13,1.87589,1,14.81,42.03,4.79,20.09,12.06,16.31,25.69,5.5,3.1,46.51,10.09
14,1.87589,1,14.87,41.76,4.79,20,12.9,16.24,25.28,5.57,3.1,45.57,9.97
15,1.87589,1,14.87,42.83,4.72,19.91,11.96,16.11,25.28,5.74,3.13,45.57,10.09
16,1.87589,1,14.94,42.56,4.77,20,12.15,16.11,25.42,5.67,3.16,45.26,10.09
17,1.87589,1,15,41.76,4.79,20.09,11.82,16.24,24.25,5.76,3.14,46.83,10.05
18,1.87589,1,15.06,42.56,4.77,19.82,12.75,16.17,24.12,5.74,3.16,47.15,10.05
19,1.87589,1,15,41.76,4.79,19.91,13.05,16.11,23.88,5.64,3.2,46.19,9.89
20,1.87589,1,14.81,42.29,4.79,20.09,12.59,15.97,26.67,5.76,3.22,46.83,10.01
21,1.87589,1,14.81,41.5,4.74,20,12.55,16.11,27.41,5.79,3.23,44.96,10.09
22,1.87589,1,15,41.5,4.77,19.82,13.11,15.91,26.96,5.67,3.28,46.83,9.93
23,1.87589,1,14.87,41.24,4.74,19.91,12.15,15.97,26.24,5.67,2.47,47.48,9.93
24,1.87589,1,14.87,42.03,4.68,19.91,11.92,16.11,28.18,5.71,2.4,46.19,10.09
25,1.87589,1,15,41.76,4.66,19.82,12.11,16.04,26.96,5.74,2.46,48.14,10.01
26,1.87589,1,14.87,41.76,4.68,19.82,12.64,15.84,26.53,5.71,2.44,48.14,10.05
27,1.87589,1,15,41.5,4.6,19.55,12.75,15.97,25.96,5.79,2.42,47.81,10.13
28,1.87589,1,15.95,41.76,4.64,19.82,12.25,15.84,25.96,5.81,2.46,47.15,10.05
29,1.87589,1,14.58,40.73,4.56,19.55,11.78,15.84,24.25,5.74,2.47,47.48,9.81
30,1.87589,1,14.69,40.48,4.56,19.73,12.35,15.97,23.75,5.64,2.55,48.14,10.13
31,1.87589,1,14.81,40.73,4.54,19.55,12.3,15.97,24.5,5.64,2.67,44.37,10.13
32,1.87589,1,14.81,40.48,4.56,19.73,12.4,15.71,23.51,5.67,2.66,47.48,10.21
33,1.87589,1,14.87,40.23,4.56,19.91,12.64,15.84,23.63,5.79,3.62,45.57,10.21
34,1.87589,1,14.87,40.73,4.56,18.52,13.21,15.84,23.27,5.71,3.54,46.51,10.29
35,1.87589,1,14.94,40.48,4.6,19.91,12.5,15.97,23.04,5.71,3.46,45.88,10.25
36,1.87589,1,14.87,40.73,4.68,19.64,12.2,16.24,26.53,5.69,3.5,45.26,10.17
37,1.87589,1,15,40.23,4.66,19.91,12.75,16.17,23.27,5.96,3.51,46.51,10.13
38,1.87589,1,14.94,40.99,4.66,19.82,12.25,16.11,23.16,6.08,3.54,45.57,10.21
39,1.87589,1,15,40.99,4.64,19.64,12.64,16.24,23.16,5.67,3.5,43.5,10.21
40,1.87589,1,14.81,40.48,4.68,19.73,12.9,16.17,23.27,5.81,3.53,46.51,10.25
41,1.87589,1,14.94,40.73,4.7,19.64,12.95,16.11,23.04,5.76,3.56,45.88,10.21
42,1.87589,1,14.94,40.48,4.68,19.82,10.76,15.97,22.58,5.79,3.59,45.88,10.17
43,1.87589,1,14.87,40.48,4.74,19.64,10.89,16.04,25.82,5.93,3.61,47.81,10.25
44,1.87589,1,14.94,40.48,4.74,19.82,10.23,16.24,25.82,5.76,3.61,47.15,10.25
45,1.87589,1,15.06,39.74,4.77,19.64,11.06,16.24,26.24,5.74,3.62,46.51,10.09
46,1.87589,1,14.87,39.99,4.77,19.73,10.8,16.04,25.82,5.84,3.66,46.51,10.09
47,1.87589,1,15.06,40.23,4.81,19.55,11.23,16.11,25.28,5.84,3.81,44.37,10.01
48,1.87589,1,14.87,39.74,4.79,20,10.93,16.17,25.42,5.88,3.66,46.19,10.05
49,1.87589,1,15,40.48,4.79,19.55,11.82,15.91,24.63,5.84,3.72,46.83,10.01
50,1.87589,1,14.81,39.26,4.83,19.82,10.89,16.24,24.89,5.74,3.71,46.19,10.09
51,1.87589,1,14.81,39.5,4.81,19.73,10.63,16.24,24.37,6.46,3.72,45.26,10.13
52,1.87589,1,14.69,39.26,4.85,19.73,11.02,15.97,23.88,5.67,3.71,47.48,10.01
53,1.87589,1,14.87,39.5,4.85,19.64,11.41,16.24,23.63,5.84,3.86,48.48,10.25
54,1.87589,1,14.64,39.5,4.81,19.37,10.27,15.97,20.88,5.86,3.76,47.81,10.13
55,1.87589,1,14.81,40.48,4.77,19.37,11.78,15.84,23.51,6.57,2.53,46.83,10.01
56,1.87589,1,14.81,39.5,4.66,19.2,12.45,15.91,20.58,6.01,2.49,47.48,10.09
57,1.87589,1,14.94,39.26,4.74,19.46,12.35,15.78,23.39,6.06,2.5,46.83,10.05
58,1.87589,1,14.81,39.5,4.66,19.64,12.8,15.97,23.16,6.06,2.55,47.15,10.05
59,1.87589,1,14.87,39.74,4.66,19.37,12.95,15.65,22.81,6.06,3.29,46.83,10.21
60,1.87589,1,14.81,39.74,4.66,19.46,12.75,15.65,22.81,6.06,2.63,47.15,9.89
61,2.14988,1,14.81,39.03,4.64,19.46,12.8,15.65,23.39,6.06,2.63,46.83,9.97
62,2.14988,1,14.81,39.5,4.68,19.46,11.78,15.65,22.7,6.06,2.71,47.15,10.01
63,2.14988,1,15.06,39.03,4.7,19.46,12.8,15.58,22.36,5.98,3.66,47.81,10.13
64,2.14988,1,14.87,39.03,4.7,19.55,12.64,15.78,22.14,6.08,3.5,44.66,10.01
65,2.14988,1,14.87,39.74,4.72,19.29,12.01,15.58,24.89,6.36,3.1,47.15,10.13
66,2.14988,1,14.87,39.5,4.7,19.46,11.87,15.71,24.89,6.13,2.76,47.15,10.13
67,2.14988,1,14.75,39.26,4.74,19.29,12.11,15.71,24.89,6.16,3.22,47.81,10.17
68,2.14988,1,14.94,39.74,4.72,19.2,12.06,15.71,25.15,6.13,3.39,47.15,10.21
69,2.14988,1,15,39.03,4.74,19.46,13.05,15.52,24.63,6.01,3.4,47.15,10.13
70,2.14988,1,14.58,39.26,4.74,19.46,12.75,15.65,24.89,6.06,3.35,49.52,10.13
71,2.14988,1,14.75,38.79,4.79,19.37,12.2,15.52,25.02,6.03,2.95,47.48,9.81
72,2.14988,1,14.64,39.03,4.74,19.2,12.25,15.52,24.5,6.13,2.62,47.48,10.05
73,2.14988,1,14.28,38.33,4.68,19.03,11.59,15.65,24.89,6.03,2.59,47.15,10.09
74,2.14988,1,14.46,38.79,4.72,19.2,12.5,15.52,24.76,6.01,3.5,48.48,10.09
75,2.14988,1,14.52,39.5,4.77,19.2,12.59,15.45,23.75,5.98,3.48,47.81,10.01
76,2.14988,1,14.69,40.48,4.74,19.29,12.3,15.45,24,6.03,3.45,53.27,9.97
77,2.14988,1,14.75,38.79,4.79,19.2,12.35,15.52,24,6.06,3.43,46.19,10.13
78,2.14988,1,14.17,39.5,4.77,19.11,11.87,15.45,23.63,6.01,3.39,43.22,10.17
79,2.14988,1,14.52,38.33,4.79,19.2,11.68,15.45,23.39,6.03,3.25,46.83,10.09
80,2.14988,1,14.64,38.33,4.79,19.03,12.59,15.26,23.27,6.03,3.17,45.26,10.01
81,2.14988,1,13.56,39.03,4.83,19.2,11.41,15.26,24,6.39,3.04,46.19,10.09
82,2.14988,1,14.34,38.33,4.81,19.2,11.82,15.33,23.27,6.11,3.13,46.83,10.01
83,2.14988,1,14.23,38.33,4.81,19.2,12.25,15.33,22.47,6.21,3.17,46.83,10.01
84,2.14988,1,14.28,38.33,4.85,18.86,11.73,15.2,22.81,6.08,3.16,47.81,9.89
85,2.14988,1,13.94,38.79,4.83,18.94,11.46,15.33,21.39,6.11,3.11,46.51,9.89
86,2.14988,1,14.81,39.03,4.79,19.11,12.45,15.39,20.88,6.16,3.13,47.81,9.97
87,2.14988,1,14.58,38.33,4.79,19.11,12.2,15.33,20.78,5.98,3.13,44.66,10.01
88,2.14988,1,14.46,38.33,4.83,19.03,12.55,15.2,24,6.08,3.13,46.51,10.09
89,2.14988,1,14.69,38.33,4.81,19.03,12.35,15.2,24.37,6.13,3.22,44.66,10.29
90,2.14988,1,14.46,38.56,4.83,19.03,11.87,15.14,24,6.21,3.14,42.94,10.25
91,2.14988,1,14.69,38.33,4.83,18.86,12.55,15.14,20.38,6.21,3.07,47.81,10.21
92,2.14988,1,14.58,38.1,4.85,18.77,12.06,15.2,19.72,6.68,2.94,47.48,10.13
93,2.14988,1,14.52,38.79,4.85,18.77,11.82,15.14,22.03,6.11,3.25,54.08,10.13
94,2.14988,1,14.58,38.33,4.85,18.61,11.78,15.14,22.14,6.26,2.65,47.81,10.09
95,2.14988,1,14.58,38.1,4.77,18.61,12.55,15.08,21.49,6.23,2.71,47.15,9.81
96,2.14988,1,14.46,38.1,4.83,18.77,11.59,15.14,22.36,6.06,2.7,46.83,9.81
97,2.14988,1,14.23,37.65,4.81,18.69,12.01,15.2,22.25,6.28,2.69,45.57,9.55
98,2.14988,1,14.34,37.88,4.85,18.69,11.68,15.08,24.63,6.23,2.76,46.83,9.97
99,2.14988,1,14.52,38.33,4.85,18.61,12.4,15.08,24.5,6.33,2.8,46.51,9.97
100,2.14988,1,14.34,38.1,4.85,18.77,11.82,15.14,24.5,6.11,2.74,44.07,9.93
101,2.14988,1,14.23,38.33,4.83,18.52,11.92,15.08,24.37,6.23,2.81,47.81,9.97
102,2.14988,1,14.4,38.56,4.85,18.69,11.59,15.14,24,6.21,2.84,47.81,9.74
103,2.14988,1,14.17,38.1,4.87,18.52,12.25,14.95,19.17,6.26,2.84,46.51,9.89
104,2.14988,1,14.11,37.43,4.83,18.69,11.73,14.95,19.81,6.39,2.85,48.48,10.09
105,2.14988,1,14.4,37.65,4.79,18.52,12.64,15.08,20.19,5.74,2.84,46.83,10.13
106,2.14988,1,14.52,38.1,4.83,18.61,11.82,14.95,22.14,6.03,2.81,42.94,9.97
107,2.14988,1,14.11,37.65,4.85,18.52,11.82,15.02,23.75,6.03,3.29,47.48,10.09
108,2.14988,1,14.28,37.43,4.83,18.28,12.15,15.02,23.63,5.93,2.8,46.83,10.01
109,2.14988,1,14.17,38.1,4.85,18.52,12.11,14.95,22.92,5.81,2.95,48.48,9.89
110,2.14988,1,14.23,37.21,4.81,18.2,12.59,14.89,19.72,6.03,2.78,46.83,9.89
111,2.14988,1,14.34,37.43,4.79,18.2,12.25,14.77,19.9,6.03,2.81,47.15,9.7
112,2.14988,1,14.17,37.65,4.79,18.2,11.87,14.77,20,6.01,2.85,47.48,10.01
113,2.14988,1,14.23,37.88,4.85,18.44,12.7,14.71,23.51,6.13,2.94,48.48,9.89
114,2.14988,1,14.23,37.65,4.83,18.28,12.75,14.77,23.63,6.16,2.95,46.51,9.85
115,2.14988,1,14.28,37.65,4.89,18.2,11.82,14.77,19.72,6.16,2.95,46.51,9.93
116,2.14988,1,14.4,38.1,4.85,18.36,11.64,14.77,20.29,6.16,2.87,45.88,9.93
117,2.14988,1,14.28,37.43,4.92,18.36,11.82,14.77,20.48,6.21,2.88,46.51,10.01
118,2.14988,1,14.28,36.99,4.85,18.28,12.85,14.65,20.98,6.18,3.17,46.51,9.62
119,2.14988,1,14.11,36.78,4.85,18.12,11.73,14.47,20.48,6.16,3.17,47.48,9.74
120,2.14988,1,14,37.43,4.92,18.28,12.11,14.47,20.29,6.31,3.11,46.19,10.01
121,2.40975,1,14.17,37.65,4.92,18.36,11.64,14.65,24.37,6.18,2.92,45.88,10.05
122,2.40975,1,14.23,36.99,4.94,18.36,11.92,14.53,23.39,6.18,3.07,46.83,10.05
123,2.40975,1,14.34,36.99,4.94,18.2,11.73,14.59,23.39,6.18,3.2,45.26,10.05
124,2.40975,1,14.11,37.65,4.96,18.04,12.06,14.65,24.12,6.23,3.14,47.81,9.89
125,2.40975,1,14.06,37.43,4.98,18.28,12.59,14.47,23.27,6.33,3.19,46.83,10.01
126,2.40975,1,14.11,37.65,5.05,18.28,11.87,14.59,23.51,6.33,3.11,44.66,9.97
127,2.40975,1,14,36.99,4.98,17.96,12.01,14.42,23.51,6.33,3.16,46.83,9.97
128,2.40975,1,14.06,37.88,5.03,17.96,11.73,14.53,20.58,6.31,3.11,45.88,10.13
129,2.40975,1,13.83,36.78,5,18.12,12.35,14.36,20.09,6.33,3.14,46.83,10.01
130,2.40975,1,13.94,37.65,5.03,17.88,11.02,14.47,20.19,6.36,3.11,46.19,10.13
131,2.40975,1,13.94,37.21,5,17.88,11.46,14.3,20.19,6.33,2.98,46.19,10.09
132,2.40975,1,13.89,36.99,4.96,17.8,12.55,14.3,20.19,6.57,3.31,46.51,9.89
133,2.40975,1,13.89,35.53,4.92,17.65,12.4,14.24,19.9,6.57,3.01,46.19,9.85
134,2.40975,1,13.94,36.57,4.98,17.8,11.59,14.42,21.18,6.44,2.98,48.14,9.89
135,2.40975,1,13.83,36.35,4.94,17.65,12.64,14.13,19.62,6.54,3.05,46.51,10.01
136,2.40975,1,13.89,37.21,5,18.04,9.64,14.24,22.81,6.46,4.13,45.26,10.01
137,2.40975,1,13.78,37.21,5.16,18.04,10.63,14.24,23.04,6.54,4.1,44.66,10.05
138,2.40975,1,13.78,37.43,5.23,17.96,10.15,14.13,23.27,6.6,4.1,45.57,10.01
139,2.40975,1,13.94,36.57,5.2,17.8,10.8,14.18,23.27,6.57,2.91,46.83,9.85
140,2.40975,1,13.89,36.78,5.16,17.73,9.95,14.24,23.16,6.79,2.88,46.19,9.81
141,2.40975,1,13.78,36.99,5.16,17.57,10.07,14.07,23.75,6.57,2.91,46.51,9.89
142,2.40975,1,13.94,36.57,5.2,17.57,11.68,14.18,23.16,6.39,3,48.14,9.81
143,2.40975,1,13.94,37.43,5.23,17.65,9.91,14.18,23.63,6.39,2.95,46.51,9.97
144,2.40975,1,13.72,36.78,5.2,17.57,10.11,14.07,23.39,6.52,2.94,45.88,9.85
145,2.40975,1,13.89,37.21,5.25,17.5,9.95,14.13,19.26,6.6,2.94,46.51,9.78
146,2.40975,1,13.83,36.99,5.18,17.42,10.43,14.13,19.9,6.62,2.95,45.88,9.78
147,2.40975,1,13.72,37.21,5.16,17.42,10.72,14.07,19.53,6.52,3.05,45.88,9.85
148,2.40975,1,13.67,36.57,5.2,17.27,12.01,13.96,19.53,6.62,3,45.57,9.85
149,2.40975,1,13.89,36.14,5.18,17.57,11.82,13.9,19.53,6.7,3.01,46.51,9.81
150,2.40975,1,13.83,36.14,5.18,17.42,9.95,14.07,19.35,6.68,3.25,45.57,9.74
151,2.40975,1,13.78,36.35,5.18,17.34,11.78,14.01,19.26,6.73,3.2,45.26,9.59
152,2.40975,1,13.56,36.14,5.23,17.5,11.68,13.9,19.35,6.73,3.2,48.14,9.93
153,2.40975,1,13.83,36.35,5.25,17.34,11.41,13.96,22.58,6.68,3.11,46.51,9.97
154,2.40975,1,13.83,36.57,5.27,17.5,9.99,13.96,22.36,6.7,3.11,46.51,10.01
155,2.40975,1,13.67,36.78,5.25,17.34,10.27,13.84,22.81,6.68,3.14,46.19,9.85
156,2.40975,1,13.89,36.35,5.32,17.42,10.03,13.84,22.58,6.7,3.07,45.88,9.89
157,2.40975,1,13.78,36.35,5.27,17.34,9.83,13.9,22.25,6.68,3,46.19,9.89
158,2.40975,1,13.94,36.57,5.36,17.34,11.5,13.96,21.81,6.7,4.03,46.83,9.97
159,2.40975,1,13.67,35.94,5.32,17.19,10.23,13.73,19.53,6.7,2.97,46.19,9.89
160,2.40975,1,13.78,36.35,5.32,17.27,11.82,13.79,19.26,6.7,2.9,44.96,9.97
161,2.40975,1,13.83,36.35,5.27,17.19,11.32,13.84,19.26,6.76,3.11,46.19,9.97
162,2.40975,1,13.89,36.78,5.25,17.12,11.64,13.84,19.35,6.79,3.1,45.88,9.89
163,2.40975,1,13.67,36.78,5.27,17.19,12.06,13.68,18.99,6.68,3.16,46.51,9.97
164,2.40975,1,13.72,36.14,5.27,17.12,10.47,13.84,18.91,6.7,3.42,46.19,9.89
165,2.40975,1,13.67,36.35,5.29,16.9,11.59,13.68,18.82,6.87,3.31,49.17,9.93
166,2.40975,1,13.72,36.78,5.25,16.97,11.5,13.73,21.49,6.92,3.28,43.5,9.66
167,2.40975,1,13.67,36.99,5.34,17.19,11.02,13.57,22.36,6.6,3.39,45.88,9.81
168,2.40975,1,13.78,36.35,5.39,17.19,10.8,13.73,21.71,6.73,3.29,44.96,9.7
169,2.40975,1,13.67,35.94,5.41,16.97,10.8,13.57,22.14,6.81,3.23,52.87,9.81
170,2.40975,1,13.72,36.57,5.36,17.12,10.63,13.73,22.47,6.9,3.25,45.88,9.93
171,2.40975,1,13.83,36.78,5.39,16.97,10.59,13.68,22.14,6.98,3.31,43.5,9.78
172,2.40975,1,13.67,36.35,5.39,17.12,11.06,13.57,21.6,6.9,3.26,44.07,9.59
173,2.40975,1,13.83,36.14,5.41,16.9,11.23,13.41,20.88,6.92,3.29,46.19,9.62
174,2.40975,1,13.67,36.35,5.39,16.9,11.02,13.41,19.17,6.95,3.34,44.66,9.59
175,2.40975,1,13.72,35.73,5.39,16.76,10.84,13.41,18.82,6.95,3.28,44.96,9.7
176,2.40975,1,13.78,36.35,5.41,16.97,11.23,13.57,18.73,6.95,3.29,45.26,9.66
177,2.40975,1,13.45,35.94,5.43,16.9,11.15,13.25,18.91,6.73,3.35,43.5,9.78
178,2.40975,1,13.61,36.35,5.43,16.76,10.63,13.3,18.91,6.98,3.4,44.96,9.78
179,2.40975,1,13.72,35.53,5.43,16.9,10.59,13.35,18.91,7.04,3.35,44.66,9.74
180,2.40975,1,13.67,36.14,5.36,16.76,10.15,13.41,19.17,7.01,3.31,44.96,9.7
181,2.65592,1,13.61,36.35,5.41,16.83,10.39,13.46,19.62,6.92,3.29,44.66,9.74
182,2.65592,1,13.56,36.35,5.46,16.76,9.95,13.46,18.48,6.92,3.28,46.19,9.74
183,2.65592,1,13.72,35.94,5.41,16.61,11.06,13.51,18.99,6.7,3.23,46.19,9.62
184,2.65592,1,13.72,36.35,5.43,16.83,10.97,13.46,18.82,6.87,3.22,48.14,9.7
185,2.65592,1,13.56,35.73,5.41,16.68,11.28,13.41,19.17,6.95,3.25,46.19,9.62
186,2.65592,1,13.61,35.53,5.41,16.83,10.39,13.46,18.22,6.84,3.17,44.66,9.66
187,2.65592,1,13.56,36.14,5.41,16.68,11.37,13.41,18.22,7.06,3.13,44.66,9.78
188,2.65592,1,13.83,35.32,5.46,16.76,10.51,13.46,19.17,7.06,3.14,45.57,9.85
189,2.65592,1,13.67,35.94,5.41,16.68,10.89,13.3,18.48,6.95,3.14,43.5,9.78
190,2.65592,1,13.4,35.12,5.48,16.83,10.63,13.35,18.82,7.18,3.14,46.19,9.78
191,2.65592,1,13.56,35.12,5.48,16.68,10.72,13.41,18.99,7.35,3.07,43.78,9.66
192,2.65592,1,13.45,35.12,5.46,16.68,10.89,13.3,18.48,7.01,3.14,47.48,9.66
193,2.65592,1,13.5,35.32,5.43,16.54,10.51,13.19,18.31,6.76,3.14,45.57,9.51
194,2.65592,1,13.5,34.93,5.46,16.68,10.63,13.3,18.48,7.15,3.17,44.96,9.62
195,2.65592,1,13.45,33.96,5.41,16.61,10.76,13.25,18.39,7.04,3.13,46.19,9.66
196,2.65592,1,13.56,35.94,5.41,16.54,10.63,13.3,18.91,7.18,3.07,47.81,9.66
197,2.65592,1,13.24,35.73,5.43,16.61,11.06,13.19,18.65,6.95,3.14,44.66,9.7
198,2.65592,1,13.4,35.32,5.48,16.54,11.02,13.3,18.91,7.12,3.39,50.23,9.48
199,2.65592,1,13.4,35.32,5.5,16.47,10.51,13.19,19.17,7.06,3.62,48.48,9.59
200,2.65592,1,13.45,35.12,5.53,16.47,11.19,13.25,18.99,7.21,3.32,45.57,9.66
201,2.65592,1,13.72,35.73,5.5,16.68,10.8,13.3,18.82,7.04,3.35,44.66,9.62
202,2.65592,1,13.56,34.93,5.5,16.47,10.97,13.25,18.73,7.23,3.37,44.37,9.55
203,2.65592,1,13.56,35.32,5.53,16.54,11.1,13.35,18.73,7.18,3.43,46.83,9.62
204,2.65592,1,13.67,34.93,5.48,16.54,12.25,13.35,18.91,7.21,3.43,46.51,9.62
205,2.65592,1,13.5,35.53,5.5,16.61,12.3,13.3,18.48,7.21,3.48,44.96,9.74
206,2.65592,1,13.4,34.93,5.5,16.33,11.55,13.25,18.65,7.41,3.5,47.15,9.62
207,2.65592,1,13.61,34.93,5.53,16.4,12.11,13.14,18.65,7.47,3.4,43.78,9.55
208,2.65592,1,13.4,34.73,5.57,16.61,10.8,13.04,18.65,7.29,3.46,45.26,9.62
209,2.65592,1,13.56,35.53,5.5,16.47,10.93,13.09,18.56,7.23,3.43,44.07,9.78
210,2.65592,1,13.4,35.53,5.53,16.4,11.64,13.04,18.56,7.26,3.5,45.26,9.66
211,2.65592,1,13.5,35.53,5.53,16.47,11.41,13.04,18.39,7.15,3.19,43.5,9.62
212,2.65592,1,13.45,35.53,5.53,16.47,11.28,13.19,18.31,7.18,3.29,48.48,9.59
213,2.65592,1,13.56,34.93,5.55,16.47,11.82,13.14,18.39,7.29,3.19,44.96,9.48
214,2.65592,1,13.5,35.32,5.53,16.4,11.28,13.19,18.31,7.23,3.2,44.37,9.48
215,2.65592,1,13.5,34.93,5.53,16.4,11.68,13.14,18.99,7.23,3.35,44.07,9.55
216,2.65592,1,13.29,34.73,5.53,16.4,11.15,13.14,18.06,7.23,3.26,45.26,9.7
217,2.65592,1,13.56,35.12,5.55,16.47,10.47,13.04,18.39,7.29,3.26,44.37,9.59
218,2.65592,1,13.4,34.53,5.57,16.4,12.01,13.14,18.31,7.26,3.25,44.66,9.62
219,2.65592,1,13.34,34.73,5.55,16.47,11.37,12.98,18.22,7.32,3.42,47.81,9.78
220,2.65592,1,13.34,35.12,5.62,16.47,11.28,13.09,18.14,7.35,3.91,44.66,9.55
221,2.65592,1,13.34,35.12,5.62,16.54,11.5,12.98,18.14,7.32,3.76,44.66,9.78
222,2.65592,1,13.4,34.34,5.64,16.54,11.15,12.98,18.31,7.38,3.86,44.96,9.66
223,2.65592,1,13.45,34.53,5.25,16.26,12.75,12.88,17.9,7.35,3.82,44.96,9.78
224,2.65592,1,13.34,34.53,5.72,16.61,10.23,12.93,17.81,7.35,3.82,45.57,9.48
225,2.65592,1,13.03,34.53,5.67,16.33,11.15,12.93,18.22,7.44,3.86,45.26,9.66
226,2.65592,1,13.4,35.12,5.64,16.19,12.11,12.98,18.22,7.5,3.82,44.07,9.74
227,2.65592,1,13.4,35.32,5.64,16.33,11.32,12.98,18.22,7.47,3.82,44.96,9.89
228,2.65592,1,13.4,35.12,5.67,16.26,11.92,13.04,17.57,7.44,3.82,44.07,9.62
229,2.65592,1,13.29,34.34,5.69,16.47,11.37,12.98,17.98,7.47,3.81,44.66,9.7
230,2.65592,1,13.13,34.73,5.72,16.33,11.55,12.83,18.14,7.47,3.81,44.37,9.85
231,2.65592,1,13.13,34.93,5.67,16.33,11.78,12.98,18.06,7.41,3.87,48.82,9.85
232,2.65592,1,13.34,34.34,5.72,16.26,11.82,12.93,18.22,7.44,3.97,44.96,9.66
233,2.65592,1,13.29,34.73,5.69,16.33,11.59,12.98,17.73,7.5,3.94,44.07,9.97
234,2.65592,1,13.08,34.53,5.74,16.26,10.63,12.83,18.06,7.47,3.94,43.5,9.78
235,2.65592,1,13.18,34.34,5.74,16.26,11.1,12.88,18.31,7.59,3.96,47.15,9.81
236,2.65592,1,13.34,34.93,5.79,16.4,10.93,12.83,18.14,7.74,3.97,43.5,9.89
237,2.65592,1,13.08,34.15,5.81,16.33,10.35,12.83,18.22,7.59,3.99,44.07,9.62
238,2.65592,1,13.29,34.34,5.81,16.12,11.32,12.88,18.48,7.53,4.19,44.37,9.93
239,2.65592,1,13.13,34.53,5.79,16.4,11.06,12.93,18.14,7.59,3.94,43.5,9.66
240,2.65592,1,13.24,34.15,5.79,16.19,11.59,12.78,18.06,7.53,3.97,44.96,9.66
241,2.88881,1,13.13,34.34,5.79,16.19,12.11,12.93,18.14,7.59,3.91,44.07,9.55
242,2.88881,1,13.03,34.15,5.84,16.19,10.93,12.83,18.39,7.5,3.97,42.38,9.7
243,2.88881,1,13.45,34.73,5.79,16.19,11.5,12.88,17.57,7.53,3.91,43.78,9.89
244,2.88881,1,13.34,34.53,5.91,16.33,11.02,12.88,17.98,7.47,3.89,42.66,9.93
245,2.88881,1,13.08,34.34,5.89,16.12,11.5,12.73,17.81,7.53,3.94,43.5,10.13
246,2.88881,1,13.13,33.96,5.84,16.26,11.32,12.73,17.98,7.62,3.87,43.22,9.89
247,2.88881,1,13.24,34.34,5.76,16.12,10.97,12.73,17.9,7.56,3.89,47.48,9.97
248,2.88881,1,13.29,33.96,5.81,16.26,12.01,12.73,18.22,7.59,3.92,44.66,9.81
249,2.88881,1,13.24,33.58,5.81,16.26,11.64,12.78,17.98,7.65,3.97,46.19,9.89
250,2.88881,1,13.34,33.77,5.84,16.4,11.5,12.78,17.98,7.68,3.99,45.57,9.74
251,2.88881,1,13.45,34.73,5.79,16.12,11.92,12.73,17.34,7.68,3.79,42.94,9.85
252,2.88881,1,13.4,33.58,5.84,16.19,11.37,12.83,17.42,7.65,3.91,43.22,9.74
253,2.88881,1,13.4,33.4,5.84,16.26,11.19,12.83,17.9,7.71,3.84,43.78,9.74
254,2.88881,1,13.34,33.4,5.81,16.12,11.87,12.68,17.57,7.65,3.81,44.66,9.85
255,2.88881,1,13.34,33.4,5.79,16.19,12.06,12.73,17.9,7.71,3.82,43.78,9.74
256,2.88881,1,13.4,33.58,5.81,16.26,11.41,12.78,17.65,7.59,3.89,43.78,9.66
257,2.88881,1,13.34,33.58,5.81,16.19,12.64,12.73,17.73,7.74,3.91,45.26,9.85
258,2.88881,1,13.4,33.4,5.81,16.19,12.45,12.78,17.73,7.77,3.82,44.96,9.81
259,2.88881,1,13.13,33.96,5.81,16.05,10.11,12.83,17.65,7.99,4.06,43.22,9.85
260,2.88881,1,13.13,33.96,5.84,16.05,11.15,12.73,17.5,7.86,4.04,44.96,9.78
261,2.88881,1,13.24,33.4,5.94,16.26,11.19,12.73,17.42,7.99,4.17,40.8,9.62
262,2.88881,1,13.18,33.4,5.91,16.19,11.23,12.58,17.5,7.96,3.86,43.22,9.55
263,2.88881,1,13.08,33.03,5.81,16.05,11.55,12.68,17.11,7.86,3.04,44.66,9.62
264,2.88881,1,13.34,32.85,5.84,16.12,12.15,12.63,17.34,7.89,3.62,43.78,9.48
265,2.88881,1,13.24,33.21,5.89,16.26,11.19,12.63,17.5,7.86,4.75,43.78,9.59
266,2.88881,1,13.24,33.4,5.79,15.99,10.35,12.78,17.34,7.8,3,42.66,9.74
267,2.88881,1,13.13,33.03,5.81,15.92,10.89,12.78,17.11,7.96,3.25,43.78,9.55
268,2.88881,1,13.34,33.03,5.86,16.19,11.19,12.83,17.57,7.8,4.79,43.22,9.48
269,2.88881,1,13.4,33.4,5.86,16.26,11.87,12.78,17.42,7.77,4.44,42.38,10.09
270,2.88881,1,13.29,33.03,5.94,16.12,11.32,12.63,17.11,7.83,3.07,43.78,9.66
271,2.88881,1,13.18,33.4,5.96,16.05,11.55,12.68,17.19,7.83,4.91,41.58,9.62
272,2.88881,1,13.18,33.58,5.91,15.99,10.8,12.53,17.26,7.89,4.37,39.55,9.78
273,2.88881,1,13.29,33.03,5.91,15.99,11.32,12.63,17.11,7.77,2.91,42.11,9.66
274,2.88881,1,13.34,33.58,5.99,16.05,11.02,12.68,17.26,7.96,4.89,42.11,9.66
275,2.88881,1,13.18,33.03,6.04,16.19,12.2,12.68,17.19,8.02,4.95,42.38,9.51
276,2.88881,1,13.08,33.77,6.04,16.12,10.15,12.53,17.26,7.93,5.03,42.66,9.74
277,2.88881,1,13.29,32.14,5.96,15.92,10.8,12.58,17.34,7.68,4.77,41.84,9.62
278,2.88881,1,12.98,33.21,5.94,15.99,11.68,12.43,16.96,7.74,4.73,42.11,9.7
279,2.88881,1,12.87,33.58,6.04,16.05,11.55,12.43,17.03,7.65,4.99,42.94,9.74
280,2.88881,1,13.29,33.58,6.04,16.05,10.84,12.58,17.26,7.65,5.11,42.38,9.66
281,2.88881,1,13.03,32.85,6.04,16.19,10.35,12.43,17.03,7.8,3.53,42.38,9.55
282,2.88881,1,13.24,32.67,6.01,15.92,10.93,12.53,17.19,7.86,3.46,44.66,9.44
283,2.88881,1,13.18,32.67,5.91,16.19,11.1,12.48,17.11,7.99,3.35,42.38,9.55
284,2.88881,1,12.98,33.21,5.94,15.85,11.5,12.33,16.59,8.41,3.56,42.94,9.59
285,2.88881,1,13.18,33.21,5.99,16.19,11.73,12.28,17.03,8.02,3.37,42.66,9.55
286,2.88881,1,12.87,32.67,5.96,15.85,11.28,12.43,17.03,7.93,3.48,48.14,9.44
287,2.88881,1,13.24,32.67,5.94,15.99,12.2,12.38,16.73,7.86,3.25,43.22,9.51
288,2.88881,1,13.18,32.32,5.91,15.92,10.19,12.33,17.11,8.05,3.26,42.66,9.4
289,2.88881,1,13.08,32.85,5.89,15.92,11.02,12.23,16.73,7.83,3.28,43.22,9.59
290,2.88881,1,12.98,32.67,5.57,15.78,11.23,12.38,16.88,7.86,3.48,41.84,9.62
291,2.88881,1,13.29,32.49,5.91,15.85,10.84,12.28,17.11,7.93,3.29,43.5,9.51
292,2.88881,1,13.29,32.85,5.86,15.78,10.15,12.38,16.88,7.99,3.56,41.84,9.55
293,2.88881,1,13.24,32.67,5.99,15.99,11.64,12.28,16.88,8.08,3.99,41.58,9.4
294,2.88881,1,13.08,33.21,6.04,15.92,11.59,12.38,17.03,8.11,4.2,44.07,9.59
295,2.88881,1,13.29,32.67,6.04,15.99,11.68,12.38,16.81,8.11,4.19,42.11,9.59
296,2.88881,1,13.18,32.85,6.11,15.92,10.84,12.43,16.88,8.11,4.28,42.38,9.55
297,2.88881,1,13.18,32.85,6.16,16.05,11.82,12.33,16.51,8.08,4.93,40.29,9.51
298,2.88881,1,13.24,32.32,6.11,15.85,10.68,12.43,16.81,8.11,4.71,39.79,9.48
299,2.88881,1,13.13,32.85,6.16,15.78,10.43,12.33,16.59,8.11,4.1,38.59,9.59
300,2.88881,1,13.29,33.21,6.27,15.85,10.63,12.38,16.66,7.96,4.89,41.05,9.62
301,3.10884,2,13.08,32.32,6.24,15.72,11.19,12.28,16.81,8.18,4.52,43.78,9.51
302,3.10884,2,13.29,32.32,6.21,15.85,11.82,12.23,16.73,8.21,4.52,39.06,9.59
303,3.10884,2,13.24,31.8,6.19,15.85,12.25,12.23,16.51,8.18,4.48,41.32,9.85
304,3.10884,2,13.13,32.85,6.27,15.92,11.46,12.19,16.66,8.18,4.46,38.59,9.59
305,3.10884,2,13.03,32.85,6.27,15.85,11.15,12.09,16.66,7.93,4.42,39.55,9.62
306,3.10884,2,12.87,32.67,6.27,15.72,10.51,12.09,16.66,8.18,4.5,41.32,9.62
307,3.10884,2,12.92,32.49,6.27,15.85,10.55,12.23,16.59,7.59,4.5,40.8,9.55
308,3.10884,2,12.98,32.14,6.24,15.65,10.59,12.14,16.44,8.11,4.4,40.8,9.59
309,3.10884,2,13.08,32.67,6.29,15.65,10.93,12.09,16.66,8.24,4.57,40.04,9.55
310,3.10884,2,12.98,32.85,6.34,15.65,10.47,12.14,16.44,8.08,4.63,42.38,9.62
311,3.10884,2,13.24,32.32,6.32,15.78,10.63,12.19,16.44,8.02,4.69,40.29,9.48
312,3.10884,2,13.03,32.85,6.34,15.72,9.83,12.23,16.51,8.24,4.46,40.8,9.55
313,3.10884,2,12.92,32.67,6.34,15.65,10.59,12.09,16.3,8.41,4.52,40.29,9.48
314,3.10884,2,13.18,32.14,6.4,15.85,10.51,12.19,16.51,8.57,4.46,42.66,9.33
315,3.10884,2,13.08,32.32,6.4,15.85,10.72,12.19,16.51,8.47,4.69,41.58,9.44
316,3.10884,2,13.08,32.85,6.42,15.65,11.46,12.04,16.01,7.86,4.85,41.58,9.59
317,3.10884,2,13.18,32.67,6.45,15.78,10.8,12.19,16.59,8.24,4.73,40.8,9.74
318,3.10884,2,12.98,32.67,6.47,15.78,11.41,12.14,16.08,8.21,5.05,40.8,9.74
319,3.10884,2,12.92,32.67,6.47,15.72,10.97,12.04,16.3,8.41,4.75,40.8,9.62
320,3.10884,2,13.08,31.97,6.53,15.72,11.19,12.14,16.66,8.24,4.85,40.29,9.55
321,3.10884,2,12.92,32.49,6.5,15.59,10.51,12.09,16.15,8.21,5.05,41.58,9.62
322,3.10884,2,12.98,32.49,6.53,15.78,10.35,12.09,16.15,8.18,5.17,40.8,9.62
323,3.10884,2,12.92,32.32,6.58,15.65,10.59,11.99,16.22,8.44,5.24,40.54,9.51
324,3.10884,2,13.13,31.97,6.63,15.72,10.89,11.99,16.15,8.41,5.32,41.32,9.44
325,3.10884,2,13.29,32.32,6.63,15.52,11.37,11.95,16.15,8.44,5.32,42.38,9.4
326,3.10884,2,13.24,32.14,6.66,15.72,11.41,11.95,16.3,8.47,5.34,42.66,9.44
327,3.10884,2,13.24,32.32,6.66,15.39,10.93,12.14,16.22,8.34,5.32,43.78,9.36
328,3.10884,2,13.24,32.32,6.63,15.72,10.72,12.04,16.01,8.44,4.93,39.3,9.48
329,3.10884,2,13.03,32.49,6.63,15.46,11.15,12.04,16.22,8.31,5.17,42.66,9.48
330,3.10884,2,13.18,32.49,6.66,15.46,11.19,11.95,16.01,8.51,5.09,41.32,9.4
331,3.10884,2,13.18,32.14,6.63,15.65,11.02,11.99,16.15,8.64,5.09,39.55,9.29
332,3.10884,2,13.29,31.97,6.74,15.65,11.28,11.99,16.08,8.41,5.01,42.94,9.29
333,3.10884,2,13.18,31.8,6.72,15.52,11.02,11.85,16.01,8.57,5.09,38.59,9.33
334,3.10884,2,13.13,32.32,6.77,15.52,11.55,11.95,15.87,8.37,4.81,41.84,9.36
335,3.10884,2,13.08,32.14,6.77,15.46,11.82,11.85,15.87,8.51,5.03,40.04,9.29
336,3.10884,2,12.98,32.14,6.77,15.59,11.06,11.9,16.22,8.51,5.01,41.32,9.4
337,3.10884,2,13.03,32.32,6.85,15.39,11.23,11.85,16.22,8.57,4.99,42.11,9.33
338,3.10884,2,13.13,32.32,6.83,15.39,11.19,11.9,15.74,8.51,4.91,39.79,9.29
339,3.10884,2,12.98,31.63,6.85,15.59,11.32,11.81,15.67,8.51,4.83,39.55,9.26
340,3.10884,2,12.98,32.32,6.94,15.52,10.8,11.85,15.74,8.64,4.75,40.54,9.29
341,3.10884,2,13.08,31.63,6.85,15.52,11.46,11.81,15.67,8.67,4.87,39.79,9.22
342,3.10884,2,13.08,32.14,6.88,15.39,11.73,11.81,15.74,8.99,4.93,39.79,9.36
343,3.10884,2,13.08,31.63,6.88,15.39,11.41,11.85,15.27,8.54,4.89,37.67,9.33
344,3.10884,2,13.03,32.14,6.85,15.33,11.23,11.76,15.74,8.71,4.97,39.79,9.26
345,3.10884,2,13.03,32.14,6.91,15.33,10.55,11.85,15.4,8.71,4.81,39.55,9.4
346,3.10884,2,12.98,32.14,6.91,15.39,10.68,11.76,15.47,8.74,4.85,40.8,9.18
347,3.10884,2,13.03,31.46,6.88,15.33,10.76,11.9,15.6,8.64,4.99,39.06,9.33
348,3.10884,2,12.98,31.63,6.85,15.33,11.1,11.9,15.53,8.74,4.95,39.55,9.26
349,3.10884,2,12.82,31.8,6.88,15.33,10.8,11.71,15.47,9.2,5.05,39.3,9.29
350,3.10884,2,12.98,31.46,6.94,15.26,11.06,11.81,15.53,9.24,4.85,39.06,9.33
351,3.10884,2,12.82,31.8,6.91,15.2,11.15,11.71,15.47,9.06,4.73,39.06,9.26
352,3.10884,2,13.08,31.63,6.91,15.33,11.15,11.81,15.2,9.13,4.67,39.06,9.11
353,3.10884,2,12.57,31.29,6.97,15.46,11.28,11.53,15.4,9.02,4.65,38.36,9.15
354,3.10884,2,13.08,31.29,6.94,15.26,11.06,11.76,15.33,9.02,4.2,38.36,9.15
355,3.10884,2,13.03,31.46,6.94,15.26,11.32,11.76,15.2,9.06,4.01,38.83,9.29
356,3.10884,2,13.08,31.29,6.94,15.26,11.73,11.76,15.87,9.16,3.79,41.84,9.4
357,3.10884,2,13.03,31.29,6.99,15.39,11.96,11.67,15.6,9.06,3.74,38.83,9.44
358,3.10884,2,13.18,31.97,6.99,15.39,11.55,11.67,15.67,9.13,4.11,38.59,9.48
359,3.10884,2,13.08,31.63,6.97,15.33,10.93,11.67,15.53,9.02,3.74,39.79,9.4
360,3.10884,2,13.03,31.46,6.94,15.2,12.45,11.71,15.33,9.34,3.66,38.59,9.33
361,3.31643,2,13.08,31.8,7.02,15.14,11.28,11.62,15.27,8.99,4.24,40.8,9.36
362,3.31643,2,13.03,31.29,6.99,15.2,11.59,11.67,15.53,9.02,4.28,38.59,9.29
363,3.31643,2,13.08,31.8,7.08,15.26,11.02,11.58,15.07,8.92,4.57,38.83,9.36
364,3.31643,2,13.03,32.32,7.08,15.26,11.64,11.58,14.95,8.92,4.79,36.78,9.48
365,3.31643,2,12.98,31.8,7.11,15.26,11.32,11.53,15.2,8.99,4.93,39.79,9.4
366,3.31643,2,12.92,31.29,7.16,15.33,11.73,11.58,15.14,8.92,4.95,39.79,9.33
367,3.31643,2,12.98,31.63,7.19,15.2,11.68,11.53,15.14,8.92,4.99,40.29,9.36
368,3.31643,2,13.03,31.8,7.14,15.33,11.41,11.49,15.07,8.88,5.22,40.04,9.36
369,3.31643,2,13.03,31.8,7.11,15.14,11.41,11.49,15.4,8.95,5.11,39.55,9.33
370,3.31643,2,12.98,31.8,7.19,15.26,11.5,11.53,14.95,8.85,5.17,37.44,9.15
371,3.31643,2,13.03,31.8,7.22,15.26,10.72,11.49,15.07,8.85,5.19,39.06,9.15
372,3.31643,2,13.03,31.46,7.16,15.2,11.78,11.53,15.01,8.92,5.26,38.59,9.15
373,3.31643,2,12.98,31.8,7.19,15.14,11.02,11.49,14.76,8.88,5.26,39.3,9.18
374,3.31643,2,13.08,31.29,7.16,15.07,11.28,11.58,15.07,8.92,5.24,38.59,9.15
375,3.31643,2,13.08,31.29,7.25,15.26,11.37,11.53,15.14,9.06,5.28,38.36,9.26
376,3.31643,2,12.87,31.97,7.22,15.14,11.64,11.49,14.95,8.95,5.3,39.3,9.33
377,3.31643,2,12.77,31.29,7.25,15.2,11.19,11.58,15.07,8.92,5.43,37.67,9.18
378,3.31643,2,12.98,31.8,7.25,15.2,12.3,11.53,15.14,9.02,5.34,38.12,9.15
379,3.31643,2,12.92,31.29,7.31,15.2,11.23,11.53,15.07,9.09,5.45,38.36,9.22
380,3.31643,2,12.92,31.8,7.22,15.07,11.41,11.53,15.07,8.95,5.39,39.55,9.33
381,3.31643,2,12.87,31.46,7.28,15.07,11.96,11.58,14.76,9.09,5.34,38.59,9.18
382,3.31643,2,12.82,31.8,7.34,15.2,11.5,11.49,14.76,9.09,5.32,38.83,9.29
383,3.31643,2,12.72,31.29,7.31,15.01,11.46,11.53,14.88,9.13,5.37,41.05,9.15
384,3.31643,2,12.72,31.46,7.43,15.14,12.45,11.53,15.4,9.42,5.34,38.36,9.26
385,3.31643,2,12.82,31.46,7.4,15.01,11.23,11.53,14.95,9.13,5.47,37.67,9.15
386,3.31643,2,12.98,31.8,7.34,15.01,11.87,11.44,14.76,9.16,5.43,38.83,9.22
387,3.31643,2,12.87,31.29,7.37,15.01,11.78,11.49,14.95,9.16,5.61,37.67,9.22
388,3.31643,2,12.67,31.29,7.46,15.14,11.19,11.4,14.51,8.92,5.37,37.67,9.15
389,3.31643,2,12.67,31.8,7.4,15.01,11.96,11.4,14.82,9.13,5.56,38.12,9.29
390,3.31643,2,12.72,31.63,7.49,15.2,11.02,11.4,14.76,9.02,5.47,39.06,9.22
391,3.31643,2,12.62,31.29,7.46,15.07,11.55,11.49,14.69,9.09,5.5,37.44,9.26
392,3.31643,2,12.72,31.46,7.46,15.01,12.11,11.4,14.69,9.24,5.41,38.59,9.26
393,3.31643,2,12.67,31.29,7.52,15.2,12.4,11.53,14.57,9.16,5.41,39.3,9.26
394,3.31643,2,12.77,31.29,7.55,15.07,12.25,11.49,14.51,9.16,5.45,38.59,9.26
395,3.31643,2,12.72,31.12,7.46,15.14,11.46,11.49,14.82,9.87,5.5,38.36,9.22
396,3.31643,2,12.62,31.63,7.61,15.01,12.06,11.4,14.63,9.75,5.41,38.83,9.26
397,3.31643,2,12.62,31.29,7.61,15.01,11.15,11.44,14.69,9.2,5.52,37.44,9.18
398,3.31643,2,12.62,31.46,7.58,14.95,12.01,11.53,14.82,9.2,5.3,37.67,9.22
399,3.31643,2,12.57,30.15,7.61,15.01,11.82,11.4,14.63,9.34,5.26,37.67,9.22
400,3.31643,2,12.47,31.46,7.7,15.14,10.43,11.35,14.69,9.16,5.15,36.78,9.26
401,3.31643,2,12.52,30.96,7.73,15.14,10.93,11.4,14.57,9.27,5.19,35.72,9.26
402,3.31643,2,12.47,30.96,7.73,15.07,10.51,11.44,14.57,9.24,5.22,37.22,8.97
403,3.31643,2,12.67,31.46,7.7,14.95,11.19,11.49,14.88,9.31,5.47,37.67,9.18
404,3.31643,2,12.62,31.46,7.79,14.95,11.32,11.53,14.82,9.31,5.56,36.57,9.36
405,3.31643,2,12.67,31.63,7.79,14.95,10.68,11.44,14.57,9.27,5.58,37.9,9.48
406,3.31643,2,12.77,31.63,7.85,15.07,10.47,11.4,14.69,9.34,5.5,37.44,9.33
407,3.31643,2,12.82,31.63,7.88,14.89,11.92,11.49,14.76,9.38,5.56,37.22,9.33
408,3.31643,2,12.72,31.8,7.85,14.95,11.37,11.4,14.57,9.24,5.54,41.58,9.36
409,3.31643,2,12.77,31.46,7.88,14.95,11.5,11.35,14.69,9.16,5.56,38.36,9.33
410,3.31643,2,12.77,31.46,7.85,15.01,11.55,11.26,14.76,9.45,5.41,37.9,9.26
411,3.31643,2,12.77,31.63,7.92,15.01,11.06,11.4,14.82,9.34,4.81,36.78,9.33
412,3.31643,2,12.77,31.12,7.88,14.82,11.55,11.4,14.95,9.42,4.67,36.78,9.18
413,3.31643,2,12.67,31.29,7.85,14.82,11.5,11.22,14.63,9.38,4.87,36.57,9.18
414,3.31643,2,12.67,30.8,7.95,14.89,11.5,11.31,14.69,9.38,4.87,36.57,9.04
415,3.31643,2,12.42,31.29,7.95,14.95,10.55,11.22,14.69,9.24,4.83,37,9.11
416,3.31643,2,12.57,31.29,8.07,14.95,10.47,11.26,14.76,9.31,4.81,36.57,9.26
417,3.31643,2,12.47,31.46,8.07,14.89,10.27,11.17,14.63,9.57,4.22,37,9.33
418,3.31643,2,12.67,30.63,8.14,15.01,10.15,11.44,14.69,9.49,5.93,38.12,9.18
419,3.31643,2,12.47,31.46,8.14,15.01,9.64,11.22,14.69,9.53,4.04,37,9.18
420,3.31643,2,12.52,30.96,8.17,15.01,10.39,11.17,14.57,9.6,4.03,36.57,9.22
421,3.943121396628808,2,12.77,31.12,8.17,14.89,9.83,11.35,14.45,9.53,4.06,37,9.18
422,3.943121396628808,2,12.77,30.96,8.11,14.82,10.8,11.44,14.51,9.6,4.06,36.57,9.04
423,3.943121396628808,2,12.67,31.29,8.17,14.82,10.39,11.35,14.69,9.53,3.79,36.14,9.29
424,3.943121396628808,2,12.67,31.46,8.23,14.95,10.47,11.35,14.45,9.49,4.13,37.9,9.18
425,3.943121396628808,2,12.67,31.29,8.2,14.82,10.27,11.4,14.69,9.57,4.2,36.35,9.22
426,3.943121396628808,2,12.72,31.46,8.23,14.89,10.23,11.44,14.63,9.6,4.31,36.35,9.15
427,3.943121396628808,2,12.57,31.46,8.23,14.89,11.28,11.44,14.88,9.64,5.07,36.35,9.18
428,3.943121396628808,2,12.57,31.29,8.27,14.89,10.39,11.31,14.26,9.68,4.75,36.78,9.08
429,3.943121396628808,2,12.72,31.12,8.3,14.82,11.02,11.35,14.57,9.53,4.5,35.51,9.08
430,3.943121396628808,2,12.52,30.8,8.33,14.89,11.19,11.4,14.51,9.42,4.35,36.35,9.11
431,3.943121396628808,2,12.62,31.12,8.33,14.82,11.23,11.4,14.51,9.64,4.4,36.78,9.15
432,3.943121396628808,2,12.52,30.96,8.4,14.95,11.46,11.26,14.38,9.53,4.37,35.51,9.18
433,3.943121396628808,2,12.57,31.12,8.36,14.89,10.84,11.31,14.32,9.53,4.35,35.11,9.15
434,3.943121396628808,2,12.42,29.38,8.33,15.01,11.19,11.17,14.26,9.68,4.31,36.57,9.26
435,3.943121396628808,2,12.57,31.46,8.4,14.89,11.1,11.09,14.2,9.6,4.33,37,9.36
436,3.943121396628808,2,12.32,30.8,8.5,14.95,10.15,11.13,14.2,9.57,4.29,36.35,9.01
437,3.943121396628808,2,12.42,30.96,8.4,14.95,9.99,11.26,14.2,9.6,4.33,37,9.11
438,3.943121396628808,2,12.37,30.96,8.5,14.95,10.68,11.26,13.97,9.72,4.4,37.67,9.08
439,3.943121396628808,2,11.75,30.96,8.53,14.89,9.49,11.22,14.32,9.75,4.55,35.72,9.01
440,3.943121396628808,2,12.32,31.12,8.5,14.89,9.76,11.26,13.97,9.64,4.33,37,9.36
441,3.943121396628808,2,12.32,30.63,8.63,14.95,9.95,11.22,14.14,9.72,4.61,36.57,9.15
442,3.943121396628808,2,12.13,30.63,8.67,14.95,9.8,11.26,13.97,9.6,4.55,35.72,9.11
443,3.943121396628808,2,12.08,30.8,8.63,14.76,10.27,11.26,14.14,9.79,4.54,36.78,9.04
444,3.943121396628808,2,12.32,30.8,8.7,14.89,10.72,11.31,14.2,9.75,4.48,35.31,9.33
445,3.943121396628808,2,12.04,30.8,8.7,14.82,10.39,11.17,13.79,9.87,4.42,35.72,9.22
446,3.943121396628808,2,12.13,30.63,8.7,14.82,10.39,11.4,13.85,9.83,4.54,35.72,9.18
447,3.943121396628808,2,11.99,31.29,8.7,14.82,9.8,11.99,13.74,9.72,4.48,36.35,8.97
448,3.943121396628808,2,12.23,30.8,8.73,14.76,9.95,11.4,13.85,10.22,4.52,36.35,9.4
449,3.943121396628808,2,12.28,30.63,8.77,14.89,10.19,11.44,13.79,10.1,4.54,35.93,9.22
450,3.943121396628808,2,12.23,30.63,8.77,14.89,10.51,11.53,13.74,10.03,4.57,34.91,9.18
451,3.943121396628808,2,12.28,30.63,8.84,14.89,10.15,11.44,13.62,9.99,4.54,35.11,9.15
452,3.943121396628808,2,12.28,30.47,8.94,14.76,10.59,11.35,13.68,10.14,4.67,36.57,9.18
453,3.943121396628808,2,12.13,30.96,8.94,14.82,10.15,11.35,13.4,9.95,4.63,36.35,9.18
454,3.943121396628808,2,12.13,31.12,8.91,14.76,10.31,11.31,13.51,9.99,4.61,35.31,9.22
455,3.943121396628808,2,12.32,30.96,8.98,14.89,10.43,11.4,13.45,9.99,5.54,36.35,9.01
456,3.943121396628808,2,12.32,30.96,9.01,14.89,10.68,11.31,13.12,10.1,4.63,34.91,9.08
457,3.943121396628808,2,12.28,30.63,9.12,15.01,10.84,11.35,13.4,10.06,4.73,35.31,9.04
458,3.943121396628808,2,12.28,30.31,9.08,14.76,10.8,11.22,13.23,10.14,4.31,35.31,8.86
459,3.943121396628808,2,12.32,31.12,9.08,14.95,10.68,11.44,13.29,10.1,4.48,35.93,9.26
460,3.943121396628808,2,12.18,30.63,9.05,14.82,10.59,11.44,13.29,10.03,4.5,35.72,9.29
461,3.943121396628808,2,12.28,30.63,9.08,14.7,10.8,11.49,13.45,10.1,4.57,35.93,9.11
462,3.943121396628808,2,12.18,31.12,9.16,14.89,10.68,11.4,13.45,10.22,4.65,37.22,9.33
463,3.943121396628808,2,12.23,31.12,9.19,14.89,10.03,11.26,13.4,10.14,4.71,35.51,9.22
464,3.943121396628808,2,12.32,31.46,9.19,14.89,10.43,11.44,13.4,9.99,5.28,35.72,9.29
465,3.943121396628808,2,12.28,31.12,9.19,14.82,11.41,11.44,13.29,10.06,5.13,35.93,9.22
466,3.943121396628808,2,12.37,30.63,9.26,14.76,11.28,11.58,13.97,10.18,4.89,35.51,9.22
467,3.943121396628808,2,12.32,30.63,9.34,14.95,10.97,11.49,13.68,10.14,4.83,36.14,9.26
468,3.943121396628808,2,12.23,30.96,9.34,14.89,10.76,11.4,13.18,10.18,4.77,35.31,9.18
469,3.943121396628808,2,12.23,30.8,9.3,14.76,10.11,11.31,13.07,9.91,4.93,35.31,9.11
470,3.943121396628808,2,12.13,30.96,9.41,14.76,10.35,11.31,12.86,9.68,4.99,35.11,9.22
471,3.943121396628808,2,12.13,30.8,9.34,14.82,11.15,11.35,12.75,9.99,4.91,35.51,9.15
472,3.943121396628808,2,12.28,30.96,9.41,14.95,10.39,11.49,13.02,9.99,4.85,34.51,9.22
473,3.943121396628808,2,12.28,30.31,9.34,14.82,10.84,11.49,12.96,10.1,4.83,35.11,9.08
474,3.943121396628808,2,12.28,30.63,9.45,14.82,10.39,11.49,12.96,10.1,5.79,38.59,9.08
475,3.943121396628808,2,12.28,30.63,9.48,14.95,10.93,11.31,12.86,10.06,4.81,33.93,9.04
476,3.943121396628808,2,12.08,30.31,9.56,14.76,10.72,11.31,12.7,10.03,5.13,34.12,9.11
477,3.943121396628808,2,12.23,30.63,9.6,14.82,10.47,11.4,12.8,10.03,5.01,35.11,9.18
478,3.943121396628808,2,12.08,30.47,9.56,14.82,10.68,11.35,12.54,10.18,4.83,33.93,9.18
479,3.943121396628808,2,12.28,30.15,9.67,14.82,11.15,11.44,12.75,10.18,4.61,33.93,9.15
480,3.943121396628808,2,12.28,30.8,9.63,14.82,11.1,11.35,12.54,9.91,5.34,34.51,9.22
481,3.9544586377939432,2,12.23,30.15,9.71,14.82,11.55,11.4,14.51,10.3,4.85,34.31,9.15
482,3.9544586377939432,2,12.28,30.15,9.82,14.89,10.97,11.35,15.07,10.26,5.41,33.55,9.15
483,3.9544586377939432,2,12.18,29.53,9.75,14.89,10.76,11.44,15.4,10.18,5.17,34.31,9.01
484,3.9544586377939432,2,12.23,29.53,9.9,14.82,11.1,11.35,15.27,10.22,4.85,33.55,9.11
485,3.9544586377939432,2,12.37,30,9.82,14.89,10.8,11.49,15.74,10.26,4.77,33.36,9.36
486,3.9544586377939432,2,12.18,29.84,9.94,14.95,11.37,11.35,14.95,10.14,4.95,33.74,9.15
487,3.9544586377939432,2,12.13,29.84,9.98,14.95,10.59,11.44,15.2,10.1,4.87,34.71,9.15
488,3.9544586377939432,2,12.18,29.69,10.02,14.76,11.23,11.31,15.07,10.06,4.81,34.71,9.22
489,3.9544586377939432,2,12.18,29.38,9.98,14.95,11.06,11.26,15.2,10.22,4.81,34.71,9.04
490,3.9544586377939432,2,12.32,30,9.94,14.82,10.89,11.4,15.53,10.06,5.13,36.57,9.11
491,3.9544586377939432,2,12.23,29.84,10.06,14.95,11.28,11.26,15.14,10.06,5.37,37,9.26
492,3.9544586377939432,2,12.37,29.53,10.06,14.82,11.68,11.4,14.95,10.76,5.58,34.71,9.08
493,3.9544586377939432,2,12.32,29.84,9.98,14.82,10.89,11.31,14.88,10.06,4.85,34.51,9.29
494,3.9544586377939432,2,12.47,30,10.14,14.95,10.51,11.22,14.88,10.1,5.07,35.31,9.29
495,3.9544586377939432,2,12.42,29.38,10.1,14.82,10.72,11.35,15.01,10.39,5.24,38.36,9.22
496,3.9544586377939432,2,12.47,29.38,10.18,15.01,11.15,11.31,14.82,10.59,5.28,35.72,9.11
497,3.9544586377939432,2,12.47,29.38,10.22,14.95,11.1,11.44,14.82,10.22,5.17,35.11,9.22
498,3.9544586377939432,2,12.23,29.53,10.22,14.95,11.37,11.31,14.57,10.1,5.07,34.12,9.26
499,3.9544586377939432,2,12.32,28.93,10.22,14.82,10.72,11.44,14.38,10.3,5.03,35.11,9.18
500,3.9544586377939432,2,12.52,29.08,10.26,14.82,10.55,11.49,14.45,10.34,5.15,31.92,9.18
501,3.9544586377939432,2,12.47,28.78,10.3,14.82,11.1,11.49,14.51,10.43,5.37,33.93,9.08
502,3.9544586377939432,2,12.47,28.78,10.38,14.82,10.23,11.4,13.74,10.63,5.26,34.51,9.11
503,3.9544586377939432,2,12.37,28.49,10.42,14.95,10.35,11.4,14.32,10.18,5.28,34.51,9.08
504,3.9544586377939432,2,12.32,29.08,10.38,14.89,11.28,11.35,14.09,10.22,4.89,34.12,9.11
505,3.9544586377939432,2,12.23,29.23,10.46,14.82,11.23,11.4,13.97,10.59,5.15,36.14,9.18
506,3.9544586377939432,2,12.47,28.78,10.46,14.95,11.1,11.49,13.85,11.55,5.22,34.51,9.11
507,3.9544586377939432,2,12.47,28.63,10.46,14.89,11.92,11.58,13.85,11.15,5.68,33.93,9.01
508,3.9544586377939432,2,12.42,28.63,10.5,14.89,11.68,11.49,14.14,11.37,5.45,33.36,9.08
509,3.9544586377939432,2,12.52,28.63,10.62,14.95,11.55,11.49,13.51,11.15,5.39,33.74,9.29
510,3.9544586377939432,2,12.47,28.2,10.58,14.82,11.15,11.53,13.45,10.8,5.43,33.74,9.18
511,3.9544586377939432,2,12.37,28.63,10.66,14.95,10.84,11.49,13.29,10.06,5.32,33.74,9.26
512,3.9544586377939432,2,12.52,28.63,10.71,14.89,10.59,11.49,13.85,10.18,5.58,34.91,9.04
513,3.9544586377939432,2,12.32,28.63,10.71,15.01,10.84,11.53,13.34,10.34,5.43,33.93,9.29
514,3.9544586377939432,2,12.47,28.49,10.66,14.95,11.78,11.53,13.23,10.39,4.97,33.74,9.15
515,3.9544586377939432,2,12.47,28.63,10.66,14.82,11.37,11.58,13.23,10.51,5.19,34.31,9.08
516,3.9544586377939432,2,12.23,29.08,10.71,14.95,11.23,11.53,13.07,10.47,5.32,31.74,9.26
517,3.9544586377939432,2,12.57,28.34,10.71,14.82,11.02,11.62,13.12,10.59,6.29,33.17,9.18
518,3.9544586377939432,2,12.42,28.49,10.66,14.82,10.89,11.58,13.12,10.55,5.79,33.17,9.18
519,3.9544586377939432,2,12.37,28.2,10.71,14.95,11.15,11.58,13.07,11.01,5.98,34.71,9.15
520,3.9544586377939432,2,12.42,27.92,10.83,15.01,11.02,11.53,13.45,10.59,6.12,33.17,8.93
521,3.9544586377939432,2,12.23,27.78,10.75,14.89,11.37,11.53,13.4,10.51,5.77,33.36,9.26
522,3.9544586377939432,2,12.28,27.64,10.75,14.89,11.32,11.53,13.45,10.76,5.58,32.63,9.15
523,3.9544586377939432,2,12.28,27.64,10.83,14.89,10.63,11.49,13.4,10.76,5.65,34.12,9.22
524,3.9544586377939432,2,12.42,27.78,11,15.01,10.89,11.53,13.4,11.32,5.81,34.31,9.33
525,3.9544586377939432,2,12.37,27.36,10.92,14.89,11.1,11.53,13.91,11.15,5.68,33.55,8.93
526,3.9544586377939432,2,12.32,27.23,11,14.89,10.35,11.49,13.4,10.39,6.14,33.93,9.36
527,3.9544586377939432,2,12.52,26.82,11.09,14.95,10.89,11.58,13.4,11.19,6.81,33.36,9.36
528,3.9544586377939432,2,12.37,27.23,11.18,15.14,10.76,11.49,13.34,11.23,5.28,33.74,9.29
529,3.9544586377939432,2,12.47,27.36,11,14.95,11.37,11.53,13.45,10.76,7.87,32.99,9.22
530,3.9544586377939432,2,12.32,27.23,11.09,14.95,10.31,11.4,13.51,11.46,6.52,32.99,9.26
531,3.9544586377939432,2,12.42,27.09,11.09,15.01,10.31,11.44,13.51,10.59,6.67,33.17,9.04
532,3.9544586377939432,2,12.42,26.96,11.18,14.95,9.99,11.35,13.57,10.72,6.22,34.91,9.26
533,3.9544586377939432,2,12.37,25.54,11.18,14.95,10.11,11.31,13.4,10.89,6.37,33.74,9.15
534,3.9544586377939432,2,12.32,26.82,11.22,14.95,10.11,11.35,13.34,10.93,6.65,33.55,9.15
535,3.9544586377939432,2,12.47,26.82,11.27,14.82,11.82,11.4,13.29,11.15,6.86,32.99,9.22
536,3.9544586377939432,2,12.13,26.56,11.18,14.82,9.8,11.31,13.57,11.55,6.7,33.17,9.04
537,3.9544586377939432,2,12.28,26.96,11.18,14.82,10.47,11.31,13.4,11.1,7.05,33.93,9.26
538,3.9544586377939432,2,12.28,26.96,11.31,14.89,10.23,11.4,13.68,10.93,7.13,35.31,9.18
539,3.9544586377939432,2,12.28,26.3,11.4,14.89,10.55,11.49,13.45,10.72,10.33,33.74,9.29
540,3.9544586377939432,2,12.28,26.04,11.49,15.01,10.11,11.4,13.79,10.89,8.75,34.12,9.08
541,3.993666323564176,2,12.32,25.54,11.53,14.89,10.23,11.4,13.4,11.1,8.12,36.14,8.97
542,3.993666323564176,2,12.42,25.54,11.58,14.82,10.63,11.44,13.51,10.93,7.42,33.55,9.04
543,3.993666323564176,2,12.37,25.3,11.63,15.01,10.68,11.49,13.51,11.41,7.33,33.17,8.9
544,3.993666323564176,2,12.37,24.93,11.72,14.95,11.55,11.44,13.51,11.41,7.05,32.99,8.86
545,3.993666323564176,2,12.23,24.93,11.67,15.01,10.59,11.4,13.51,10.89,6.27,33.36,8.97
546,3.993666323564176,2,12.23,24.82,11.67,14.82,10.59,11.4,13.34,11.15,6.29,33.17,8.83
547,3.993666323564176,2,12.37,24.82,11.76,14.89,10.43,11.49,13.51,11.1,6.44,33.93,8.93
548,3.993666323564176,2,12.37,24.58,11.76,14.76,10.35,11.44,13.51,11.41,6.86,32.99,8.66
549,3.993666323564176,2,12.52,24.58,11.86,14.95,10.43,11.44,13.4,11.19,6.24,33.36,8.8
550,3.993666323564176,2,12.47,24.46,11.9,14.95,10.55,11.49,13.45,11.46,7.28,33.55,8.73
551,3.993666323564176,2,12.42,24.23,11.86,14.95,10.63,11.35,13.4,11.19,7.6,33.55,8.86
552,3.993666323564176,2,12.37,23.78,12,14.89,10.89,11.4,13.29,11.46,7.36,32.99,8.83
553,3.993666323564176,2,12.37,23.67,12,14.82,10.39,11.44,13.34,11.32,7.39,32.81,8.83
554,3.993666323564176,2,12.42,23.67,12,15.01,10.31,11.35,13.18,11.5,7.22,32.99,8.97
555,3.993666323564176,2,12.13,23.45,12,14.95,9.8,11.9,13.34,11.41,6.6,32.99,8.9
556,3.993666323564176,2,12.42,23.45,12.14,14.95,10.15,11.49,13.45,11.64,6.83,33.55,8.93
557,3.993666323564176,2,12.37,23.45,12.19,14.89,9.99,11.58,13.4,11.41,6.42,32.63,8.9
558,3.993666323564176,2,12.37,23.23,12.29,14.95,10.35,11.35,13.51,11.59,6.02,33.55,8.86
559,3.993666323564176,2,12.52,23.01,12.19,14.82,9.72,11.35,13.57,11.59,7.28,32.81,8.9
560,3.993666323564176,2,12.72,22.8,12.19,14.89,10.39,11.4,13.68,11.46,7.39,36.35,8.76
561,3.993666323564176,2,12.47,22.91,12.38,14.89,9.42,11.53,13.34,11.37,7.3,33.55,8.93
562,3.993666323564176,2,12.57,22.91,12.38,14.95,10.59,11.31,13.74,11.46,7.16,33.55,8.97
563,3.993666323564176,2,12.37,22.18,12.33,14.76,10.39,11.17,13.23,11.28,7.02,31.92,8.76
564,3.993666323564176,2,12.57,20.55,12.43,14.82,10.84,11.31,13.62,11.5,7.65,32.63,8.9
565,3.993666323564176,2,12.42,21.98,12.33,14.76,10.11,11.17,13.45,11.92,7.13,31.92,8.93
566,3.993666323564176,2,12.62,21.98,12.53,14.89,10.39,11.26,13.4,11.59,7.54,32.45,8.93
567,3.993666323564176,2,12.72,21.68,12.48,14.95,10.27,11.4,13.45,11.55,7.75,33.17,8.83
568,3.993666323564176,2,12.72,21.59,12.43,14.82,10.76,11.44,13.4,11.46,7.68,33.36,8.83
569,3.993666323564176,2,12.57,21.39,12.53,14.76,10.19,11.44,13.4,12.21,7.25,31.92,8.73
570,3.993666323564176,2,12.62,21.59,12.58,14.82,10.63,11.26,13.34,11.69,6.91,31.57,8.9
571,3.993666323564176,2,12.62,21.88,12.58,14.89,10.23,11.4,13.34,11.59,6.94,32.45,9.08
572,3.993666323564176,2,12.67,21.78,12.63,14.95,10.47,11.31,13.34,11.78,7.39,30.57,8.83
573,3.993666323564176,2,12.47,21.68,12.63,14.82,10.31,11.44,13.29,11.97,7.45,31.06,8.83
574,3.993666323564176,2,12.62,21.68,12.68,14.82,10.59,11.44,13.34,11.78,7.51,31.23,8.69
575,3.993666323564176,2,12.77,21.78,12.78,14.89,10.43,11.31,13.34,11.59,7.54,31.74,8.9
576,3.993666323564176,2,12.62,21.68,12.73,14.82,11.15,11.13,13.29,11.82,7.87,31.4,8.86
577,3.993666323564176,2,12.72,21.68,12.83,14.89,10.23,11.35,13.34,11.92,8.05,31.92,8.76
578,3.993666323564176,2,12.47,21.59,12.83,14.76,10.76,11.35,13.34,11.87,8.47,31.4,8.8
579,3.993666323564176,2,12.67,21.68,12.94,14.95,10.47,11.44,13.29,12.01,8.41,30.57,9.04
580,3.993666323564176,2,12.42,21.68,12.83,14.95,10.15,11.4,13.23,11.92,8.44,33.93,8.83
581,3.993666323564176,2,12.37,21.59,12.88,14.89,10.47,11.4,13.07,11.97,8.51,31.74,8.9
582,3.993666323564176,2,12.32,21.49,12.88,14.95,10.68,11.53,13.23,11.92,8.64,31.74,8.86
583,3.993666323564176,2,12.28,21.1,12.94,14.76,10.63,11.49,13.23,11.82,8.85,31.4,8.97
584,3.993666323564176,2,12.32,21.2,12.94,14.76,10.43,11.26,13.12,11.82,8.75,32.45,8.86
585,3.993666323564176,2,12.37,21.29,13.04,14.95,11.19,11.35,13.12,11.87,8.92,31.74,8.9
586,3.993666323564176,2,12.42,21.1,12.94,14.76,10.55,11.35,13.12,11.92,8.95,33.93,8.86
587,3.993666323564176,2,12.18,21.2,13.04,14.89,10.68,11.35,13.07,12.45,9.02,31.74,8.9
588,3.993666323564176,2,12.18,20.82,12.99,14.82,10.27,11.35,12.96,12.06,8.99,31.23,9.01
589,3.993666323564176,2,12.23,20.73,13.09,14.7,10.07,11.4,13.12,11.82,9.13,32.63,8.8
590,3.993666323564176,2,12.13,21.01,13.09,14.95,10.03,11.35,13.07,11.87,9.77,30.9,8.93
591,3.993666323564176,2,12.23,20.82,13.09,14.95,10.15,11.35,13.07,11.87,9.54,31.57,8.8
592,3.993666323564176,2,12.28,20.73,13.2,14.95,10.93,11.35,12.96,12.01,9.65,31.06,9.11
593,3.993666323564176,2,12.32,20.46,13.14,14.82,11.37,11.44,12.91,12.21,9.61,31.57,8.83
594,3.993666323564176,2,12.37,20.46,13.36,14.82,10.68,11.31,13.02,12.3,9.65,32.09,9.01
595,3.993666323564176,2,12.32,20.55,13.36,14.89,10.63,11.4,13.23,12.25,9.69,32.81,9.4
596,3.993666323564176,2,12.18,20.36,13.36,14.82,10.07,11.31,13.02,12.45,9.65,33.93,9.04
597,3.993666323564176,2,12.28,20.19,13.3,14.82,10.76,11.35,13.07,12.55,9.81,32.63,9.29
598,3.993666323564176,2,12.28,19.92,13.36,14.64,10.19,11.4,13.68,12.55,9.88,31.74,9.15
599,3.993666323564176,2,12.37,20.19,13.36,14.82,10.89,11.35,13.23,12.55,9.96,31.23,9.22
600,3.993666323564176,2,12.23,19.92,13.52,14.82,9.95,11.44,13.18,12.6,9.96,31.92,9.15
601,3.9997581174861336,2,12.18,19.57,13.46,14.64,10.51,11.26,13.07,12.7,10.04,32.45,8.8
602,3.9997581174861336,2,12.13,19.75,13.57,14.76,9.83,11.35,13.12,12.91,10,32.09,9.11
603,3.9997581174861336,2,12.08,19.75,13.57,14.7,11.02,11.22,13.07,12.75,9.92,30.73,9.08
604,3.9997581174861336,2,12.08,19.75,13.52,14.4,10.31,11.26,13.12,12.6,10.33,31.4,9.11
605,3.9997581174861336,2,12.08,19.66,13.46,14.46,10.35,11.22,13.07,12.7,10.16,32.09,8.97
606,3.9997581174861336,2,12.23,19.4,13.57,14.46,10.35,11.22,13.02,12.7,10.29,30.09,9.11
607,3.9997581174861336,2,12.08,19.15,13.57,14.58,10.19,11.13,12.7,12.5,10.41,34.71,9.11
608,3.9997581174861336,2,12.18,18.82,13.63,14.4,10.19,11.13,12.96,12.91,10.29,31.23,8.86
609,3.9997581174861336,2,12.08,18.9,13.57,14.34,10.97,11.09,12.91,12.75,10.29,30.9,9.18
610,3.9997581174861336,2,12.13,18.66,13.63,14.34,9.99,11.04,12.96,12.65,10.33,30.9,8.93
611,3.9997581174861336,2,12.13,18.9,13.63,14.28,10.63,11.13,12.91,12.75,10.49,31.92,9.04
612,3.9997581174861336,2,12.08,18.5,13.68,14.16,10.15,11,12.75,12.8,10.54,31.4,8.97
613,3.9997581174861336,2,12.28,18.99,13.63,14.16,10.11,11.09,13.02,12.85,10.54,30.9,8.9
614,3.9997581174861336,2,12.18,18.42,13.85,14.28,10.55,11,12.86,12.8,11.01,29.93,8.9
615,3.9997581174861336,2,12.04,18.19,13.68,14.16,10.39,11.09,12.75,12.85,10.58,30.9,9.01
616,3.9997581174861336,2,12.13,18.34,13.79,14.16,10.59,11.09,12.75,12.85,10.45,30.73,9.08
617,3.9997581174861336,2,11.99,18.34,13.85,14.16,11.02,11.04,12.75,12.75,10.49,30.73,8.9
618,3.9997581174861336,2,12.18,17.96,13.85,14.11,11.28,11,12.75,12.96,10.45,31.23,9.08
619,3.9997581174861336,2,12.04,18.11,13.74,14.05,10.15,10.96,12.7,13.17,10.49,30.73,9.26
620,3.9997581174861336,2,12.13,18.11,13.9,13.93,10.19,10.87,12.65,12.96,10.62,30.73,8.97
621,3.9997581174861336,2,12.08,17.88,13.9,13.93,10.43,10.96,12.65,12.65,10.54,29.77,9.04
622,3.9997581174861336,2,11.99,17.73,14.01,13.88,10.68,10.41,12.59,13.06,10.71,30.25,9.15
623,3.9997581174861336,2,12.08,17.5,13.9,13.88,11.23,10.87,12.54,13.38,10.79,30.57,8.97
624,3.9997581174861336,2,12.04,17.43,14.01,13.88,10.76,10.83,12.44,12.75,10.84,30.25,9.22
625,3.9997581174861336,2,11.99,17.36,14.01,13.93,11.37,10.83,12.54,12.91,10.84,31.4,9.18
626,3.9997581174861336,2,11.85,17.07,14.07,13.93,10.27,10.91,12.44,13.06,10.84,30.41,9.01
627,3.9997581174861336,2,11.85,16.85,14.13,13.88,11.06,10.91,12.19,12.75,11.29,30.41,9.01
628,3.9997581174861336,2,11.94,16.92,14.07,13.76,9.95,10.87,12.34,12.65,11.33,30.9,9.22
629,3.9997581174861336,2,11.89,15.64,13.96,13.76,11.06,10.79,12.19,13.33,11.24,29.77,8.8
630,3.9997581174861336,2,12.08,16.64,14.07,13.88,10.76,10.83,12.24,13.06,11.38,31.06,9.11
631,3.9997581174861336,2,11.99,16.64,14.07,13.76,10.84,10.91,12.24,13.54,11.52,29.46,9.11
632,3.9997581174861336,2,12.08,16.44,14.13,13.71,11.32,10.87,12.24,13.33,11.47,30.57,9.11
633,3.9997581174861336,2,11.99,16.37,14.24,13.65,10.27,10.91,12.04,13.93,11.47,29.93,8.8
634,3.9997581174861336,2,11.89,16.23,14.24,13.71,11.19,11,12.04,13.44,11.52,31.57,9.33
635,3.9997581174861336,2,11.94,16.03,14.18,13.65,10.31,11,11.8,13.71,11.66,29.93,9.22
636,3.9997581174861336,2,11.99,15.77,14.3,13.71,11.06,10.96,11.8,13.88,12.99,30.25,9.08
637,3.9997581174861336,2,12.04,15.71,14.3,13.82,11.19,11.04,11.8,13.6,16.72,30.73,9.18
638,3.9997581174861336,2,12.04,15.07,14.42,13.71,11.06,11,11.57,13.11,16.87,29.93,9.01
639,3.9997581174861336,2,11.94,14.95,14.36,13.54,10.63,10.79,11.61,13.88,12.3,29.46,8.93
640,3.9997581174861336,2,11.94,15.01,14.53,13.65,10.93,10.87,11.57,13.38,11.8,28.7,9.18
641,3.9997581174861336,2,11.8,14.89,14.59,13.65,10.72,10.79,11.43,13.49,12.35,29.77,9.29
642,3.9997581174861336,2,12.04,14.77,14.65,13.6,11.28,10.79,11.43,13.54,12.51,30.57,9.11
643,3.9997581174861336,2,12.04,14.36,14.71,13.65,11.23,10.79,11.34,13.71,12.61,30.57,9.11
644,3.9997581174861336,2,12.04,14.18,14.71,13.65,10.63,10.83,11.2,14.1,12.4,30.57,9.08
645,3.9997581174861336,2,11.99,14.18,14.59,13.54,10.97,10.74,11.11,14.16,12.3,28.7,9.26
646,3.9997581174861336,2,11.99,13.85,14.77,13.65,11.28,10.83,11.11,13.93,12.66,29.46,9.26
647,3.9997581174861336,2,12.04,13.74,14.83,13.43,10.93,10.83,11.02,14.05,12.56,30.09,9.08
648,3.9997581174861336,2,11.94,13.79,14.77,13.43,11.41,10.7,10.94,14.16,12.66,30.41,9.78
649,3.9997581174861336,2,11.94,13.74,14.95,13.38,10.63,10.74,10.81,14.05,12.72,29.46,9.36
650,3.9997581174861336,2,11.94,13.41,14.89,13.32,11.1,10.74,10.85,14.33,14.2,29.61,9.55
651,3.9997581174861336,2,11.99,13.36,14.95,13.38,11.23,10.7,10.81,13.88,15.98,29.46,9.33
652,3.9997581174861336,2,11.99,13.14,15.01,13.32,10.72,10.66,10.51,14.16,16.27,30.25,9.44
653,3.9997581174861336,2,12.04,12.78,15.01,13.38,10.97,10.7,10.51,13.93,15.63,29,9.55
654,3.9997581174861336,2,12.04,12.63,15.14,13.38,10.07,10.83,10.51,14.16,14.57,30.9,9.33
655,3.9997581174861336,2,12.08,12.43,15.45,13.49,11.06,10.79,10.38,15.06,13.9,29.93,9.29
656,3.9997581174861336,2,12.13,12.43,15.39,13.43,10.51,10.7,10.55,14.81,13.26,31.92,9.29
657,3.9997581174861336,2,12.18,12.14,15.45,13.27,10.76,10.7,10.14,14.22,13.37,29.93,9.36
658,3.9997581174861336,2,11.99,12.24,15.51,13.38,10.68,11,11.71,13.93,12.51,31.74,9.08
659,3.9997581174861336,2,11.85,12.94,15.32,13.49,10.63,10.96,11.61,14.05,12,30.25,9.15
660,3.9997581174861336,2,12.04,13.2,15.26,13.49,10.55,10.91,11.47,14.1,12.1,29.77,9.08
661,4.049554083074122,3,11.85,13.2,15.14,13.43,10.07,10.87,11.29,13.76,11.71,30.41,9.04
662,4.049554083074122,3,11.85,13.46,15.08,13.43,10.19,10.96,11.29,13.93,11.71,30.57,9.08
663,4.049554083074122,3,11.89,13.46,14.95,13.32,10.31,10.96,11.25,13.93,11.61,30.41,9.18
664,4.049554083074122,3,11.8,13.41,14.89,13.43,11.02,10.91,11.07,13.99,12.1,30.09,9.15
665,4.049554083074122,3,11.71,13.52,14.95,13.43,10.63,10.91,11.02,13.93,12.05,30.25,9.11
666,4.049554083074122,3,11.89,13.3,15.01,13.49,10.72,10.91,10.89,13.88,12.56,30.57,9.33
667,4.049554083074122,3,11.75,13.09,15.2,13.43,10.39,10.91,10.76,14.1,12.72,29.93,9.15
668,4.049554083074122,3,11.8,12.89,15.32,13.54,10.27,11,10.68,14.22,12.05,31.06,9.08
669,4.049554083074122,3,11.8,12.89,15.32,13.49,11.15,10.91,10.85,14.22,11.85,31.57,9.18
670,4.049554083074122,3,11.85,12.63,15.26,13.54,11.23,10.96,10.43,14.28,12.25,30.73,9.15
671,4.049554083074122,3,11.71,12.58,15.32,13.49,11.28,10.96,10.47,13.76,11.8,30.73,9.22
672,4.049554083074122,3,11.75,12.68,15.51,13.6,10.76,11,10.34,13.38,12.35,30.25,9.26
673,4.049554083074122,3,11.8,12.68,15.39,13.54,10.55,11.04,10.3,13.11,12.4,31.06,9.26
674,4.049554083074122,3,11.8,12.73,15.45,13.43,11.1,11,10.26,14.28,11.42,31.92,9.33
675,4.049554083074122,3,11.8,12.48,15.51,13.49,10.47,10.91,10.1,14.33,12.15,29.93,9.18
676,4.049554083074122,3,11.75,12.43,15.71,13.6,10.43,10.91,9.94,14.51,12,29.93,9.22
677,4.049554083074122,3,11.8,12.19,15.77,13.6,11.46,11,9.9,14.51,12.25,29.61,9.15
678,4.049554083074122,3,11.66,12.14,15.84,13.6,10.93,11.09,9.86,14.51,12.05,30.09,9.11
679,4.049554083074122,3,11.71,12.24,15.77,13.49,11.23,11.04,9.75,14.39,12.1,31.06,9.01
680,4.049554083074122,3,11.8,12.19,15.71,13.49,10.15,10.96,9.6,14.28,12.99,30.25,9.04
681,4.049554083074122,3,11.75,12,15.84,13.54,11.28,11.04,9.63,14.28,14.02,29.93,8.9
682,4.049554083074122,3,11.8,12.05,15.84,13.38,10.43,11.04,9.52,14.45,13.66,29.77,9.29
683,4.049554083074122,3,11.71,11.09,15.84,13.54,11.46,11.04,9.48,13.76,13.21,30.09,9.11
684,4.049554083074122,3,11.66,11.86,15.84,13.43,11.46,11,9.3,14.1,13.6,30.41,9.04
685,4.049554083074122,3,11.66,11.72,16.03,13.6,10.39,11,9.19,13.99,13.09,29.3,8.73
686,4.049554083074122,3,11.89,11.81,16.37,13.82,10.97,11.13,9.15,14.28,13.32,30.57,9.36
687,4.049554083074122,3,11.75,11.49,16.3,13.76,10.39,11.04,9.08,14.16,12.72,30.25,9.08
688,4.049554083074122,3,12.18,11.86,16.86,14.11,11.32,11.49,9.71,14.39,13.26,31.74,9.55
689,4.049554083074122,3,12.98,12.29,18.04,15.07,11.64,12.38,10.22,15.31,14.14,33.93,10.37
690,4.049554083074122,3,11.89,10.71,16.51,13.71,10.8,11.09,9.08,13.93,13.37,30.9,9.04
691,4.049554083074122,3,11.89,10.96,16.44,13.71,11.23,11.13,9.37,13.93,12.66,31.74,9.15
692,4.049554083074122,3,11.89,11.09,17,13.82,11.06,11.13,9.26,14.1,13.32,31.4,9.26
693,4.049554083074122,3,11.85,11.14,16.86,13.93,11.5,11.26,9.34,14.45,13.6,31.23,9.29
694,4.049554083074122,3,11.89,11.18,17.21,13.88,11.64,11.26,9.3,14.81,14.14,31.23,9.29
695,4.049554083074122,3,11.94,10.96,17.36,13.99,10.43,11.26,9.15,15.06,15.63,30.25,9.22
696,4.049554083074122,3,11.94,10.79,17.29,13.99,10.76,11.17,9.15,14.75,16.42,30.9,9.29
697,4.049554083074122,3,11.89,10.75,17.21,14.22,11.23,11.31,9.15,14.75,19.8,31.23,9.26
698,4.049554083074122,3,11.94,10.5,17.29,13.88,10.84,11.17,9.05,14.63,13.66,34.51,9.33
699,4.049554083074122,3,11.8,10.5,17.51,13.99,11.06,11.17,9.01,14.57,13.26,31.92,9.22
700,4.049554083074122,3,11.85,10.5,17.51,13.99,10.72,11.13,8.94,14.33,14.7,29,9.11
701,4.049554083074122,3,11.89,10.42,17.51,13.99,11.19,11.26,9.15,14.39,19.14,30.09,8.97
702,4.049554083074122,3,11.75,10.22,17.51,13.82,10.89,11.22,9.19,14.39,10.93,29.46,8.97
703,4.049554083074122,3,11.75,10.42,17.58,13.99,11.19,11.26,9.15,14.57,14.51,30.9,9.26
704,4.049554083074122,3,11.8,10.38,17.73,13.93,10.76,11.22,9.23,14.69,13.72,29.93,9.01
705,4.049554083074122,3,11.8,10.42,17.58,13.82,10.63,11.26,9.19,14.57,15.02,29,9.11
706,4.049554083074122,3,11.62,9.67,17.58,13.99,10.35,11.09,9.23,14.75,14.51,31.06,9.22
707,4.049554083074122,3,11.94,10.26,17.73,13.82,11.41,11.22,9.26,14.81,14.08,31.23,9.18
708,4.049554083074122,3,11.94,10.14,17.96,13.93,10.76,11.17,9.08,14.81,14.2,30.57,9.18
709,4.049554083074122,3,11.85,10.06,17.96,13.99,11.02,11.17,8.94,14.75,13.78,31.06,9.22
710,4.049554083074122,3,11.94,10.02,18.11,13.88,11.55,11.17,8.94,14.81,10.54,30.41,9.33
711,4.049554083074122,3,12.04,9.94,18.11,13.99,10.89,11.17,8.8,14.63,11.52,29,9.29
712,4.049554083074122,3,11.94,9.86,18.11,14.05,10.8,11.13,8.87,13.88,11.1,29.61,9.22
713,4.049554083074122,3,11.89,9.94,18.11,13.93,10.55,11.13,8.84,14.1,11.38,30.41,9.04
714,4.049554083074122,3,11.89,9.86,18.04,13.88,10.59,11.26,8.8,14.75,10.84,31.4,8.93
715,4.049554083074122,3,11.94,9.94,18.04,13.99,10.59,11.17,8.84,13.99,11.1,29.93,8.97
716,4.049554083074122,3,11.94,9.94,17.88,13.93,10.43,11.09,8.67,14.16,11.42,30.73,9.01
717,4.049554083074122,3,11.85,9.94,18.27,13.76,10.23,11.13,8.77,14.16,11.71,29.93,8.93
718,4.049554083074122,3,11.89,9.98,18.11,13.93,10.84,11.22,8.67,14.63,11.71,29.46,8.86
719,4.049554083074122,3,11.75,10.06,18.27,13.88,11.23,11.22,8.73,14.28,11.95,31.06,8.83
720,4.049554083074122,3,11.85,10.06,18.27,13.99,10.39,11.17,8.63,14.28,11.95,30.09,8.39
721,4.122483910931027,3,11.85,10.18,18.27,13.88,10.68,11.31,8.77,14.57,11.95,29.93,9.01
722,4.122483910931027,3,11.89,10.14,18.19,13.82,10.8,11.35,8.63,14.22,12.25,29,9.01
723,4.122483910931027,3,11.89,10.06,18.43,13.93,10.63,11.31,8.8,14.45,12.56,30.09,8.8
724,4.122483910931027,3,12.18,10.18,18.35,13.82,10.89,11.26,8.53,14.33,12.56,30.73,8.9
725,4.122483910931027,3,12.13,10.22,18.19,13.82,10.72,11.31,8.5,14.81,12.3,30.25,8.9
726,4.122483910931027,3,12.28,10.14,18.43,13.93,10.51,11.22,8.2,14.63,13.66,29.61,8.86
727,4.122483910931027,3,12.28,8.98,18.19,13.88,10.72,11.31,8.2,14.69,13.26,28.55,9.04
728,4.122483910931027,3,12.28,10.14,18.35,13.88,11.19,11.35,8.14,14.63,13.72,30.25,9.4
729,4.122483910931027,3,12.28,9.98,18.43,13.93,11.41,11.31,8.11,14.51,13.84,30.41,9.22
730,4.122483910931027,3,12.32,10.02,18.59,13.99,11.28,11.35,8.01,14.75,13.37,30.25,9.22
731,4.122483910931027,3,12.23,9.94,18.67,13.88,10.51,11.31,7.95,14.57,13.72,31.4,9.15
732,4.122483910931027,3,12.28,9.82,18.43,13.99,11.1,11.26,7.8,14.39,13.54,29.77,9.08
733,4.122483910931027,3,12.23,9.75,18.59,13.88,11.28,11.31,7.71,14.16,13.43,29.61,9.01
734,4.122483910931027,3,12.28,9.75,18.43,13.88,11.5,11.35,7.68,14.39,13.21,29.3,8.83
735,4.122483910931027,3,12.23,9.82,18.67,13.82,11.37,11.35,7.62,14.75,12.88,30.09,9.08
736,4.122483910931027,3,12.18,9.9,18.43,13.88,9.99,11.31,7.53,14.57,13.26,30.25,9.04
737,4.122483910931027,3,12.28,9.94,18.67,13.82,9.8,11.31,7.53,14.51,13.09,30.9,8.97
738,4.122483910931027,3,12.28,9.71,18.51,14.05,9.68,11.4,7.5,14.51,12.93,30.25,9.26
739,4.122483910931027,3,12.32,9.67,18.75,13.93,10.68,11.31,7.44,14.57,13.04,29.46,9.15
740,4.122483910931027,3,12.37,9.75,18.67,13.93,10.72,11.35,7.38,14.69,13.09,30.25,9.26
741,4.122483910931027,3,12.13,9.67,18.83,13.93,9.95,11.44,7.41,14.87,13.15,30.73,9.11
742,4.122483910931027,3,12.28,9.52,18.67,13.99,10.43,11.35,7.32,14.75,13.09,30.73,9.08
743,4.122483910931027,3,12.32,9.52,18.75,13.82,10.39,11.35,7.29,14.69,12.82,30.57,8.59
744,4.122483910931027,3,12.37,9.52,18.67,14.05,10.23,11.31,7.24,14.81,12.82,29.46,9.26
745,4.122483910931027,3,12.28,9.56,18.75,13.93,9.64,11.4,7.15,14.57,12.72,29.77,9.22
746,4.122483910931027,3,12.28,9.37,18.91,13.99,9.91,11.44,7.15,14.69,12.88,30.73,9.22
747,4.122483910931027,3,12.28,9.48,18.91,13.88,9.35,11.31,7.04,14.87,13.09,30.41,9.18
748,4.122483910931027,3,12.28,9.37,18.75,13.99,9.38,11.31,6.99,14.51,12.82,28.55,9.11
749,4.122483910931027,3,12.32,9.45,18.83,13.93,9.61,11.44,7.01,14.63,12.88,29.46,9.22
750,4.122483910931027,3,12.23,9.37,18.99,13.93,9.87,11.35,6.99,14.57,12.51,30.25,9.26
751,4.122483910931027,3,12.18,9.34,18.91,14.05,9.02,11.4,6.9,14.22,12.77,29,9.22
752,4.122483910931027,3,12.32,9.05,18.91,14.05,9.09,11.49,6.9,14.51,13.04,29.46,8.8
753,4.122483910931027,3,12.32,9.37,19.07,14.05,8.81,11.4,6.88,14.81,13.21,29.77,9.22
754,4.122483910931027,3,12.23,9.34,19.07,13.93,9.06,11.35,6.8,14.75,13.32,29.77,9.15
755,4.122483910931027,3,12.23,9.23,18.83,14.05,9.64,11.44,6.72,14.57,13.15,32.45,9.04
756,4.122483910931027,3,12.18,9.37,19.07,14.05,9.46,11.44,6.69,14.45,13.43,29.93,9.15
757,4.122483910931027,3,12.28,9.23,19.07,14.05,9.42,11.4,6.72,14.93,13.09,29.61,8.93
758,4.122483910931027,3,12.18,9.23,18.91,14.05,8.95,11.44,6.64,14.51,13.37,29.61,9.11
759,4.122483910931027,3,12.28,9.23,19.07,13.99,9.24,11.4,6.64,14.63,14.57,29.77,9.04
760,4.122483910931027,3,12.28,9.23,18.99,14.05,9.17,11.53,6.61,15.63,13.84,29.93,9.04
761,4.122483910931027,3,12.37,9.09,19.24,13.99,9.27,11.49,6.56,15.69,14.51,34.71,9.04
762,4.122483910931027,3,12.23,9.23,19.16,13.88,9.2,11.4,6.48,15.44,14.08,32.27,9.29
763,4.122483910931027,3,12.32,9.23,19.16,13.93,9.2,11.44,6.48,15.37,13.84,33.17,8.93
764,4.122483910931027,3,12.18,9.16,19.16,13.93,9.49,11.4,6.53,15.18,13.96,30.25,8.97
765,4.122483910931027,3,12.28,9.09,19.24,14.05,9.91,11.49,6.38,15.76,13.9,30.09,9.18
766,4.122483910931027,3,12.23,9.12,19.16,14.05,9.13,11.53,6.4,15.5,14.02,30.25,9.18
767,4.122483910931027,3,12.13,9.12,19.24,13.99,9.64,11.53,6.4,15.37,14.08,29.77,9.22
768,4.122483910931027,3,12.18,9.19,19.33,13.93,9.68,11.44,6.33,15.69,14.08,30.73,9.22
769,4.122483910931027,3,12.18,9.12,19.41,13.99,9.83,11.4,6.28,16.3,14.51,30.9,9.29
770,4.122483910931027,3,12.23,8.37,19.16,13.93,9.35,11.4,6.28,16.3,14.2,31.06,9.33
771,4.122483910931027,3,12.18,9.01,19.16,14.05,9.57,11.44,6.25,16.02,14.51,29.61,9.11
772,4.122483910931027,3,12.18,9.37,19.49,13.93,9.49,11.4,6.28,16.02,14.32,30.9,9.51
773,4.122483910931027,3,12.13,9.09,19.24,13.93,9.53,11.53,6.2,15.69,14.96,28.26,9.26
774,4.122483910931027,3,12.13,9.12,19.49,13.99,9.27,11.4,6.2,15.83,15.02,29.77,9.26
775,4.122483910931027,3,12.13,9.05,19.24,14.05,9.42,11.44,6.15,15.5,14.57,29.61,9.26
776,4.122483910931027,3,12.23,9.05,19.33,13.93,9.13,11.49,6.2,15.83,15.22,29.61,9.15
777,4.122483910931027,3,12.23,9.09,19.49,13.99,9.46,11.49,6.13,15.18,15.35,31.4,9.18
778,4.122483910931027,3,12.13,9.12,19.41,13.88,9.87,11.49,6.06,15,15.56,30.9,9.33
779,4.122483910931027,3,12.18,9.09,19.33,13.82,8.81,11.4,6.03,15.25,15.35,30.41,9.04
780,4.122483910931027,3,12.18,9.05,19.33,13.93,9.8,11.53,6.01,15.18,15.7,29.61,9.18
781,4.257484898736022,3,11.99,9.16,19.58,13.88,9.72,11.44,6.08,15.25,15.77,30.25,8.9
782,4.257484898736022,3,12.23,9.16,19.49,13.88,9.95,11.53,6.01,15.44,15.98,29.77,9.18
783,4.257484898736022,3,12.13,9.12,19.49,13.93,9.35,11.44,5.98,15.37,15.77,30.41,9.4
784,4.257484898736022,3,12.13,9.12,19.58,13.93,9.35,11.58,5.98,15.12,15.91,28.85,9.26
785,4.257484898736022,3,12.18,9.05,19.49,14.05,9.83,11.62,6.01,15.44,15.98,29.77,9.18
786,4.257484898736022,3,12.13,9.09,19.67,13.93,9.49,11.49,5.89,15.12,16.49,30.73,9.04
787,4.257484898736022,3,12.28,9.01,19.49,14.05,9.83,11.67,5.96,15.25,16.49,28.12,9.01
788,4.257484898736022,3,12.18,8.94,19.58,14.05,9.24,11.58,5.89,15.37,15.91,29.93,9.04
789,4.257484898736022,3,12.13,9.05,19.75,14.05,9.64,11.53,5.91,15.31,16.34,30.41,9.22
790,4.257484898736022,3,12.08,8.94,19.49,14.11,9.17,11.44,5.82,15.25,16.2,29.15,9.11
791,4.257484898736022,3,12.18,8.94,19.49,14.11,8.99,11.62,5.84,15.37,16.49,30.41,9.22
792,4.257484898736022,3,12.18,8.98,19.75,13.99,9.02,11.58,5.8,15.56,16.72,29.46,9.29
793,4.257484898736022,3,12.13,8.94,19.75,14.05,9.61,11.58,5.8,15.12,16.64,29.77,9.18
794,4.257484898736022,3,12.23,9.01,19.75,14.05,8.88,11.62,5.75,14.87,17.1,30.25,9.22
795,4.257484898736022,3,12.13,8.87,19.67,14.11,9.06,11.62,5.77,15.18,19.05,31.06,9.11
796,4.257484898736022,3,12.18,8.84,19.93,14.16,9.87,11.71,5.73,15,19.14,30.9,9.36
797,4.257484898736022,3,12.18,8.8,19.93,14.11,9.31,11.71,5.7,14.93,18,31.06,9.22
798,4.257484898736022,3,12.28,8.84,19.93,14.11,9.31,11.85,5.73,15.18,18.34,31.92,9.36
799,4.257484898736022,3,12.13,8.67,19.93,14.05,9.57,11.71,5.66,15.69,18.43,31.06,9.26
800,4.257484898736022,3,12.13,8.7,19.75,14.16,9.42,11.67,5.61,15.76,18.51,32.09,9.22
801,4.257484898736022,3,12.18,8.67,19.75,14.11,8.95,11.71,5.63,15.96,18.69,30.73,9.36
802,4.257484898736022,3,12.23,8.67,19.84,14.11,9.99,11.76,5.63,16.3,18.69,30.73,9.29
803,4.257484898736022,3,12.18,8.6,20.1,14.11,9.35,11.85,5.52,16.16,18.17,29.93,9.26
804,4.257484898736022,3,12.08,8.5,19.84,14.16,9.06,11.71,5.48,15.31,18.6,29.93,9.08
805,4.257484898736022,3,12.18,8.67,20.02,14.22,9.09,11.81,5.57,15.31,18.34,31.06,9.29
806,4.257484898736022,3,12.13,8.5,19.93,13.99,9.57,11.71,5.48,15.37,18.34,30.9,9.04
807,4.257484898736022,3,12.13,8.47,20.1,13.99,8.71,11.76,5.45,15.06,18,31.74,9.04
808,4.257484898736022,3,12.04,8.5,19.93,14.05,9.27,11.71,5.48,15.12,18,30.73,9.04
809,4.257484898736022,3,12.04,8.6,20.1,14.05,8.92,11.71,5.43,15.18,18,29.77,9.22
810,4.257484898736022,3,12.04,8.5,19.93,13.99,8.44,11.71,5.39,15.18,18.25,29.93,8.93
811,4.257484898736022,3,12.08,8.57,20.1,14.22,9.06,11.81,5.41,15.25,18.25,30.09,9.15
812,4.257484898736022,3,12.32,8.63,20.28,14.22,9.46,11.95,5.5,15.56,18.34,32.09,9.22
813,4.257484898736022,3,12.18,8.47,20.02,14.22,9.95,11.95,5.39,15.25,17.67,29.3,8.97
814,4.257484898736022,3,12.08,8.5,20.28,14.11,9.38,11.95,5.3,15,17.42,30.09,9.36
815,4.257484898736022,3,12.18,8.4,20.19,14.16,9.53,11.9,5.32,15.18,17.42,30.25,9.15
816,4.257484898736022,3,12.08,8.33,20.28,14.05,9.91,11.85,5.3,15.31,17.58,30.41,9.11
817,4.257484898736022,3,11.94,8.3,20.02,13.93,9.49,11.76,5.23,15.31,18,31.23,9.26
818,4.257484898736022,3,12.04,8.4,20.1,13.88,8.81,11.71,5.26,15.25,17.67,30.41,9.22
819,4.257484898736022,3,11.94,7.05,19.84,13.88,9.57,11.76,5.26,15.18,17.34,31.57,9.18
820,4.257484898736022,3,12.08,8.53,20.02,13.88,9.2,11.76,5.23,15.06,17.91,29.61,9.29
821,4.257484898736022,3,12.13,8.57,20.19,14.11,9.13,11.9,5.28,15.31,17.42,32.45,9.36
822,4.257484898736022,3,11.99,8.53,20.28,13.99,9.53,11.85,5.19,15.18,18.25,30.41,9.55
823,4.257484898736022,3,12.04,8.4,20.1,14.11,9.06,11.85,5.19,15.12,18.17,30.25,9.4
824,4.257484898736022,3,12.08,8.4,20.28,14.11,8.85,11.9,5.19,15.31,18.25,31.06,9.4
825,4.257484898736022,3,12.04,8.47,20.28,14.16,8.81,11.85,5.13,15.12,17.75,30.25,9.36
826,4.257484898736022,3,12.08,8.43,20.46,13.99,9.57,11.95,5.09,15.18,18.08,30.9,9.51
827,4.257484898736022,3,12.08,8.3,20.37,13.99,8.61,11.85,5.11,15.31,17.91,30.73,9.48
828,4.257484898736022,3,11.94,8.37,20.37,13.99,9.46,11.81,5.04,15.18,18.25,31.23,9.44
829,4.257484898736022,3,12.28,8.5,20.37,14.16,9.38,12.14,5.15,15.44,18,31.06,9.29
830,4.257484898736022,3,12.08,8.33,20.46,14.05,9.17,11.9,5.04,15.25,16.72,30.41,9.55
831,4.257484898736022,3,12.08,8.3,20.46,14.05,9.06,11.9,5.04,15.18,18.25,30.25,9.4
832,4.257484898736022,3,12.08,8.23,20.28,13.93,8.85,11.99,5.02,15.18,18.17,28.85,9.36
833,4.257484898736022,3,11.99,8.27,20.19,13.88,9.42,11.85,5,15.18,18,30.73,9.26
834,4.257484898736022,3,11.99,8.2,20.28,13.99,9.27,11.81,4.92,15.12,17.75,30.09,9.33
835,4.257484898736022,3,11.94,8.23,20.46,14.05,8.71,11.85,4.9,15.18,17.58,30.41,9.36
836,4.257484898736022,3,12.04,7.14,20.1,13.88,9.17,11.85,4.96,15.31,18.34,30.09,9.33
837,4.257484898736022,3,12.04,8.2,20.28,13.99,8.85,11.95,4.98,15.31,17.5,29.61,9.29
838,4.257484898736022,3,11.99,8.23,20.46,13.99,9.27,11.95,4.88,15.12,18.17,30.41,9.36
839,4.257484898736022,3,11.99,8.27,20.37,13.88,9.13,11.99,4.9,15.18,18,30.09,9.33
840,4.257484898736022,3,11.94,8.23,20.37,14.05,8.85,11.9,4.88,15.37,18.25,30.25,9.29
841,4.942929912481451,3,11.89,8.17,20.19,13.93,9.57,11.71,4.76,15.25,18.69,29.77,9.26
842,4.942929912481451,3,11.99,8.2,20.55,13.93,8.99,11.99,4.84,15.12,17.67,29.61,9.33
843,4.942929912481451,3,11.99,8.2,20.46,13.99,8.85,11.99,4.82,15.18,16.87,29.77,9.29
844,4.942929912481451,3,11.94,8.2,20.55,13.88,9.31,11.99,4.82,15.25,17.03,29.46,9.22
845,4.942929912481451,3,11.85,8.27,20.28,13.88,9.09,11.85,4.8,15.06,17.18,29.3,9.18
846,4.942929912481451,3,11.89,8.27,20.37,13.82,8.88,11.9,4.82,14.93,17.03,29.61,9.18
847,4.942929912481451,3,11.94,8.2,20.19,13.93,9.24,11.85,4.8,15.56,17.34,32.27,9.08
848,4.942929912481451,3,11.85,8.3,20.19,13.88,8.88,11.9,4.8,15.37,17.18,29.77,9.18
849,4.942929912481451,3,11.89,8.3,20.28,13.82,9.13,11.81,4.8,15.37,17.5,29.61,9.04
850,4.942929912481451,3,11.94,8.33,20.46,13.76,8.81,11.99,4.78,15.37,17.1,30.09,9.33
851,4.942929912481451,3,11.94,8.33,20.37,13.82,8.44,11.95,4.78,15.69,17.42,29.77,9.36
852,4.942929912481451,3,11.75,8.3,20.19,13.82,8.28,11.95,4.74,15.37,17.42,30.41,9.29
853,4.942929912481451,3,11.94,8.37,20.37,13.82,8.81,11.9,4.72,15.96,17.26,29.46,9.36
854,4.942929912481451,3,11.89,8.33,20.28,13.82,9.09,11.95,4.74,16.43,17.03,29.3,9.36
855,4.942929912481451,3,11.89,8.3,20.46,13.88,8.92,11.9,4.7,15.63,17.83,29.93,9.36
856,4.942929912481451,3,11.99,8.23,20.55,13.76,9.46,11.95,4.72,15.5,17.83,29.93,9.29
857,4.942929912481451,3,11.89,8.27,20.65,13.82,9.27,11.9,4.7,15.37,18,31.4,9.29
858,4.942929912481451,3,12.04,8.3,20.46,13.82,9.17,11.95,4.74,15.56,17.58,30.41,9.26
859,4.942929912481451,3,11.94,8.33,20.46,13.93,8.85,11.85,4.7,15.63,17.26,29.93,9.11
860,4.942929912481451,3,11.99,8.4,20.55,13.76,8.85,11.9,4.7,15.37,17.91,31.06,9.18
861,4.942929912481451,3,11.89,8.4,20.65,13.65,9.57,11.95,4.68,15.37,17.75,30.9,9.22
862,4.942929912481451,3,11.94,8.3,20.37,13.93,9.24,11.85,4.66,15.44,18,29.61,9.18
863,4.942929912481451,3,11.99,8.37,20.37,13.82,8.51,11.99,4.7,15.31,17.67,29.77,9.33
864,4.942929912481451,3,11.99,8.43,20.37,13.76,8.95,11.99,4.66,15.31,18,30.09,9.33
865,4.942929912481451,3,11.99,8.37,20.28,13.76,9.06,11.95,4.64,15.31,17.83,32.81,9.26
866,4.942929912481451,3,11.94,8.33,20.65,13.88,9.02,11.99,4.62,15.37,18.34,30.09,8.97
867,4.942929912481451,3,11.85,8.37,20.55,13.82,9.02,11.95,4.6,15.18,17.5,30.41,9.33
868,4.942929912481451,3,11.99,8.37,20.46,13.76,8.95,11.95,4.62,15.31,18.08,30.41,9.26
869,4.942929912481451,3,11.85,8.3,20.46,13.93,8.78,11.9,4.58,15.06,18.43,30.73,9.26
870,4.942929912481451,3,11.99,8.37,20.55,14.05,8.47,11.9,4.56,15.63,17.42,34.12,9.26
871,4.942929912481451,3,12.04,8.27,20.37,13.76,8.92,11.81,4.54,15.37,18,29.77,9.08
872,4.942929912481451,3,11.85,8.27,20.28,13.82,9.57,11.95,4.56,15.56,18.34,30.09,9.08
873,4.942929912481451,3,11.8,8.27,20.65,13.93,8.81,11.85,4.54,15.96,18.51,31.4,8.86
874,4.942929912481451,3,11.94,8.4,20.46,13.82,9.27,11.85,4.56,15.56,18.08,31.23,9.26
875,4.942929912481451,3,11.85,8.23,20.37,13.82,8.88,11.76,4.52,15.69,17.67,30.25,9.18
876,4.942929912481451,3,11.94,8.27,20.37,13.76,9.24,11.81,4.52,15.63,18.6,30.09,9.22
877,4.942929912481451,3,11.89,8.23,20.46,13.76,8.88,11.81,4.48,15.5,19.14,29.93,9.15
878,4.942929912481451,3,11.85,8.27,20.37,13.88,9.31,11.81,4.48,15.96,17.67,33.93,9.15
879,4.942929912481451,3,11.99,8.3,20.46,13.99,8.88,11.9,4.5,15.63,18.25,29.93,9.15
880,4.942929912481451,3,11.85,8.23,20.46,13.99,8.78,11.81,4.48,15.76,18.51,31.06,9.18
881,4.942929912481451,3,11.89,8.3,20.65,13.88,9.24,11.95,4.44,15.63,18,30.41,9.11
882,4.942929912481451,3,11.85,8.17,20.37,13.93,9.24,11.9,4.46,15.76,18.6,30.25,8.93
883,4.942929912481451,3,11.85,7.73,20.46,13.88,8.81,11.9,4.41,15.83,18.96,30.9,9.01
884,4.942929912481451,3,11.8,8.17,20.55,13.76,8.74,11.81,4.44,15.89,18.51,30.25,8.97
885,4.942929912481451,3,11.8,8.2,20.46,13.71,8.92,11.76,4.41,15.89,18.43,31.06,9.04
886,4.942929912481451,3,11.8,8.17,20.65,13.76,8.68,11.85,4.43,15.76,18.25,31.23,9.01
887,4.942929912481451,3,11.89,8.27,20.65,13.88,8.88,11.9,4.43,15.76,18.78,30.9,9.01
888,4.942929912481451,3,11.89,8.2,20.74,13.99,9.27,11.85,4.46,15.96,18.43,30.9,8.97
889,4.942929912481451,3,11.99,8.14,20.65,13.93,9.24,11.95,4.39,15.83,18.69,29.93,9.04
890,4.942929912481451,3,11.8,8.07,20.55,13.93,8.71,11.81,4.33,15.76,18.69,30.9,9.01
891,4.942929912481451,3,11.89,8.14,20.65,13.76,9.17,11.9,4.37,15.96,18.08,30.57,8.97
892,4.942929912481451,3,11.89,8.11,20.74,13.82,9.13,11.85,4.35,16.09,19.14,31.06,8.93
893,4.942929912481451,3,11.89,8.04,20.83,13.82,8.92,11.95,4.29,15.96,18.78,31.92,9.01
894,4.942929912481451,3,11.8,7.82,20.55,13.99,9.38,11.81,4.33,15.63,19.23,30.57,8.62
895,4.942929912481451,3,11.8,7.95,20.55,13.93,8.68,11.81,4.31,16.09,18.69,31.57,8.97
896,4.942929912481451,3,11.85,8.04,20.65,13.99,8.95,11.99,4.27,16.86,19.42,31.57,8.83
897,4.942929912481451,3,11.85,8.01,20.65,13.82,8.88,11.85,4.29,17.07,18.78,30.9,8.93
898,4.942929912481451,3,11.8,7.95,20.65,13.82,8.71,11.9,4.26,17,18.6,30.41,8.93
899,4.942929912481451,3,11.89,7.92,20.83,13.99,9.02,11.95,4.24,16.93,18.87,31.4,8.97
900,4.942929912481451,3,11.62,7.88,20.65,13.88,8.85,11.9,4.22,16.86,18.96,29.77,8.86
901,5.095707786858631,4,11.89,8.91,21.02,13.99,8.71,12.19,4.2,16.78,18.43,31.4,8.76
902,5.095707786858631,4,11.85,7.92,20.83,13.99,8.81,11.95,4.2,16.93,18.78,30.57,8.69
903,5.095707786858631,4,11.85,7.85,20.93,13.93,9.17,11.85,4.2,16.93,18.43,31.23,9.04
904,5.095707786858631,4,11.94,7.85,20.83,13.99,9.09,11.9,4.15,16.86,18.51,30.57,8.73
905,5.095707786858631,4,11.94,7.55,19.67,13.93,9.2,11.9,4.16,16.71,18.96,31.06,8.49
906,5.095707786858631,4,11.85,7.79,20.93,13.88,9.13,11.76,4.15,16.71,19.23,29.93,8.86
907,5.095707786858631,4,11.8,7.82,20.93,13.82,8.54,11.76,4.16,16.71,18.96,30.09,8.83
908,5.095707786858631,4,11.94,7.82,20.83,13.93,9.13,11.81,4.16,15.37,18.78,31.06,8.76
909,5.095707786858631,4,11.85,7.82,20.83,13.88,8.61,11.81,4.13,15.44,18.96,31.06,8.73
910,5.095707786858631,4,11.8,7.73,20.74,13.93,8.41,11.81,4.11,15.83,19.05,30.41,8.86
911,5.095707786858631,4,11.8,7.76,21.02,14.05,8.88,11.81,4.11,15.5,19.52,30.9,8.93
912,5.095707786858631,4,11.85,7.82,21.02,13.99,8.68,11.85,4.13,15.69,19.71,30.57,8.97
913,5.095707786858631,4,11.94,7.79,20.93,13.93,8.61,11.95,4.09,15.44,18.87,30.41,8.97
914,5.095707786858631,4,11.94,7.82,21.02,13.99,8.64,11.9,4.09,15.44,18.69,31.23,9.11
915,5.095707786858631,4,11.94,7.76,21.02,13.93,9.35,11.85,4.06,15.56,18.69,30.9,8.9
916,5.095707786858631,4,11.85,7.19,20.74,13.76,8.78,11.81,4.09,15.63,18.96,30.9,8.9
917,5.095707786858631,4,11.85,7.73,20.83,13.82,8.68,11.9,4.06,15.5,19.05,31.92,8.69
918,5.095707786858631,4,11.75,7.76,21.02,13.76,9.72,11.85,4.06,15.56,20.19,31.57,8.9
919,5.095707786858631,4,11.89,7.82,21.11,13.82,9.2,11.9,4,15.56,19.14,31.57,9.01
920,5.095707786858631,4,11.85,7.73,20.83,13.76,9.72,11.81,4.04,15.83,18.87,29.93,8.73
921,5.095707786858631,4,11.89,7.79,20.83,13.82,9.06,11.85,4.04,15.76,19.05,30.9,8.86
922,5.095707786858631,4,11.8,7.82,21.21,13.82,9.35,11.76,4.02,15.63,19.33,30.41,8.8
923,5.095707786858631,4,11.89,7.82,21.02,13.93,8.41,11.9,4.02,15.5,19.23,30.57,8.97
924,5.095707786858631,4,11.8,7.79,21.02,13.82,9.24,11.85,4.02,15.96,19.61,30.57,8.93
925,5.095707786858631,4,11.8,7.7,21.02,13.76,9.68,11.76,3.97,15.96,19.23,31.06,8.83
926,5.095707786858631,4,11.85,7.7,21.21,13.93,9.8,11.9,3.98,15.56,19.05,31.74,8.86
927,5.095707786858631,4,11.75,7.58,20.93,13.93,8.88,11.81,3.97,15.5,19.42,30.9,8.8
928,5.095707786858631,4,11.75,7.76,21.21,13.82,9.61,11.81,3.98,15.69,20,30.73,8.73
929,5.095707786858631,4,11.89,7.76,21.31,13.76,9.17,11.81,4,15.63,18.96,29,8.86
930,5.095707786858631,4,12.04,7.76,21.21,13.82,9.83,11.9,3.95,15.37,19.14,30.09,8.97
931,5.095707786858631,4,11.75,7.67,20.93,13.93,9.13,11.76,3.97,15.63,19.05,32.45,8.76
932,5.095707786858631,4,11.8,7.64,21.11,13.76,8.81,11.81,3.95,15.56,19.23,30.25,8.93
933,5.095707786858631,4,11.89,7.64,21.21,13.88,9.38,11.85,3.9,15.44,19.05,30.57,8.86
934,5.095707786858631,4,11.75,7.58,20.93,13.82,8.85,11.81,3.9,15.5,19.23,30.73,8.76
935,5.095707786858631,4,11.75,7.55,20.93,13.71,8.85,11.85,3.86,15.37,19.23,30.73,8.73
936,5.095707786858631,4,11.66,7.61,21.02,13.76,8.64,11.81,3.9,15.44,19.05,30.09,8.8
937,5.095707786858631,4,11.75,7.55,21.02,13.82,9.13,11.81,3.88,15.31,19.61,31.06,8.69
938,5.095707786858631,4,11.8,7.64,22.5,13.65,9.83,11.9,3.9,15.37,18.96,30.57,8.86
939,5.095707786858631,4,11.66,7.58,21.31,13.76,9.49,11.81,3.86,15.31,19.33,30.9,8.62
940,5.095707786858631,4,11.8,7.55,21.02,13.82,9.02,11.81,3.9,15.56,19.14,30.57,8.93
941,5.095707786858631,4,11.8,7.55,21.02,13.88,8.54,11.81,3.86,15.37,18.96,30.57,8.86
942,5.095707786858631,4,11.66,7.49,21.02,13.88,8.78,11.76,3.86,15.31,20.09,30.57,8.76
943,5.095707786858631,4,11.8,7.49,21.31,13.88,8.64,11.85,3.86,15.31,20.7,31.4,8.9
944,5.095707786858631,4,11.8,7.49,21.21,13.93,9.49,11.85,3.83,15.18,20.6,30.09,8.97
945,5.095707786858631,4,11.8,7.4,21.11,13.82,9.31,11.81,3.83,15.37,19.52,30.25,8.8
946,5.095707786858631,4,11.85,7.46,21.21,13.76,9.24,11.81,3.81,15.37,19.8,29.61,8.86
947,5.095707786858631,4,11.71,7.43,21.21,13.76,9.53,11.76,3.81,15.37,19.42,29.77,8.86
948,5.095707786858631,4,11.71,7.52,21.4,13.82,8.85,11.76,3.79,15.25,19.23,30.41,8.9
949,5.095707786858631,4,11.8,7.49,21.4,13.65,9.35,11.85,3.78,15.25,19.33,30.57,8.86
950,5.095707786858631,4,11.71,7.52,21.4,13.82,9.02,11.71,3.78,15.18,19.14,30.41,8.93
951,5.095707786858631,4,11.53,7.43,21.11,13.88,9.17,11.71,3.79,15.25,18.87,29.93,8.86
952,5.095707786858631,4,11.71,7.49,21.5,13.88,9.02,11.71,3.78,15.12,19.42,30.41,8.97
953,5.095707786858631,4,11.75,7.43,21.31,13.82,8.95,11.76,3.79,14.87,19.42,30.25,8.93
954,5.095707786858631,4,11.66,7.46,21.21,13.88,9.35,11.76,3.76,14.75,19.61,29.77,9.01
955,5.095707786858631,4,11.57,7.37,21.21,13.71,8.78,11.81,3.76,14.87,19.42,29.46,8.93
956,5.095707786858631,4,11.57,7.4,21.4,13.65,8.74,11.76,3.76,14.75,19.05,29.93,8.93
957,5.095707786858631,4,11.57,7.43,21.5,13.88,8.64,11.81,3.74,15.37,19.14,29.46,8.93
958,5.095707786858631,4,11.57,7.49,21.5,13.82,8.81,11.76,3.76,15.44,19.05,29.46,9.01
959,5.095707786858631,4,11.53,7.43,21.31,13.71,9.49,11.76,3.76,15.44,19.05,29.15,8.9
960,5.095707786858631,4,11.57,7.34,21.31,13.76,9.24,11.81,3.74,15.18,18.96,30.09,8.97
961,5.1317081826527025,4,11.71,7.43,21.31,13.82,9.02,11.85,3.74,15.56,18.78,29,8.97
962,5.1317081826527025,4,11.53,7.37,21.6,13.88,8.47,12.19,3.72,15.44,19.05,30.09,8.97
963,5.1317081826527025,4,11.53,7.34,21.6,13.76,8.81,11.76,3.71,15.12,18.6,29.77,8.93
964,5.1317081826527025,4,11.66,7.31,21.6,13.65,9.06,11.85,3.71,15.25,18.78,30.57,8.83
965,5.1317081826527025,4,11.66,7.37,21.6,13.82,9.31,11.71,3.71,15.37,19.05,29.61,8.9
966,5.1317081826527025,4,11.62,7.31,21.6,13.71,8.85,11.81,3.69,15.06,19.05,30.73,8.83
967,5.1317081826527025,4,11.62,7.34,21.5,13.71,8.88,11.76,3.71,15.18,18.6,29.3,8.83
968,5.1317081826527025,4,11.57,7.28,21.5,13.65,9.27,11.81,3.67,15.06,18.43,29,8.86
969,5.1317081826527025,4,11.53,7.31,21.6,13.76,8.88,11.67,3.66,15.12,19.33,29.46,8.83
970,5.1317081826527025,4,11.53,7.25,21.6,13.82,8.78,11.76,3.66,15.12,19.42,30.73,8.73
971,5.1317081826527025,4,11.62,7.25,21.5,13.71,8.74,11.81,3.67,15.06,18.6,29.15,8.8
972,5.1317081826527025,4,11.57,7.22,21.5,13.71,9.46,11.67,3.66,15.12,19.05,29.61,8.83
973,5.1317081826527025,4,11.53,7.31,21.69,13.65,8.71,11.58,3.69,15.25,19.05,29.3,8.8
974,5.1317081826527025,4,11.57,7.25,21.6,13.65,8.99,11.76,3.64,15,19.33,29.61,8.86
975,5.1317081826527025,4,11.48,7.22,21.5,13.71,9.35,11.67,3.62,14.87,18.87,29.15,8.73
976,5.1317081826527025,4,11.57,7.28,21.79,13.71,9.46,11.81,3.62,14.87,18.51,29.77,8.9
977,5.1317081826527025,4,11.8,7.16,21.6,13.82,9.42,11.71,3.64,14.87,18.34,29.93,8.8
978,5.1317081826527025,4,11.66,7.22,21.69,13.71,9.46,11.76,3.61,14.75,17.91,29.46,8.8
979,5.1317081826527025,4,11.75,7.19,21.79,13.71,9.42,11.71,3.61,14.81,18.43,29.46,8.9
980,5.1317081826527025,4,11.75,7.11,21.99,13.82,9.2,11.71,3.62,15.06,18.6,27.69,8.76
981,5.1317081826527025,4,11.62,7.11,21.99,13.82,8.99,11.67,3.62,15,19.71,28.85,8.66
982,5.1317081826527025,4,11.8,7.19,21.89,13.76,9.06,11.81,3.62,14.75,21.33,29,8.9
983,5.1317081826527025,4,11.75,7.16,21.79,13.71,9.13,11.76,3.61,15,19.52,27.55,8.9
984,5.1317081826527025,4,11.66,7.14,22.09,13.71,9.35,11.26,3.54,14.45,20.09,30.09,8.83
985,5.1317081826527025,4,11.75,7.05,21.99,13.82,9.13,11.76,3.59,14.81,18.08,29.3,8.9
986,5.1317081826527025,4,11.8,7.11,22.09,13.71,9.02,11.71,3.52,15,18.17,29.46,8.97
987,5.1317081826527025,4,11.71,7.14,22.19,13.71,8.85,11.71,3.61,15.37,19.52,30.73,8.97
988,5.1317081826527025,4,11.8,7.11,22.19,13.76,8.92,11.71,3.66,15.83,22.92,30.09,8.86
989,5.1317081826527025,4,11.94,7.11,21.99,13.76,8.85,11.76,3.66,15.83,27.3,30.73,8.73
990,5.1317081826527025,4,11.8,6.94,22.19,13.82,8.68,11.67,3.61,15.44,25.52,30.09,8.56
991,5.1317081826527025,4,11.8,6.91,22.3,13.82,8.92,11.62,3.62,15.5,26.53,29.46,8.8
992,5.1317081826527025,4,11.8,6.88,22.19,13.88,8.95,11.67,3.61,15.63,22.92,29.15,8.73
993,5.1317081826527025,4,11.75,6.85,22.09,13.76,8.85,11.62,3.62,15.76,21.66,30.25,8.69
994,5.1317081826527025,4,11.71,6.85,22.5,13.82,9.46,11.62,3.59,16.16,19.61,30.41,8.8
995,5.1317081826527025,4,11.71,6.88,22.5,13.82,9.38,11.67,3.57,15.63,18.78,29,8.69
996,5.1317081826527025,4,11.85,6.91,22.5,13.76,9.09,11.76,3.61,16.09,19.71,28.85,8.93
997,5.1317081826527025,4,11.75,6.83,22.19,13.82,9.06,11.62,3.59,15.89,21.55,29.77,8.73
998,5.1317081826527025,4,11.85,6.8,22.3,13.76,9.38,11.67,3.61,15.83,21.77,30.09,8.8
999,5.1317081826527025,4,11.71,6.85,22.61,13.71,9.17,11.71,3.59,15.63,17.91,28.85,8.8
1000,5.1317081826527025,4,11.75,6.8,22.61,13.71,9.27,11.71,3.57,15.76,21.33,29.46,8.93
1001,5.1317081826527025,4,11.8,6.8,22.61,13.71,8.92,11.71,3.56,15.69,20.91,29.46,8.52
1002,5.1317081826527025,4,11.85,6.77,22.71,13.88,9.49,11.76,3.61,15.69,23.78,29.3,8.73
1003,5.1317081826527025,4,11.85,6.83,22.5,13.82,9.27,11.81,3.61,16.02,21.55,29.15,8.9
1004,5.1317081826527025,4,11.71,6.69,22.82,13.76,8.95,11.71,3.56,15.63,20.39,34.31,8.8
1005,5.1317081826527025,4,11.85,6.8,22.92,13.88,9.42,11.76,3.61,16.02,18.6,31.23,9.01
1006,5.1317081826527025,4,11.71,6.77,22.71,13.76,9.38,11.67,3.61,15.96,29.82,30.25,8.97
1007,5.1317081826527025,4,11.75,6.74,22.71,13.88,9.27,11.67,3.59,15.69,19.33,30.73,8.97
1008,5.1317081826527025,4,11.71,6.63,22.61,13.76,9.38,11.62,3.59,15.83,26.09,29.46,8.9
1009,5.1317081826527025,4,11.71,6.69,23.03,13.88,9.38,11.67,3.62,15.89,25.52,30.41,9.01
1010,5.1317081826527025,4,11.8,6.69,22.82,13.93,9.72,11.81,3.59,15.56,22.92,29.61,9.04
1011,5.1317081826527025,4,11.71,6.66,23.03,13.82,9.02,11.71,3.61,15.63,23.04,29,9.01
1012,5.1317081826527025,4,11.66,6.66,23.14,13.82,9.76,11.71,3.61,16.09,23.41,29.46,9.01
1013,5.1317081826527025,4,11.62,6.58,22.92,13.76,9.64,11.67,3.59,16.09,23.16,29.61,8.8
1014,5.1317081826527025,4,11.62,6.55,22.92,13.82,9.46,11.76,3.56,15.76,22.68,29.15,8.76
1015,5.1317081826527025,4,11.71,6.53,23.03,13.82,9.53,11.62,3.54,15.96,22.33,29.3,8.59
1016,5.1317081826527025,4,11.75,6.55,23.03,13.82,8.99,11.71,3.54,15.83,22.8,29.61,8.76
1017,5.1317081826527025,4,11.75,6.5,23.14,13.82,9.68,11.76,3.56,16.16,22.8,29.3,8.83
1018,5.1317081826527025,4,11.71,6.53,23.35,13.76,8.88,11.71,3.56,16.02,23.41,29.93,8.76
1019,5.1317081826527025,4,11.71,6.5,23.03,13.76,8.88,11.58,3.52,15.76,21.77,29.46,8.8
1020,5.1317081826527025,4,11.66,6.5,23.03,13.76,9.35,11.62,3.51,15.96,21.66,29.77,8.93
1021,5.158727049897808,4,11.71,6.55,23.35,13.71,8.92,11.67,3.56,15.69,22.92,29.15,8.97
1022,5.158727049897808,4,11.85,6.55,23.46,13.76,9.46,11.71,3.57,15.63,23.04,29,9.01
1023,5.158727049897808,4,11.62,6.53,23.46,13.88,9.06,11.71,3.52,15.76,21.22,29.77,8.97
1024,5.158727049897808,4,11.71,6.47,23.35,13.76,9.49,11.62,3.52,15.69,23.78,32.09,8.9
1025,5.158727049897808,4,11.62,6.45,23.46,13.93,8.78,11.67,3.56,15.56,23.78,29.93,8.86
1026,5.158727049897808,4,11.57,6.39,23.68,13.88,9.53,11.67,3.51,15.56,20.09,29.93,8.76
1027,5.158727049897808,4,11.57,6.47,23.57,13.88,8.71,11.62,3.54,15.83,20.49,30.41,8.73
1028,5.158727049897808,4,11.71,6.45,23.91,13.82,9.17,11.81,3.57,16.09,20.19,32.45,8.83
1029,5.158727049897808,4,11.71,6.39,23.57,13.76,8.88,11.76,3.52,15.96,19.9,29.77,8.76
1030,5.158727049897808,4,11.39,6.39,23.68,13.76,9.27,11.67,3.52,15.63,20.91,29.77,8.8
1031,5.158727049897808,4,11.57,6.45,23.79,13.93,9.09,11.62,3.51,15.69,21.12,29.77,8.8
1032,5.158727049897808,4,11.57,6.42,24.13,13.82,9.13,11.76,3.52,15.69,22.1,29.15,8.73
1033,5.158727049897808,4,11.62,6.37,24.13,13.93,9.31,11.71,3.51,15.56,20.29,30.9,8.69
1034,5.158727049897808,4,11.71,6.39,24.25,13.88,9.09,11.76,3.52,15.56,20.49,30.25,9.01
1035,5.158727049897808,4,11.62,6.32,24.02,13.71,9.42,11.58,3.52,15.63,20.49,29.77,8.9
1036,5.158727049897808,4,11.66,6.37,24.36,13.76,8.95,11.71,3.52,16.5,21.66,31.06,8.93
1037,5.158727049897808,4,11.62,6.32,24.13,13.93,9.61,11.67,3.51,16.43,22.92,31.06,8.9
1038,5.158727049897808,4,11.62,6.37,24.48,13.99,8.95,11.67,3.51,16.43,22.22,30.73,8.93
1039,5.158727049897808,4,11.62,6.24,24.36,13.76,9.42,11.71,3.51,15.25,21.33,30.73,8.66
1040,5.158727049897808,4,11.71,6.26,24.36,13.82,9.02,11.76,3.51,16.09,21.88,30.09,8.59
1041,5.158727049897808,4,11.57,6.29,24.72,13.82,8.95,11.35,3.44,14.69,22.33,29.77,8.76
1042,5.158727049897808,4,11.66,6.24,24.48,13.82,9.38,11.71,3.51,15,21.99,29.77,8.76
1043,5.158727049897808,4,11.62,6.21,24.48,13.88,9.24,11.62,3.51,15.5,21.01,31.92,8.83
1044,5.158727049897808,4,11.62,6.24,24.48,13.88,9.49,11.62,3.52,15.69,20.49,30.41,8.83
1045,5.158727049897808,4,11.62,6.21,24.83,13.93,9.06,11.62,3.49,14.93,20.29,28.85,8.8
1046,5.158727049897808,4,11.62,6.19,24.6,13.88,8.99,11.62,3.51,14.75,20.6,30.25,8.8
1047,5.158727049897808,4,11.62,6.26,24.95,13.82,9.42,11.81,3.51,14.69,20.29,29.93,8.86
1048,5.158727049897808,4,11.62,6.24,25.07,13.93,9.09,11.67,3.48,14.93,20.49,30.41,8.86
1049,5.158727049897808,4,11.66,6.21,24.72,13.99,9.09,11.76,3.54,15.56,20.29,29.61,8.86
1050,5.158727049897808,4,11.62,6.16,24.95,13.99,9.46,11.67,3.49,15.44,19.8,29.61,8.93
1051,5.158727049897808,4,11.57,6.21,25.32,13.82,9.02,11.71,3.49,14.87,20.19,32.45,8.97
1052,5.158727049897808,4,11.75,6.37,25.07,13.93,9.09,11.81,3.52,14.69,19.42,30.09,8.97
1053,5.158727049897808,4,11.62,6.11,25.07,13.93,9.61,11.67,3.49,14.81,19.05,30.73,9.01
1054,5.158727049897808,4,11.66,6.09,25.32,13.88,8.99,11.81,3.49,14.93,18.87,29.15,8.97
1055,5.158727049897808,4,11.62,6.11,25.44,14.05,9.02,11.67,3.49,15.37,19.8,30.09,8.9
1056,5.158727049897808,4,11.71,6.16,25.19,13.82,8.88,11.81,3.48,15.56,20,30.09,8.8
1057,5.158727049897808,4,11.66,6.16,25.44,13.93,9.06,11.81,3.49,15.37,19.9,29.93,8.9
1058,5.158727049897808,4,11.57,6.06,25.19,13.93,9.24,11.62,3.48,15.37,20,29.3,8.66
1059,5.158727049897808,4,11.62,6.06,25.32,13.99,9.46,11.67,3.49,15.5,21.22,29.93,8.76
1060,5.158727049897808,4,11.66,6.11,25.56,13.88,9.06,11.81,3.46,15.37,22.22,30.41,8.8
1061,5.158727049897808,4,11.66,6.09,25.81,14.05,9.61,11.76,3.49,15.18,26.39,31.4,8.97
1062,5.158727049897808,4,11.75,6.06,25.81,14.05,9.64,11.81,3.51,15.25,28.27,30.25,8.8
1063,5.158727049897808,4,11.66,6.06,25.81,13.82,9.35,11.76,3.48,15.18,25.24,29.15,7.91
1064,5.158727049897808,4,11.66,6.01,25.94,14.16,9.06,11.76,3.51,15.18,25.1,31.06,9.01
1065,5.158727049897808,4,11.48,5.96,26.07,13.99,8.68,11.81,3.46,14.93,19.61,30.41,8.86
1066,5.158727049897808,4,11.71,5.89,25.69,13.99,8.85,11.81,3.48,15.31,22.33,30.41,8.86
1067,5.158727049897808,4,11.62,5.96,26.19,13.99,9.24,11.76,3.49,14.93,18.87,29.46,9.01
1068,5.158727049897808,4,11.57,5.94,25.94,14.05,9.09,11.71,3.46,15.18,21.01,30.9,8.9
1069,5.158727049897808,4,11.71,5.89,25.94,14.05,9.35,11.71,3.48,16.16,17.5,30.73,8.9
1070,5.158727049897808,4,11.71,5.99,26.07,14.16,9.68,11.9,3.51,16.09,20.39,31.06,8.97
1071,5.158727049897808,4,11.62,6.04,26.19,14.11,9.2,11.81,3.52,16.09,22.33,30.25,9.01
1072,5.158727049897808,4,11.71,6.01,26.07,14.16,8.95,11.85,3.59,16.23,20.19,29.93,9.11
1073,5.158727049897808,4,11.53,5.89,26.32,14.05,9.17,11.9,3.49,15.96,25.8,30.25,8.9
1074,5.158727049897808,4,11.71,5.86,26.32,14.28,9.24,11.85,3.51,15.83,27.94,30.9,9.04
1075,5.158727049897808,4,11.8,5.91,26.58,14.46,9.17,11.99,3.61,16.16,21.44,32.45,9.08
1076,5.158727049897808,4,11.99,6.42,27.12,14.7,9.76,12.23,3.67,16.23,27.62,31.4,9.29
1077,5.158727049897808,4,11.94,5.96,26.98,14.76,10.07,12.14,3.71,16.3,18.78,31.23,9.26
1078,5.158727049897808,4,11.62,5.67,26.19,14.4,9.57,11.85,3.54,15.83,38.18,31.57,9.11
1079,5.158727049897808,4,11.89,5.86,26.72,14.89,9.91,12.14,3.72,16.23,24.69,32.27,9.4
1080,5.158727049897808,4,11.57,5.48,26.45,14.28,9.61,11.71,3.48,14.87,25.38,32.09,8.93
1081,5.184470594125643,4,11.66,5.57,26.32,14.22,9.27,11.81,3.52,15,36.37,30.57,9.15
1082,5.184470594125643,4,11.62,5.52,26.45,14.11,8.95,11.81,3.46,15.12,32.94,30.41,9.08
1083,5.184470594125643,4,11.53,5.55,26.45,14.11,9.02,11.81,3.49,15.31,31.91,30.73,9.04
1084,5.184470594125643,4,11.71,5.52,26.72,14.28,9.02,11.9,3.51,15.25,31.51,30.09,9.04
1085,5.184470594125643,4,11.57,5.36,26.45,14.22,9.24,11.71,3.44,15.25,17.83,30.09,8.83
1086,5.184470594125643,4,11.53,5.5,26.32,14.28,9.06,11.81,3.51,15.44,29.64,30.41,9.11
1087,5.184470594125643,4,11.44,5.43,26.72,14.05,8.85,11.81,3.44,15.18,20.7,30.73,9.04
1088,5.184470594125643,4,11.53,5.38,26.58,14.16,9.06,11.81,3.48,14.93,17.83,30.57,9.04
1089,5.184470594125643,4,11.48,5.38,26.72,14.11,9.64,11.76,3.52,15.31,16.72,31.57,8.83
1090,5.184470594125643,4,11.57,5.5,26.72,14.22,9.68,11.81,3.51,14.33,30.37,30.73,9.18
1091,5.184470594125643,4,11.62,5.62,26.85,14.52,9.13,11.99,3.57,14.22,30,30.73,9.29
1092,5.184470594125643,4,11.53,5.36,26.72,14.16,8.88,11.81,3.52,14.28,18.17,30.57,9.01
1093,5.184470594125643,4,11.62,5.43,26.98,14.28,8.61,11.85,3.54,14.1,31.12,31.06,9.08
1094,5.184470594125643,4,11.53,5.41,26.58,14.16,9.24,11.85,3.51,15,16.95,30.9,9.15
1095,5.184470594125643,4,11.85,5.48,26.98,14.22,9.2,11.95,3.56,15.06,17.1,29.93,9.11
1096,5.184470594125643,4,11.57,5.45,26.85,14.16,9.46,11.76,3.52,14.39,18.08,30.25,9.18
1097,5.184470594125643,4,11.57,5.45,26.72,14.16,10.03,11.71,3.51,15.5,20.49,30.57,9.26
1098,5.184470594125643,4,11.75,5.38,26.72,14.28,9.53,11.85,3.48,15.69,19.14,31.4,9.08
1099,5.184470594125643,4,11.53,5.27,26.19,14.05,9.06,11.58,3.44,15.06,32.11,29.61,8.93
1100,5.184470594125643,4,11.48,5.29,26.45,13.99,8.88,11.58,3.43,15.12,30.37,30.25,9.01
1101,5.184470594125643,4,11.66,5.34,26.72,14.16,9.38,11.76,3.48,15.83,28.43,32.63,9.01
1102,5.184470594125643,4,11.71,5.29,26.58,14.16,9.38,11.67,3.49,15.63,15.63,30.25,8.93
1103,5.184470594125643,4,11.57,5.25,26.72,14.22,9.61,11.67,3.44,15.44,25.8,30.57,8.83
1104,5.184470594125643,4,11.62,5.22,26.58,14.05,9.61,11.71,3.44,14.69,22.56,30.9,8.97
1105,5.184470594125643,4,11.53,5.22,26.58,13.99,9.38,11.71,3.43,14.63,22.45,30.73,8.97
1106,5.184470594125643,4,11.66,5.29,26.72,14.11,9.31,11.71,3.48,15.56,21.55,31.92,9.04
1107,5.184470594125643,4,11.57,5.16,26.45,14.05,9.24,11.67,3.43,14.81,21.88,30.25,8.9
1108,5.184470594125643,4,11.66,5.25,26.85,14.22,8.99,11.81,3.48,15.25,20.29,29.93,8.9
1109,5.184470594125643,4,11.62,5.18,26.85,14.05,9.64,11.71,3.43,15.37,13.84,31.06,8.93
1110,5.184470594125643,4,11.66,5.16,26.45,14.05,9.61,11.81,3.44,15.12,21.12,31.23,8.86
1111,5.184470594125643,4,11.57,5.18,26.72,14.11,9.06,11.71,3.38,14.69,19.52,29.15,8.83
1112,5.184470594125643,4,11.57,5.13,26.85,13.99,8.81,11.71,3.41,15.44,21.66,30.9,8.83
1113,5.184470594125643,4,11.48,5.05,26.72,14.05,8.78,11.62,3.41,15.18,13.26,29.93,8.49
1114,5.184470594125643,4,11.62,5.22,26.58,14.16,9.06,11.81,3.43,14.63,26.99,30.73,8.86
1115,5.184470594125643,4,11.48,5.11,26.72,13.99,9.13,11.62,3.41,15.76,13.32,30.25,8.83
1116,5.184470594125643,4,11.57,5.18,26.98,13.88,9.02,11.76,3.43,15.31,13.32,29.77,8.9
1117,5.184470594125643,4,11.53,5.2,26.72,14.05,9.42,11.71,3.43,16.09,13.54,29.93,9.01
1118,5.184470594125643,4,11.44,5.2,26.72,13.82,9.2,11.71,3.43,14.87,14.02,29.93,8.97
1119,5.184470594125643,4,11.62,5.32,26.98,14.05,9.61,11.81,3.44,15.5,14.26,30.09,8.86
1120,5.184470594125643,4,11.48,5.22,26.85,13.99,9.57,11.71,3.41,14.51,14.2,29.46,8.83
1121,5.184470594125643,4,11.57,5.32,27.12,13.88,9.42,11.71,3.43,16.64,13.43,28.85,8.83
1122,5.184470594125643,4,11.53,5.34,26.85,14.11,9.02,11.81,3.44,15,22.68,30.09,8.9
1123,5.184470594125643,4,11.62,5.34,26.45,14.28,9.13,11.76,3.49,15.18,23.66,31.06,8.93
1124,5.184470594125643,4,11.62,5.29,26.85,14.11,8.99,11.81,3.43,15.12,23.28,31.57,9.04
1125,5.184470594125643,4,11.48,5.2,26.58,14.11,8.92,11.71,3.41,15,24.04,31.23,8.86
1126,5.184470594125643,4,11.57,5.76,26.85,14.05,8.95,11.71,3.43,15.56,23.28,29.77,8.62
1127,5.184470594125643,4,11.57,5.2,26.58,14.05,9.53,11.76,3.43,14.81,24.17,30.57,8.9
1128,5.184470594125643,4,11.66,5.27,26.72,14.05,9.06,11.85,3.46,15,23.66,30.9,9.11
1129,5.184470594125643,4,11.57,5.25,26.45,14.05,8.95,11.76,3.39,16.43,23.91,30.25,9.04
1130,5.184470594125643,4,11.53,5.2,26.58,14.05,9.42,11.76,3.41,15.96,23.53,30.25,9.04
1131,5.184470594125643,4,11.62,5.18,26.72,14.11,8.99,11.81,3.43,16.57,23.28,29.61,8.9
1132,5.184470594125643,4,11.57,5.18,26.85,14.22,8.92,11.76,3.44,16.36,23.16,29.77,8.93
1133,5.184470594125643,4,11.71,5.2,27.12,14.22,9.02,11.9,3.44,14.39,23.28,29.61,9.01
1134,5.184470594125643,4,11.62,5.09,26.85,14.16,9.17,11.81,3.41,14.87,23.04,30.09,8.93
1135,5.184470594125643,4,11.62,5.13,26.58,14.16,9.42,11.76,3.43,15.31,23.28,29.93,9.01
1136,5.184470594125643,4,11.53,5.02,26.45,14.16,8.68,11.71,3.39,15.31,23.16,32.27,8.8
1137,5.184470594125643,4,11.62,5.02,26.58,14.05,8.92,11.81,3.39,15,23.66,30.41,8.86
1138,5.184470594125643,4,11.57,5,26.58,14.11,9.2,11.76,3.39,15.5,23.28,31.57,8.83
1139,5.184470594125643,4,11.44,4.98,26.45,14.05,8.81,11.67,3.38,15.83,23.53,30.41,8.73
1140,5.184470594125643,4,11.48,5.07,26.85,14.16,8.81,11.67,3.38,14.75,23.04,30.25,8.93
1141,5.213297919138807,4,11.48,5.05,26.85,14.16,9.53,11.67,3.39,15.25,23.66,29.46,8.93
1142,5.213297919138807,4,11.53,5.02,26.45,14.05,8.92,11.76,3.35,15,23.66,29.77,8.9
1143,5.213297919138807,4,11.62,5.02,26.45,14.16,9.46,11.81,3.39,14.87,23.41,30.25,9.04
1144,5.213297919138807,4,11.53,5.02,26.85,14.05,8.85,11.67,3.41,15.06,23.53,30.57,8.69
1145,5.213297919138807,4,11.48,4.96,26.32,13.99,9.53,11.67,3.36,15.25,23.41,29.61,8.9
1146,5.213297919138807,4,11.48,4.94,26.58,13.99,9.24,11.62,3.39,15.69,23.78,29.61,8.8
1147,5.213297919138807,4,11.57,4.94,26.45,14.05,8.95,11.81,3.36,15.06,23.41,29.46,8.86
1148,5.213297919138807,4,11.48,4.98,26.45,13.99,8.71,11.62,3.39,14.93,23.78,29.93,8.9
1149,5.213297919138807,4,11.44,4.96,26.72,13.99,9.24,11.62,3.39,15.06,23.41,29.61,8.9
1150,5.213297919138807,4,11.53,4.94,26.72,14.11,9.13,11.76,3.36,15.31,23.53,29.93,8.62
1151,5.213297919138807,4,11.53,4.91,26.45,14.11,9.57,11.76,3.36,14.93,23.41,29.61,8.76
1152,5.213297919138807,4,11.48,4.94,26.19,13.99,9.38,11.49,3.3,15.06,23.78,29.61,8.83
1153,5.213297919138807,4,11.48,4.91,26.58,14.11,9.09,11.76,3.41,14.1,23.41,31.4,9.01
1154,5.213297919138807,4,11.48,4.91,26.45,14.05,9.31,11.67,3.36,15,23.53,31.23,8.93
1155,5.213297919138807,4,11.53,4.87,26.32,14.11,9.53,11.71,3.38,15.89,23.41,30.9,8.93
1156,5.213297919138807,4,11.53,4.89,26.58,14.16,9.42,11.81,3.38,15.37,23.16,31.06,8.93
1157,5.213297919138807,4,11.53,4.87,26.45,13.99,8.99,11.76,3.35,16.02,23.53,31.4,8.8
1158,5.213297919138807,4,11.48,4.89,26.72,14.05,8.85,11.67,3.35,15.76,23.41,28.85,8.9
1159,5.213297919138807,4,11.53,4.89,26.72,14.05,8.92,11.67,3.38,16.09,23.16,30.57,8.83
1160,5.213297919138807,4,11.48,4.87,26.72,14.05,8.88,11.67,3.39,15.83,23.66,30.57,8.83
1161,5.213297919138807,4,11.53,4.83,26.32,13.93,8.68,11.71,3.33,15.12,23.28,31.06,8.83
1162,5.213297919138807,4,11.48,4.79,26.58,14.11,8.64,11.76,3.35,14.87,23.16,31.06,8.76
1163,5.213297919138807,4,11.44,4.85,26.58,13.93,9.31,11.62,3.35,15.56,23.16,30.9,8.86
1164,5.213297919138807,4,11.53,4.76,26.58,13.99,8.78,11.76,3.33,15.69,23.16,31.4,8.8
1165,5.213297919138807,4,11.35,4.85,26.72,14.11,8.95,12.28,3.36,15.83,22.92,31.57,8.93
1166,5.213297919138807,4,11.48,4.76,26.19,14.05,9.13,11.71,3.36,15.5,22.92,30.9,8.73
1167,5.213297919138807,4,11.53,4.76,26.19,13.99,8.61,11.71,3.32,16.09,22.8,31.23,8.69
1168,5.213297919138807,4,11.39,4.76,26.19,14.05,9.42,11.71,3.35,17.14,22.8,31.06,8.73
1169,5.213297919138807,4,11.39,4.83,26.45,14.05,9.02,11.67,3.38,16.3,23.28,29.15,8.93
1170,5.213297919138807,4,11.39,4.79,26.32,14.05,8.61,11.67,3.32,16.16,23.28,31.92,8.83
1171,5.213297919138807,4,11.48,4.81,26.19,14.05,9.17,11.67,3.36,16.23,22.92,29.61,8.93
1172,5.213297919138807,4,11.53,4.72,26.19,13.93,8.71,11.76,3.33,15.96,23.16,30.25,8.76
1173,5.213297919138807,4,11.44,4.79,26.45,14.05,8.78,11.62,3.33,16.23,22.56,29.15,8.97
1174,5.213297919138807,4,11.53,4.72,26.45,13.93,9.24,11.76,3.33,15.89,22.56,32.09,8.76
1175,5.213297919138807,4,11.48,4.68,26.19,13.93,9.17,11.71,3.35,15.76,22.56,30.09,8.76
1176,5.213297919138807,4,11.39,4.74,26.32,13.99,8.78,11.62,3.33,15.83,22.8,30.41,8.93
1177,5.213297919138807,4,11.48,4.68,26.19,13.99,8.78,11.71,3.32,15.96,22.56,32.45,8.9
1178,5.213297919138807,4,11.21,4.74,26.32,13.93,9.2,11.71,3.35,16.36,22.45,29.3,8.8
1179,5.213297919138807,4,11.39,4.66,26.19,13.93,8.81,11.67,3.32,15.89,22.56,29.77,8.83
1180,5.213297919138807,4,11.48,4.68,26.32,14.05,9.31,11.67,3.3,16.23,22.8,29.77,8.76
1181,5.213297919138807,4,11.35,4.64,26.19,13.93,8.57,11.62,3.33,15.83,22.8,29.93,8.83
1182,5.213297919138807,4,11.48,4.7,26.32,14.05,8.88,11.67,3.35,15.89,23.28,30.57,8.69
1183,5.213297919138807,4,11.44,4.62,26.19,13.93,8.61,11.58,3.33,14.39,22.92,30.25,8.66
1184,5.213297919138807,4,11.57,4.64,26.07,13.99,8.78,11.76,3.33,16.86,23.66,31.74,8.62
1185,5.213297919138807,4,11.57,4.62,26.07,13.99,9.13,11.76,3.32,16.64,23.16,31.06,8.73
1186,5.213297919138807,4,11.39,4.64,26.32,14.05,8.64,11.58,3.3,15.18,22.68,30.09,8.83
1187,5.213297919138807,4,11.53,4.6,26.07,13.93,9.13,11.76,3.32,15.63,22.68,31.06,8.76
1188,5.213297919138807,4,11.44,4.66,26.19,13.99,8.61,11.58,3.32,15.44,23.91,31.06,8.93
1189,5.213297919138807,4,11.39,3.68,26.32,14.05,8.41,11.58,3.27,15.83,23.66,29.93,8.73
1190,5.213297919138807,4,11.53,4.58,26.19,13.88,8.71,11.67,3.28,16.09,23.91,30.73,8.62
1191,5.213297919138807,4,11.26,4.55,26.07,13.88,8.64,11.67,3.28,15.96,23.78,30.09,8.73
1192,5.213297919138807,4,11.39,4.51,26.19,13.99,8.57,11.71,3.25,15.56,23.66,30.41,8.59
1193,5.213297919138807,4,11.21,4.55,26.32,13.82,8.54,11.58,3.3,16.09,23.53,29.61,8.8
1194,5.213297919138807,4,11.21,4.55,26.19,13.99,8.92,11.62,3.27,16.57,23.78,29,8.73
1195,5.213297919138807,4,11.21,4.53,26.32,13.99,8.78,11.67,3.27,15.25,23.78,30.25,8.73
1196,5.213297919138807,4,11.17,4.55,26.19,13.82,8.99,11.58,3.28,16.09,23.41,30.25,8.83
1197,5.213297919138807,4,11.17,4.53,26.32,14.05,8.99,11.58,3.27,16.3,23.66,30.25,8.76
1198,5.213297919138807,4,11.26,4.49,26.07,13.99,8.61,11.67,3.28,15.5,23.41,29.77,8.49
1199,5.213297919138807,4,11.3,4.55,25.94,13.88,8.88,11.71,3.28,17.29,23.78,29.93,8.59
1200,5.213297919138807,4,11.21,4.51,26.32,13.99,8.57,11.62,3.28,18.21,23.41,30.57,8.66
1201,5.2269148542287835,4,11.3,4.45,25.94,13.88,8.41,11.71,3.28,18.21,23.41,30.41,8.73
1202,5.2269148542287835,4,11.39,4.49,26.19,13.99,9.13,11.67,3.3,18.69,23.53,30.09,8.8
1203,5.2269148542287835,4,11.35,4.49,26.32,13.99,9.09,11.67,3.3,18.37,23.41,29.93,8.69
1204,5.2269148542287835,4,11.17,4.45,25.94,13.88,9.06,11.71,3.3,17.89,23.41,29.77,8.9
1205,5.2269148542287835,4,11.35,4.45,26.32,13.88,9.2,11.67,3.25,18.05,23.78,31.06,8.86
1206,5.2269148542287835,4,11.35,4.43,25.94,13.93,9.13,11.71,3.28,18.13,23.66,30.41,8.76
1207,5.2269148542287835,4,11.17,4.45,26.19,13.99,8.18,11.67,3.27,18.21,23.78,29.77,8.83
1208,5.2269148542287835,4,11.21,4.45,26.32,13.99,9.35,11.62,3.3,18.69,23.53,29.61,8.83
1209,5.2269148542287835,4,11.3,4.39,26.07,13.93,9.2,11.81,3.28,18.45,23.78,30.41,8.8
1210,5.2269148542287835,4,11.3,4.35,26.07,13.99,8.68,11.76,3.32,18.13,23.28,31.23,8.83
1211,5.2269148542287835,4,11.3,4.35,26.19,14.05,9.17,11.71,3.32,18.77,22.92,30.25,8.76
1212,5.2269148542287835,4,11.44,4.31,26.19,13.93,8.61,11.76,3.28,17.67,23.16,30.41,8.76
1213,5.2269148542287835,4,11.26,4.31,25.94,13.88,9.06,11.67,3.28,18.61,23.28,30.73,8.93
1214,5.2269148542287835,4,11.17,4.33,26.32,14.05,9.13,11.62,3.28,18.05,23.66,30.41,8.9
1215,5.2269148542287835,4,11.35,4.29,27.39,13.76,8.92,11.71,3.27,17.89,24.3,29.77,8.8
1216,5.2269148542287835,4,11.3,4.27,26.19,13.93,8.92,11.71,3.25,17.89,24.43,31.92,8.69
1217,5.2269148542287835,4,11.13,4.25,26.19,13.99,8.51,11.76,3.27,17.89,24.3,29.93,8.76
1218,5.2269148542287835,4,11.35,4.29,26.19,14.05,8.81,11.67,3.28,17.89,23.91,29.77,8.76
1219,5.2269148542287835,4,11.3,4.27,25.94,13.93,8.64,11.71,3.28,17.97,24.3,32.63,8.8
1220,5.2269148542287835,4,11.35,4.25,25.94,13.99,8.88,11.76,3.28,18.05,24.3,29.93,8.8
1221,5.2269148542287835,4,11.26,4.25,26.19,13.93,8.74,11.67,3.3,18.37,23.91,32.63,8.93
1222,5.2269148542287835,4,11.3,4.19,25.94,13.88,8.41,11.76,3.28,18.29,24.3,30.41,8.86
1223,5.2269148542287835,4,11.3,4.17,25.94,13.99,8.64,11.62,3.25,18.21,24.69,30.41,8.59
1224,5.2269148542287835,4,11.44,4.15,26.19,13.99,8.21,11.71,3.27,18.21,24.43,30.57,8.46
1225,5.2269148542287835,4,11.3,4.13,26.19,14.05,8.74,11.67,3.27,19.1,24.04,30.73,8.8
1226,5.2269148542287835,4,11.3,4.11,26.19,14.05,8.95,11.62,3.3,19.1,24.04,30.73,8.9
1227,5.2269148542287835,4,11.26,4.06,26.07,13.88,8.99,11.71,3.24,18.85,24.04,30.57,8.8
1228,5.2269148542287835,4,11.26,4.04,25.81,13.71,8.11,11.67,3.28,18.94,24.04,30.41,8.83
1229,5.2269148542287835,4,11.35,4.06,26.19,13.99,8.31,11.71,3.27,19.02,24.3,30.25,8.76
1230,5.2269148542287835,4,11.39,4.02,25.81,13.88,7.74,11.58,3.25,18.94,24.17,30.9,8.69
1231,5.2269148542287835,4,11.48,4.02,26.19,13.99,8.34,11.71,3.27,19.19,24.69,30.25,8.66
1232,5.2269148542287835,4,11.26,4.02,26.32,14.05,8.88,11.62,3.25,18.94,24.3,30.57,8.83
1233,5.2269148542287835,4,11.44,4,25.94,13.93,8.47,11.76,3.27,18.85,24.83,30.09,8.59
1234,5.2269148542287835,4,11.44,3.92,25.69,13.88,8.71,11.71,3.28,18.77,24.43,31.06,8.8
1235,5.2269148542287835,4,11.35,3.98,25.94,14.05,8.57,11.71,3.25,18.69,24.43,31.23,8.52
1236,5.2269148542287835,4,11.26,3.92,25.81,13.88,8.34,11.62,3.25,18.53,24.96,30.25,8.56
1237,5.2269148542287835,4,11.3,3.94,26.19,13.99,8.92,11.71,3.25,18.94,24.69,30.9,8.62
1238,5.2269148542287835,4,11.44,3.88,25.81,14.16,9.02,11.71,3.25,18.85,24.96,30.73,8.83
1239,5.2269148542287835,4,11.39,3.92,26.07,14.05,8.61,11.67,3.27,19.02,24.96,30.73,8.83
1240,5.2269148542287835,4,11.26,3.87,26.07,14.05,8.28,11.71,3.24,18.85,24.96,30.25,8.8
1241,5.2269148542287835,4,11.26,3.9,26.07,13.93,8.51,11.58,3.25,18.94,24.96,30.41,8.76
1242,5.2269148542287835,4,11.35,3.87,25.69,13.93,8.85,11.71,3.27,18.77,25.38,30.9,8.97
1243,5.2269148542287835,4,11.35,3.83,25.69,13.88,7.74,11.58,3.46,18.45,25.24,30.57,8.8
1244,5.2269148542287835,4,11.44,3.85,25.69,13.99,9.06,11.67,3.27,18.69,26.24,30.73,8.8
1245,5.2269148542287835,4,11.44,3.83,25.69,13.93,9.02,11.62,3.27,18.53,26.24,31.06,8.83
1246,5.2269148542287835,4,11.44,3.81,25.81,13.99,8.47,11.71,3.25,18.45,25.8,31.4,8.9
1247,5.2269148542287835,4,11.35,3.85,26.07,14.05,8.78,11.67,3.27,18.85,25.52,31.23,8.76
1248,5.2269148542287835,4,11.35,3.85,25.81,14.05,8.41,11.71,3.25,18.69,25.66,31.06,8.93
1249,5.2269148542287835,4,11.35,3.83,25.94,13.99,8.78,11.71,3.25,17.07,25.52,31.4,8.86
1250,5.2269148542287835,4,11.39,3.79,25.94,13.88,8.44,11.76,3.25,16.57,25.52,30.73,8.83
1251,5.2269148542287835,4,11.3,3.79,25.69,13.99,8.34,11.62,3.27,17.22,25.95,30.73,8.62
1252,5.2269148542287835,4,11.3,3.81,25.69,13.88,8.61,11.58,3.27,16.71,25.8,30.57,8.9
1253,5.2269148542287835,4,11.44,3.73,25.69,13.93,8.24,11.71,3.25,16.64,25.24,30.73,8.83
1254,5.2269148542287835,4,11.44,3.73,25.81,13.93,8.92,11.71,3.25,16.09,25.66,30.9,8.66
1255,5.2269148542287835,4,11.3,3.77,26.07,14.16,8.34,11.62,3.25,17,25.1,30.9,8.8
1256,5.2269148542287835,4,11.35,3.77,25.94,13.99,8.71,11.53,3.22,16.3,24.96,31.92,8.93
1257,5.2269148542287835,4,11.35,3.73,25.94,13.93,8.31,11.62,3.21,16.64,24.83,29.61,8.69
1258,5.2269148542287835,4,11.26,3.77,26.07,14.05,8.92,11.62,3.25,16.78,24.69,31.4,8.83
1259,5.2269148542287835,4,11.35,3.75,25.69,13.93,8.41,11.67,3.22,16.3,24.43,31.92,8.83
1260,5.2269148542287835,4,11.35,3.77,26.07,13.99,8.37,11.62,3.27,17.36,24.56,30.9,8.76
1261,5.2316693607181595,4,11.3,3.73,25.69,13.88,8.57,11.58,3.24,16.02,24.69,30.57,8.62
1262,5.2316693607181595,4,11.3,3.73,25.69,13.93,8.28,11.62,3.27,16.86,25.38,31.74,8.9
1263,5.2316693607181595,4,11.26,3.72,25.94,13.99,8.78,11.67,3.24,16.78,25.24,31.23,8.8
1264,5.2316693607181595,4,11.35,3.77,26.07,14.05,8.95,11.62,3.28,16.93,24.96,31.57,9.01
1265,5.2316693607181595,4,11.35,3.7,25.56,13.99,8.74,11.67,3.21,16.23,25.1,31.74,8.69
1266,5.2316693607181595,4,11.26,3.75,26.07,13.99,8.47,11.67,3.27,16.3,24.96,31.92,8.97
1267,5.2316693607181595,4,11.3,3.66,25.81,13.93,9.09,11.58,3.21,16.57,25.52,31.06,8.73
1268,5.2316693607181595,4,11.3,3.7,25.56,13.93,9.17,11.62,3.25,17.29,25.95,30.9,8.8
1269,5.2316693607181595,4,11.26,3.7,25.81,13.88,8.64,11.58,3.13,16.57,22.92,29.93,8.76
1270,5.2316693607181595,4,11.3,3.72,25.69,14.05,8.85,11.67,3.27,17.07,25.52,30.73,8.8
1271,5.2316693607181595,4,11.39,3.68,25.56,13.88,9.06,11.58,3.22,16.71,25.95,30.41,8.9
1272,5.2316693607181595,4,11.3,3.7,25.81,13.88,9.09,11.67,3.24,16.36,25.52,30.09,8.97
1273,5.2316693607181595,4,11.3,3.68,25.56,13.93,8.47,11.58,3.27,16.78,26.09,30.25,8.97
1274,5.2316693607181595,4,11.3,3.66,25.69,13.88,9.31,11.58,3.24,16.71,24.83,30.57,8.69
1275,5.2316693607181595,4,11.26,3.66,25.44,13.93,8.61,11.58,3.25,16.71,25.1,29.15,8.76
1276,5.2316693607181595,4,11.35,3.72,25.69,13.88,8.81,11.67,3.22,17.82,24.56,32.81,8.97
1277,5.2316693607181595,4,11.26,3.66,25.56,13.93,9.06,11.58,3.24,16.78,25.1,30.09,8.83
1278,5.2316693607181595,4,11.21,3.66,25.69,13.93,9.02,11.62,3.25,16.78,24.96,30.41,8.86
1279,5.2316693607181595,4,11.21,3.64,25.44,13.88,8.64,11.58,3.22,16.86,25.38,29.77,8.76
1280,5.2316693607181595,4,11.21,3.64,25.56,13.88,8.85,11.58,3.24,16.71,25.1,29.46,8.69
1281,5.2316693607181595,4,11.21,3.66,25.94,13.99,8.95,11.53,3.24,16.86,25.38,29.61,8.83
1282,5.2316693607181595,4,11.21,3.61,25.56,13.82,9.17,11.62,3.19,16.71,25.52,30.41,8.97
1283,5.2316693607181595,4,11.08,3.64,25.56,13.93,8.47,11.53,3.22,16.86,25.52,30.73,8.69
1284,5.2316693607181595,4,11.21,3.64,25.81,13.99,8.68,11.62,3.25,16.86,25.1,31.06,8.86
1285,5.2316693607181595,4,11.08,3.63,25.44,13.99,8.37,11.53,3.22,16.93,25.38,31.06,8.83
1286,5.2316693607181595,4,11.13,3.63,25.94,13.93,8.64,11.53,3.22,16.93,26.24,30.9,8.83
1287,5.2316693607181595,4,11.17,3.63,25.69,13.99,8.15,11.58,3.22,16.93,26.24,29.77,8.76
1288,5.2316693607181595,4,11.35,3.66,25.81,14.05,8.81,11.71,3.22,16.71,26.24,30.57,8.83
1289,5.2316693607181595,4,11.26,3.59,25.44,13.88,8.47,11.58,3.21,16.71,26.69,33.36,8.83
1290,5.2316693607181595,4,11.17,3.59,25.56,13.93,8.51,11.58,3.22,16.78,26.09,30.57,8.93
1291,5.2316693607181595,4,11.08,3.61,25.44,13.88,8.68,11.53,3.21,17.29,26.84,31.06,8.83
1292,5.2316693607181595,4,11.21,3.63,25.56,13.93,9.2,11.58,3.21,16.93,26.53,30.25,8.86
1293,5.2316693607181595,4,11.21,3.59,25.56,13.88,8.71,11.53,3.21,16.86,26.09,30.73,8.73
1294,5.2316693607181595,4,11.13,3.57,25.56,13.82,8.71,11.53,3.22,17.44,26.24,30.25,8.73
1295,5.2316693607181595,4,11.08,4.33,25.69,13.76,8.57,11.49,3.21,16.78,26.39,31.23,8.52
1296,5.2316693607181595,4,11.04,3.59,25.81,13.88,8.92,11.49,3.21,16.93,26.84,30.25,8.8
1297,5.2316693607181595,4,11.08,3.61,25.81,13.88,8.92,11.49,3.21,17.07,26.84,31.06,8.83
1298,5.2316693607181595,4,11.26,3.63,25.94,13.93,8.68,11.44,3.22,17.07,26.53,30.25,8.83
1299,5.2316693607181595,4,11.44,3.59,25.69,13.88,8.54,11.44,3.22,17,26.53,30.09,8.9
1300,5.2316693607181595,4,11.39,3.59,25.44,13.82,8.61,11.49,3.21,17.07,26.39,30.41,8.83
1301,5.2316693607181595,4,11.53,3.59,25.81,13.99,9.13,11.62,3.22,16.78,26.39,30.09,8.83
1302,5.2316693607181595,4,11.35,3.55,25.56,13.93,8.99,11.58,3.17,17,26.39,31.06,8.9
1303,5.2316693607181595,4,11.26,3.57,25.32,13.82,8.64,11.53,3.21,17.22,26.39,30.9,8.86
1304,5.2316693607181595,4,11.21,3.55,25.81,13.88,8.74,11.44,3.19,17.07,26.99,30.57,8.66
1305,5.2316693607181595,4,11.04,3.57,25.69,13.93,9.35,11.53,3.19,17.29,26.39,31.23,8.93
1306,5.2316693607181595,4,11.17,3.57,25.81,13.99,8.85,11.53,3.21,17.22,26.99,30.57,8.86
1307,5.2316693607181595,4,11.21,3.52,25.44,13.82,9.35,11.49,3.17,16.93,26.39,31.06,8.59
1308,5.2316693607181595,4,11.35,3.54,25.32,13.88,8.95,11.53,3.19,16.78,26.39,31.4,8.8
1309,5.2316693607181595,4,11.3,3.57,25.56,13.93,9.24,11.53,3.19,16.86,26.39,31.23,8.9
1310,5.2316693607181595,4,10.95,3.54,25.44,13.82,8.78,11.44,3.17,17,26.84,31.57,8.59
1311,5.2316693607181595,4,11.08,3.55,25.69,13.82,9.53,11.49,3.22,16.93,26.53,30.41,8.86
1312,5.2316693607181595,4,11.3,3.54,25.44,13.76,8.88,11.49,3.22,17.14,26.53,31.06,8.76
1313,5.2316693607181595,4,11.26,3.55,25.32,13.82,9.2,11.49,3.21,17.51,26.84,30.09,8.76
1314,5.2316693607181595,4,11.21,3.54,25.69,13.82,9.27,11.49,3.19,17.14,26.84,29.93,8.73
1315,5.2316693607181595,4,11.13,3.52,25.44,13.76,8.92,11.4,3.21,17.44,26.84,31.06,8.83
1316,5.2316693607181595,4,11.13,3.55,25.44,13.82,9.53,11.49,3.17,17.59,26.39,30.41,8.97
1317,5.2316693607181595,4,11.21,3.55,25.81,13.93,9.38,11.49,3.19,17.51,26.39,32.45,9.04
1318,5.2316693607181595,4,11.08,3.5,25.44,13.82,9.17,11.44,3.19,17.51,26.84,31.23,8.9
1319,5.2316693607181595,4,11.17,3.52,25.44,13.82,8.81,11.44,3.19,17.51,26.69,31.74,8.9
1320,5.2316693607181595,4,11.13,3.55,25.56,13.88,9.49,11.44,3.16,17.07,26.53,31.74,8.73
1321,5.239673136999486,4,11.04,3.54,25.44,13.71,8.64,11.4,3.16,17.29,26.99,29.93,8.9
1322,5.239673136999486,4,11.13,3.54,25.69,13.88,9.17,11.4,3.19,17.14,26.53,31.4,8.83
1323,5.239673136999486,4,11.04,3.48,25.56,13.88,8.64,11.31,3.11,17.07,26.99,31.06,8.69
1324,5.239673136999486,4,11.04,3.5,25.44,13.76,8.51,11.4,3.17,17.22,26.84,30.73,8.8
1325,5.239673136999486,4,11.04,3.54,25.44,13.76,8.74,11.4,3.22,17.29,26.53,30.57,8.76
1326,5.239673136999486,4,11.13,3.55,25.81,13.93,8.81,11.53,3.21,17.44,26.53,30.25,8.66
1327,5.239673136999486,4,11.04,3.52,25.69,13.88,9.06,11.49,3.19,17.29,26.53,29.77,8.56
1328,5.239673136999486,4,11.08,3.5,25.44,13.82,8.74,11.44,3.16,16.86,26.69,30.25,8.83
1329,5.239673136999486,4,11.04,3.45,25.44,13.82,9.31,11.35,3.16,17,27.14,29.77,8.49
1330,5.239673136999486,4,11.04,3.5,25.56,13.82,8.74,11.35,3.16,17.67,26.53,30.73,8.69
1331,5.239673136999486,4,11.17,3.45,25.44,13.71,9.17,11.44,3.17,17.22,26.69,30.73,8.62
1332,5.239673136999486,4,11.21,3.5,25.56,13.82,8.88,11.35,3.16,17.51,26.69,31.57,8.93
1333,5.239673136999486,4,11.13,3.48,25.44,13.71,8.78,11.4,3.17,16.78,26.69,29.46,8.9
1334,5.239673136999486,4,11.13,3.5,25.44,13.76,8.74,11.35,3.17,17.14,27.14,29.77,8.76
1335,5.239673136999486,4,11.13,3.48,25.81,13.82,9.17,11.35,3.13,17.74,26.84,32.45,8.73
1336,5.239673136999486,4,11.13,3.5,25.69,13.71,9.35,11.35,3.14,17.29,27.14,30.73,8.9
1337,5.239673136999486,4,11.13,3.45,25.69,13.71,8.68,11.35,3.14,17.59,26.99,31.06,8.86
1338,5.239673136999486,4,11.17,3.46,25.81,13.76,9.35,11.35,3.17,17.44,27.14,31.57,8.8
1339,5.239673136999486,4,11.13,3.43,25.44,13.76,9.53,11.44,3.14,17.51,26.69,31.74,8.66
1340,5.239673136999486,4,11.13,3.46,25.56,13.82,8.92,11.35,3.17,17.74,26.84,30.57,8.83
1341,5.239673136999486,4,11.08,3.46,25.69,13.76,8.44,11.31,3.16,17.59,26.99,30.41,8.86
1342,5.239673136999486,4,11.17,3.43,25.69,13.71,9.53,11.44,3.13,17.36,26.69,30.57,8.8
1343,5.239673136999486,4,11.13,3.48,25.56,13.82,9.02,11.31,3.17,17.67,26.84,30.41,8.86
1344,5.239673136999486,4,11.17,3.45,25.56,13.71,8.81,11.4,3.16,16.93,26.69,30.41,8.8
1345,5.239673136999486,4,11.13,3.46,25.44,13.65,9.06,11.4,3.14,17.51,27.14,30.09,8.8
1346,5.239673136999486,4,11.08,3.48,25.69,13.65,9.09,11.35,3.16,17.67,27.14,29.93,8.9
1347,5.239673136999486,4,11.13,3.45,25.69,13.82,8.95,11.35,3.16,17.59,26.53,30.41,8.73
1348,5.239673136999486,4,11.21,3.48,25.56,13.76,9.06,11.35,3.16,17,27.3,29.93,8.86
1349,5.239673136999486,4,11.08,3.41,25.69,13.82,9.64,11.31,3.13,17.97,27.3,30.09,8.66
1350,5.239673136999486,4,11.26,3.45,25.44,13.76,8.74,11.49,3.16,17.89,26.84,31.4,8.93
1351,5.239673136999486,4,11.13,3.43,25.44,13.71,9.24,11.4,3.16,17.14,26.84,29.77,8.86
1352,5.239673136999486,4,11.17,3.46,25.32,13.76,8.54,11.44,3.14,17.97,26.84,30.41,8.97
1353,5.239673136999486,4,11.17,3.46,25.94,13.76,9.31,11.44,3.13,17.36,26.99,30.09,8.97
1354,5.239673136999486,4,11.17,3.46,25.56,13.82,9.02,11.44,3.13,17.29,27.14,30.41,8.69
1355,5.239673136999486,4,11.13,3.41,25.56,13.71,8.64,11.44,3.14,17.29,27.62,29.93,8.83
1356,5.239673136999486,4,11.13,3.45,25.44,13.71,8.95,11.4,3.16,17.44,27.62,30.09,8.73
1357,5.239673136999486,4,11.17,3.43,25.44,13.76,8.85,11.4,3.14,17.51,27.62,30.41,8.9
1358,5.239673136999486,4,11.08,3.46,25.94,13.88,8.88,11.31,3.16,17.82,27.3,30.25,8.86
1359,5.239673136999486,4,11.13,3.45,25.94,13.82,9.17,11.26,3.14,17.67,27.46,30.25,8.8
1360,5.239673136999486,4,11.21,3.41,25.44,13.65,9.38,11.35,3.14,17.59,27.46,30.57,8.66
1361,5.239673136999486,4,11.08,3.45,25.56,13.76,9.09,11.44,3.16,18.13,27.14,30.73,8.8
1362,5.239673136999486,4,11.13,3.45,25.81,13.71,8.44,11.31,3.14,17.44,27.62,31.4,8.83
1363,5.239673136999486,4,11.17,3.46,25.69,13.71,9.24,11.35,3.16,18.13,27.3,29.93,8.83
1364,5.239673136999486,4,11.21,3.39,25.56,13.71,9.02,11.31,3.14,17.44,27.3,29.61,8.73
1365,5.239673136999486,4,11.13,3.41,25.56,13.71,9.06,11.35,3.16,17.44,27.46,32.09,8.73
1366,5.239673136999486,4,11.17,3.39,25.56,13.71,8.95,11.4,3.13,17.44,27.62,32.27,8.69
1367,5.239673136999486,4,11.17,3.41,26.07,13.76,8.57,11.4,3.14,17.51,27.3,32.45,8.8
1368,5.239673136999486,4,11.21,3.46,26.07,13.82,8.41,11.35,3.17,17.51,27.46,29.15,8.97
1369,5.239673136999486,4,11.17,3.41,25.69,13.71,8.85,11.35,3.14,17.82,27.78,31.23,8.9
1370,5.239673136999486,4,11.13,3.39,25.56,13.71,9.2,11.26,3.14,17.59,28.1,30.09,8.73
1371,5.239673136999486,4,11.21,3.39,25.56,13.76,9.46,11.4,3.14,18.61,27.94,29.77,8.73
1372,5.239673136999486,4,11.13,3.43,25.69,13.76,9.17,11.31,3.13,17.44,27.78,29.15,8.69
1373,5.239673136999486,4,11.26,3.39,25.56,13.71,9.31,11.4,3.14,17.82,27.62,30.41,8.83
1374,5.239673136999486,4,11.21,3.39,25.81,13.71,9.02,11.31,3.16,17.97,28.1,28.7,8.62
1375,5.239673136999486,4,11.21,3.41,26.07,13.82,8.57,11.35,3.13,17.74,27.62,30.25,8.66
1376,5.239673136999486,4,11.08,3.36,25.81,13.71,8.85,11.26,3.13,17.89,27.62,31.06,8.46
1377,5.239673136999486,4,11.13,3.36,26.07,13.76,8.92,11.22,3.13,17.59,28.27,30.57,8.83
1378,5.239673136999486,4,11.13,3.39,26.07,13.71,9.38,11.22,3.14,18.13,27.94,31.92,8.73
1379,5.239673136999486,4,11.04,3.41,25.94,13.65,8.95,11.22,3.14,17.97,28.27,32.99,8.83
1380,5.239673136999486,4,11.13,3.38,26.19,13.71,9.27,11.31,3.16,17.89,27.78,30.9,8.83
1381,5.257494181321206,4,11.08,3.39,26.07,13.82,9.46,11.26,3.14,17.97,27.78,29.93,8.8
1382,5.257494181321206,4,11.13,3.36,25.81,13.65,8.71,11.26,3.14,17.97,27.62,31.06,8.8
1383,5.257494181321206,4,11.04,3.39,26.07,13.76,8.92,11.26,3.14,17.97,27.94,30.25,8.86
1384,5.257494181321206,4,11.08,3.38,26.19,13.71,8.54,11.35,3.14,17.97,27.94,30.09,8.9
1385,5.257494181321206,4,11.13,3.36,25.81,13.71,9.13,11.35,3.16,17.97,27.62,30.9,8.69
1386,5.257494181321206,4,11.08,3.34,25.81,13.71,8.85,11.35,3.13,17.89,27.94,32.09,8.69
1387,5.257494181321206,4,11.13,3.39,26.19,13.65,9.06,11.35,3.13,17.89,27.78,30.9,8.86
1388,5.257494181321206,4,11.08,3.34,25.94,13.76,8.61,11.31,3.11,17.74,27.94,29.46,8.76
1389,5.257494181321206,4,11.08,3.32,25.81,13.65,8.41,11.31,3.08,17.82,28.27,30.9,8.8
1390,5.257494181321206,4,11.04,3.24,25.94,13.54,8.95,11.17,3.07,18.13,28.43,30.41,8.42
1391,5.257494181321206,4,11.08,3.31,25.69,13.54,9.06,11.17,3.08,18.13,28.27,30.09,8.76
1392,5.257494181321206,4,11.08,3.29,25.81,13.6,9.02,11.26,3.07,17.82,27.94,30.25,8.52
1393,5.257494181321206,4,11.08,3.29,25.94,13.54,8.81,11.26,3.07,17.89,27.94,30.09,8.69
1394,5.257494181321206,4,11.13,3.31,26.07,13.6,8.88,11.26,3.1,17.97,27.94,30.41,8.73
1395,5.257494181321206,4,11.08,3.29,26.07,13.6,9.13,11.17,3.08,17.89,28.27,30.41,8.56
1396,5.257494181321206,4,11.04,3.31,25.94,13.6,8.95,11.26,3.13,18.29,27.94,31.92,8.76
1397,5.257494181321206,4,11,3.31,25.94,13.65,9.2,11.26,3.1,18.13,28.1,30.73,8.8
1398,5.257494181321206,4,11.04,3.31,25.94,13.54,8.99,11.17,3.1,18.94,28.43,30.73,8.59
1399,5.257494181321206,4,11.08,3.31,26.32,13.54,8.64,11.26,3.07,18.21,27.94,30.57,8.69
1400,5.257494181321206,4,11,3.31,25.94,13.54,8.88,11.26,3.08,18.13,28.43,29.93,8.73
1401,5.257494181321206,4,10.87,3.29,26.32,13.6,8.44,11.17,3.08,18.21,28.43,30.25,8.69
1402,5.257494181321206,4,10.87,3.29,25.94,13.54,8.61,11.13,3.1,18.21,28.43,30.73,8.8
1403,5.257494181321206,4,10.95,3.31,25.81,13.54,8.64,11.22,3.1,18.29,28.1,31.06,8.8
1404,5.257494181321206,4,10.83,3.29,25.94,13.54,8.15,11.13,3.1,18.53,28.43,29.15,8.59
1405,5.257494181321206,4,10.83,3.27,25.94,13.54,8.99,10.87,3.05,17.89,28.1,29,8.73
1406,5.257494181321206,4,10.87,3.29,26.07,13.54,8.74,11.13,3.08,18.45,28.1,29.93,8.62
1407,5.257494181321206,4,10.95,3.29,26.19,13.65,8.64,11.26,3.07,18.13,28.1,28.41,8.8
1408,5.257494181321206,4,11,3.31,25.94,13.65,9.13,11.26,3.08,18.29,28.94,29.3,8.76
1409,5.257494181321206,4,10.91,3.32,26.45,13.71,8.88,11.17,3.13,18.45,28.77,30.9,8.86
1410,5.257494181321206,4,10.91,3.29,26.32,13.65,8.74,11.13,3.11,18.45,28.6,30.41,8.86
1411,5.257494181321206,4,11,3.29,26.32,13.76,8.57,11.13,3.11,18.37,28.77,30.25,8.83
1412,5.257494181321206,4,10.91,3.26,26.07,13.54,9.06,11.22,3.08,18.21,28.27,31.06,8.59
1413,5.257494181321206,4,10.83,3.29,26.32,13.6,8.68,11.09,3.11,18.45,28.43,29.93,8.62
1414,5.257494181321206,4,10.91,3.26,26.32,13.6,8.85,11.13,3.1,18.37,28.1,30.09,8.69
1415,5.257494181321206,4,10.95,3.27,26.32,13.71,9.38,11.17,3.1,18.29,28.27,30.73,8.8
1416,5.257494181321206,4,11,3.24,26.07,13.49,8.85,11.22,3.07,18.29,28.77,29.61,8.76
1417,5.257494181321206,4,11,3.29,26.45,13.65,8.68,11.09,3.1,18.37,28.6,29.93,8.66
1418,5.257494181321206,4,11.04,3.19,26.19,13.6,9.02,11.22,3.1,18.21,28.77,33.93,8.52
1419,5.257494181321206,4,11,3.27,26.45,13.6,8.71,11.26,3.1,18.37,28.27,30.25,8.52
1420,5.257494181321206,4,11,3.29,26.58,13.71,8.44,11.13,3.08,18.53,28.77,29.46,8.69
1421,5.257494181321206,4,11.04,3.26,26.45,13.54,8.95,11.22,3.07,18.29,29.11,30.73,8.69
1422,5.257494181321206,4,11.04,3.26,26.19,13.6,8.92,11.13,3.05,18.21,29.11,29.15,8.73
1423,5.257494181321206,4,11,3.27,26.58,13.65,8.88,11.26,3.08,18.29,28.6,31.06,8.73
1424,5.257494181321206,4,11.04,3.24,26.19,13.6,9.06,11.26,3.05,18.21,28.77,31.23,8.52
1425,5.257494181321206,4,10.95,3.24,26.45,13.54,8.88,11.17,3.1,18.53,29.11,31.23,8.69
1426,5.257494181321206,4,10.95,3.24,26.19,13.54,8.44,11.13,3.1,18.53,29.11,30.57,8.73
1427,5.257494181321206,4,11,3.24,26.19,13.65,9.27,11.22,3.1,18.37,28.6,31.06,8.76
1428,5.257494181321206,4,11.04,3.24,26.45,13.65,9.35,11.31,3.1,18.29,28.6,30.41,8.73
1429,5.257494181321206,4,11.04,3.24,26.32,13.54,8.81,11.22,3.07,18.53,29.46,30.9,8.69
1430,5.257494181321206,4,11.04,3.24,26.58,13.54,8.92,11.26,3.1,18.37,28.77,30.73,8.66
1431,5.257494181321206,4,11,3.26,26.45,13.6,9.2,11.13,3.07,18.53,28.94,30.57,8.62
1432,5.257494181321206,4,11,3.24,26.45,13.49,9.02,11.22,3.05,18.45,28.43,29.77,8.66
1433,5.257494181321206,4,10.91,3.26,26.58,13.65,8.57,11.13,2.98,18.37,24.96,31.23,8.69
1434,5.257494181321206,4,11,3.2,26.19,13.6,8.95,11.26,3.05,18.37,28.27,30.09,8.56
1435,5.257494181321206,4,10.91,3.26,26.45,13.6,8.88,11.17,3.08,18.45,27.14,31.57,8.62
1436,5.257494181321206,4,10.91,3.22,26.19,13.54,8.68,11.17,3.05,20.15,26.24,31.06,8.73
1437,5.257494181321206,4,11.04,3.24,26.85,13.49,8.78,11.26,3.08,18.53,26.24,30.57,8.73
1438,5.257494181321206,4,10.95,3.26,26.45,13.49,9.61,11.13,3.07,18.45,26.09,31.23,8.8
1439,5.257494181321206,4,10.91,3.26,26.32,13.43,9.06,11.13,3.07,18.45,26.99,31.23,8.69
1440,5.257494181321206,4,10.95,3.22,26.32,13.49,8.74,11.17,3.07,18.21,29.29,31.4,8.59
1441,5.298932060627791,4,11,3.22,26.58,13.6,9.09,11.13,3.05,18.37,29.82,32.09,8.49
1442,5.298932060627791,4,10.87,3.2,26.19,13.54,8.64,11.04,3.07,18.53,30.37,32.45,8.42
1443,5.298932060627791,4,10.83,3.2,26.32,13.71,9.27,11.04,3.05,18.29,29.82,31.57,8.56
1444,5.298932060627791,4,10.83,3.26,26.32,13.54,9.42,11.09,3.07,18.77,30.74,31.23,8.56
1445,5.298932060627791,4,10.87,3.24,26.19,13.49,9.17,11.09,3.05,18.53,31.71,30.57,8.56
1446,5.298932060627791,4,10.91,2.76,26.32,13.65,8.85,11.13,3.08,18.45,31.51,30.41,8.73
1447,5.298932060627791,4,11,3.26,26.19,13.65,8.24,11.22,3.08,18.29,30.93,30.73,8.76
1448,5.298932060627791,4,10.83,3.22,26.32,13.6,8.68,11.22,3.07,18.21,30.93,30.57,8.56
1449,5.298932060627791,4,11,3.24,26.19,13.6,8.99,11.26,3.05,18.77,31.12,29.15,8.69
1450,5.298932060627791,4,11,3.2,26.58,13.6,8.88,11.22,3.04,18.37,31.12,31.74,8.66
1451,5.298932060627791,4,10.91,3.24,26.72,13.6,9.38,11.13,3.05,18.69,31.32,30.73,8.73
1452,5.298932060627791,4,10.95,3.2,26.58,13.6,9.76,11.22,3.04,18.29,30.93,31.06,8.69
1453,5.298932060627791,4,10.95,3.2,26.58,13.6,9.49,11.22,3.04,18.29,31.32,32.27,8.59
1454,5.298932060627791,4,10.83,3.22,26.85,13.54,9.35,11.09,3.05,18.77,30.74,30.73,8.69
1455,5.298932060627791,4,10.91,3.2,26.85,13.54,9.24,11.13,3.05,18.69,30.74,29.93,8.46
1456,5.298932060627791,4,10.91,3.19,26.72,13.49,9.61,11.17,3.04,18.61,31.32,31.23,8.66
1457,5.298932060627791,4,10.87,3.17,26.45,13.43,9.2,11.09,3.05,18.77,31.32,29.77,8.69
1458,5.298932060627791,4,10.87,3.2,26.85,13.49,8.88,11.09,3.04,18.53,30.74,30.9,8.69
1459,5.298932060627791,4,10.83,3.2,26.85,13.54,9.2,11.09,3.05,18.85,31.12,31.57,8.73
1460,5.298932060627791,4,10.87,3.2,26.58,13.6,8.88,11.09,3.04,18.77,30.93,30.41,8.56
1461,5.298932060627791,4,10.91,3.2,26.72,13.43,8.28,11.13,3.02,18.53,35.64,29.93,8.73
1462,5.298932060627791,4,10.91,3.17,26.45,13.49,8.68,11.22,3.05,18.53,30.55,30.41,8.62
1463,5.298932060627791,4,10.83,3.17,26.45,13.43,9.24,11.22,3.04,18.61,31.32,29.93,8.62
1464,5.298932060627791,4,10.87,3.17,26.45,13.49,8.68,11.13,3.02,18.69,31.32,29.93,8.56
1465,5.298932060627791,4,10.91,3.19,26.45,13.43,8.74,11.17,3.02,18.77,31.32,30.09,8.62
1466,5.298932060627791,4,10.87,3.19,26.85,13.6,8.44,11.17,3.05,18.61,31.12,30.41,8.66
1467,5.298932060627791,4,10.87,3.17,26.85,13.54,8.54,11.13,3.02,18.61,31.71,30.25,8.59
1468,5.298932060627791,4,10.87,3.17,26.58,13.54,9.2,11.22,3.07,18.85,31.12,30.41,8.66
1469,5.298932060627791,4,10.87,3.17,26.58,13.43,9.02,11.17,3.02,18.61,31.12,30.41,8.76
1470,5.298932060627791,4,10.87,3.19,26.58,13.54,8.85,11.09,3.04,18.94,30.93,30.41,8.73
1471,5.298932060627791,4,10.87,3.15,26.58,13.54,8.88,11.17,3.04,18.61,30.74,30.57,8.66
1472,5.298932060627791,4,10.78,3.17,26.45,13.43,8.92,11.09,3.04,18.69,30.74,30.73,8.49
1473,5.298932060627791,4,10.62,3.14,26.58,13.38,9.49,11.04,3.05,18.85,30.93,29.93,8.62
1474,5.298932060627791,4,10.66,3.17,26.85,13.38,9.31,11.04,3.05,18.94,30.93,30.41,8.66
1475,5.298932060627791,4,10.74,3.19,26.85,13.43,8.85,11.09,3.04,18.94,31.32,30.09,8.76
1476,5.298932060627791,4,10.7,3.19,26.85,13.54,8.74,10.96,3.21,18.69,31.32,30.57,8.76
1477,5.298932060627791,4,10.66,3.19,26.85,13.54,9.06,11.04,3.05,18.85,30.93,30.73,8.66
1478,5.298932060627791,4,10.78,3.19,26.85,13.54,8.44,11.13,3.02,18.53,31.51,30.57,8.49
1479,5.298932060627791,4,10.7,3.12,26.85,13.49,8.81,11.13,3.04,18.53,31.12,30.09,8.59
1480,5.298932060627791,4,10.66,3.12,26.58,13.38,9.38,11.04,3.04,18.53,30.93,31.06,8.66
1481,5.298932060627791,4,10.66,3.19,26.98,13.54,9.31,11,3.05,18.61,31.32,30.9,8.73
1482,5.298932060627791,4,10.74,3.19,27.12,13.43,8.61,11,3.05,18.77,31.12,30.57,8.66
1483,5.298932060627791,4,10.74,3.19,27.12,13.54,9.31,11.04,3.05,18.61,31.12,31.23,8.76
1484,5.298932060627791,4,10.78,3.14,26.72,13.38,8.92,11.13,3.02,18.61,32.11,31.92,8.66
1485,5.298932060627791,4,10.7,3.14,26.58,13.38,8.95,11.04,3.02,18.69,31.91,31.23,8.56
1486,5.298932060627791,4,10.74,3.17,26.98,13.43,9.06,11.13,3.04,19.02,31.12,29.93,8.69
1487,5.298932060627791,4,10.7,3.14,26.58,13.32,8.88,11.09,3.02,18.69,31.71,29.93,8.73
1488,5.298932060627791,4,10.66,3.15,26.58,13.32,8.92,11,3.04,18.94,30.74,30.57,8.59
1489,5.298932060627791,4,10.78,3.17,27.12,13.54,9.06,11.13,3.04,19.36,31.12,29.77,8.52
1490,5.298932060627791,4,10.74,3.17,27.12,13.49,8.88,11.04,3.05,19.97,30.74,30.9,8.69
1491,5.298932060627791,4,10.7,3.14,26.98,13.49,9.09,11.04,3.04,19.97,30.55,31.06,8.66
1492,5.298932060627791,4,10.7,3.17,26.72,13.38,8.61,11,3.04,19.62,30.93,30.73,8.59
1493,5.298932060627791,4,10.74,3.1,26.98,13.43,8.74,11.09,3.02,19.71,31.51,29.61,8.56
1494,5.298932060627791,4,10.74,3.15,26.85,13.54,8.99,11.09,3.05,19.62,31.12,30.57,8.56
1495,5.298932060627791,4,10.7,3.14,26.98,13.43,9.2,11.04,3.04,19.71,31.32,30.41,8.62
1496,5.298932060627791,4,10.7,3.15,27.12,13.43,9.06,11.04,3.05,19.71,31.32,30.25,8.66
1497,5.298932060627791,4,10.83,3.17,27.25,13.54,8.99,11.09,3.02,19.88,31.91,29.61,8.83
1498,5.298932060627791,4,10.78,3.15,27.25,13.54,9.42,11.09,3.02,19.97,32.11,30.57,8.8
1499,5.298932060627791,4,10.74,3.15,27.12,13.49,9.64,11.09,3.02,19.88,32.11,30.09,8.69
1500,5.298932060627791,4,10.78,3.14,26.85,13.43,9.2,10.96,3.08,19.62,31.91,32.99,8.52
1501,5.412588874668555,4,10.7,3.1,26.85,13.38,9.31,10.91,3.02,19.27,31.91,29.15,8.59
1502,5.412588874668555,4,10.66,3.14,27.25,13.32,9.42,10.87,3.02,19.1,31.12,30.9,8.49
1503,5.412588874668555,4,10.74,3.1,26.72,13.49,9.02,11,3.01,18.69,31.51,30.73,8.62
1504,5.412588874668555,4,10.78,3.12,26.85,13.38,8.88,10.87,3.21,18.69,31.51,30.41,8.62
1505,5.412588874668555,4,10.83,3.15,27.12,13.54,9.17,10.96,3.02,18.69,30,29.77,8.69
1506,5.412588874668555,4,10.83,3.1,26.98,13.32,9.46,10.91,3.04,18.53,30.37,31.06,8.32
1507,5.412588874668555,4,10.83,3.1,26.85,13.32,9.02,10.96,3.01,18.61,30.74,33.74,8.23
1508,5.412588874668555,4,10.74,3.1,26.85,13.49,8.81,10.96,3.02,18.53,30.18,31.06,8.46
1509,5.412588874668555,4,10.78,3.14,27.25,13.43,9.2,10.96,3.02,18.53,30.18,30.9,8.56
1510,5.412588874668555,4,10.66,3.15,27.12,13.49,9.27,10.87,3.02,18.69,30.18,30.41,8.73
1511,5.412588874668555,4,10.78,3.15,27.12,13.43,9.17,10.96,3.04,18.45,30.74,32.99,8.62
1512,5.412588874668555,4,10.66,3.12,27.25,13.43,8.95,10.91,3.02,18.77,31.51,31.23,8.73
1513,5.412588874668555,4,10.74,3.14,27.12,13.49,8.85,10.83,3.04,18.61,30,30.57,8.62
1514,5.412588874668555,4,10.83,3.14,26.72,13.43,8.64,11.04,3.02,18.45,30.93,30.25,8.52
1515,5.412588874668555,4,10.74,3.17,27.12,13.49,8.88,10.96,3.04,18.69,30.74,30.73,8.73
1516,5.412588874668555,4,10.74,3.15,27.12,13.43,8.71,10.91,3.04,18.77,31.12,30.9,8.8
1517,5.412588874668555,4,10.83,3.1,26.72,13.38,9.24,11.04,3.01,18.45,31.12,31.4,8.56
1518,5.412588874668555,4,10.83,3.15,26.85,13.43,8.71,11,3.01,18.37,31.51,29.46,8.73
1519,5.412588874668555,4,10.74,3.14,26.85,13.38,8.92,11.04,3.01,18.45,31.91,29.93,7.16
1520,5.412588874668555,4,10.78,3.12,27.12,13.49,8.99,10.96,3.01,18.53,31.51,31.23,8.73
1521,5.412588874668555,4,10.74,3.14,26.85,13.32,9.17,10.96,3.01,18.61,31.91,31.06,8.66
1522,5.412588874668555,4,10.83,3.1,26.98,13.54,9.13,10.91,3.04,18.45,31.51,29.46,8.66
1523,5.412588874668555,4,10.78,3.1,26.72,13.32,9.31,10.87,3.01,18.45,31.91,29.93,8.62
1524,5.412588874668555,4,10.74,3.09,26.58,13.38,8.74,10.96,3.01,18.85,31.71,30.41,8.69
1525,5.412588874668555,4,10.7,3.12,26.72,13.32,9.2,10.91,3.04,18.94,30.55,30.41,8.76
1526,5.412588874668555,4,10.78,3.09,26.85,13.49,9.09,11,3.02,18.61,30,28.85,8.56
1527,5.412588874668555,4,10.7,3.09,27.12,13.38,8.78,10.96,3.04,18.69,30.93,29.93,8.69
1528,5.412588874668555,4,10.74,3.12,27.25,13.43,8.68,10.91,3.04,19.1,31.51,30.9,8.73
1529,5.412588874668555,4,10.83,3.14,26.98,13.49,8.74,10.96,3.04,18.94,31.51,30.41,8.73
1530,5.412588874668555,4,10.83,3.09,26.98,13.49,8.71,11.04,3.02,18.69,31.91,31.23,8.62
1531,5.412588874668555,4,10.78,3.12,26.72,13.43,9.42,11,3.04,20.42,31.51,31.06,8.73
1532,5.412588874668555,4,10.83,3.14,26.98,13.49,9.06,10.96,3.05,20.42,32.31,28.7,8.73
1533,5.412588874668555,4,10.87,3.15,27.12,13.6,8.92,11.09,3.07,20.7,31.91,30.73,8.49
1534,5.412588874668555,4,11,3.19,26.98,13.54,9.06,11.13,3.11,20.7,32.73,30.57,8.62
1535,5.412588874668555,4,10.91,3.19,27.25,13.71,9.42,11.09,3.1,21.28,30.93,29.15,8.69
1536,5.412588874668555,4,10.78,3.12,26.72,13.43,9.8,10.96,3.04,20.89,31.71,30.57,8.62
1537,5.412588874668555,4,10.74,3.1,27.25,13.43,9.49,11,3.05,20.89,32.31,30.41,8.66
1538,5.412588874668555,4,10.78,3.07,26.85,13.27,8.81,10.91,3.01,20.61,29.82,30.25,8.52
1539,5.412588874668555,4,10.78,3.07,27.12,13.32,9.17,11,3.01,20.99,29.11,30.73,8.59
1540,5.412588874668555,4,10.78,3.07,26.98,13.43,8.47,11,3.02,20.89,29.82,30.57,8.42
1541,5.412588874668555,4,10.78,3.07,26.85,13.27,9.13,11.04,2.99,18.85,31.12,29.3,8.42
1542,5.412588874668555,4,10.87,3.1,27.25,13.54,9.06,11.09,3.04,18.94,31.51,30.41,8.76
1543,5.412588874668555,4,10.87,3.09,26.72,13.38,9.17,11.04,3.04,18.94,32.11,29.46,8.62
1544,5.412588874668555,4,10.78,3.04,26.98,13.27,8.95,10.96,2.99,18.69,31.91,31.4,8.42
1545,5.412588874668555,4,10.7,3.04,26.85,13.38,9.02,11.04,3.01,18.61,31.71,30.25,8.52
1546,5.412588874668555,4,10.83,3.1,26.85,13.32,8.78,10.96,3.04,18.94,31.12,30.09,8.69
1547,5.412588874668555,4,10.87,3.12,27.12,13.38,8.78,11.04,3.04,18.61,31.12,31.23,8.66
1548,5.412588874668555,4,10.83,3.07,26.72,13.38,8.81,11,3.01,18.69,31.32,29.61,8.62
1549,5.412588874668555,4,10.78,3.14,27.12,13.43,8.81,10.96,3.05,18.85,31.32,30.57,8.73
1550,5.412588874668555,4,10.74,3.04,26.72,13.32,9.61,10.87,3.02,18.77,31.32,29.93,8.56
1551,5.412588874668555,4,10.95,3.15,26.98,13.38,9.2,11.09,3.05,18.53,31.51,31.06,8.66
1552,5.412588874668555,4,10.78,3.09,26.72,13.38,9.13,11,3.01,19.27,31.51,30.25,8.69
1553,5.412588874668555,4,10.78,3.07,27.12,13.32,8.64,11,3.02,19.27,31.71,29.61,8.66
1554,5.412588874668555,4,10.74,3.05,27.12,13.21,8.81,10.87,2.99,18.61,32.11,30.57,8.49
1555,5.412588874668555,4,10.7,3,26.72,13.21,8.92,10.91,2.98,18.37,31.51,30.09,8.42
1556,5.412588874668555,4,10.78,3.09,27.12,13.32,8.78,10.91,3.02,18.61,31.51,29.93,8.49
1557,5.412588874668555,4,10.78,3.05,27.12,13.43,8.64,10.91,2.99,18.21,31.71,30.09,8.69
1558,5.412588874668555,4,10.62,3.04,26.72,13.27,9.09,10.74,3.01,18.53,32.52,31.06,8.66
1559,5.412588874668555,4,10.78,3.1,27.12,13.32,8.88,10.96,3.04,18.77,31.71,31.23,8.8
1560,5.412588874668555,4,10.7,3.07,27.12,13.21,9.24,10.79,3.01,18.61,32.11,29.46,8.66
1561,5.473782773477036,4,10.74,3.07,27.25,13.32,9.38,10.96,3.04,18.53,32.11,29.93,8.52
1562,5.473782773477036,4,10.66,3.07,26.98,13.21,8.61,10.83,3.02,18.69,32.52,30.25,8.69
1563,5.473782773477036,4,10.83,3.09,26.98,13.43,9.49,11,3.04,18.53,32.52,30.57,8.76
1564,5.473782773477036,4,10.66,3.04,26.98,13.21,8.99,10.87,2.99,18.61,32.73,30.73,8.66
1565,5.473782773477036,4,10.87,3.19,27.39,13.6,9.46,11.09,3.08,18.69,32.31,31.06,8.97
1566,5.473782773477036,4,10.74,3.05,26.72,13.27,8.37,10.79,3.01,18.69,32.52,30.41,8.69
1567,5.473782773477036,4,10.78,3.07,27.12,13.27,9.42,10.91,2.99,18.45,31.91,30.73,8.66
1568,5.473782773477036,4,10.78,3.09,26.98,13.27,9.27,10.79,3.02,18.61,31.91,30.57,8.76
1569,5.473782773477036,4,10.7,3.05,26.72,13.06,9.38,10.79,2.99,18.69,32.94,31.4,8.62
1570,5.473782773477036,4,10.78,3.09,26.98,13.43,9.8,10.87,3.02,18.85,32.73,31.06,8.8
1571,5.473782773477036,4,10.74,3.07,26.98,13.32,9.17,10.87,3.02,18.85,32.73,30.9,8.62
1572,5.473782773477036,4,10.83,3.04,26.85,13.27,9.49,10.91,3.01,18.94,32.31,29.46,8.59
1573,5.473782773477036,4,10.66,3.02,26.72,13.16,9.13,10.83,2.99,19.19,31.91,32.09,8.56
1574,5.473782773477036,4,10.66,3.05,26.85,13.32,9.83,10.74,2.99,18.94,32.31,30.25,8.69
1575,5.473782773477036,4,10.74,3.07,26.85,13.32,8.88,10.87,3.02,19.36,32.52,29.61,8.59
1576,5.473782773477036,4,10.74,3.07,27.12,13.32,9.2,10.87,3.05,19.62,32.52,30.41,8.69
1577,5.473782773477036,4,10.7,3.05,26.72,13.32,8.71,10.83,3.02,19.62,32.94,30.73,8.52
1578,5.473782773477036,4,10.66,3.04,26.72,13.16,9.13,10.79,2.98,19.02,32.73,30.09,8.62
1579,5.473782773477036,4,10.66,3,26.85,13.16,8.81,10.83,2.96,18.69,32.73,31.06,8.66
1580,5.473782773477036,4,10.66,3,26.85,13.11,8.68,10.79,2.98,18.69,32.31,29.77,8.69
1581,5.473782773477036,4,10.66,3,26.72,13.21,8.74,10.74,2.96,18.61,32.73,30.73,8.66
1582,5.473782773477036,4,10.66,3.07,27.12,13.11,9.53,10.79,3.01,18.94,32.11,30.73,8.69
1583,5.473782773477036,4,10.53,3.05,27.12,13.27,8.51,10.7,2.99,18.94,32.52,29.93,8.46
1584,5.473782773477036,4,10.33,3.02,26.72,13.21,9.17,10.62,2.99,18.61,31.71,31.06,8.56
1585,5.473782773477036,4,10.53,3.05,26.98,13.27,8.51,10.7,3.01,18.94,31.71,30.73,8.32
1586,5.473782773477036,4,10.57,3.02,26.85,13.27,8.88,10.62,2.99,18.77,32.11,31.06,8.49
1587,5.473782773477036,4,10.57,3.04,27.12,13.21,9.17,10.7,2.99,18.77,32.11,30.25,8.52
1588,5.473782773477036,4,10.62,3.07,27.12,13.27,8.99,10.7,3.01,18.77,32.11,31.06,8.62
1589,5.473782773477036,4,10.74,3.05,27.12,13.16,8.64,10.7,2.99,18.61,32.11,31.92,8.52
1590,5.473782773477036,4,10.78,3.05,27.12,13.32,9.06,10.83,3.02,18.53,32.31,30.41,8.56
1591,5.473782773477036,4,10.66,3,26.98,13.11,8.92,10.74,2.96,18.85,32.52,29.77,8.42
1592,5.473782773477036,4,10.53,2.99,26.72,13.11,8.64,10.66,2.96,18.53,32.52,29.77,8.42
1593,5.473782773477036,4,10.66,2.99,26.72,13.11,8.85,10.7,2.96,18.85,32.94,30.41,8.39
1594,5.473782773477036,4,10.62,3.04,26.72,13.32,8.74,10.79,3.01,18.69,32.94,29.3,8.49
1595,5.473782773477036,4,10.49,3.04,26.85,13.06,9.13,10.66,2.99,18.77,32.31,30.9,8.46
1596,5.473782773477036,4,10.57,3.05,26.72,13.16,8.99,10.7,3.01,19.1,33.15,30.73,8.56
1597,5.473782773477036,4,10.49,3.04,27.12,13.21,9.27,10.74,3.01,18.85,32.73,30.25,8.49
1598,5.473782773477036,4,10.53,2.99,26.72,13.21,8.78,10.62,2.98,18.69,32.31,30.73,8.26
1599,5.473782773477036,4,10.62,3,27.12,13.11,9.17,10.62,2.99,18.61,32.31,31.57,8.39
1600,5.473782773477036,4,10.57,3.04,26.72,13.21,8.47,10.7,3.02,19.1,32.94,30.73,8.52
1601,5.473782773477036,4,10.7,3.04,27.12,13.32,8.68,10.79,3.02,18.94,32.52,32.99,8.59
1602,5.473782773477036,4,10.78,3.09,27.12,13.32,9.31,10.87,3.07,18.77,32.73,31.74,8.49
1603,5.473782773477036,4,10.66,3.02,26.85,13.21,9.13,10.7,2.99,18.85,33.15,29.61,8.46
1604,5.473782773477036,4,10.78,3.14,26.98,13.32,8.88,10.79,3.07,19.19,33.58,32.09,8.59
1605,5.473782773477036,4,10.66,3.02,27.12,13.32,9.35,10.62,3.02,19.1,33.15,31.06,8.46
1606,5.473782773477036,4,10.7,2.91,26.45,13.11,8.95,10.58,2.95,18.69,32.94,30.73,8.13
1607,5.473782773477036,4,10.7,2.95,26.58,13.11,9.17,10.66,2.96,18.77,32.73,30.57,8.26
1608,5.473782773477036,4,10.57,2.99,27.12,13.16,8.88,10.54,2.98,18.77,33.36,30.9,8.36
1609,5.473782773477036,4,10.66,2.95,26.72,13.16,8.88,10.62,2.95,18.45,32.73,30.73,8.39
1610,5.473782773477036,4,10.7,2.95,26.72,13,8.81,10.62,2.95,18.53,32.94,32.63,8.36
1611,5.473782773477036,4,10.66,2.99,26.58,13.11,9.31,10.58,2.96,18.45,32.94,30.25,8.32
1612,5.473782773477036,4,10.62,3,27.12,13.16,9.17,10.54,2.96,18.61,32.52,29.46,8.39
1613,5.473782773477036,4,10.57,3,26.98,13.06,8.64,10.49,2.96,18.53,31.51,28.41,8.26
1614,5.473782773477036,4,10.66,2.79,26.85,13.11,9.17,10.58,2.98,18.77,32.94,29.3,8.62
1615,5.473782773477036,4,10.62,2.94,26.98,13.11,8.54,10.58,2.93,18.21,30.93,30.57,8.36
1616,5.473782773477036,4,10.49,2.99,26.98,13.11,8.64,10.49,2.95,18.45,30.18,31.23,8.46
1617,5.473782773477036,4,10.57,2.95,26.72,13,8.78,10.58,2.95,18.37,29.82,30.09,8.36
1618,5.473782773477036,4,10.66,2.97,26.72,13.11,8.68,10.66,2.96,18.29,28.94,30.25,8.39
1619,5.473782773477036,4,10.45,2.99,26.98,13.11,9.17,10.45,2.95,18.37,28.43,30.09,8.36
1620,5.473782773477036,4,10.66,2.99,26.98,13,8.71,10.58,2.95,18.21,28.6,30.25,8.46
1621,5.5391314075682505,4,10.49,2.95,27.12,13.11,8.51,10.45,2.95,18.45,28.77,30.41,8.36
1622,5.5391314075682505,4,10.45,2.97,26.98,13.06,8.95,10.45,2.95,18.37,29.64,29.93,8.19
1623,5.5391314075682505,4,10.49,2.97,26.72,13.06,8.74,10.49,2.96,18.69,29.82,29.77,8.36
1624,5.5391314075682505,4,10.53,2.95,26.58,13,8.71,10.54,2.93,18.13,29.29,29.46,8.42
1625,5.5391314075682505,4,10.53,2.99,26.72,13,8.81,10.45,2.96,18.29,30.37,29.77,8.39
1626,5.5391314075682505,4,10.57,2.97,26.72,13,8.74,10.49,2.95,18.29,30.55,30.09,8.36
1627,5.5391314075682505,4,10.49,2.97,26.58,13,8.74,10.45,2.96,18.53,30.37,31.4,8.03
1628,5.5391314075682505,4,10.53,2.97,26.72,13.06,8.71,10.45,2.98,18.69,30.55,31.06,8.52
1629,5.5391314075682505,4,10.53,3,26.85,13.11,8.74,10.49,2.96,18.37,30.55,30.25,8.49
1630,5.5391314075682505,4,10.57,3,26.72,13.16,8.85,10.45,2.98,18.45,30.55,32.81,8.49
1631,5.5391314075682505,4,10.49,2.99,26.85,13.11,8.61,10.41,2.95,18.37,30.74,30.73,8.52
1632,5.5391314075682505,4,10.66,2.99,26.98,13.11,8.78,10.58,2.96,18.53,31.12,30.73,8.46
1633,5.5391314075682505,4,10.57,2.97,26.85,12.95,9.02,10.41,2.96,18.45,30.55,29.15,8.49
1634,5.5391314075682505,4,10.57,3,27.12,13,8.54,10.41,2.95,18.05,30.18,30.73,8.49
1635,5.5391314075682505,4,10.66,2.97,27.12,13.11,9.06,10.54,2.96,18.05,30.18,30.73,8.46
1636,5.5391314075682505,4,10.66,2.97,26.58,13,8.74,10.45,2.98,18.53,30.18,29.77,8.42
1637,5.5391314075682505,4,10.7,2.97,26.72,13,9.24,10.45,2.96,17.89,30.93,30.25,8.36
1638,5.5391314075682505,4,10.53,2.94,26.58,12.95,8.54,10.45,2.95,17.89,30,29.93,8.42
1639,5.5391314075682505,4,10.62,2.97,26.72,13,9.42,10.45,2.95,17.89,30.74,29.93,8.39
1640,5.5391314075682505,4,10.66,2.95,27.12,13.11,9.09,10.54,2.95,17.82,30,30.9,8.32
1641,5.5391314075682505,4,10.57,3,27.12,13,9.02,10.41,2.98,18.13,30.37,31.92,8.46
1642,5.5391314075682505,4,10.66,2.95,27.12,13,9.27,10.49,2.93,17.89,29.29,30.09,8.39
1643,5.5391314075682505,4,10.53,2.95,27.12,12.95,9.35,10.37,2.93,17.97,29.64,30.57,8.42
1644,5.5391314075682505,4,10.66,2.99,27.12,13.11,8.81,10.49,2.96,17.89,29.29,30.9,8.42
1645,5.5391314075682505,4,10.66,2.99,26.98,13,8.88,10.37,2.92,17.97,29.29,30.41,8.49
1646,5.5391314075682505,4,10.66,2.95,26.72,12.95,8.74,10.49,2.95,17.97,29.64,31.4,8.36
1647,5.5391314075682505,4,10.53,2.94,26.58,12.9,9.02,10.45,2.93,17.59,29.82,29.15,8.39
1648,5.5391314075682505,4,10.62,3,26.98,13,9.09,10.41,2.96,18.21,30.18,30.73,8.49
1649,5.5391314075682505,4,10.7,2.99,27.12,13.11,8.68,10.45,2.93,17.67,29.82,30.25,8.42
1650,5.5391314075682505,4,10.66,2.99,26.72,12.95,8.71,10.41,2.93,17.29,29.82,30.9,8.42
1651,5.5391314075682505,4,10.66,2.97,26.58,13,8.85,10.41,2.98,18.45,29.46,29.61,8.46
1652,5.5391314075682505,4,10.7,2.94,26.72,12.9,8.78,10.41,2.93,17.89,29.82,30.41,8.36
1653,5.5391314075682505,4,10.62,2.94,26.72,13.06,8.24,10.37,2.95,17.74,28.94,31.06,8.39
1654,5.5391314075682505,4,10.45,2.94,27.12,12.95,8.11,10.33,2.93,18.05,29.64,29.93,8.32
1655,5.5391314075682505,4,10.57,2.91,26.72,13,8.74,10.41,2.92,17.67,29.29,30.9,8.29
1656,5.5391314075682505,4,10.62,2.94,26.58,12.39,8.95,10.41,2.93,17.22,29.64,29.77,8.16
1657,5.5391314075682505,4,10.57,2.97,27.25,13.11,8.81,10.41,2.96,18.05,29.82,32.27,8.42
1658,5.5391314075682505,4,10.45,2.94,26.58,12.95,8.74,10.41,2.93,17.97,29.64,30.73,8.39
1659,5.5391314075682505,4,10.87,3.02,26.85,13.06,9.13,10.45,2.95,18.37,30.18,30.57,8.56
1660,5.5391314075682505,4,10.91,2.97,26.72,13,9.02,10.37,2.95,18.69,29.82,30.73,8.49
1661,5.5391314075682505,4,10.49,2.94,26.85,13,9.2,10.37,2.95,18.45,29.29,30.73,8.56
1662,5.5391314075682505,4,10.91,3,27.12,13.06,9.31,10.37,2.98,18.61,30.18,30.41,8.49
1663,5.5391314075682505,4,10.45,3,26.85,13.16,8.74,10.37,2.99,18.61,29.82,30.73,8.42
1664,5.5391314075682505,4,10.78,3.1,26.98,13.32,9.02,10.66,3.07,18.69,30.37,31.4,8.62
1665,5.5391314075682505,4,10.66,3.02,27.12,13.16,8.51,10.41,2.99,18.37,30.18,30.73,8.39
1666,5.5391314075682505,4,10.83,2.95,26.72,13,9.27,10.29,2.93,18.45,29.82,29.15,8.36
1667,5.5391314075682505,4,10.62,2.94,26.72,13,8.74,10.37,2.92,18.13,29.46,30.57,8.39
1668,5.5391314075682505,4,10.49,2.94,27.12,13.06,8.78,10.29,2.95,18.61,29.82,30.41,8.39
1669,5.5391314075682505,4,10.13,2.92,26.58,12.95,8.88,10.29,2.92,18.05,29.82,29.93,8.29
1670,5.5391314075682505,4,10.87,2.91,26.72,12.9,9.06,10.25,2.9,17.82,29.82,30.9,8.39
1671,5.5391314075682505,4,10.7,2.95,26.72,12.85,9.13,10.33,2.92,17.29,29.82,30.09,8.39
1672,5.5391314075682505,4,10.57,2.95,26.72,12.95,8.71,10.21,2.92,17.97,30.37,29.3,8.29
1673,5.5391314075682505,4,10.91,2.94,26.58,12.95,9.09,10.33,2.95,17.74,29.64,31.4,8.16
1674,5.5391314075682505,4,10.57,2.92,26.72,12.85,8.44,10.29,2.9,17.59,29.82,28.7,8.19
1675,5.5391314075682505,4,11,2.92,26.45,12.95,8.68,10.29,2.9,17.44,30,30.9,8.36
1676,5.5391314075682505,4,10.87,2.97,26.98,12.95,8.64,10.25,2.95,17.97,30.37,30.09,8.49
1677,5.5391314075682505,4,11.08,2.97,26.85,12.95,9.27,10.21,2.95,18.37,30.55,30.9,8.42
1678,5.5391314075682505,4,11.04,2.97,26.98,13.11,8.88,10.29,2.98,17.74,30,30.09,8.42
1679,5.5391314075682505,4,11.17,2.94,26.85,12.95,9.06,10.25,2.92,17.82,30.93,29.93,8.36
1680,5.5391314075682505,4,11.21,2.94,26.58,12.95,8.68,10.33,2.95,17.59,30.37,29.46,8.26
1681,5.6111427069017825,4,11.13,2.91,26.85,12.9,8.61,10.29,2.92,17.36,30.74,30.57,8.36
1682,5.6111427069017825,4,10.91,2.94,27.12,13.06,8.61,10.21,2.89,17.51,30.18,30.9,8.32
1683,5.6111427069017825,4,10.37,2.92,27.12,12.95,8.92,10.25,2.92,17.82,28.94,30.73,8.23
1684,5.6111427069017825,4,10.49,2.91,26.58,12.9,8.71,10.29,2.92,17.22,29.29,30.73,8.16
1685,5.6111427069017825,4,10.45,2.94,27.12,12.85,8.61,10.13,2.9,17.22,30.18,30.41,8.49
1686,5.6111427069017825,4,10.37,2.94,26.98,12.95,9.06,10.25,2.92,18.94,30.37,30.57,8.32
1687,5.6111427069017825,4,10.41,2.92,26.58,12.79,8.85,10.25,2.9,17.29,30.93,31.06,8.36
1688,5.6111427069017825,4,10.17,2.94,27.12,12.9,8.47,10.13,2.92,17.59,31.32,30.41,8.19
1689,5.6111427069017825,4,10.53,2.91,26.98,12.95,9.02,10.21,2.89,17.59,31.32,30.25,8.19
1690,5.6111427069017825,4,10.87,2.91,26.72,12.9,9.64,10.25,2.92,17.97,31.32,30.57,8.32
1691,5.6111427069017825,4,10.74,2.91,26.72,12.85,8.92,10.21,2.92,17.67,30.74,30.25,8.29
1692,5.6111427069017825,4,10.41,2.91,26.72,12.85,8.99,10.21,2.89,18.37,31.51,31.74,8.16
1693,5.6111427069017825,4,10.62,2.92,27.12,12.74,9.06,10.25,2.89,17.59,31.12,30.25,8.42
1694,5.6111427069017825,4,10.83,2.94,26.98,12.95,9.24,10.17,2.89,17.74,31.32,30.73,8.32
1695,5.6111427069017825,4,10.66,2.89,26.72,12.79,9.38,10.17,2.89,17.74,31.51,30.73,8.36
1696,5.6111427069017825,4,11.04,2.94,26.72,12.79,9.8,10.17,2.9,17.74,31.32,30.57,8.36
1697,5.6111427069017825,4,10.83,2.91,26.85,12.85,9.42,10.17,2.89,19.19,31.32,30.9,8.29
1698,5.6111427069017825,4,10.78,2.91,26.72,12.79,9.61,10.21,2.89,17.44,31.51,31.06,8.23
1699,5.6111427069017825,4,11,2.91,26.58,12.85,9.87,10.09,2.9,20.15,31.71,31.06,8.32
1700,5.6111427069017825,4,11.21,2.92,26.58,12.95,9.46,10.09,2.92,20.33,30.93,32.09,8.32
1701,5.6111427069017825,4,11.3,2.94,26.72,12.9,9.64,10.17,2.92,20.52,30.93,33.17,8.26
1702,5.6111427069017825,4,11.13,2.92,26.85,12.79,9.49,10.13,2.92,20.06,31.32,29.46,8.19
1703,5.6111427069017825,4,11.08,2.95,26.72,12.95,10.07,10.17,2.92,19.88,28.6,31.4,8.32
1704,5.6111427069017825,4,10.95,2.94,26.72,12.79,9.35,10.09,2.92,20.89,27.46,30.25,8.32
1705,5.6111427069017825,4,10.91,2.94,26.98,12.9,9.53,10.05,2.9,20.24,28.43,30.73,8
1706,5.6111427069017825,4,11,2.94,26.98,12.79,9.95,10.09,2.9,21.28,28.77,30.25,8.26
1707,5.6111427069017825,4,10.91,2.95,27.12,12.85,9.31,10.09,2.92,21.18,29.11,31.06,8.36
1708,5.6111427069017825,4,10.95,2.92,27.12,12.85,9.57,10.13,2.92,20.99,29.64,30.57,8.32
1709,5.6111427069017825,4,11,2.97,27.12,12.85,9.99,10.21,2.92,20.99,29.29,30.41,8.36
1710,5.6111427069017825,4,10.95,2.91,26.85,12.85,9.35,10.25,2.89,20.8,29.82,30.73,8.29
1711,5.6111427069017825,4,11.17,2.91,26.58,12.85,9.64,10.17,2.89,20.61,29.64,31.4,8.26
1712,5.6111427069017825,4,11.08,2.97,27.12,12.85,9.38,10.17,2.92,20.8,29.82,31.57,8.36
1713,5.6111427069017825,4,11,2.91,27.39,12.9,10.15,10.09,2.9,20.89,30.55,31.23,8.36
1714,5.6111427069017825,4,11.04,2.92,26.85,12.85,9.49,10.13,2.92,20.8,30.37,31.06,8.39
1715,5.6111427069017825,4,10.95,2.94,27.12,12.95,9.2,10.17,2.9,20.06,30.74,31.74,8.42
1716,5.6111427069017825,4,11.39,2.97,27.25,12.95,9.72,10.17,2.92,20.99,30.37,30.57,8.42
1717,5.6111427069017825,4,11.3,2.95,27.12,12.69,9.72,10.05,2.93,21.18,30.74,30.57,8.39
1718,5.6111427069017825,4,10.95,2.94,27.12,12.9,9.87,10.05,2.92,21.57,30.55,30.57,8.32
1719,5.6111427069017825,4,11.21,2.95,26.98,12.95,9.8,10.62,2.9,21.37,29.46,30.41,8.36
1720,5.6111427069017825,4,11.17,2.95,27.12,12.9,9.72,10.05,2.92,22.08,28.77,31.23,8.32
1721,5.6111427069017825,4,11.3,2.91,26.58,12.79,9.64,10.09,2.89,21.67,28.94,31.23,8.29
1722,5.6111427069017825,4,11.17,2.91,26.72,12.85,9.38,10.09,2.89,21.77,28.77,31.4,8.19
1723,5.6111427069017825,4,11.26,2.94,26.72,12.85,9.8,10.05,2.9,21.87,28.77,31.92,8.42
1724,5.6111427069017825,4,11.21,2.94,26.58,12.79,9.53,10.13,2.9,21.37,29.29,31.92,8.36
1725,5.6111427069017825,4,11.35,2.99,27.12,12.95,9.87,10.13,2.92,21.37,28.77,30.41,8.49
1726,5.6111427069017825,4,11.04,2.97,26.98,12.79,9.42,10.05,2.9,21.28,29.29,31.06,8.39
1727,5.6111427069017825,4,11.08,2.94,26.85,12.85,9.46,10.13,2.92,21.28,29.29,31.06,8.16
1728,5.6111427069017825,4,11.26,2.95,26.98,12.9,9.99,10.01,2.9,20.42,29.46,30.9,8.42
1729,5.6111427069017825,4,11.13,2.95,26.98,12.95,10.23,10.05,2.9,20.61,30,31.74,8.46
1730,5.6111427069017825,4,11.17,2.94,26.98,12.85,10.03,10.13,2.9,20.42,29.64,30.73,8.36
1731,5.6111427069017825,4,11.17,2.94,26.85,12.9,9.99,10.09,2.89,20.99,29.64,29.93,8.32
1732,5.6111427069017825,4,11.17,2.91,26.72,12.79,10.15,10.09,2.9,21.18,30.74,32.09,8.36
1733,5.6111427069017825,4,11.17,2.91,27.12,12.9,9.57,10.09,2.89,20.89,30.74,31.4,8.19
1734,5.6111427069017825,4,11.21,2.95,27.12,12.9,9.95,10.09,2.92,20.99,30.74,31.06,8.26
1735,5.6111427069017825,4,11.26,2.94,26.72,12.79,9.68,10.05,2.9,21.47,31.32,32.27,8.36
1736,5.6111427069017825,4,11.08,2.97,26.72,12.79,9.42,10.05,2.92,21.57,30.93,30.25,8.49
1737,5.6111427069017825,4,11.13,2.94,27.25,12.9,9.83,9.97,2.9,21.37,31.51,31.74,8.39
1738,5.6111427069017825,4,11.08,2.94,26.85,12.79,9.49,10.01,2.93,21.67,31.51,31.23,8.32
1739,5.6111427069017825,4,11.08,2.94,26.98,12.95,9.35,9.97,2.92,21.37,31.71,35.93,8.42
1740,5.6111427069017825,4,11.08,2.95,27.25,12.9,9.76,9.97,2.9,21.47,32.11,31.92,8.36
1741,5.636574515923481,4,11.13,2.94,26.85,12.79,8.99,9.97,2.92,21.18,31.91,31.74,8.42
1742,5.636574515923481,4,11.08,2.91,26.72,12.79,10.23,9.97,2.89,20.61,32.31,31.06,8.26
1743,5.636574515923481,4,11,2.91,26.85,12.85,10.59,9.94,2.89,20.8,32.11,30.09,8.23
1744,5.636574515923481,4,11.26,2.94,26.98,12.79,9.64,10.01,2.92,17.82,32.11,31.4,8.42
1745,5.636574515923481,4,11.3,2.92,26.98,12.79,10.23,10.01,2.89,20.33,31.51,31.4,8.42
1746,5.636574515923481,4,11.17,2.91,27.25,12.9,9.8,10.01,2.9,20.99,32.11,31.74,8.23
1747,5.636574515923481,4,11.35,2.92,26.72,12.79,10.03,9.97,2.9,21.37,31.91,30.9,8.29
1748,5.636574515923481,4,11.3,2.95,26.85,12.95,9.13,10.05,2.9,21.18,31.51,31.23,8.36
1749,5.636574515923481,4,11.21,2.99,26.98,12.95,10.19,9.97,2.92,21.47,27.78,31.92,8.39
1750,5.636574515923481,4,11.17,2.92,26.98,12.79,10.03,9.97,2.9,21.28,28.6,32.09,8.32
1751,5.636574515923481,4,11.21,2.94,26.98,12.79,10.11,9.94,2.89,20.8,29.11,32.09,8.26
1752,5.636574515923481,4,11.17,2.94,27.12,12.85,10.89,9.9,2.9,21.18,28.27,30.9,8.62
1753,5.636574515923481,4,11.08,2.92,26.72,12.74,10.76,9.9,2.89,20.7,28.77,30.9,8.59
1754,5.636574515923481,4,11.08,2.92,26.98,12.74,9.99,9.9,2.89,21.28,26.09,30.25,8.52
1755,5.636574515923481,4,11.13,2.89,26.98,12.69,10.15,9.9,2.87,20.99,30.55,32.09,8.49
1756,5.636574515923481,4,11.26,2.94,27.12,12.79,10.97,10.01,2.9,20.99,30.74,32.27,8.56
1757,5.636574515923481,4,11.3,2.91,27.25,12.79,10.72,9.94,2.89,20.61,31.32,31.92,8.46
1758,5.636574515923481,4,11.26,2.92,26.85,12.74,11.19,10.01,2.87,20.7,31.12,32.63,8.36
1759,5.636574515923481,4,11.21,2.92,26.98,12.85,10.97,9.94,2.9,21.37,31.91,31.06,8.49
1760,5.636574515923481,4,11.21,2.97,27.25,12.85,10.47,9.97,2.92,20.99,31.51,31.23,8.59
1761,5.636574515923481,4,11.13,2.95,26.98,12.79,10.19,9.9,2.89,20.52,31.71,31.4,8.49
1762,5.636574515923481,4,10.74,2.91,26.72,12.64,9.87,9.9,2.87,21.18,32.11,30.9,8.36
1763,5.636574515923481,4,11.08,2.95,26.98,12.85,9.95,9.94,2.9,20.15,32.11,29.77,8.56
1764,5.636574515923481,4,10.7,2.94,26.98,12.79,9.72,9.97,2.92,20.7,32.31,29.93,8.56
1765,5.636574515923481,4,10.78,2.97,26.72,12.74,9.24,10.01,2.9,20.61,31.71,30.73,8.66
1766,5.636574515923481,4,10.78,2.91,26.85,12.79,9.24,9.94,2.89,18.05,31.71,32.45,8.59
1767,5.636574515923481,4,11.08,2.97,27.12,12.85,9.49,9.9,2.9,19.97,31.71,31.23,8.62
1768,5.636574515923481,4,11.04,2.94,26.72,12.74,9.95,9.82,2.9,20.89,32.31,30.57,8.49
1769,5.636574515923481,4,11.08,2.92,27.25,12.85,9.91,9.82,2.89,20.89,31.51,31.57,8.39
1770,5.636574515923481,4,11.08,2.99,27.12,12.85,9.46,9.86,2.9,21.37,31.71,31.06,8.49
1771,5.636574515923481,4,11.04,2.94,26.72,12.85,9.91,9.9,2.89,20.8,31.51,31.57,8.66
1772,5.636574515923481,4,11,2.92,26.98,12.74,9.83,9.9,2.89,21.87,31.32,31.4,8.39
1773,5.636574515923481,4,10.95,2.92,26.98,12.85,10.19,9.86,2.87,21.37,30.37,30.9,8.46
1774,5.636574515923481,4,11,2.94,27.12,12.85,9.53,9.74,2.87,20.89,29.29,31.06,8.56
1775,5.636574515923481,4,11,2.94,26.72,12.69,10.35,9.74,2.87,20.42,28.94,30.73,8.49
1776,5.636574515923481,4,11.04,2.95,26.72,12.69,9.91,9.86,2.89,21.18,29.11,29.77,8.62
1777,5.636574515923481,4,11.04,2.94,26.85,12.9,10.23,9.82,2.89,20.7,29.64,30.73,8.49
1778,5.636574515923481,4,11.08,2.92,26.85,12.85,10.39,9.78,2.83,21.08,29.46,31.06,8.52
1779,5.636574515923481,4,11.08,2.94,26.98,12.79,10.35,9.82,2.89,20.06,28.6,31.4,8.59
1780,5.636574515923481,4,11.08,2.95,27.12,12.79,10.11,9.86,2.87,20.52,27.94,31.57,8.59
1781,5.636574515923481,4,11.04,2.92,27.25,12.69,9.68,9.74,2.89,20.8,29.11,31.23,8.56
1782,5.636574515923481,4,11.08,2.95,26.72,12.79,9.8,9.86,2.87,20.42,28.1,32.81,8.46
1783,5.636574515923481,4,11.04,2.95,27.12,12.69,9.91,9.74,2.87,20.06,28.94,31.4,8.42
1784,5.636574515923481,4,11.04,2.91,26.72,12.74,10.43,9.74,2.87,21.28,29.82,30.73,8.46
1785,5.636574515923481,4,11,2.94,27.12,12.79,9.46,9.7,2.89,20.89,29.46,31.23,8.29
1786,5.636574515923481,4,11.08,2.89,26.85,12.59,9.72,9.78,2.89,20.06,29.11,30.57,8.26
1787,5.636574515923481,4,11.08,2.91,26.72,12.64,10.68,9.82,2.89,20.7,28.94,31.06,8.49
1788,5.636574515923481,4,11.04,2.91,27.12,12.74,10.31,9.78,2.86,20.52,29.29,31.06,8.36
1789,5.636574515923481,4,11,2.91,27.25,12.69,9.87,9.74,2.87,20.8,29.29,31.06,8.42
1790,5.636574515923481,4,11.08,2.94,26.72,12.69,10.72,9.78,2.89,21.08,28.6,30.57,8.56
1791,5.636574515923481,4,11.04,2.95,27.12,12.79,9.76,9.74,2.89,21.28,29.11,31.4,8.52
1792,5.636574515923481,4,10.95,2.89,26.98,12.69,10.23,9.7,2.89,21.57,29.46,31.06,8.46
1793,5.636574515923481,4,11.08,2.94,27.12,12.69,10.03,9.7,2.89,21.18,29.46,30.9,8.39
1794,5.636574515923481,4,11.08,2.91,26.85,12.64,10.59,9.74,2.87,21.28,28.94,31.06,8.49
1795,5.636574515923481,4,11.04,2.95,27.12,12.74,10.51,9.78,2.89,21.18,29.11,30.57,8.59
1796,5.636574515923481,4,11,2.91,26.85,12.69,9.95,9.7,2.89,21.28,29.46,30.9,8.56
1797,5.636574515923481,4,10.95,2.95,27.12,12.79,9.83,9.7,2.89,21.08,29.46,30.41,8.62
1798,5.636574515923481,4,11,2.94,26.85,12.74,10.23,9.78,2.87,20.89,29.29,31.23,8.59
1799,5.636574515923481,4,11,2.91,26.72,12.69,10.51,9.7,2.89,20.99,30.18,30.57,8.52
1800,5.636574515923481,4,11.04,2.94,26.98,12.39,10.76,9.74,2.89,20.89,30.18,30.57,8.56
1801,5.644984905269979,4,11,2.91,26.98,12.69,10.03,9.78,2.87,20.8,29.64,31.23,8.52
1802,5.644984905269979,4,11.04,2.91,27.25,12.79,10.84,9.82,2.89,20.89,29.64,31.4,8.52
1803,5.644984905269979,4,10.83,2.94,26.98,12.64,10.23,9.7,2.87,20.99,30.55,31.06,8.56
1804,5.644984905269979,4,10.87,2.91,26.72,12.64,9.87,9.7,2.89,21.08,30,31.06,8.49
1805,5.644984905269979,4,10.83,2.91,27.12,12.74,9.95,9.67,2.86,20.89,30.37,31.4,8.52
1806,5.644984905269979,4,10.87,2.92,26.72,12.69,10.43,9.67,2.86,20.8,30.74,29.46,8.46
1807,5.644984905269979,4,10.95,2.94,26.85,12.69,9.64,9.74,2.89,20.99,30.18,29.77,8.49
1808,5.644984905269979,4,10.95,2.94,26.85,12.69,10.43,9.67,2.86,20.99,30.37,30.41,8.59
1809,5.644984905269979,4,10.83,2.92,26.72,12.69,10.51,9.67,2.84,20.61,30.55,31.4,8.59
1810,5.644984905269979,4,10.91,2.95,27.25,12.69,10.23,9.74,2.89,20.52,30.55,29.3,8.56
1811,5.644984905269979,4,10.95,2.97,27.25,12.74,10.11,9.74,2.89,20.61,30.55,29.93,8.46
1812,5.644984905269979,4,10.91,2.95,26.98,12.74,9.72,9.67,2.89,20.89,31.32,29.93,8.59
1813,5.644984905269979,4,10.95,2.91,26.85,12.59,10.07,9.55,2.89,20.61,31.32,30.25,8.36
1814,5.644984905269979,4,10.87,2.92,26.72,12.74,10.47,9.63,2.84,20.42,31.12,29.93,8.42
1815,5.644984905269979,4,10.87,2.94,27.39,12.74,10.03,9.7,2.87,20.61,30.74,30.09,8.49
1816,5.644984905269979,4,10.95,2.94,27.12,12.69,10.15,9.7,2.86,20.89,30.74,29.61,8.32
1817,5.644984905269979,4,10.87,2.97,27.25,12.74,10.55,9.7,2.84,20.89,31.12,29.93,8.46
1818,5.644984905269979,4,10.91,2.92,26.98,12.59,9.99,9.7,2.83,20.8,31.32,31.06,8.39
1819,5.644984905269979,4,10.95,2.91,26.85,12.79,10.19,9.63,2.83,20.89,31.12,30.73,8.49
1820,5.644984905269979,4,10.95,2.91,26.72,12.59,10.72,9.59,2.83,20.99,31.71,33.55,8.46
1821,5.644984905269979,4,10.95,2.91,26.85,12.69,10.63,9.63,2.83,20.89,31.71,31.06,8.59
1822,5.644984905269979,4,10.87,2.94,27.12,12.69,9.99,9.59,2.83,20.99,31.71,30.57,8.59
1823,5.644984905269979,4,10.87,2.91,27.12,12.64,10.47,9.59,2.83,20.8,31.91,31.4,8.39
1824,5.644984905269979,4,10.91,2.92,27.12,12.74,10.27,9.3,2.77,19.53,31.51,30.9,8.59
1825,5.644984905269979,4,10.78,2.92,26.85,12.69,10.07,9.59,2.82,20.61,31.51,34.51,8.52
1826,5.644984905269979,4,10.91,2.92,27.12,12.59,10.72,9.7,2.83,20.7,31.51,31.57,8.49
1827,5.644984905269979,4,10.91,2.97,27.12,12.74,9.95,9.63,2.86,21.08,31.51,30.9,8.52
1828,5.644984905269979,4,10.78,2.95,26.98,12.69,10.8,9.59,2.84,20.8,32.11,31.06,8.42
1829,5.644984905269979,4,10.74,2.91,26.72,12.64,10.43,9.55,2.83,20.61,31.91,29.77,8.52
1830,5.644984905269979,4,10.87,2.94,26.98,12.74,10.8,9.59,2.86,20.8,32.94,31.06,8.49
1831,5.644984905269979,4,10.91,2.99,27.12,12.64,10.47,9.7,2.86,20.61,31.91,32.09,8.62
1832,5.644984905269979,4,10.83,2.42,26.85,12.64,10.68,9.63,2.86,20.99,32.31,31.23,8.49
1833,5.644984905269979,4,10.91,2.95,27.39,12.79,10.55,9.63,2.86,20.8,32.31,31.4,8.56
1834,5.644984905269979,4,10.78,2.91,27.25,12.74,10.31,9.63,2.84,20.61,31.91,30.09,8.46
1835,5.644984905269979,4,10.78,2.91,26.85,12.59,10.63,9.55,2.83,20.99,32.52,31.23,8.46
1836,5.644984905269979,4,10.83,2.91,26.72,12.59,10.31,9.55,2.83,20.89,32.73,30.25,8.46
1837,5.644984905269979,4,10.87,2.97,27.39,12.69,10.23,9.63,2.86,21.28,32.11,31.06,8.59
1838,5.644984905269979,4,10.87,2.95,26.98,12.74,10.23,9.63,2.84,21.08,32.31,30.41,8.59
1839,5.644984905269979,4,10.83,2.92,26.98,12.59,10.84,9.63,2.86,21.37,32.94,30.09,8.49
1840,5.644984905269979,4,10.78,2.92,26.98,12.69,10.59,9.55,2.84,20.99,32.73,31.4,8.42
1841,5.644984905269979,4,10.78,2.97,27.25,12.69,9.91,9.55,2.86,21.08,32.94,30.9,8.59
1842,5.644984905269979,4,10.87,2.99,27.39,12.64,10.35,9.63,2.86,21.18,32.52,30.09,8.56
1843,5.644984905269979,4,10.83,2.94,26.85,12.74,9.95,9.63,2.86,21.08,32.31,30.09,8.46
1844,5.644984905269979,4,10.83,2.97,26.98,12.74,10.72,9.63,2.84,20.7,32.52,30.57,8.49
1845,5.644984905269979,4,10.78,2.95,27.39,12.64,10.11,9.63,2.86,20.61,32.31,30.41,8.49
1846,5.644984905269979,4,10.74,2.91,27.12,12.74,10.43,9.55,2.84,20.89,32.94,30.09,8.39
1847,5.644984905269979,4,10.74,2.91,26.98,12.59,9.99,9.63,2.84,20.8,32.52,31.06,8.32
1848,5.644984905269979,4,10.91,2.95,27.12,12.64,10.39,9.63,2.86,20.7,32.31,30.09,8.56
1849,5.644984905269979,4,10.87,2.95,27.39,12.74,10.89,9.67,2.86,20.61,32.31,30.9,8.39
1850,5.644984905269979,4,10.78,2.95,27.25,12.59,10.39,9.63,2.86,20.7,32.73,29.3,8.49
1851,5.644984905269979,4,10.7,2.95,27.25,12.74,9.95,9.55,2.84,20.7,32.73,30.25,8.42
1852,5.644984905269979,4,10.74,2.92,27.12,12.59,10.72,9.63,2.84,20.7,32.52,30.9,8.42
1853,5.644984905269979,4,10.74,2.91,26.85,12.59,10.07,9.55,2.84,20.61,32.73,31.4,8.29
1854,5.644984905269979,4,10.83,2.95,27.25,12.64,9.91,9.63,2.87,20.52,32.52,32.99,8.42
1855,5.644984905269979,4,10.7,2.95,27.12,12.74,9.57,9.59,2.86,20.52,32.94,31.06,8.39
1856,5.644984905269979,4,10.78,3.02,27.39,12.9,9.61,9.59,2.9,20.61,32.94,31.06,8.52
1857,5.644984905269979,4,10.78,2.79,27.25,12.79,9.83,9.59,2.89,20.33,32.52,31.06,8.46
1858,5.644984905269979,4,10.78,2.97,26.85,12.69,9.53,9.63,2.9,20.8,32.31,31.06,8.36
1859,5.644984905269979,4,10.83,2.94,26.85,12.69,9.53,9.59,2.84,20.7,32.73,32.27,8.36
1860,5.644984905269979,4,10.74,3,26.85,12.74,9.83,9.52,2.87,20.89,33.58,30.9,8.39
1861,5.65997489713184,4,10.74,2.95,26.98,12.69,9.8,9.63,2.87,21.08,32.94,31.06,8.29
1862,5.65997489713184,4,10.83,2.99,26.85,12.79,9.24,9.55,2.86,21.37,33.58,30.41,8.26
1863,5.65997489713184,4,10.95,3.04,27.39,12.9,9.95,9.74,2.93,21.28,33.15,31.06,8.46
1864,5.65997489713184,4,10.78,3.04,27.25,12.95,9.31,9.59,2.9,20.8,33.8,30.41,8.39
1865,5.65997489713184,4,10.74,2.99,26.98,12.79,10.11,9.55,2.89,20.89,33.58,32.09,8.36
1866,5.65997489713184,4,10.74,2.94,26.85,12.79,9.02,9.48,2.86,20.61,33.58,31.57,8.23
1867,5.65997489713184,4,10.66,2.92,27.12,12.64,8.92,9.52,2.83,20.8,32.94,31.57,8.26
1868,5.65997489713184,4,10.78,2.89,27.12,12.79,9.68,9.59,2.86,20.24,33.15,31.57,8.16
1869,5.65997489713184,4,10.78,2.94,26.85,12.85,9.68,9.52,2.86,20.33,33.58,31.06,8.26
1870,5.65997489713184,4,10.87,2.99,27.25,12.79,9.17,9.59,2.87,20.24,33.36,31.4,8.26
1871,5.65997489713184,4,11,3.02,27.25,12.79,9.17,9.67,2.9,20.33,33.15,31.4,8.42
1872,5.65997489713184,4,10.91,2.99,26.98,12.69,9.83,9.59,2.87,20.42,33.8,30.9,8.32
1873,5.65997489713184,4,10.95,2.97,26.72,12.74,8.18,9.59,2.84,19.79,32.73,31.74,8.19
1874,5.65997489713184,4,10.91,2.99,27.12,12.74,8.51,9.52,2.86,19.88,33.15,33.55,8.26
1875,5.65997489713184,4,11,2.97,26.85,12.69,8.31,9.55,2.87,20.06,33.15,31.74,8.29
1876,5.65997489713184,4,10.87,2.99,26.98,12.85,8.54,9.48,2.87,19.79,32.94,31.57,8.36
1877,5.65997489713184,4,10.87,2.94,26.58,12.69,8.11,9.44,2.87,19.88,33.58,34.71,8.07
1878,5.65997489713184,4,10.91,2.99,27.12,12.9,7.89,9.59,2.89,19.88,32.94,31.4,8.26
1879,5.65997489713184,4,10.91,2.82,27.12,12.9,8.21,9.63,2.92,19.1,33.15,29.77,8.19
1880,5.65997489713184,4,11.04,3.07,27.25,13.06,8.51,9.67,2.96,19.19,33.15,31.06,8.39
1881,5.65997489713184,4,11,3.07,26.98,12.85,8.11,9.55,2.95,19.53,33.8,32.45,8.62
1882,5.65997489713184,4,10.95,3,26.98,12.74,7.92,9.52,2.9,19.71,33.58,30.41,8.49
1883,5.65997489713184,4,10.91,2.99,26.85,12.79,8.24,9.48,2.9,19.79,33.36,31.57,8.32
1884,5.65997489713184,4,10.83,2.95,26.98,12.74,8.28,9.37,2.86,19.53,32.94,31.23,8.39
1885,5.65997489713184,4,10.87,2.94,26.72,12.85,8.34,9.41,2.87,19.53,32.94,31.4,8.39
1886,5.65997489713184,4,11.04,3,27.25,12.85,8.44,9.55,2.93,18.85,32.94,31.4,8.23
1887,5.65997489713184,4,10.91,3.02,26.98,12.95,8.05,9.48,2.9,19.36,33.8,30.57,8.46
1888,5.65997489713184,4,11.13,3.1,27.25,12.9,8.99,9.63,2.98,19.97,33.8,31.57,8.39
1889,5.65997489713184,4,10.95,2.99,26.98,12.69,8.57,9.44,2.9,16.93,33.8,32.27,8.1
1890,5.65997489713184,4,10.87,2.91,26.58,12.29,7.8,9.41,2.86,18.94,33.15,30.09,8.1
1891,5.65997489713184,4,10.91,2.95,27.12,12.74,7.95,9.48,2.86,18.37,33.15,30.9,8.13
1892,5.65997489713184,4,10.87,2.97,27.39,12.74,7.99,9.48,2.87,17.59,33.15,30.09,8.36
1893,5.65997489713184,4,10.91,2.97,26.72,12.74,8.08,9.44,2.86,18.13,33.15,30.41,8.42
1894,5.65997489713184,4,10.83,2.95,26.85,12.59,8.21,9.44,2.86,18.37,33.8,30.73,8.36
1895,5.65997489713184,4,10.91,3.02,26.85,12.79,8.08,9.48,2.92,18.53,33.8,29.46,8.52
1896,5.65997489713184,4,10.87,2.99,26.98,12.69,8.15,9.44,2.89,18.85,33.15,31.57,8.39
1897,5.65997489713184,4,10.83,2.99,26.72,12.74,8.02,9.44,2.87,18.85,33.15,34.31,8.49
1898,5.65997489713184,4,10.83,2.95,26.72,12.69,8.15,9.44,2.87,17.51,32.94,30.73,8.42
1899,5.65997489713184,4,10.83,2.97,27.12,12.64,8.37,9.37,2.87,17.36,33.8,31.23,8.46
1900,5.65997489713184,4,10.87,2.99,26.72,12.69,8.47,9.41,2.87,18.77,33.8,31.57,8.49
1901,5.65997489713184,4,10.83,2.94,26.72,12.39,7.95,9.37,2.87,16.93,33.8,30.73,8.32
1902,5.65997489713184,4,10.83,2.95,26.98,12.74,7.99,9.37,2.86,17.07,33.8,30.73,8.49
1903,5.65997489713184,4,10.83,2.95,26.72,12.69,8.34,9.41,2.87,18.29,33.58,31.23,8.39
1904,5.65997489713184,4,10.7,2.95,26.72,12.69,7.92,9.33,2.84,17.82,33.8,31.23,8.36
1905,5.65997489713184,4,10.83,2.94,27.25,12.74,8.44,9.44,2.86,18.13,33.15,31.57,8.32
1906,5.65997489713184,4,10.83,2.99,26.98,12.69,7.89,9.48,2.9,16.5,33.15,30.9,8.36
1907,5.65997489713184,4,10.7,2.91,26.72,12.74,7.99,9.3,2.84,18.85,32.73,31.06,8.1
1908,5.65997489713184,4,10.66,2.97,27.12,12.74,8.68,9.41,2.86,18.77,32.94,31.23,8.42
1909,5.65997489713184,4,10.74,2.94,26.85,12.64,7.99,9.3,2.87,19.1,33.58,31.23,8.46
1910,5.65997489713184,4,10.74,2.94,27.39,12.74,8.37,9.41,2.86,17.29,33.15,31.4,8.39
1911,5.65997489713184,4,10.83,2.99,27.25,12.64,8.31,9.26,2.87,18.13,33.15,30.09,8.49
1912,5.65997489713184,4,10.74,2.92,26.72,12.59,7.99,9.3,2.86,19.53,33.8,31.4,8.36
1913,5.65997489713184,4,10.83,2.99,26.85,12.74,8.61,9.22,2.87,18.13,33.8,30.09,8.42
1914,5.65997489713184,4,10.74,2.95,26.98,12.69,8.31,9.22,2.86,17.14,33.8,31.23,8.36
1915,5.65997489713184,4,10.91,3.04,27.39,12.85,8.24,9.44,2.95,17.36,33.8,31.92,8.32
1916,5.65997489713184,4,10.66,2.94,26.98,12.54,8.57,9.26,2.86,17.74,33.8,31.74,8.39
1917,5.65997489713184,4,10.74,2.95,26.85,12.69,8.57,9.22,2.86,17.97,33.58,30.9,8.49
1918,5.65997489713184,4,10.66,2.99,26.72,12.64,8.31,9.22,2.87,18.13,33.58,30.9,8.29
1919,5.65997489713184,4,10.7,2.94,27.25,12.69,8.11,9.15,2.86,17.44,33.8,30.73,8.23
1920,5.65997489713184,4,10.66,2.92,26.98,12.69,8.37,9.12,2.84,17.44,33.58,30.41,8.16
1921,5.683538089942097,4,10.7,2.94,26.72,12.54,7.58,9.08,2.86,17.67,33.36,31.4,8.23
1922,5.683538089942097,4,10.91,3.04,27.25,12.69,8.54,9.22,2.92,17.44,33.8,30.41,8.19
1923,5.683538089942097,4,10.78,2.91,25.44,12.64,8.11,9.08,2.86,17.97,33.36,31.4,7.97
1924,5.683538089942097,4,10.66,2.94,26.85,12.59,7.8,8.83,2.86,17.97,33.8,31.74,8.26
1925,5.683538089942097,4,10.7,2.95,26.72,12.59,7.77,8.77,2.84,18.29,33.8,31.06,7.97
1926,5.683538089942097,4,10.78,2.99,27.39,12.74,8.08,8.9,2.87,16.86,33.8,30.9,8.32
1927,5.683538089942097,4,10.7,2.95,26.98,12.69,8.28,8.83,2.87,18.05,33.8,31.74,8.29
1928,5.683538089942097,4,10.74,2.99,26.98,12.59,7.99,8.87,2.87,16.64,34.02,31.92,8.36
1929,5.683538089942097,4,10.78,2.99,26.85,12.64,7.68,8.8,2.86,16.71,34.25,31.57,8.26
1930,5.683538089942097,4,10.66,2.92,26.85,12.59,8.15,8.73,2.84,17.89,33.36,31.23,8.36
1931,5.683538089942097,4,10.74,2.91,27.12,12.59,7.8,8.77,2.83,17.67,33.15,31.23,8.13
1932,5.683538089942097,4,10.78,2.94,26.98,12.49,7.68,8.73,2.86,16.86,34.25,30.57,8.26
1933,5.683538089942097,4,10.74,2.99,26.98,12.64,8.57,8.66,2.87,16.64,34.47,31.23,8.46
1934,5.683538089942097,4,10.78,2.97,27.39,12.69,8.24,8.53,2.87,17.22,33.58,31.4,8.23
1935,5.683538089942097,4,10.78,2.92,27.25,12.59,8.71,9.01,2.84,17.14,33.36,31.4,8.26
1936,5.683538089942097,4,10.78,2.94,27.12,12.59,7.83,9.22,2.92,18.85,33.36,31.4,8.16
1937,5.683538089942097,4,10.91,3.05,27.12,12.74,8.85,9.33,2.92,17.44,33.8,31.57,8.46
1938,5.683538089942097,4,10.7,2.94,26.85,12.59,7.99,8.97,2.83,16.5,33.58,30.41,8.29
1939,5.683538089942097,4,10.62,2.91,27.25,12.54,8.31,8.9,2.83,16.86,34.25,30.57,8.07
1940,5.683538089942097,4,10.74,2.95,26.85,12.64,8.08,9.01,2.83,17,33.36,29.61,8.13
1941,5.683538089942097,4,10.7,2.95,26.98,12.69,7.71,8.94,2.86,16.78,34.47,31.23,8.42
1942,5.683538089942097,4,10.83,3,26.98,12.59,8.11,9.08,2.87,17.59,34.02,29.61,8.49
1943,5.683538089942097,4,10.66,2.91,27.25,12.64,7.92,9.01,2.83,16.71,33.15,30.73,8.49
1944,5.683538089942097,4,10.78,2.95,26.85,12.54,7.8,9.08,2.83,17.36,33.36,30.9,8.46
1945,5.683538089942097,4,10.83,3.31,26.98,12.59,7.71,9.01,2.87,17.14,34.25,31.23,8.46
1946,5.683538089942097,4,10.83,3.02,27.39,12.85,8.18,9.01,2.92,18.29,34.02,32.09,8.26
1947,5.683538089942097,4,10.78,2.97,26.58,12.69,8.47,8.9,2.87,17.97,33.8,31.23,8.26
1948,5.683538089942097,4,10.74,2.94,27.25,12.59,7.83,8.9,2.84,16.36,33.58,31.57,8.26
1949,5.683538089942097,4,10.66,2.91,26.98,12.49,8.15,8.9,2.83,17.59,33.58,31.4,8.32
1950,5.683538089942097,4,10.66,2.94,26.98,12.74,8.41,8.97,2.83,17.97,33.8,31.4,8.36
1951,5.683538089942097,4,10.74,2.92,27.25,12.59,7.99,9.01,2.86,18.37,34.47,30.73,8.42
1952,5.683538089942097,4,10.66,2.95,26.85,12.49,8.05,8.97,2.84,18.45,34.47,30.9,8.39
1953,5.683538089942097,4,10.74,2.92,27.12,12.64,8.51,9.08,2.82,18.45,33.58,31.4,8.36
1954,5.683538089942097,4,10.78,2.91,26.98,12.54,8.02,9.08,2.82,18.29,33.58,31.23,8.26
1955,5.683538089942097,4,10.74,2.94,26.72,12.64,8.05,9.08,2.83,17.97,33.36,31.4,8.32
1956,5.683538089942097,4,10.66,2.91,27.12,12.64,7.92,8.97,2.79,19.19,33.58,30.73,8.23
1957,5.683538089942097,4,10.83,3,26.98,12.59,8.21,9.12,2.89,18.45,34.47,31.23,8.56
1958,5.683538089942097,4,10.7,2.91,27.25,12.54,8.11,9.01,2.86,18.37,34.25,31.23,8.36
1959,5.683538089942097,4,10.83,3,27.12,12.64,8.02,9.12,2.89,18.29,34.25,31.57,8.56
1960,5.683538089942097,4,10.83,2.99,26.98,12.74,8.18,9.04,2.9,18.77,34.25,31.57,8.52
1961,5.683538089942097,4,10.87,3.02,27.39,12.69,8.11,9.08,2.9,17.51,33.8,35.51,8.52
1962,5.683538089942097,4,10.83,2.97,27.25,12.69,7.99,9.15,2.89,18.53,33.8,31.74,8.42
1963,5.683538089942097,4,10.7,2.95,26.72,12.64,8.31,9.04,2.87,19.19,34.02,31.4,8.46
1964,5.683538089942097,4,10.78,2.91,27.12,12.64,7.95,8.97,2.86,16.86,34.47,31.06,8.46
1965,5.683538089942097,4,10.78,2.99,27.12,12.59,7.83,9.12,2.86,20.15,33.8,31.74,8.46
1966,5.683538089942097,4,10.74,2.95,26.98,12.54,8.47,8.97,2.86,18.05,34.25,30.9,8.46
1967,5.683538089942097,4,10.91,3.05,26.98,12.69,7.68,9.01,2.9,18.13,34.7,31.74,8.52
1968,5.683538089942097,4,10.74,2.99,26.85,12.54,8.51,9.12,2.89,18.13,34.7,31.57,8.56
1969,5.683538089942097,4,10.62,2.91,27.12,12.54,8.11,9.15,2.86,18.13,34.47,30.57,8.49
1970,5.683538089942097,4,10.74,2.99,26.98,12.59,8.18,9.04,2.87,17,34.7,31.57,8.52
1971,5.683538089942097,4,10.74,2.94,27.25,12.59,7.99,9.12,2.86,17.67,34.02,31.74,8.52
1972,5.683538089942097,4,10.7,2.92,26.85,12.59,7.92,9.01,2.84,16.71,34.47,30.9,8.49
1973,5.683538089942097,4,10.66,2.92,27.25,12.54,7.83,9.08,2.84,17.29,34.02,31.23,8.52
1974,5.683538089942097,4,10.7,2.94,27.25,12.64,8.05,9.04,2.87,16.57,34.47,33.55,8.42
1975,5.683538089942097,4,10.7,2.97,27.12,12.69,8.28,9.04,2.89,17.82,34.47,34.12,8.56
1976,5.683538089942097,4,10.87,2.99,27.25,12.49,8.61,9.22,2.9,16.64,34.02,32.09,8.52
1977,5.683538089942097,4,10.87,3.02,27.12,12.74,8.24,9.08,2.9,17.07,33.8,31.4,8.52
1978,5.683538089942097,4,10.7,2.99,26.85,12.59,7.92,9.08,2.87,17.22,33.8,31.57,8.49
1979,5.683538089942097,4,10.7,2.91,27.12,12.54,7.86,8.94,2.83,17.29,33.58,31.06,8.49
1980,5.683538089942097,4,10.78,2.91,26.98,12.59,8.34,9.08,2.84,16.78,33.58,31.06,8.39
1981,5.723414046731876,4,10.7,2.91,27.12,12.49,8.05,8.94,2.84,16.86,34.02,30.9,8.36
1982,5.723414046731876,4,10.83,2.97,27.25,12.64,8.44,9.12,2.89,17.07,33.8,31.4,8.56
1983,5.723414046731876,4,10.83,2.97,26.98,12.49,8.54,9.01,2.87,18.05,33.8,31.57,8.56
1984,5.723414046731876,4,10.78,2.99,27.25,12.54,8.44,8.97,2.84,16.3,33.58,31.23,8.62
1985,5.723414046731876,4,10.57,3,27.39,12.64,8.08,9.01,2.9,17.97,34.47,31.23,8.59
1986,5.723414046731876,4,10.62,3,27.39,12.69,8.57,8.97,2.89,18.21,34.02,31.4,8.59
1987,5.723414046731876,4,10.62,3.05,26.72,12.74,7.86,9.01,2.9,18.21,34.7,33.55,8.66
1988,5.723414046731876,4,10.57,2.97,27.39,12.69,7.8,9.01,2.89,17.97,33.8,31.23,8.49
1989,5.723414046731876,4,10.49,2.91,27.12,12.54,8.11,8.83,2.83,17.67,33.58,31.06,8.46
1990,5.723414046731876,4,10.49,2.92,26.98,12.59,8.21,8.87,2.84,17.74,33.58,31.57,8.42
1991,5.723414046731876,4,10.45,2.92,26.72,12.44,7.83,8.9,2.82,17.59,33.36,31.74,8.46
1992,5.723414046731876,4,10.66,2.99,26.72,12.59,7.99,9.08,2.86,16.57,33.8,34.91,8.56
1993,5.723414046731876,4,10.62,2.97,27.25,12.64,7.92,9.01,2.89,16.71,34.7,31.57,8.56
1994,5.723414046731876,4,10.57,2.99,26.98,12.59,8.18,8.97,2.84,16.78,33.58,31.4,8.46
1995,5.723414046731876,4,10.66,2.99,27.12,12.69,8.34,9.04,2.86,16.43,33.58,31.92,8.46
1996,5.723414046731876,4,10.66,3.05,27.39,12.69,8.57,9.08,2.9,16.93,34.7,31.23,8.59
1997,5.723414046731876,4,10.7,3.02,26.98,12.74,7.92,9.12,2.92,17.89,34.7,31.4,8.62
1998,5.723414046731876,4,10.66,2.92,27.12,12.54,7.95,9.01,2.87,16.57,34.47,31.74,8.42
1999,5.723414046731876,4,10.66,3,26.98,12.59,8.18,9.04,2.86,18.21,34.02,32.45,8.62
2000,5.723414046731876,4,10.53,2.95,26.85,12.49,8.05,8.94,2.84,16.57,33.8,31.57,8.49
2001,5.723414046731876,4,10.62,3.05,27.39,12.69,8.11,9.04,2.9,17.07,34.7,30.57,8.66
2002,5.723414046731876,4,10.53,2.92,26.85,12.54,8.05,8.9,2.86,17,33.58,30.09,8.52
2003,5.723414046731876,4,10.57,2.99,26.98,12.54,7.86,8.97,2.89,16.78,34.7,31.23,8.66
2004,5.723414046731876,4,10.57,2.97,27.39,12.69,8.11,9.01,2.87,16.5,34.02,31.57,8.52
2005,5.723414046731876,4,10.66,3.05,27.25,12.64,8.15,9.01,2.92,16.78,34.7,31.57,8.69
2006,5.723414046731876,4,10.62,3,26.98,12.79,8.28,9.08,2.9,16.09,34.25,32.45,8.56
2007,5.723414046731876,4,10.7,3.1,27.39,12.79,8.81,9.12,2.93,17.67,34.25,32.27,8.66
2008,5.723414046731876,4,10.66,3.05,27.12,12.9,8.34,9.04,2.93,17.74,35.16,32.27,8.66
2009,5.723414046731876,4,10.62,3.14,26.98,12.85,8.44,9.15,2.98,18.85,34.7,33.36,8.76
2010,5.723414046731876,4,10.74,3.14,27.12,13,8.02,9.19,2.99,18.94,34.7,32.63,8.73
2011,5.723414046731876,4,10.66,3.2,27.67,13.11,8.31,9.19,3.02,18.21,34.7,33.55,8.86
2012,5.723414046731876,4,10.87,3.29,27.53,13.27,8.44,9.3,3.08,18.61,34.93,34.31,9.01
2013,5.723414046731876,4,10.78,3.12,27.25,13.11,8.02,9.12,3.01,16.64,35.4,32.63,8.86
2014,5.723414046731876,4,10.74,3.19,27.25,13,8.61,9.15,3.01,18.77,34.93,32.81,8.9
2015,5.723414046731876,4,10.87,3.26,27.53,13.21,8.34,9.3,3.08,16.5,34.93,33.55,8.86
2016,5.723414046731876,4,10.7,3.14,27.53,13,8.54,9.08,3.02,17.29,35.64,32.63,8.8
2017,5.723414046731876,4,10.87,3.17,27.12,13.11,8.51,9.19,3.01,17.36,35.16,31.06,8.86
2018,5.723414046731876,4,10.74,3.17,27.39,13.11,8.28,9.08,3.01,18.13,35.4,32.99,8.8
2019,5.723414046731876,4,10.74,3.1,27.25,13,8.44,9.08,3.02,17,34.93,31.74,8.73
2020,5.723414046731876,4,10.7,3.12,27.39,13.11,9.02,9.08,2.99,17.22,35.4,30.9,8.86
2021,5.723414046731876,4,10.87,3.14,27.67,13.16,8.47,9.12,3.02,16.78,35.4,32.81,8.83
2022,5.723414046731876,4,11,3.2,27.53,13.27,9.57,9.3,3.07,18.21,35.16,33.36,9.01
2023,5.723414046731876,4,10.95,3.2,27.25,13.06,8.74,9.19,3.05,17.67,35.4,35.51,8.97
2024,5.723414046731876,4,10.78,3.1,27.12,13.06,8.61,9.12,3.01,16.64,35.64,32.81,8.83
2025,5.723414046731876,4,10.83,3.17,27.12,13.16,8.28,9.15,3.01,16.93,35.64,32.81,8.9
2026,5.723414046731876,4,10.87,3.14,27.39,13.16,8.37,9.19,3.04,17.59,34.93,33.17,8.9
2027,5.723414046731876,4,11,3.22,27.67,13.32,8.61,9.22,3.1,17.67,35.88,32.63,9.01
2028,5.723414046731876,4,10.83,3.15,27.67,13.06,8.95,9.04,3.01,16.43,34.93,33.17,8.86
2029,5.723414046731876,4,10.91,3.19,27.67,13.16,9.64,9.12,3.04,16.64,35.4,32.99,8.9
2030,5.723414046731876,4,10.87,3.15,27.67,13.11,9.46,9.04,3.01,16.23,34.25,33.55,8.93
2031,5.723414046731876,4,10.95,3.14,27.81,13.06,9.46,9.12,3.01,15.89,34.47,32.09,8.93
2032,5.723414046731876,4,10.91,3.1,27.53,13,8.92,9.04,2.96,16.09,33.8,32.45,9.04
2033,5.723414046731876,4,10.91,3.14,27.25,13.16,9.35,8.97,2.99,17.74,34.02,32.45,8.97
2034,5.723414046731876,4,10.91,3.17,27.67,13.16,9.8,9.01,3.02,15.76,34.02,32.81,8.9
2035,5.723414046731876,4,10.95,3.1,27.25,13.16,10.27,9.01,2.99,16.16,33.8,32.63,8.76
2036,5.723414046731876,4,10.91,3.1,27.25,13.06,10.15,9.04,3.02,16.09,34.25,32.99,8.83
2037,5.723414046731876,4,11.17,3.27,27.95,13.27,10.76,9.22,3.13,17.89,35.16,31.57,9.08
2038,5.723414046731876,4,11,3.2,27.53,13.16,10.03,9.15,3.07,16.64,33.58,32.99,8.97
2039,5.723414046731876,4,10.78,3.14,27.67,12.9,10.63,9.01,2.99,15.37,34.02,32.99,8.86
2040,5.723414046731876,4,10.83,3.14,27.81,13,10.55,9.12,3.02,15.96,33.58,31.74,8.93
2041,5.731030382283858,4,10.87,3.15,27.53,13.06,10.23,9.12,3.04,16.64,34.02,31.92,8.9
2042,5.731030382283858,4,10.91,3.2,27.53,13.11,10.59,9.04,3.02,15.63,34.7,32.09,8.9
2043,5.731030382283858,4,10.87,3.14,27.39,12.79,10.97,9.04,3.01,16.64,34.02,32.27,8.76
2044,5.731030382283858,4,10.87,3.1,27.25,13,10.76,9.04,3.01,16.23,34.7,33.55,8.8
2045,5.731030382283858,4,10.83,3.12,27.25,13,10.31,9.01,3.02,16.86,34.7,36.57,8.8
2046,5.731030382283858,4,10.83,3.1,27.25,12.95,10.89,8.97,2.99,16.23,34.25,33.93,8.76
2047,5.731030382283858,4,11,3.2,27.67,13.11,10.59,9.04,3.05,16.5,34.7,31.23,8.86
2048,5.731030382283858,4,10.87,3.17,27.95,13.06,10.63,9.08,3.05,16.93,34.7,32.09,8.86
2049,5.731030382283858,4,11.17,3.2,27.53,13.16,10.76,9.04,3.08,16.93,35.16,32.45,8.97
2050,5.731030382283858,4,11.08,3.12,27.53,13.06,10.59,9.04,3.02,17.36,34.7,31.57,8.8
2051,5.731030382283858,4,11,3.19,27.53,13,10.39,9.01,3.02,16.64,34.25,31.06,8.9
2052,5.731030382283858,4,11,3.15,27.67,13.16,10.97,9.08,3.07,17.36,35.16,32.99,8.86
2053,5.731030382283858,4,11,3.17,27.95,13.16,10.31,8.94,2.99,16.93,35.16,33.17,8.8
2054,5.731030382283858,4,10.95,3.14,27.25,13,10.59,9.01,2.99,17.07,34.02,32.99,8.8
2055,5.731030382283858,4,11.17,3.22,27.53,13.06,11.55,9.15,3.07,17.22,34.47,32.99,8.9
2056,5.731030382283858,4,11,3.12,27.39,12.95,10.84,9.04,3.01,17.07,34.02,33.93,8.76
2057,5.731030382283858,4,10.95,3.12,27.67,12.95,10.51,8.97,2.98,16.71,34.7,32.99,8.86
2058,5.731030382283858,4,11,3.14,27.53,13.11,10.97,9.04,3.04,17.51,34.7,32.63,8.8
2059,5.731030382283858,4,10.95,3.19,27.53,13.16,10.43,9.04,3.02,18.21,34.7,32.99,8.8
2060,5.731030382283858,4,10.78,3.09,27.12,12.95,10.8,8.87,2.98,18.29,34.47,32.81,8.8
2061,5.731030382283858,4,10.78,3.09,27.53,12.9,10.8,8.87,2.95,17,34.47,32.27,8.8
2062,5.731030382283858,4,11.04,3.2,27.67,13.06,10.97,9.08,3.07,16.71,34.47,33.36,9.04
2063,5.731030382283858,4,10.87,3.1,27.39,12.85,10.72,8.97,2.98,17.36,34.25,32.27,8.97
2064,5.731030382283858,4,10.83,3.07,27.25,13.06,10.51,8.77,2.96,16.43,34.7,31.92,8.9
2065,5.731030382283858,4,10.91,3.07,27.25,12.9,10.47,8.97,2.99,17.36,34.25,32.27,8.69
2066,5.731030382283858,4,10.95,3.17,27.95,13.11,10.84,8.97,3.01,16.78,34.47,33.17,8.76
2067,5.731030382283858,4,10.74,3.09,27.53,12.9,10.55,8.83,2.95,17.07,34.02,32.45,8.66
2068,5.731030382283858,4,11,3.19,27.53,13,10.97,9.04,3.04,17.36,34.25,32.99,8.86
2069,5.731030382283858,4,10.74,3.1,27.67,12.85,10.23,8.83,2.95,16.71,34.02,32.81,8.69
2070,5.731030382283858,4,10.78,3.12,27.81,12.95,11.1,8.9,2.98,16.86,34.25,32.99,8.76
2071,5.731030382283858,4,10.78,3.09,27.25,12.79,10.07,8.9,2.93,16.93,34.02,32.63,8.66
2072,5.731030382283858,4,10.7,3.04,27.25,12.85,11.19,8.8,2.95,16.3,34.7,32.45,8.52
2073,5.731030382283858,4,10.83,3.07,27.12,12.95,10.97,8.83,2.95,16.02,35.16,32.45,8.73
2074,5.731030382283858,4,10.87,3.07,27.39,13,9.99,8.9,2.93,16.36,34.02,32.81,8.73
2075,5.731030382283858,4,10.7,3.07,27.39,12.95,10.59,8.87,2.95,16.64,34.7,32.27,8.59
2076,5.731030382283858,4,10.91,3.14,27.67,12.9,10.84,8.87,2.98,16.78,34.47,32.81,8.76
2077,5.731030382283858,4,11.08,3.17,27.67,13.11,10.93,9.01,3.05,16.5,34.47,32.81,8.66
2078,5.731030382283858,4,11,3.19,27.67,13,10.51,8.9,3.01,16.36,34.93,32.99,8.83
2079,5.731030382283858,4,10.83,3.1,27.67,12.85,10.84,8.77,2.95,16.3,34.02,33.17,8.52
2080,5.731030382283858,4,10.91,3.15,27.81,12.95,10.93,8.83,2.99,17.29,34.25,32.99,8.73
2081,5.731030382283858,4,10.95,3.09,27.25,12.95,11.28,8.87,2.99,16.64,34.47,32.81,8.59
2082,5.731030382283858,4,11.08,3.1,27.53,13.06,11.06,8.94,3.01,16.64,34.7,35.51,8.73
2083,5.731030382283858,4,11.04,3.14,27.67,13,10.23,8.94,3.01,17.22,34.93,32.45,8.69
2084,5.731030382283858,4,10.87,3.05,27.25,12.9,11.06,8.77,2.96,16.5,34.7,31.92,8.52
2085,5.731030382283858,4,11.13,3.1,27.81,12.79,10.59,8.87,2.98,16.3,34.25,32.63,8.66
2086,5.731030382283858,4,11.08,3.15,27.67,13.06,10.93,8.87,3.02,16.71,35.16,32.81,8.69
2087,5.731030382283858,4,11.13,3.1,27.53,13.06,10.68,8.87,3.01,16.02,35.16,32.63,8.69
2088,5.731030382283858,4,11.17,3.14,27.81,12.9,10.55,8.9,3.01,16.3,34.25,32.99,8.76
2089,5.731030382283858,4,11.21,3.12,27.53,13.06,11.23,8.9,3.04,16.36,34.47,32.63,8.73
2090,5.731030382283858,4,11.04,3.12,27.25,12.85,10.59,8.8,2.98,20.06,34.02,32.81,8.73
2091,5.731030382283858,4,11.04,3.1,27.12,12.95,8.81,8.73,2.98,17,34.02,32.99,8.62
2092,5.731030382283858,4,11.17,3.12,27.39,12.85,10.68,8.83,3.01,17.89,34.25,32.81,8.73
2093,5.731030382283858,4,11.04,3.07,27.53,12.95,10.72,8.73,2.96,17.36,34.47,31.4,8.66
2094,5.731030382283858,4,11.13,3.12,27.81,12.95,10.31,8.8,2.96,17.29,34.25,32.63,8.62
2095,5.731030382283858,4,11.13,3.12,27.67,12.9,10.72,8.87,3.01,17.67,35.16,32.27,8.69
2096,5.731030382283858,4,11.17,3.07,27.39,12.95,10.8,8.7,2.95,17.97,34.47,32.99,8.73
2097,5.731030382283858,4,11,3.09,27.25,12.85,10.59,8.7,2.96,17.82,34.7,33.36,8.76
2098,5.731030382283858,4,11.17,3.09,27.25,13,10.8,8.77,2.99,17.82,34.7,32.27,8.69
2099,5.731030382283858,4,11.13,3.12,27.39,12.95,10.39,8.73,2.96,17.51,34.02,33.17,8.69
2100,5.731030382283858,4,11.17,3.2,27.95,13,11.37,8.87,3.05,17.67,34.47,33.17,8.97
2101,5.746957728968659,4,11.08,3.14,27.81,13,10.55,8.8,3.02,17.74,35.16,33.17,8.8
2102,5.746957728968659,4,11.21,3.19,27.53,13,11.32,8.87,3.04,17.89,34.25,32.99,8.93
2103,5.746957728968659,4,11.04,3.1,27.67,13.06,10.93,8.8,2.99,17.59,35.16,32.81,8.8
2104,5.746957728968659,4,11.21,3.22,27.95,13.06,10.89,8.83,3.05,17.89,34.47,33.17,8.9
2105,5.746957728968659,4,11.21,3.22,27.81,13.06,10.8,8.9,3.05,18.05,35.16,33.74,8.83
2106,5.746957728968659,4,11.08,3.09,27.25,12.95,11.02,8.77,2.99,17.67,34.7,32.63,8.73
2107,5.746957728968659,4,11.21,3.15,27.81,13,10.76,8.8,3.04,17.74,34.7,31.4,8.93
2108,5.746957728968659,4,10.91,3.14,27.25,12.95,10.76,9.33,3.01,17.74,34.7,32.99,8.93
2109,5.746957728968659,4,11.17,3.17,27.67,13.06,10.11,8.8,3.05,17.89,35.16,32.99,8.93
2110,5.746957728968659,4,11.08,3.1,27.25,13,11.55,8.73,2.99,17.59,34.93,32.81,8.8
2111,5.746957728968659,4,11.04,3.12,27.39,12.9,11.46,8.7,2.96,17.36,34.25,33.55,8.93
2112,5.746957728968659,4,11.13,3.14,27.67,12.9,10.72,8.8,3.01,17,34.7,32.99,8.93
2113,5.746957728968659,4,11.26,3.22,27.53,13.06,11.06,8.9,3.07,17.22,34.93,32.09,9.08
2114,5.746957728968659,4,11.3,3.27,27.53,13.16,11.32,8.9,3.1,18.37,35.64,33.55,9.15
2115,5.746957728968659,4,11.13,3.15,27.81,13,11.37,8.77,2.99,17.51,34.47,33.36,8.97
2116,5.746957728968659,4,11.21,3.17,27.81,13,11.23,8.83,3.02,16.64,34.47,33.36,9.01
2117,5.746957728968659,4,11.3,3.22,27.53,13.06,11.32,8.9,3.07,18.29,34.47,33.74,9.04
2118,5.746957728968659,4,11.21,3.17,27.53,13.16,10.59,8.8,3.05,17.89,35.4,33.36,8.97
2119,5.746957728968659,4,11.26,3.2,27.95,13.06,10.84,8.77,2.99,17.67,34.7,33.17,9.01
2120,5.746957728968659,4,11.21,3.19,27.95,13.16,11.19,8.83,3.04,16.86,35.4,33.36,8.97
2121,5.746957728968659,4,11.21,3.1,27.25,13.06,10.43,8.7,2.99,17.74,34.93,32.81,8.9
2122,5.746957728968659,4,11.17,3.15,27.67,13,10.63,8.73,2.99,17.59,35.16,33.36,8.93
2123,5.746957728968659,4,11.21,3.17,27.67,13.21,10.97,8.8,3.04,17.74,35.4,33.36,8.93
2124,5.746957728968659,4,11.04,3.14,27.39,12.9,10.84,8.73,2.98,17.67,34.25,31.57,9.01
2125,5.746957728968659,4,11.13,3.19,27.81,13,10.76,8.73,2.99,18.13,34.47,32.63,8.86
2126,5.746957728968659,4,11.13,3.14,27.39,13,10.63,8.73,2.98,18.21,34.47,33.17,8.97
2127,5.746957728968659,4,11.26,3.2,27.53,13,10.97,8.83,3.05,16.71,34.93,33.55,8.93
2128,5.746957728968659,4,11.21,3.2,27.67,13.21,10.63,8.83,3.07,18.21,35.4,32.27,8.93
2129,5.746957728968659,4,11.39,3.27,27.67,13.11,10.39,8.97,3.1,18.61,34.47,32.63,9.01
2130,5.746957728968659,4,11.35,3.22,27.81,13.21,11.41,8.9,3.1,19.44,35.4,33.36,8.86
2131,5.746957728968659,4,11.17,3.12,27.39,13.06,10.51,8.7,2.99,18.69,34.93,32.81,8.62
2132,5.746957728968659,4,11.13,3.09,27.25,13,10.31,8.7,2.95,17.07,34.02,33.17,8.69
2133,5.746957728968659,4,11.21,3.1,27.12,12.95,10.76,8.7,2.99,18.94,34.7,31.92,8.86
2134,5.746957728968659,4,11.17,3.14,27.25,12.95,10.51,8.77,3.01,17.14,34.25,33.36,8.9
2135,5.746957728968659,4,11.17,3.12,26.98,12.95,8.54,8.66,2.99,17.36,34.02,33.55,8.8
2136,5.746957728968659,4,11.13,3.12,27.39,12.9,8.51,8.7,2.95,16.86,34.02,32.99,8.83
2137,5.746957728968659,4,11.17,3.12,27.25,13.06,8.92,8.73,2.98,17.51,34.7,33.17,8.73
2138,5.746957728968659,4,11.08,3.07,27.67,12.85,10.35,8.63,2.93,17,34.7,32.81,8.69
2139,5.746957728968659,4,11.17,3.04,27.39,12.85,10.11,8.63,2.93,16.86,34.7,32.45,8.69
2140,5.746957728968659,4,11.13,3.07,27.12,12.79,11.06,8.66,2.95,17.14,35.16,32.27,8.69
2141,5.746957728968659,4,11.17,3.09,27.53,13,11.1,8.66,2.98,17.29,35.16,33.17,8.76
2142,5.746957728968659,4,11.3,3.09,27.39,12.85,10.63,8.73,2.98,18.45,34.25,32.81,8.8
2143,5.746957728968659,4,11.26,3.14,27.53,13,10.59,8.73,2.99,18.69,34.25,32.99,8.9
2144,5.746957728968659,4,11.13,3.1,27.53,12.9,10.47,8.66,2.95,17,34.25,33.17,8.8
2145,5.746957728968659,4,11.35,3.1,27.25,13,10.68,8.73,2.99,16.78,35.16,33.55,8.9
2146,5.746957728968659,4,11.17,3.12,27.25,12.85,10.8,8.66,2.95,17,34.25,33.17,8.9
2147,5.746957728968659,4,11.17,3.07,27.53,12.9,10.68,8.7,2.96,16.71,34.47,31.23,8.8
2148,5.746957728968659,4,11.26,3.15,27.53,12.95,10.97,8.66,2.98,17.89,35.16,33.17,8.83
2149,5.746957728968659,4,11.13,3.12,27.39,12.85,10.72,8.73,2.98,17.22,34.7,33.17,8.86
2150,5.746957728968659,4,11.26,3.15,27.39,12.9,11.32,8.73,2.99,17.44,34.47,33.36,8.86
2151,5.746957728968659,4,11.3,3.14,27.25,12.85,11.19,8.73,2.99,17.97,34.7,32.63,8.9
2152,5.746957728968659,4,11.26,3.14,27.53,12.9,11.1,8.7,2.96,18.13,34.47,33.17,8.93
2153,5.746957728968659,4,11.3,3.1,27.12,12.9,10.93,8.73,3.01,17.22,34.7,32.81,8.83
2154,5.746957728968659,4,11.21,3.09,27.12,12.95,10.76,8.63,2.96,18.13,34.7,32.99,8.83
2155,5.746957728968659,4,11.35,3.1,27.25,12.95,11.5,8.73,2.99,17.67,34.7,33.74,8.8
2156,5.746957728968659,4,11.26,3.12,27.25,12.79,10.97,8.7,2.95,17.29,34.47,32.99,8.93
2157,5.746957728968659,4,11.35,3.09,27.25,12.95,11.02,8.73,2.98,17.14,35.16,32.99,8.83
2158,5.746957728968659,4,11.21,3.15,27.39,12.95,10.89,8.66,2.96,17.74,34.02,32.45,8.8
2159,5.746957728968659,4,11.35,3.14,27.39,13.06,11.1,8.73,3.01,18.13,35.16,33.17,8.86
2160,5.746957728968659,4,11.35,3.12,27.39,13.06,10.39,8.66,2.99,19.88,34.93,33.17,8.9
2161,5.75803314653214,4,11.21,3.09,27.67,12.85,9.91,8.6,2.96,18.05,35.16,32.99,8.83
2162,5.75803314653214,4,11.17,3.14,27.25,12.9,11.28,8.73,3.01,17.59,34.7,33.36,8.97
2163,5.75803314653214,4,11.3,3.12,27.39,13.06,10.35,8.7,3.01,18.53,36.62,29.3,8.83
2164,5.75803314653214,4,11.26,3.1,27.25,13,11.15,8.73,3.01,17.36,34.47,32.99,8.83
2165,5.75803314653214,4,11.21,3.12,27.12,12.9,10.89,8.7,2.98,16.78,34.02,31.23,8.86
2166,5.75803314653214,4,11.17,3.1,27.67,12.95,10.72,8.66,2.96,17.22,34.7,33.17,8.83
2167,5.75803314653214,4,11.3,3.12,27.67,12.95,10.39,8.66,2.99,17.29,34.93,33.55,8.9
2168,5.75803314653214,4,11.26,3.07,27.25,12.85,10.8,8.63,2.98,16.71,35.16,33.55,8.83
2169,5.75803314653214,4,11.26,3.1,27.39,13.06,10.76,8.66,2.99,17.67,34.7,32.63,8.83
2170,5.75803314653214,4,11.26,3.12,27.12,12.95,10.15,8.7,2.96,17.29,34.47,33.55,8.86
2171,5.75803314653214,4,11.13,3.12,27.67,12.95,10.27,8.7,2.96,19.36,34.25,34.71,8.8
2172,5.75803314653214,4,11.26,3.1,27.12,12.85,10.72,8.56,3.21,19.97,34.25,33.17,8.97
2173,5.75803314653214,4,11.39,3.15,27.25,12.95,11.06,8.7,2.99,19.79,34.02,33.74,8.97
2174,5.75803314653214,4,11.35,3.1,27.12,12.95,11.15,8.56,2.95,19.62,34.25,33.55,8.86
2175,5.75803314653214,4,11.44,3.15,27.39,12.95,10.76,8.66,2.99,19.79,34.7,32.63,9.01
2176,5.75803314653214,4,11.39,3.12,27.25,12.85,10.68,8.6,2.96,18.94,34.7,32.99,8.8
2177,5.75803314653214,4,11.39,3.1,27.25,12.85,10.72,8.66,2.98,17.44,34.7,32.99,8.62
2178,5.75803314653214,4,11.3,3.15,27.25,12.9,10.84,8.6,2.96,17.07,34.7,33.36,8.83
2179,5.75803314653214,4,11.48,3.15,27.81,12.9,10.89,8.63,2.99,16.43,35.16,33.36,8.8
2180,5.75803314653214,4,11.39,3.12,27.25,12.85,11.06,8.66,2.98,17.67,34.25,32.27,8.86
2181,5.75803314653214,4,11.39,3.12,27.39,12.85,11.73,8.66,2.98,16.64,34.47,33.17,8.9
2182,5.75803314653214,4,11.3,3.81,27.67,12.85,11.23,8.56,2.95,16.78,34.93,34.31,8.69
2183,5.75803314653214,4,11.21,3.12,27.53,12.85,10.39,8.56,2.95,17.44,34.25,33.74,8.83
2184,5.75803314653214,4,11.3,3.1,27.67,12.85,11.06,8.56,2.93,16.78,34.25,33.74,8.9
2185,5.75803314653214,4,11.3,3.07,27.25,12.85,11.02,8.63,2.96,17.36,35.16,32.45,8.76
2186,5.75803314653214,4,11.3,3.12,27.25,12.79,11.15,8.6,2.96,17.97,34.02,33.36,8.9
2187,5.75803314653214,4,11.3,3.12,27.39,12.79,11.32,8.56,2.95,17.82,34.02,33.55,8.86
2188,5.75803314653214,4,11.21,3.09,27.25,12.9,11.06,8.53,2.95,17.59,34.7,33.74,8.8
2189,5.75803314653214,4,11.39,3.1,27.25,12.85,11.15,8.66,2.98,17.82,34.7,33.36,8.8
2190,5.75803314653214,4,11.35,3.09,27.39,12.95,10.47,8.6,2.96,17.44,34.7,33.17,8.8
2191,5.75803314653214,4,11.3,3.1,27.25,12.95,10.27,8.56,2.96,16.5,34.7,33.36,8.83
2192,5.75803314653214,4,11.26,3.12,27.25,12.95,10.39,8.56,2.96,17.36,34.7,32.99,8.93
2193,5.75803314653214,4,11.3,3.12,27.53,12.9,9.95,8.63,2.95,17.36,34.02,33.55,8.8
2194,5.75803314653214,4,11.26,3.15,27.67,12.95,10.93,8.6,2.96,18.05,34.25,33.74,8.86
2195,5.75803314653214,4,11.3,3.09,27.12,13,10.55,8.6,2.98,18.13,34.93,32.09,8.73
2196,5.75803314653214,4,11.35,3.15,27.67,13,10.55,8.6,2.96,16.71,36.37,29.3,8.93
2197,5.75803314653214,4,11.39,3.14,27.53,12.9,10.72,8.66,2.98,17,34.25,34.71,9.01
2198,5.75803314653214,4,11.39,3.1,27.12,13,10.76,8.6,2.96,18.21,35.16,33.55,8.9
2199,5.75803314653214,4,11.26,3.14,27.39,13,10.27,8.66,2.99,17.14,34.02,33.17,8.97
2200,5.75803314653214,4,11.17,3.12,27.39,12.79,10.47,8.56,2.93,17.14,34.25,33.17,9.01
2201,5.75803314653214,4,11.26,3.14,27.39,12.9,10.93,8.63,2.98,16.71,34.47,32.99,9.01
2202,5.75803314653214,4,11.26,3.14,27.25,12.9,10.93,8.56,2.96,17.29,34.25,31.57,9.01
2203,5.75803314653214,4,11.26,3.12,27.67,12.95,11.1,8.6,2.98,16.57,34.7,33.74,9.04
2204,5.75803314653214,4,11.3,3.1,27.39,12.9,11.37,8.56,2.96,18.45,34.47,33.55,8.93
2205,5.75803314653214,4,11.21,3.09,27.25,12.95,10.15,8.6,2.95,17.22,34.25,33.36,8.83
2206,5.75803314653214,4,11.3,3.1,27.53,12.95,10.97,8.6,2.98,18.53,34.93,36.57,8.97
2207,5.75803314653214,4,11.3,3.12,27.12,12.95,10.93,8.63,2.95,17.67,41.05,32.99,9.01
2208,5.75803314653214,4,11.26,3.15,27.67,13,11.1,8.56,2.96,17.59,34.47,33.93,9.01
2209,5.75803314653214,4,11.3,3.15,27.67,12.95,11.32,8.6,2.96,17,34.93,34.31,9.04
2210,5.75803314653214,4,11.35,3.12,27.67,13.16,10.68,8.63,2.98,17.14,34.7,33.36,8.97
2211,5.75803314653214,4,11.35,3.1,27.25,12.95,10.8,8.6,2.96,18.05,34.25,32.99,8.9
2212,5.75803314653214,4,11.3,3.15,27.67,13,10.47,8.6,2.96,17.74,34.25,33.74,8.9
2213,5.75803314653214,4,11.53,3.15,27.25,12.9,10.63,8.66,3.01,17.22,34.25,33.36,8.9
2214,5.75803314653214,4,11.35,3.09,27.25,12.95,10.59,8.6,2.96,18.21,34.25,32.99,8.93
2215,5.75803314653214,4,11.3,3.12,27.12,12.95,10.55,8.56,2.95,16.93,34.7,31.92,8.9
2216,5.75803314653214,4,11.48,3.15,27.25,13.06,10.97,8.7,3.01,17.67,34.93,33.36,8.97
2217,5.75803314653214,4,11.35,3.12,27.53,12.9,10.93,8.53,2.96,16.93,34.47,33.55,8.97
2218,5.75803314653214,4,11.26,3.14,27.67,12.9,10.68,8.63,2.96,17,36.62,37.9,9.01
2219,5.75803314653214,4,11.35,3.12,27.39,12.9,10.35,8.6,2.95,17.14,34.7,34.51,9.04
2220,5.75803314653214,4,11.26,3.14,27.67,12.85,10.55,8.63,2.96,17.44,34.25,33.74,9.11
