Minute,TVC,Label,MQ135,MQ136,MQ137,MQ138,MQ2,MQ3,MQ4,MQ5,MQ6,MQ8,MQ9
1,1.87589,1,18.47,13.52,10.06,18.77,19.94,26.92,11.34,9.24,14.76,41.84,14.11
2,1.87589,1,18.47,13.52,10.1,18.86,19.85,26.92,11.71,9.2,14.76,41.58,14.06
3,1.87589,1,18.47,13.52,10.14,18.77,20.03,27.06,11.47,9.24,14.83,42.11,14.46
4,1.87589,1,18.55,13.52,10.14,19.03,20.03,27.06,11.47,9.24,14.76,44.37,14.4
5,1.87589,1,18.24,13.14,10.06,18.36,19.17,26.52,11.16,9.13,14.57,42.94,14.23
6,1.87589,1,18.95,13.3,10.22,18.44,19.51,26.79,11.34,9.06,14.7,41.84,14.17
7,1.87589,1,17.04,13.46,10.18,18.94,19.68,26.92,11.52,9.24,14.76,45.88,14.17
8,1.87589,1,17.26,13.52,10.22,18.61,19.59,27.06,11.9,9.16,14.76,42.38,14.17
9,1.87589,1,17.19,13.41,10.34,18.61,19.34,26.79,11.47,9.13,14.7,42.66,14
10,1.87589,1,17.26,13.52,10.26,18.69,20.12,27.06,11.75,9.16,14.76,41.58,14
11,1.87589,1,17.26,13.52,10.26,19.03,19.42,27.06,11.66,9.16,14.7,41.84,13.72
12,1.87589,1,17.26,13.52,10.26,18.86,18.92,26.92,11.61,9.16,14.7,43.22,13.24
13,1.87589,1,17.4,13.57,10.34,18.86,19.17,27.06,11.66,9.16,14.7,43.22,13.94
14,1.87589,1,17.55,13.57,10.34,18.69,19.09,27.06,11.71,9.16,14.76,43.5,13.67
15,1.87589,1,19.45,13.52,10.34,18.77,18.84,26.92,11.61,9.13,14.7,42.11,13.5
16,1.87589,1,17.11,13.57,10.54,19.03,18.92,27.06,11.75,9.27,14.76,42.11,13.67
17,1.87589,1,17.19,13.85,10.5,18.94,19.34,27.33,11.95,9.34,14.83,41.58,13.83
18,1.87589,1,16.97,13.68,10.5,19.29,18.84,27.06,11.8,9.2,14.76,40.8,13.89
19,1.87589,1,17.26,13.79,10.54,19.11,18.76,27.19,11.9,9.68,14.76,42.11,13.45
20,1.87589,1,17.33,13.68,10.5,18.94,18.52,27.06,11.8,9.2,14.83,46.83,14.06
21,1.87589,1,17.11,13.79,10.58,18.94,18.52,27.19,11.75,9.2,14.83,42.38,13.56
22,1.87589,1,17.04,13.46,10.46,18.69,18.44,26.79,11.61,9.06,14.7,42.11,13.29
23,1.87589,1,17.26,13.74,10.62,18.94,18.2,27.19,12.34,9.16,14.89,42.66,14.34
24,1.87589,1,17.19,13.74,10.66,18.94,18.05,27.06,11.85,9.2,14.83,46.51,14.11
25,1.87589,1,17.26,13.79,10.66,19.03,18.05,27.19,11.95,9.02,14.83,42.66,14.17
26,1.87589,1,18.16,13.74,10.66,18.94,17.82,27.06,11.8,9.24,14.83,42.11,14.29
27,1.87589,1,16.76,12.53,10.22,17.8,15.72,25.5,10.68,8.85,14.26,40.8,13.45
28,1.87589,1,19.71,13.74,10.79,18.94,17.6,27.19,11.85,9.34,14.89,45.57,14.34
29,1.87589,1,20.51,13.79,10.79,19.03,17.52,27.19,11.85,9.49,14.89,43.22,14.23
30,1.87589,1,17.19,13.74,10.83,19.03,17.37,27.19,11.85,9.2,14.83,43.22,13.89
31,1.87589,1,20.42,13.74,10.83,19.03,17.16,27.19,11.71,9.31,14.89,44.37,14.11
32,1.87589,1,20.88,13.74,10.88,19.03,17.16,27.06,11.75,9.24,14.89,42.66,14.11
33,1.87589,1,20.97,13.63,10.88,18.94,16.8,27.06,11.75,9.27,14.83,44.66,14.34
34,1.87589,1,21.25,13.63,10.88,18.94,16.52,26.92,11.8,9.27,14.83,42.94,14.23
35,1.87589,1,20.6,13.63,10.92,18.94,16.52,27.06,11.71,9.27,14.83,42.94,14.17
36,1.87589,1,20.24,13.57,10.92,18.86,16.12,26.92,11.66,9.13,14.83,42.94,14.06
37,1.87589,1,20.24,13.52,10.92,18.94,16.18,26.92,11.66,9.2,14.83,43.22,13.94
38,1.87589,1,20.42,13.52,10.96,18.86,15.98,26.79,11.61,9.16,14.83,43.22,14
39,1.87589,1,20.6,13.57,11,19.03,15.92,26.79,11.61,9.31,14.83,42.11,14.23
40,1.87589,1,20.51,13.52,11,19.03,15.79,26.79,11.61,9.24,14.76,42.66,14.29
41,1.87589,1,20.42,13.3,10.92,18.69,15.34,26.52,11.38,9.13,14.7,44.07,13.83
42,1.87589,1,16.62,13.3,11,18.77,15.21,26.39,11.38,9.16,14.7,42.11,14
43,1.87589,1,16.62,13.46,11.05,18.86,15.34,26.52,11.75,9.2,14.83,43.22,14.23
44,1.87589,1,16.76,13.46,11.09,18.94,15.21,26.52,11.52,9.2,14.83,42.66,14
45,1.87589,1,16.76,13.46,11.09,18.94,15.09,26.52,11.52,9.16,14.83,42.66,14
46,1.87589,1,16.69,13.41,11.09,18.86,14.91,26.52,11.43,9.24,14.76,42.66,14
47,1.87589,1,16.55,13.14,11,18.69,14.55,26.13,11.16,9.06,14.63,40.04,13.78
48,1.87589,1,16.9,13.36,11.18,18.86,14.61,26.52,11.34,9.24,14.83,40.04,14.11
49,1.87589,1,17.04,13.36,11.22,18.86,14.61,26.39,11.38,9.27,14.76,42.94,14
50,1.87589,1,17.11,13.3,11.22,18.86,14.31,26.39,11.25,9.27,14.76,40.29,14.11
51,1.87589,1,16.83,13.14,11.09,18.61,14.03,26,11.16,8.95,14.63,39.79,13.94
52,1.87589,1,17.04,13.25,11.27,18.86,14.14,26.39,11.29,9.27,14.83,42.11,14
53,1.87589,1,17.19,13.25,11.27,18.94,14.08,26.26,11.38,9.13,14.83,43.5,14.17
54,1.87589,1,16.97,13.25,11.27,18.86,13.97,26.26,11.29,9.27,14.83,47.15,14.06
55,1.87589,1,17.04,13.2,11.31,18.86,13.86,26.26,11.25,9.27,14.83,45.26,14.17
56,1.87589,1,16.83,13.2,11.35,18.94,13.69,26.26,11.11,9.09,14.83,44.66,14.17
57,1.87589,1,16.83,12.99,11.31,18.77,13.32,25.88,11.07,9.24,14.7,43.78,13.89
58,1.87589,1,16.9,12.94,11.31,18.69,13.11,25.88,11.02,9.16,14.7,45.26,13.83
59,1.87589,1,16.9,12.89,11.31,18.61,13.05,25.88,10.98,9.24,14.7,43.78,13.83
60,1.87589,1,16.83,12.83,11.35,18.61,12.9,25.75,10.89,9.24,14.7,50.96,13.72
61,2.14988,1,16.9,12.78,11.35,18.52,12.9,25.75,10.89,9.06,14.7,42.11,13.94
62,2.14988,1,16.97,12.78,11.4,18.52,12.7,25.75,10.85,9.27,14.7,41.58,13.67
63,2.14988,1,16.9,12.78,11.4,18.69,12.55,25.75,10.89,9.24,14.7,43.78,13.67
64,2.14988,1,17.11,12.94,11.53,18.69,12.8,26,10.94,9.27,14.76,44.37,13.94
65,2.14988,1,16.9,12.94,11.53,18.69,12.64,25.88,11.07,9.34,14.83,43.78,13.94
66,2.14988,1,16.9,12.83,11.53,18.69,12.5,25.88,11.02,9.34,14.76,43.22,13.89
67,2.14988,1,16.97,12.78,11.58,18.61,12.35,25.75,10.85,9.31,14.83,44.37,13.83
68,2.14988,1,16.97,12.89,11.63,19.03,12.4,25.88,10.94,9.31,14.83,43.5,14.11
69,2.14988,1,17.04,12.89,11.67,18.69,12.4,25.88,11.02,9.6,14.89,43.5,14.23
70,2.14988,1,16.62,12.58,11.53,18.44,11.82,25.5,10.63,9.31,14.7,43.78,13.72
71,2.14988,1,16.76,12.53,11.58,18.28,11.87,25.38,10.68,9.31,14.76,43.22,14
72,2.14988,1,16.69,12.38,11.53,18.2,11.64,25.25,10.51,9.31,14.7,42.66,13.67
73,2.14988,1,16.55,12.34,11.53,18.2,11.46,25.13,10.81,9.31,14.7,42.66,13.78
74,2.14988,1,16.55,12.14,11.49,18.04,11.23,24.89,10.3,9.24,14.57,42.38,13.89
75,2.14988,1,16.69,12.14,11.49,18.2,11.19,24.89,10.3,9.31,14.57,42.38,13.89
76,2.14988,1,16.76,12.24,11.63,18.12,11.19,25.01,10.38,9.38,14.7,42.66,13.89
77,2.14988,1,16.9,12.19,11.63,18.2,11.19,25.01,10.47,9.34,14.63,42.11,13.78
78,2.14988,1,16.83,12.24,11.72,18.28,11.32,25.13,10.38,9.42,14.83,42.38,13.83
79,2.14988,1,16.9,12.43,11.76,18.44,11.23,25.38,10.55,9.38,14.76,43.22,13.89
80,2.14988,1,17.11,12.34,11.81,18.28,11.23,25.13,10.51,9.38,14.76,43.78,13.78
81,2.14988,1,17.19,12.34,11.86,18.36,11.19,25.13,10.47,9.49,14.76,43.5,13.89
82,2.14988,1,17.19,12.43,11.9,18.52,11.19,25.25,10.55,9.49,14.83,47.81,13.78
83,2.14988,1,17.19,12.34,11.86,18.28,11.06,25.13,10.51,9.45,14.76,43.22,13.67
84,2.14988,1,17.48,12.34,11.9,18.28,11.02,25.13,10.51,9.53,14.76,47.48,13.72
85,2.14988,1,17.19,12.34,11.95,18.36,10.97,25.13,10.51,9.53,14.76,43.22,13.78
86,2.14988,1,17.26,12.29,11.95,18.28,10.8,25.13,10.51,9.45,14.76,43.5,13.56
87,2.14988,1,17.33,12.43,12.05,18.44,10.93,25.25,10.55,9.57,14.83,43.22,13.94
88,2.14988,1,17.4,12.43,12.05,18.36,10.93,25.13,10.59,9.57,14.83,43.5,14.11
89,2.14988,1,17.26,12.34,12.09,18.28,10.84,25.13,10.51,9.53,14.89,42.94,13.89
90,2.14988,1,17.55,12.38,12.09,18.36,10.8,25.13,10.51,9.49,14.83,42.66,14.17
91,2.14988,1,17.33,12.38,12.14,18.44,10.8,25.13,10.59,9.72,14.89,42.11,14.06
92,2.14988,1,17.4,12.34,12.14,18.36,10.68,25.13,10.51,9.53,14.76,44.37,14.11
93,2.14988,1,17.48,12.29,12.29,18.61,10.59,25.01,10.51,9.57,14.83,44.37,13.89
94,2.14988,1,16.97,12.14,12.09,18.44,10.43,24.77,10.34,9.49,14.76,42.38,13.56
95,2.14988,1,17.19,12.09,12.14,18.2,10.39,24.77,10.34,9.57,14.83,42.38,13.83
96,2.14988,1,17.33,12.14,12.19,18.36,10.39,24.77,10.38,9.57,14.89,43.5,13.56
97,2.14988,1,17.19,12.05,12.14,18.2,10.31,24.65,10.34,9.53,14.83,43.22,13.61
98,2.14988,1,17.33,12.14,12.24,18.44,10.31,24.89,10.3,9.57,14.83,43.22,13.61
99,2.14988,1,17.26,11.9,12.14,18.52,10.11,24.3,10.22,9.49,14.7,47.48,13.72
100,2.14988,1,17.26,11.95,12.19,18.61,10.15,24.42,10.18,9.53,14.76,41.84,13.56
101,2.14988,1,17.48,12,12.29,18.52,10.11,24.65,10.22,9.64,14.89,43.5,13.83
102,2.14988,1,17.55,12,12.38,18.28,10.07,24.65,10.3,9.64,14.96,42.66,13.83
103,2.14988,1,17.11,11.9,12.33,18.12,9.95,24.53,10.22,9.57,14.89,47.48,13.89
104,2.14988,1,19.63,11.86,12.33,18.12,9.91,24.53,10.14,9.57,14.89,41.05,13.67
105,2.14988,1,19.37,11.77,12.33,17.96,9.76,24.42,10.14,9.57,14.89,43.22,13.56
106,2.14988,1,19.29,11.63,12.29,17.8,9.61,24.18,9.98,9.57,14.76,42.66,13.72
107,2.14988,1,19.8,11.67,12.29,18.04,9.64,24.18,10.02,9.6,14.83,45.88,13.83
108,2.14988,1,19.97,11.72,12.43,17.96,9.68,24.3,10.02,9.64,14.89,42.94,13.78
109,2.14988,1,20.06,11.67,12.43,18.12,9.57,24.3,10.02,9.68,14.89,42.94,13.72
110,2.14988,1,20.24,11.72,12.48,18.04,9.61,24.3,10.06,9.68,14.89,43.5,13.78
111,2.14988,1,20.06,11.54,12.43,17.96,9.46,24.18,9.94,9.64,14.83,42.66,13.56
112,2.14988,1,20.42,11.67,12.53,18.12,9.53,24.42,10.02,9.75,14.96,43.5,13.89
113,2.14988,1,19.97,11.4,12.43,17.73,9.27,23.96,9.79,9.57,14.76,41.84,13.67
114,2.14988,1,19.97,11.4,12.43,17.73,9.27,23.96,9.83,9.64,14.83,39.55,13.67
115,2.14988,1,20.06,11.63,12.58,18.28,9.42,24.3,10.02,9.75,14.96,42.66,13.78
116,2.14988,1,20.42,11.54,12.58,18.04,9.38,24.18,9.94,9.75,14.96,43.78,13.72
117,2.14988,1,19.97,11.36,12.53,17.65,9.2,23.96,9.83,9.68,14.83,42.38,13.72
118,2.14988,1,20.06,11.31,12.53,17.73,9.17,23.96,9.79,9.95,14.83,42.38,13.78
119,2.14988,1,19.88,11.31,12.53,17.65,9.09,23.84,9.79,9.68,14.83,42.38,13.61
120,2.14988,1,20.33,11.36,12.58,17.73,9.17,23.96,9.79,9.64,14.89,42.38,13.72
121,2.40975,1,20.15,11.31,12.53,17.73,9.13,23.84,9.79,9.75,14.89,42.38,13.72
122,2.40975,1,20.33,11.31,12.63,17.73,9.13,23.84,9.83,9.87,14.89,40.8,13.61
123,2.40975,1,19.88,11.31,12.68,17.73,9.09,23.96,9.86,10.1,14.89,42.11,13.67
124,2.40975,1,20.06,11.27,12.68,17.65,9.02,23.84,9.71,9.72,14.89,43.5,13.67
125,2.40975,1,20.33,11.27,12.68,18.12,9.06,23.84,9.94,9.64,14.89,42.11,13.83
126,2.40975,1,20.06,11.31,12.73,17.96,9.02,23.84,9.79,9.83,14.96,43.22,13.83
127,2.40975,1,19.88,11.22,12.73,17.73,8.95,23.84,9.75,9.75,14.89,42.66,13.61
128,2.40975,1,19.97,11.09,12.53,17.34,8.81,23.18,9.9,9.72,14.57,41.84,13.61
129,2.40975,1,20.15,11.18,12.68,17.5,8.88,23.51,9.71,9.72,14.76,43.22,13.67
130,2.40975,1,20.42,11.18,12.83,17.57,8.88,23.84,9.75,9.79,14.96,42.94,13.67
131,2.40975,1,20.24,11.09,12.83,17.88,8.81,23.62,9.63,9.72,14.89,41.32,13.61
132,2.40975,1,20.42,11.09,12.83,17.5,8.81,23.62,9.67,9.79,14.89,42.66,13.5
133,2.40975,1,20.33,11.05,12.83,17.5,8.74,23.62,9.67,9.79,14.89,42.38,13.61
134,2.40975,1,20.24,10.96,12.88,17.42,8.71,23.51,9.56,9.83,14.89,41.84,13.5
135,2.40975,1,20.24,10.96,12.94,17.5,8.68,23.51,9.56,9.87,14.96,41.84,13.67
136,2.40975,1,20.42,11.01,12.88,17.5,8.85,23.62,9.63,9.91,14.96,42.38,13.94
137,2.40975,1,20.51,11.05,12.94,17.57,8.74,23.73,9.67,9.87,15.02,42.94,13.61
138,2.40975,1,20.42,10.96,12.99,17.42,8.64,23.62,9.56,9.91,15.02,42.66,13.5
139,2.40975,1,20.51,10.96,13.04,17.5,8.64,23.62,9.56,9.87,15.02,44.96,13.5
140,2.40975,1,20.15,10.83,12.94,17.27,8.51,23.4,9.48,9.87,14.89,43.5,13.67
141,2.40975,1,20.24,10.79,12.99,17.34,8.51,23.4,9.48,9.83,14.96,43.22,13.56
142,2.40975,1,20.33,10.92,12.99,17.34,8.61,23.29,9.56,9.91,14.83,43.78,13.45
143,2.40975,1,20.33,10.88,12.99,17.27,8.57,23.29,9.63,9.87,14.83,41.84,13.72
144,2.40975,1,20.24,10.83,12.88,17.19,8.51,23.18,9.52,9.79,14.76,44.07,13.4
145,2.40975,1,20.33,10.83,12.99,17.19,8.51,23.29,9.48,9.79,14.83,42.66,13.5
146,2.40975,1,20.33,10.83,12.99,17.34,8.54,23.29,9.52,9.79,14.89,42.38,13.67
147,2.40975,1,20.33,10.88,13.09,17.42,8.57,23.29,9.45,9.68,14.89,42.94,13.67
148,2.40975,1,20.24,10.79,13.04,17.27,8.51,23.18,9.52,10.3,14.76,42.38,13.5
149,2.40975,1,19.71,10.79,13.09,17.27,8.47,23.18,9.52,9.87,14.89,40.29,13.5
150,2.40975,1,20.33,10.79,13.14,17.34,8.47,23.29,9.63,9.87,14.96,42.11,13.56
151,2.40975,1,20.69,10.88,13.25,17.5,8.54,23.51,9.63,9.99,15.09,43.22,13.72
152,2.40975,1,20.51,10.83,13.25,17.5,8.47,23.51,9.52,10.03,15.09,40.8,13.61
153,2.40975,1,20.24,10.62,13.14,17.19,8.41,23.18,9.37,9.87,14.96,42.38,13.61
154,2.40975,1,20.15,10.58,13.14,17.05,8.28,23.07,9.34,9.83,14.89,41.84,13.13
155,2.40975,1,20.24,10.62,13.3,17.19,8.31,23.18,9.41,9.87,14.96,42.11,13.13
156,2.40975,1,19.88,10.46,13.09,16.9,8.11,22.86,9.26,9.79,14.76,42.94,13.29
157,2.40975,1,20.24,10.62,13.2,17.12,8.31,23.18,9.45,9.87,14.83,43.5,13.45
158,2.40975,1,20.24,10.67,13.3,17.12,8.34,23.51,9.45,9.87,14.96,41.58,13.67
159,2.40975,1,20.15,10.54,13.14,16.97,8.21,23.29,9.3,9.79,14.83,41.58,13.61
160,2.40975,1,20.06,10.42,13.14,16.83,8.18,22.86,9.19,9.79,14.7,41.32,13.45
161,2.40975,1,20.6,10.67,13.36,17.19,8.34,23.29,9.37,9.95,14.96,42.11,13.67
162,2.40975,1,20.42,10.58,13.3,17.12,8.31,23.18,9.41,9.87,14.96,41.58,13.61
163,2.40975,1,20.42,10.5,13.3,17.05,8.21,23.07,9.34,9.87,14.96,41.84,13.5
164,2.40975,1,20.24,10.38,13.25,17.19,8.08,22.75,9.26,9.83,14.83,42.11,13.34
165,2.40975,1,19.88,10.14,13.14,16.83,7.86,22.54,8.98,9.68,14.63,42.11,13.24
166,2.40975,1,19.71,10.06,13.2,16.9,7.8,22.64,8.98,9.83,14.76,42.38,13.24
167,2.40975,1,19.97,10.06,13.3,16.83,7.8,22.54,8.94,9.87,14.7,41.32,13.18
168,2.40975,1,19.97,10.1,13.2,16.61,7.86,22.54,9.05,9.91,14.76,41.32,13.24
169,2.40975,1,20.33,10.34,13.41,16.9,8.05,22.86,9.23,10.03,14.89,42.11,13.4
170,2.40975,1,20.15,10.14,13.3,16.61,7.92,22.64,9.08,9.79,14.76,43.22,13.29
171,2.40975,1,19.29,10.02,13.25,16.76,7.74,22.44,9.12,9.87,14.76,41.58,13.24
172,2.40975,1,19.97,9.94,13.2,16.68,7.74,22.33,8.91,9.79,14.76,41.32,13.34
173,2.40975,1,20.42,10.22,13.46,16.83,7.95,22.75,9.15,9.99,15.02,42.11,13.61
174,2.40975,1,19.8,9.94,13.3,16.47,7.77,22.44,8.91,9.91,14.83,42.66,13.34
175,2.40975,1,20.33,10.14,13.52,16.76,7.89,22.86,9.12,9.99,15.09,42.38,13.56
176,2.40975,1,20.42,10.06,13.46,16.68,7.8,22.75,9.05,10.06,15.02,42.11,13.5
177,2.40975,1,20.51,10.1,13.57,16.68,7.86,22.96,9.08,10.03,15.09,41.84,13.5
178,2.40975,1,20.33,9.98,13.41,16.54,7.77,22.64,9.01,9.91,14.89,42.38,13.4
179,2.40975,1,20.06,9.9,13.41,16.33,7.71,22.23,8.94,9.79,14.76,39.3,13.29
180,2.40975,1,19.8,9.86,13.41,16.4,7.8,22.23,8.84,9.91,14.89,42.66,13.13
181,2.65592,1,19.97,9.86,13.41,16.47,7.65,22.23,8.87,9.91,14.89,41.58,13.08
182,2.65592,1,19.63,9.71,13.3,16.19,7.52,22.13,8.77,9.83,14.76,40.54,13.4
183,2.65592,1,19.97,9.82,13.46,16.33,7.65,22.44,8.91,9.99,14.96,42.66,13.61
184,2.65592,1,19.88,9.79,13.46,16.33,7.65,22.44,8.91,9.99,15.09,42.94,13.29
185,2.65592,1,19.8,9.71,13.41,16.19,7.55,22.23,8.8,9.95,14.83,39.79,13.18
186,2.65592,1,19.8,9.71,13.46,16.19,7.55,22.03,8.94,10.1,14.83,41.05,13.13
187,2.65592,1,19.88,9.71,13.46,16.12,7.52,22.03,8.84,9.95,14.83,41.05,13.08
188,2.65592,1,19.54,9.52,13.3,15.99,7.38,21.83,8.67,9.79,14.7,41.05,12.82
189,2.65592,1,19.37,9.41,13.25,15.85,7.29,21.53,8.56,9.72,14.63,40.04,12.67
190,2.65592,1,20.24,9.75,13.57,16.4,7.65,22.13,8.91,10.03,15.02,41.58,13.34
191,2.65592,1,19.71,9.48,13.41,16.05,7.32,21.63,8.63,9.99,14.76,41.58,12.98
192,2.65592,1,19.88,9.56,13.46,16.19,7.43,21.93,8.73,9.99,14.89,41.58,13.24
193,2.65592,1,19.88,9.56,13.52,16.26,7.43,21.83,8.63,9.95,14.89,41.05,13.34
194,2.65592,1,19.45,9.26,13.3,15.85,7.17,21.43,8.46,9.79,14.7,40.54,12.92
195,2.65592,1,19.45,9.23,13.36,15.92,7.14,21.43,8.46,9.87,14.76,40.29,12.87
196,2.65592,1,19.97,9.52,13.63,16.05,7.43,21.93,8.77,9.99,14.96,41.05,13.4
197,2.65592,1,19.97,9.67,13.63,16.12,7.52,22.03,8.87,10.03,14.96,41.84,13.45
198,2.65592,1,19.97,9.6,13.68,16.05,7.46,21.93,8.84,10.14,14.96,41.58,13.45
199,2.65592,1,19.97,9.52,13.68,16.05,7.43,21.83,8.77,10.14,14.96,41.58,13.29
200,2.65592,1,19.97,9.67,13.63,16.05,7.58,21.93,8.94,10.03,14.89,41.32,13.4
201,2.65592,1,19.63,9.37,13.52,15.78,7.32,21.53,8.63,9.91,14.83,40.29,13.13
202,2.65592,1,19.63,9.37,13.57,15.78,7.32,21.53,8.63,9.99,14.89,41.58,13.03
203,2.65592,1,19.8,9.48,13.74,15.92,7.43,21.73,8.8,10.06,14.96,41.58,13.08
204,2.65592,1,19.88,9.41,13.68,15.85,7.35,21.63,8.7,10.03,14.96,42.66,13.13
205,2.65592,1,20.06,9.48,13.85,16.05,7.41,21.93,8.77,10.18,15.29,42.66,13.24
206,2.65592,1,19.88,9.41,13.79,15.92,7.32,21.83,8.77,10.14,15.15,42.94,13.18
207,2.65592,1,19.8,9.26,13.74,15.78,7.17,21.63,8.56,10.1,15.09,41.84,13.29
208,2.65592,1,19.8,9.26,13.79,15.99,7.2,21.73,8.6,10.1,15.09,42.38,13.24
209,2.65592,1,19.97,9.3,13.85,15.78,7.23,21.73,8.6,10.1,15.15,42.66,13.18
210,2.65592,1,19.2,8.91,13.46,15.33,6.92,21.24,8.27,9.83,14.83,42.66,12.67
211,2.65592,1,19.8,9.26,13.85,15.78,7.23,21.83,8.63,10.18,15.15,42.38,13.24
212,2.65592,1,19.88,9.23,13.85,15.72,7.2,21.93,8.63,10.22,15.15,43.5,13.29
213,2.65592,1,19.71,9.12,13.79,15.52,7.11,21.63,8.5,10.1,15.09,42.11,13.56
214,2.65592,1,19.63,9.16,13.74,15.52,7.14,21.53,8.53,10.22,14.96,41.05,13.18
215,2.65592,1,20.06,9.41,13.9,15.92,7.38,21.83,8.8,10.1,15.15,42.38,13.45
216,2.65592,1,19.71,9.19,13.74,15.59,7.17,21.53,8.6,10.06,14.96,41.32,13.13
217,2.65592,1,19.88,9.23,13.85,15.72,7.32,21.53,8.63,10.51,15.15,42.38,13.03
218,2.65592,1,20.06,9.37,13.96,15.78,7.35,22.03,9.01,10.1,15.15,46.83,13.4
219,2.65592,1,19.88,9.19,13.9,15.59,7.23,21.83,8.63,10.18,15.09,41.84,13.34
220,2.65592,1,19.71,9.05,13.79,15.39,7.06,21.43,8.46,9.95,15.02,41.58,13.13
221,2.65592,1,19.54,8.94,13.68,15.26,7,20.95,8.4,10.14,14.96,40.04,12.87
222,2.65592,1,19.71,9.05,13.85,15.46,7.06,21.33,8.43,10.1,15.02,41.58,12.98
223,2.65592,1,19.71,9.05,13.85,15.46,7.09,21.33,8.53,10.18,15.02,42.38,13.18
224,2.65592,1,19.97,9.19,13.9,15.59,7.2,21.53,8.63,10.14,15.09,41.58,13.03
225,2.65592,1,19.88,9.12,13.96,15.72,7.17,21.43,8.6,10.1,15.09,41.84,13.24
226,2.65592,1,20.06,9.19,14.01,15.65,7.23,21.43,8.67,10.18,15.15,42.11,13.45
227,2.65592,1,19.97,9.12,14.07,15.59,7.17,21.33,8.63,10.14,15.15,39.79,13.34
228,2.65592,1,20.15,9.26,14.07,15.72,7.29,21.53,8.77,10.3,15.29,42.38,13.45
229,2.65592,1,20.15,9.3,14.13,15.78,7.32,21.53,8.73,10.3,15.29,40.54,13.67
230,2.65592,1,19.8,9.05,14.18,15.72,7.11,21.33,8.56,10.3,15.29,41.32,13.45
231,2.65592,1,19.71,9.01,14.07,15.72,7.09,21.24,8.56,10.26,15.22,42.66,13.45
232,2.65592,1,19.63,8.8,14.01,15.46,6.86,20.86,8.33,10.26,15.09,41.58,13.08
233,2.65592,1,19.71,8.91,14.13,15.65,6.97,21.14,8.43,10.26,15.22,39.79,13.4
234,2.65592,1,19.8,8.94,14.13,15.72,7.03,21.14,8.46,10.18,15.29,39.79,13.4
235,2.65592,1,19.8,8.84,14.07,15.59,6.94,21.05,8.4,10.26,15.22,42.66,13.24
236,2.65592,1,20.15,9.01,14.3,15.78,7.09,21.33,8.56,10.39,15.42,44.37,13.72
237,2.65592,1,20.15,9.05,14.3,15.78,7.14,21.43,8.63,10.43,15.35,49.52,13.4
238,2.65592,1,20.42,9.12,14.47,15.92,7.17,21.53,8.53,10.8,15.56,43.5,13.34
239,2.65592,1,19.97,8.91,14.3,15.65,7,21.14,8.43,10.26,15.29,42.66,13.34
240,2.65592,1,20.15,9.01,14.36,15.78,7.09,21.33,8.56,10.39,15.42,43.5,13.56
241,2.88881,1,20.06,8.91,14.36,15.65,7.03,21.14,8.46,10.47,15.42,45.26,13.67
242,2.88881,1,20.06,8.91,14.36,15.52,7.11,21.14,8.53,10.39,15.42,43.78,13.45
243,2.88881,1,19.97,8.84,14.3,15.52,6.97,21.05,8.4,10.72,15.35,43.5,13.4
244,2.88881,1,19.8,8.77,14.24,15.39,6.92,20.86,8.37,10.3,15.29,42.66,13.13
245,2.88881,1,19.97,8.87,14.36,15.52,7.03,20.95,8.5,10.39,15.35,41.58,13.08
246,2.88881,1,20.06,8.87,14.42,15.59,7,21.05,8.5,10.34,15.35,42.66,13.18
247,2.88881,1,20.15,8.91,14.42,15.59,7.06,21.05,8.46,10.18,15.42,43.5,13.18
248,2.88881,1,20.24,8.94,14.47,15.65,7.09,21.24,8.63,10.51,15.42,44.07,13.24
249,2.88881,1,20.24,8.87,14.47,15.52,7.03,21.05,8.53,10.43,15.49,43.22,13.13
250,2.88881,1,20.15,8.84,14.59,15.52,7,21.05,8.53,10.39,15.42,42.66,13.08
251,2.88881,1,20.06,8.84,14.47,15.46,6.97,21.05,8.5,10.51,15.42,42.94,13.03
252,2.88881,1,20.24,8.8,14.53,15.46,6.97,21.33,8.53,10.22,15.42,42.38,12.77
253,2.88881,1,20.33,8.84,14.53,15.46,7,21.05,8.46,10.39,15.42,44.96,13.4
254,2.88881,1,20.24,8.8,14.47,15.39,6.97,21.05,8.46,10.43,15.42,43.78,13.4
255,2.88881,1,20.24,8.84,14.59,15.39,7,20.77,8.6,10.47,15.49,42.94,13.24
256,2.88881,1,20.15,8.77,14.53,15.26,6.97,21.05,8.53,10.43,15.49,42.94,13.4
257,2.88881,1,20.42,8.87,14.65,15.46,7.09,21.24,8.6,10.51,15.56,42.66,13.45
258,2.88881,1,20.06,8.91,14.65,15.52,7.06,21.14,8.6,10.55,15.56,42.11,13.4
259,2.88881,1,20.24,8.8,14.71,15.39,7,21.05,8.5,10.55,15.56,44.66,13.4
260,2.88881,1,19.45,8.57,14.42,15.07,6.81,20.67,8.3,10.26,15.29,42.94,13.13
261,2.88881,1,20.15,8.74,14.65,15.26,6.94,20.77,8.46,10.51,15.56,42.94,13.4
262,2.88881,1,20.33,8.87,14.83,15.46,7.06,21.05,8.53,10.63,15.63,44.07,13.5
263,2.88881,1,19.97,8.67,14.65,15.2,6.86,20.77,8.46,10.97,15.56,44.37,13.24
264,2.88881,1,19.97,8.63,14.65,15.14,6.86,20.77,8.4,10.3,15.42,42.38,13.18
265,2.88881,1,19.71,8.37,14.42,14.82,6.61,20.31,8.37,10.39,15.29,42.11,12.52
266,2.88881,1,19.97,8.47,14.59,14.95,6.72,20.58,8.3,10.3,15.56,41.58,12.98
267,2.88881,1,19.8,8.47,14.59,14.95,6.75,20.58,8.4,10.47,15.56,43.78,13.24
268,2.88881,1,19.88,8.47,14.65,14.89,6.75,20.67,8.27,10.47,15.49,42.66,12.98
269,2.88881,1,19.8,8.4,14.59,14.76,6.7,20.49,8.17,10.34,15.42,42.38,12.72
270,2.88881,1,19.54,8.3,14.36,14.58,6.59,20.22,8.08,10.22,15.29,41.84,12.67
271,2.88881,1,19.97,8.53,14.71,14.95,6.81,20.67,8.3,10.55,15.56,41.84,13.18
272,2.88881,1,20.15,8.63,14.83,15.07,6.89,20.77,8.43,10.47,15.63,49.17,13.13
273,2.88881,1,20.06,8.57,14.77,14.95,6.83,20.67,8.33,10.34,15.56,43.22,13.29
274,2.88881,1,20.15,8.6,14.83,14.95,6.86,20.67,8.4,10.55,15.63,46.51,13.34
275,2.88881,1,20.42,8.7,14.95,15.07,6.97,20.86,8.5,10.59,15.7,40.54,13.61
276,2.88881,1,20.33,8.63,14.95,15.01,6.92,20.77,8.46,10.59,15.7,42.94,13.29
277,2.88881,1,19.97,8.53,14.77,14.82,6.83,20.58,8.33,10.55,15.56,42.94,13.03
278,2.88881,1,19.97,8.47,14.83,14.76,6.78,20.4,8.24,10.51,15.56,42.94,13.24
279,2.88881,1,19.88,8.4,14.83,14.64,6.72,20.31,8.27,10.34,15.49,40.04,13.24
280,2.88881,1,19.97,8.43,14.83,14.7,6.75,20.31,8.14,10.8,15.56,44.96,13.08
281,2.88881,1,19.29,8.04,14.3,14.16,6.38,19.69,7.86,9.95,15.09,40.8,12.67
282,2.88881,1,19.97,8.4,14.83,14.58,6.72,20.31,8.2,10.55,15.56,42.11,13.08
283,2.88881,1,19.97,8.37,14.89,14.58,6.72,20.31,8.46,10.47,15.56,42.94,13.18
284,2.88881,1,19.97,8.4,14.89,14.64,6.75,20.31,8.24,10.3,15.56,42.94,13.03
285,2.88881,1,19.8,8.3,14.83,14.52,6.67,20.13,8.14,10.55,15.56,42.38,13.08
286,2.88881,1,19.71,8.23,14.83,14.4,6.61,19.95,8.08,10.47,15.49,42.38,12.92
287,2.88881,1,19.71,8.27,14.95,14.46,6.64,20.04,8.14,10.51,15.56,42.38,13.03
288,2.88881,1,20.15,8.47,15.08,14.64,6.83,20.31,8.33,11.23,15.7,43.22,13.29
289,2.88881,1,19.88,8.33,14.95,14.4,6.72,20.04,8.2,10.59,15.63,46.83,13.08
290,2.88881,1,19.88,8.3,15.01,14.34,6.72,20.04,8.17,10.67,15.63,43.22,13.24
291,2.88881,1,20.06,8.4,15.08,14.64,6.78,20.22,8.27,10.63,15.7,44.37,13.4
292,2.88881,1,19.97,8.37,15.08,14.4,6.75,20.13,8.24,10.76,15.7,43.22,12.92
293,2.88881,1,20.24,8.47,15.2,14.52,6.83,20.31,8.46,10.84,15.84,43.5,13.34
294,2.88881,1,20.24,8.43,15.2,14.46,6.81,20.22,8.33,10.76,15.77,46.19,13.61
295,2.88881,1,20.51,8.53,15.39,14.64,6.92,20.49,8.33,10.93,15.91,42.94,13.61
296,2.88881,1,20.15,8.33,15.14,14.34,6.72,20.13,8.24,10.76,15.77,42.94,13.5
297,2.88881,1,20.15,8.33,15.14,14.28,6.72,20.04,8.2,10.67,15.77,41.58,13.34
298,2.88881,1,20.15,8.33,15.2,14.28,6.72,20.04,8.2,10.67,15.77,42.94,13.34
299,2.88881,1,19.88,8.23,15.2,14.22,6.67,20.04,8.17,10.76,15.77,42.66,13.08
300,2.88881,1,19.88,8.23,15.2,14.16,6.67,19.95,8.11,10.55,15.7,43.22,13.4
301,3.10884,2,19.8,8.23,15.2,14.28,6.67,19.95,8.17,10.76,15.77,40.8,13.45
302,3.10884,2,19.37,7.95,14.89,13.82,6.45,19.51,7.89,10.51,15.49,42.38,13.08
303,3.10884,2,19.63,8.14,15.2,14.05,6.61,19.77,8.05,10.72,15.7,42.38,13.18
304,3.10884,2,19.71,8.04,15.08,13.99,6.53,19.69,7.98,10.67,15.7,42.11,13.13
305,3.10884,2,19.88,8.17,15.26,14.34,6.64,19.86,8.11,10.76,15.77,41.84,13.24
306,3.10884,2,19.88,8.23,15.32,14.22,6.7,19.86,8.17,10.8,15.84,42.94,13.18
307,3.10884,2,19.54,8.04,15.14,13.88,6.53,19.6,7.95,10.67,15.7,42.66,12.98
308,3.10884,2,19.37,7.95,15.08,13.82,6.45,19.43,7.89,10.55,15.56,40.04,12.72
309,3.10884,2,19.63,8.07,15.32,13.88,6.53,19.6,8.08,10.8,15.77,42.38,13.08
310,3.10884,2,19.97,8.23,15.39,14.16,6.72,19.86,8.27,10.84,15.84,42.94,13.18
311,3.10884,2,20.06,8.23,15.39,14.11,6.75,19.95,8.2,10.84,15.91,42.66,13.45
312,3.10884,2,20.06,8.23,15.45,14.11,6.75,19.86,8.2,10.72,15.84,42.11,13.34
313,3.10884,2,20.15,8.23,15.45,14.05,6.75,19.86,8.24,10.8,15.98,41.84,13.29
314,3.10884,2,20.24,8.27,15.51,14.11,6.78,19.95,8.27,10.89,16.05,41.84,13.29
315,3.10884,2,20.24,8.27,15.64,14.11,6.72,19.86,8.24,10.97,15.98,44.07,13.34
316,3.10884,2,20.24,8.23,15.51,14.05,6.75,19.86,8.2,10.89,15.98,42.66,13.24
317,3.10884,2,19.71,7.95,15.32,13.65,6.51,19.34,7.92,10.93,15.7,42.38,12.87
318,3.10884,2,19.88,8.07,15.32,13.76,6.59,19.51,8.01,10.72,15.84,42.11,13.56
319,3.10884,2,19.88,8.04,15.45,13.76,6.59,19.51,8.01,10.84,15.84,42.94,13.18
320,3.10884,2,20.15,8.23,15.58,13.99,6.75,19.77,8.17,10.93,15.98,44.07,13.61
321,3.10884,2,19.88,8.04,15.45,13.71,6.59,19.43,8.01,10.72,15.84,42.66,13.34
322,3.10884,2,19.63,7.85,15.32,13.43,6.43,19.18,7.83,10.76,15.7,42.38,13.03
323,3.10884,2,19.97,8.11,15.58,13.82,6.67,19.6,8.11,11.06,15.98,42.38,13.4
324,3.10884,2,19.97,8.07,15.51,13.71,6.64,19.51,8.08,11.01,15.91,41.84,13.29
325,3.10884,2,19.8,8.01,15.45,13.6,6.59,19.34,8.14,10.72,15.98,41.84,13.13
326,3.10884,2,19.8,8.01,15.51,13.6,6.59,19.43,7.98,11.01,15.84,43.5,12.92
327,3.10884,2,19.88,8.04,15.58,13.76,6.64,19.51,8.11,10.97,15.91,44.37,12.77
328,3.10884,2,19.88,8.01,15.64,13.65,6.61,19.43,8.01,11.15,15.91,43.22,12.92
329,3.10884,2,19.71,7.92,15.51,13.54,6.53,19.26,7.89,10.89,15.84,43.5,12.77
330,3.10884,2,19.71,7.88,15.51,13.49,6.53,19.18,7.86,10.89,15.84,43.22,12.57
331,3.10884,2,19.45,7.82,15.51,13.38,6.45,19.09,7.8,10.84,15.77,41.58,12.87
332,3.10884,2,19.45,7.82,15.51,13.38,6.48,19.09,7.74,10.84,15.84,40.29,13.4
333,3.10884,2,19.54,7.85,15.51,13.32,6.48,19.09,7.89,10.89,19.33,43.5,13.4
334,3.10884,2,20.06,8.04,15.64,13.54,6.67,19.43,8.01,10.89,19.9,42.94,13.45
335,3.10884,2,19.97,8.04,15.71,13.6,6.67,19.43,8.05,10.93,20.19,43.22,13.34
336,3.10884,2,20.06,8.04,15.77,13.6,6.7,19.43,8.08,10.97,19.52,41.84,13.4
337,3.10884,2,19.45,7.73,15.51,13.21,6.43,18.84,7.77,10.8,19.05,42.66,13.03
338,3.10884,2,19.63,7.82,15.64,13.27,6.51,19.09,7.83,10.93,19.23,42.38,13.24
339,3.10884,2,19.45,7.73,15.51,13.16,6.4,18.93,7.74,10.63,19.14,41.32,13.24
340,3.10884,2,19.8,7.92,15.71,13.38,6.59,19.26,7.95,10.89,19.23,42.94,13.5
341,3.10884,2,19.88,7.95,15.77,13.43,6.59,19.26,8.01,10.97,19.33,43.22,13.67
342,3.10884,2,19.88,7.92,15.77,13.43,6.59,19.18,7.92,10.97,19.23,42.94,13.56
343,3.10884,2,19.8,7.92,15.77,13.38,6.59,19.18,7.86,10.89,19.14,41.58,13.4
344,3.10884,2,19.71,7.88,15.77,13.32,6.61,19.09,7.89,11.01,19.05,42.94,13.24
345,3.10884,2,19.71,7.85,15.77,13.32,6.56,19.09,7.86,10.97,18.78,42.94,13.24
346,3.10884,2,19.71,7.85,15.9,13.38,6.56,19.01,7.86,11.01,18.96,43.22,13.18
347,3.10884,2,19.8,7.85,15.9,13.32,6.56,19.09,7.89,11.01,18.87,43.78,13.08
348,3.10884,2,19.54,7.82,15.71,13.27,6.53,19.01,7.83,11.06,18.96,43.5,13.08
349,3.10884,2,19.71,7.82,15.77,13.27,6.53,19.01,7.83,11.1,19.05,42.94,13.4
350,3.10884,2,19.63,7.76,15.84,13.16,6.48,18.84,7.77,11.1,18.87,42.66,12.98
351,3.10884,2,19.54,7.73,15.77,13.16,6.48,18.84,7.77,11.06,18.78,44.07,12.62
352,3.10884,2,19.45,7.67,15.71,13.06,6.4,18.76,7.71,11.46,18.6,41.84,12.92
353,3.10884,2,19.37,7.67,15.71,13,6.4,18.68,7.71,11.41,18.6,42.11,12.98
354,3.10884,2,19.2,7.61,15.71,12.95,6.4,18.68,7.65,11.15,18.6,43.78,13.08
355,3.10884,2,19.37,7.64,15.77,13,6.4,18.68,7.68,11.1,18.6,42.66,13.13
356,3.10884,2,19.63,7.73,15.84,13.11,6.45,18.76,7.77,11.46,18.69,42.66,13.08
357,3.10884,2,19.63,7.76,15.97,13,6.51,18.76,7.8,11.46,18.6,42.66,13.29
358,3.10884,2,19.45,7.64,15.84,12.9,6.43,18.68,7.92,11.19,18.51,42.66,13.13
359,3.10884,2,16.48,7.64,15.77,12.85,6.43,18.6,7.68,11.19,18.34,42.66,13.45
360,3.10884,2,16.83,7.67,15.84,12.9,6.43,18.68,7.71,11.46,18.34,42.38,13.08
361,3.31643,2,17.4,7.61,15.77,12.85,6.4,18.52,7.65,11.59,18.25,41.58,12.98
362,3.31643,2,17.55,7.67,15.9,12.85,6.45,18.6,7.71,11.1,18.34,46.19,13.08
363,3.31643,2,19.8,7.7,15.97,12.9,6.48,18.68,7.74,11.1,18.43,42.66,13.24
364,3.31643,2,18.08,6.8,15.14,11.76,5.65,17.22,6.82,10.59,17.42,39.79,11.99
365,3.31643,2,17.85,6.69,15.08,11.67,5.55,17.15,6.72,10.59,17.18,39.3,11.89
366,3.31643,2,17.7,6.63,14.89,11.58,5.51,17.08,6.66,10.55,17.18,40.29,12.18
367,3.31643,2,17.63,6.61,15.01,11.53,5.51,17.08,6.66,10.59,17.18,40.04,12.03
368,3.31643,2,17.7,6.63,15.01,11.53,5.53,17.15,6.77,10.63,17.26,39.79,12.13
369,3.31643,2,17.85,6.69,15.08,11.53,5.58,17.22,6.72,10.67,17.26,37.44,12.13
370,3.31643,2,17.93,6.72,15.14,11.49,5.65,17.3,6.77,10.84,17.26,39.3,12.08
371,3.31643,2,17.93,6.72,15.01,11.44,5.63,17.3,6.77,11.1,17.26,38.12,12.13
372,3.31643,2,17.85,6.69,14.95,11.44,5.6,17.22,6.74,10.72,17.18,39.79,12.13
373,3.31643,2,17.78,6.69,15.01,11.39,5.6,17.22,6.74,10.72,17.18,39.55,12.13
374,3.31643,2,17.78,6.69,15.01,11.39,5.63,17.22,6.77,10.67,17.18,39.3,12.13
375,3.31643,2,17.85,6.69,15.01,11.39,5.65,17.3,6.93,10.76,17.18,39.3,12.23
376,3.31643,2,19.71,7.7,16.03,12.59,6.59,18.93,7.77,11.46,18.34,44.07,13.4
377,3.31643,2,19.71,7.7,15.9,12.59,6.56,18.76,7.83,11.28,18.25,42.94,13.34
378,3.31643,2,19.8,7.7,16.03,12.59,6.59,18.84,7.83,11.28,18.25,42.66,13.29
379,3.31643,2,19.8,7.73,16.03,12.54,6.59,18.76,7.83,11.32,18.25,43.22,13.29
380,3.31643,2,19.71,7.7,15.97,12.54,6.56,18.76,7.83,11.32,18.25,43.22,13.29
381,3.31643,2,19.63,7.7,16.03,12.54,6.59,18.68,7.8,11.37,18.25,43.22,13.29
382,3.31643,2,19.8,7.7,16.1,12.59,6.56,18.68,7.77,11.37,18.25,43.5,13.29
383,3.31643,2,19.71,7.67,16.03,12.49,6.53,18.6,7.77,11.28,18.25,42.94,13.24
384,3.31643,2,19.88,7.73,16.17,12.54,6.61,18.68,7.83,11.28,18.34,41.05,13.29
385,3.31643,2,19.97,7.76,16.3,12.59,6.64,18.76,7.89,11.37,18.43,43.78,13.4
386,3.31643,2,19.71,7.64,16.17,12.49,6.51,18.52,7.74,11.37,18.34,42.94,13.29
387,3.31643,2,19.63,7.61,16.1,12.34,6.48,18.44,7.71,11.37,18.25,42.11,13.18
388,3.31643,2,19.63,7.61,16.17,12.34,6.51,18.44,7.74,11.37,18.25,41.84,13.18
389,3.31643,2,19.54,7.49,16.1,12.19,6.38,18.2,7.59,11.32,18.17,43.22,13.03
390,3.31643,2,19.71,7.58,16.24,12.29,6.45,18.36,7.65,11.28,18.25,42.38,13.13
391,3.31643,2,19.71,7.58,16.24,12.24,6.45,18.36,7.68,11.23,18.25,42.38,13.13
392,3.31643,2,19.71,7.58,16.24,12.29,6.45,18.36,7.65,11.41,18.25,43.5,13.08
393,3.31643,2,19.63,7.58,16.24,12.19,6.45,18.28,7.68,11.37,18.25,41.58,13.03
394,3.31643,2,19.71,7.61,16.3,12.34,6.48,18.36,7.65,11.41,18.25,42.38,13.45
395,3.31643,2,19.71,7.61,16.3,12.49,6.51,18.28,7.65,11.41,18.25,42.66,13.13
396,3.31643,2,19.71,7.58,16.3,12.34,6.45,18.28,7.65,11.32,18.25,43.22,12.92
397,3.31643,2,19.8,7.64,16.37,12.29,6.51,18.36,7.71,11.5,18.34,43.5,13.34
398,3.31643,2,19.71,7.61,16.37,12.24,6.48,18.36,7.68,11.97,18.34,42.66,13.29
399,3.31643,2,19.63,7.58,16.44,12.24,6.45,18.28,7.62,11.46,18.34,43.22,13.18
400,3.31643,2,19.8,7.61,16.44,12.29,6.48,18.28,7.59,11.5,18.34,42.94,12.82
401,3.31643,2,20.06,7.79,16.65,12.54,6.64,18.6,7.83,11.82,18.6,48.82,13.29
402,3.31643,2,19.71,7.58,16.37,12.24,6.48,18.28,7.68,11.5,18.34,42.66,13.03
403,3.31643,2,19.8,7.61,16.51,12.29,6.51,18.28,7.65,11.64,18.34,41.32,13.18
404,3.31643,2,19.54,7.49,16.37,12.24,6.4,18.13,7.59,11.41,18.25,43.22,12.67
405,3.31643,2,19.71,7.61,16.51,12.34,6.51,18.28,7.65,11.55,18.34,43.78,13.03
406,3.31643,2,19.8,7.61,16.51,12.24,6.51,18.28,7.65,11.55,18.43,41.84,13.13
407,3.31643,2,19.71,7.58,16.51,12.24,6.48,18.2,7.59,11.59,18.34,41.05,13.13
408,3.31643,2,19.71,7.55,16.51,12.29,6.45,18.13,7.56,11.59,18.34,41.84,13.03
409,3.31643,2,19.63,7.55,16.51,12.34,6.45,18.13,7.56,11.55,18.34,43.5,13.13
410,3.31643,2,19.54,7.52,16.51,12.1,6.43,18.13,7.53,11.5,18.34,44.66,13.18
411,3.31643,2,19.8,7.58,16.58,12.14,6.48,18.2,7.62,11.59,18.43,42.11,13.18
412,3.31643,2,19.71,7.55,16.58,12.14,6.45,18.13,7.56,11.55,18.34,49.52,13.08
413,3.31643,2,19.63,7.52,16.58,12.14,6.43,18.05,7.5,11.59,18.34,43.5,13.03
414,3.31643,2,19.71,7.49,16.58,12.14,6.4,18.05,7.44,11.69,18.34,41.05,13.08
415,3.31643,2,19.63,7.46,16.58,12,6.38,17.97,7.47,11.41,18.25,43.78,13.03
416,3.31643,2,19.63,7.43,16.51,11.95,6.35,17.89,7.44,11.55,18.25,42.94,13.03
417,3.31643,2,19.8,7.49,16.58,12,6.4,18.05,7.5,11.59,18.25,42.66,13.03
418,3.31643,2,19.8,7.49,16.58,12.05,6.43,18.05,7.5,11.64,18.34,43.5,13.18
419,3.31643,2,19.71,7.49,16.65,12,6.43,18.05,7.5,11.69,18.34,42.94,13.18
420,3.31643,2,19.54,7.4,16.58,11.9,6.35,17.89,7.38,11.64,18.25,42.38,12.98
421,3.943121396628808,2,19.54,7.4,16.65,11.95,6.32,17.82,7.35,11.64,18.25,45.88,12.92
422,3.943121396628808,2,19.71,7.43,16.65,12.1,6.35,17.89,7.32,11.69,18.25,43.22,13.08
423,3.943121396628808,2,19.63,7.43,16.65,12.05,6.38,17.89,7.35,11.69,18.25,43.5,13.03
424,3.943121396628808,2,19.71,7.43,16.65,12.24,6.38,17.89,7.59,11.87,18.25,44.37,13.03
425,3.943121396628808,2,19.63,7.43,16.72,12.19,6.35,17.89,7.38,11.73,18.25,42.94,13.24
426,3.943121396628808,2,19.8,7.43,16.72,12.14,6.35,17.82,7.38,11.87,18.25,43.5,13.13
427,3.943121396628808,2,19.37,7.22,16.44,11.81,6.19,17.52,7.21,11.64,18.08,43.22,12.92
428,3.943121396628808,2,19.45,7.25,16.58,11.86,6.22,17.59,7.27,11.64,18.08,42.94,12.92
429,3.943121396628808,2,19.71,7.37,16.65,12.1,6.32,17.74,7.35,11.78,18.25,43.22,13.24
430,3.943121396628808,2,19.45,7.22,16.44,11.9,6.17,17.52,7.21,11.59,18.08,42.66,12.52
431,3.943121396628808,2,19.71,7.34,16.65,12.05,6.27,17.67,7.29,11.64,18.25,42.66,12.87
432,3.943121396628808,2,19.54,7.37,16.72,12.1,6.32,17.74,7.35,11.69,18.17,45.88,12.87
433,3.943121396628808,2,19.54,7.34,16.72,12.05,6.32,17.67,7.32,11.69,18.17,43.22,12.82
434,3.943121396628808,2,19.45,7.31,16.65,12,6.25,17.59,7.27,11.69,18.25,47.48,12.92
435,3.943121396628808,2,19.45,7.31,16.72,12,6.27,17.59,7.27,11.64,18.17,42.94,13.03
436,3.943121396628808,2,19.45,7.31,16.72,11.86,6.27,17.59,7.27,11.55,18.17,42.38,13.03
437,3.943121396628808,2,19.45,7.31,16.72,11.9,6.3,17.67,7.29,11.73,18.17,40.54,13.03
438,3.943121396628808,2,19.45,7.31,16.72,11.9,6.27,17.59,7.27,11.69,18.17,42.94,12.98
439,3.943121396628808,2,19.29,7.25,16.72,11.76,6.22,17.52,7.21,11.78,18.17,42.94,12.92
440,3.943121396628808,2,19.45,7.31,16.79,12,6.27,17.59,7.27,11.69,18.25,42.66,13.08
441,3.943121396628808,2,19.37,7.28,16.79,11.9,6.3,17.59,7.27,11.82,18.25,42.94,13.03
442,3.943121396628808,2,19.37,7.28,16.79,11.9,6.25,17.59,7.24,11.82,18.25,42.94,12.92
443,3.943121396628808,2,19.37,7.31,16.86,11.86,6.25,17.59,7.27,11.59,18.25,42.66,13.13
444,3.943121396628808,2,19.37,7.31,16.86,11.9,6.3,17.59,7.27,11.78,18.25,41.32,13.03
445,3.943121396628808,2,19.29,7.31,16.79,11.86,6.3,17.52,7.24,11.78,18.25,42.94,13.13
446,3.943121396628808,2,19.37,7.28,16.79,11.86,6.32,17.52,7.18,11.82,18.17,42.38,12.98
447,3.943121396628808,2,19.37,7.28,16.86,11.81,6.27,17.52,7.21,11.73,18.17,42.38,12.77
448,3.943121396628808,2,19.2,7.22,16.79,11.81,6.25,17.44,7.15,11.87,18.17,42.66,12.77
449,3.943121396628808,2,18.87,7.05,16.86,11.53,6.07,17.15,6.96,11.92,18,41.84,12.72
450,3.943121396628808,2,19.04,7.11,16.58,11.53,6.12,17.3,7.04,11.69,18,42.94,12.37
451,3.943121396628808,2,18.87,7.05,16.58,11.49,6.09,17.15,7.01,11.64,17.91,42.11,12.77
452,3.943121396628808,2,19.04,7.11,16.65,11.53,6.14,17.3,7.04,11.73,18,46.51,12.87
453,3.943121396628808,2,18.95,7.08,16.65,11.53,6.14,17.3,7.04,11.69,18,40.54,12.72
454,3.943121396628808,2,19.04,7.11,16.86,11.62,6.17,17.22,7.01,11.87,18,40.54,12.82
455,3.943121396628808,2,18.87,7.08,16.65,11.58,6.14,17.3,7.04,11.78,17.91,45.88,12.77
456,3.943121396628808,2,19.04,7.16,16.79,11.72,6.19,17.44,7.04,11.82,18,42.66,12.77
457,3.943121396628808,2,19.04,7.14,16.72,11.72,6.19,17.44,7.07,11.78,18,42.94,12.67
458,3.943121396628808,2,19.2,7.25,16.86,11.76,6.3,17.44,7.15,11.87,18.17,43.22,12.87
459,3.943121396628808,2,19.12,7.22,16.86,11.86,6.27,17.37,7.13,11.92,18.08,42.38,12.77
460,3.943121396628808,2,19.2,7.22,17,11.81,6.3,17.37,7.15,12.06,18.08,42.66,12.87
461,3.943121396628808,2,18.95,7.11,16.72,11.62,6.14,17.15,7.01,11.82,18,43.5,12.67
462,3.943121396628808,2,19.04,7.16,16.86,11.62,6.19,17.37,7.04,11.92,18.08,43.22,12.72
463,3.943121396628808,2,19.2,7.22,16.93,11.62,6.27,17.44,7.1,11.92,18.17,42.11,12.82
464,3.943121396628808,2,19.04,7.11,16.79,11.72,6.17,17.37,7.01,11.82,18,43.22,12.92
465,3.943121396628808,2,19.37,7.25,17,11.62,6.27,17.52,7.15,12.06,18.17,44.07,12.77
466,3.943121396628808,2,19.12,7.16,16.93,11.53,6.17,17.37,7.01,11.92,18.08,42.94,12.67
467,3.943121396628808,2,19.2,7.22,17,11.58,6.25,17.44,7.1,11.97,18.08,42.94,12.82
468,3.943121396628808,2,19.12,7.16,16.93,11.53,6.22,17.3,7.04,12.06,18.08,42.94,12.77
469,3.943121396628808,2,19.04,7.22,17,11.58,6.22,17.37,7.07,12.01,18.17,43.5,12.98
470,3.943121396628808,2,19.12,7.16,16.93,11.58,6.19,17.37,7.01,11.97,18.08,42.94,12.82
471,3.943121396628808,2,19.12,7.19,17,11.53,6.25,17.37,7.07,12.01,18.17,43.5,12.77
472,3.943121396628808,2,19.29,7.25,17.07,11.9,6.27,17.44,7.1,12.01,18.17,43.22,13.03
473,3.943121396628808,2,19.12,7.16,17,11.72,6.19,17.22,6.99,11.97,18.08,42.94,12.82
474,3.943121396628808,2,19.12,7.16,17,11.72,6.22,17.37,7.01,12.06,18.08,40.8,12.67
475,3.943121396628808,2,19.04,7.16,17,11.62,6.19,17.22,6.99,12.01,18.08,43.5,12.72
476,3.943121396628808,2,18.95,7.14,17,11.58,6.17,17.22,6.93,12.06,18.08,41.05,12.67
477,3.943121396628808,2,19.04,7.16,17.07,11.67,6.22,17.3,6.99,12.06,18.08,42.94,12.67
478,3.943121396628808,2,19.12,7.19,17.14,11.67,6.25,17.3,6.96,12.25,18.17,43.5,12.82
479,3.943121396628808,2,19.29,7.25,17.07,11.67,6.3,17.37,7.04,12.21,18.17,43.5,12.92
480,3.943121396628808,2,19.45,7.34,17.21,11.81,6.38,17.52,7.13,12.85,18.34,43.78,13.13
481,3.9544586377939432,2,19.45,7.34,17.29,11.81,6.35,17.44,7.13,12.3,18.34,44.07,13.08
482,3.9544586377939432,2,18.87,7.02,16.93,11.39,6.07,17.01,6.82,12.06,18,42.94,12.47
483,3.9544586377939432,2,19.12,7.16,17.14,11.58,6.19,17.22,6.99,12.16,18.17,42.38,12.77
484,3.9544586377939432,2,19.04,7.16,17.14,11.44,6.19,17.22,6.96,12.21,18.17,42.94,12.77
485,3.9544586377939432,2,19.12,7.19,17.29,11.49,6.25,17.22,6.96,12.25,18.17,43.22,12.72
486,3.9544586377939432,2,19.2,7.19,17.21,11.58,6.25,17.3,6.99,12.35,18.17,41.05,12.77
487,3.9544586377939432,2,19.2,7.19,17.21,11.53,6.3,17.3,6.99,12.4,18.17,41.58,12.82
488,3.9544586377939432,2,19.2,7.19,17.36,11.53,6.27,17.3,6.99,12.45,18.25,43.5,12.67
489,3.9544586377939432,2,18.95,7.16,17.14,11.44,6.22,17.22,6.9,12.25,18.08,40.29,12.67
490,3.9544586377939432,2,18.95,7.11,17.14,11.39,6.19,17.15,6.88,12.21,18.08,42.94,12.62
491,3.9544586377939432,2,19.04,7.14,17.14,11.39,6.19,17.15,6.99,11.97,18.08,42.66,12.62
492,3.9544586377939432,2,19.04,7.08,17.14,11.3,6.17,17.08,6.85,12.25,18.08,42.66,12.47
493,3.9544586377939432,2,19.04,7.11,17.14,11.26,6.19,16.93,6.88,12.21,21.33,42.94,12.62
494,3.9544586377939432,2,18.79,6.99,16.93,11.22,6.07,16.65,6.8,12.11,28.6,41.84,12.42
495,3.9544586377939432,2,19.04,7.16,17.14,11.44,6.22,16.93,6.96,12.16,28.43,43.5,12.62
496,3.9544586377939432,2,19.04,7.14,17.14,11.44,6.19,16.86,6.9,12.25,26.09,41.84,12.62
497,3.9544586377939432,2,18.95,7.14,17.14,11.44,6.22,16.86,6.88,12.25,27.78,42.94,12.62
498,3.9544586377939432,2,19.04,7.16,17.21,11.58,6.25,16.93,7.01,12.3,29.29,42.94,12.67
499,3.9544586377939432,2,18.95,7.16,17.21,11.58,6.22,16.86,6.88,12.25,27.94,42.66,12.67
500,3.9544586377939432,2,19.04,7.14,17.14,11.53,6.22,16.79,6.82,12.16,27.3,41.05,12.57
501,3.9544586377939432,2,19.04,7.14,17.21,11.53,6.22,16.86,6.82,12.25,24.83,42.94,12.52
502,3.9544586377939432,2,19.04,7.16,17.21,11.39,6.25,16.86,6.85,12.35,26.84,41.05,12.57
503,3.9544586377939432,2,19.04,7.14,17.21,11.44,6.22,16.79,6.82,12.25,28.77,44.07,12.52
504,3.9544586377939432,2,19.04,7.14,17.21,11.49,6.22,16.79,6.82,12.35,27.3,43.22,12.52
505,3.9544586377939432,2,18.87,7.02,17.07,11.35,6.12,16.65,6.72,12.3,28.27,42.11,12.32
506,3.9544586377939432,2,19.04,7.11,17.29,11.49,6.19,16.79,6.8,12.4,29.64,44.37,12.27
507,3.9544586377939432,2,19.12,7.11,17.29,11.44,6.22,16.79,6.8,12.55,27.94,43.5,12.52
508,3.9544586377939432,2,19.04,7.11,17.21,11.53,6.19,16.72,6.77,12.5,27.94,43.5,12.42
509,3.9544586377939432,2,19.12,7.11,17.29,11.39,6.19,16.72,6.77,12.4,28.27,43.5,12.52
510,3.9544586377939432,2,19.04,7.14,17.29,11.49,6.19,16.79,6.8,12.45,27.46,42.94,12.47
511,3.9544586377939432,2,19.04,7.11,17.29,11.44,6.19,16.72,6.77,12.4,27.94,42.38,12.37
512,3.9544586377939432,2,19.12,7.14,17.36,11.49,6.22,16.79,6.8,12.5,27.94,43.22,12.18
513,3.9544586377939432,2,19.04,7.05,17.21,11.26,6.14,16.65,6.72,12.35,27.94,42.94,12.47
514,3.9544586377939432,2,19.12,7.14,17.36,11.35,6.22,16.72,6.77,12.5,27.78,41.32,12.77
515,3.9544586377939432,2,19.2,7.14,17.36,11.39,6.22,16.72,6.77,12.55,28.27,43.22,12.67
516,3.9544586377939432,2,19.29,7.16,17.36,11.49,6.25,16.72,6.72,12.55,28.6,42.94,12.67
517,3.9544586377939432,2,19.04,7.11,17.43,11.39,6.19,16.65,6.72,12.55,28.77,44.37,12.57
518,3.9544586377939432,2,18.95,7.14,17.36,11.49,6.22,16.72,6.74,12.5,28.94,43.5,12.62
519,3.9544586377939432,2,19.2,7.14,17.36,11.53,6.22,16.72,6.74,12.55,28.94,44.37,12.62
520,3.9544586377939432,2,19.04,7.11,17.36,11.39,6.19,16.65,6.74,12.4,29.46,42.94,12.52
521,3.9544586377939432,2,19.2,7.14,17.36,11.44,6.22,16.72,6.74,12.6,29.29,43.22,12.47
522,3.9544586377939432,2,19.12,7.11,17.36,11.44,6.22,16.65,6.72,12.65,29.11,43.22,12.52
523,3.9544586377939432,2,19.12,7.11,17.36,11.35,6.25,16.65,6.72,12.6,29.46,42.38,12.52
524,3.9544586377939432,2,19.12,7.08,17.43,11.58,6.17,16.58,6.69,12.55,29.29,42.94,12.37
525,3.9544586377939432,2,19.2,7.11,17.43,11.53,6.19,16.65,6.72,12.6,29.46,44.37,12.67
526,3.9544586377939432,2,19.12,7.11,17.36,11.49,6.19,16.58,6.69,12.7,29.29,45.26,12.62
527,3.9544586377939432,2,19.2,7.14,17.43,11.53,6.22,16.65,6.69,12.6,29.29,43.22,12.67
528,3.9544586377939432,2,19.12,7.14,17.51,11.49,6.22,16.58,6.69,12.75,29.11,43.22,12.62
529,3.9544586377939432,2,18.95,7.05,17.36,11.49,6.17,16.51,6.64,12.75,28.94,42.94,12.62
530,3.9544586377939432,2,18.95,7.08,17.36,11.49,6.17,16.58,6.61,12.45,28.94,42.66,12.57
531,3.9544586377939432,2,18.95,7.05,17.43,11.44,6.14,16.51,6.61,12.6,28.94,42.94,12.52
532,3.9544586377939432,2,19.12,7.11,17.51,11.49,6.19,16.58,6.64,12.65,28.77,43.22,12.52
533,3.9544586377939432,2,19.04,7.11,17.51,11.49,6.19,16.58,6.64,12.75,29.11,42.94,12.42
534,3.9544586377939432,2,19.12,7.11,17.51,11.53,6.22,16.58,6.66,13.01,28.77,42.66,12.82
535,3.9544586377939432,2,19.12,7.11,17.51,11.35,6.19,16.51,6.64,12.75,29.29,43.22,12.62
536,3.9544586377939432,2,19.04,7.05,17.43,11.17,6.17,16.51,6.61,12.7,29.11,42.94,12.57
537,3.9544586377939432,2,19.04,7.05,17.51,11.22,6.17,16.51,6.58,12.75,29.11,42.94,12.62
538,3.9544586377939432,2,18.95,7.05,17.51,11.13,6.17,16.51,6.58,12.75,28.94,41.58,12.57
539,3.9544586377939432,2,18.79,6.99,17.43,11.04,6.12,16.38,6.53,12.6,29.29,42.66,12.32
540,3.9544586377939432,2,18.71,6.99,17.43,11,6.09,16.38,6.51,12.7,28.94,41.58,12.32
541,3.993666323564176,2,18.71,6.99,17.43,11.04,6.09,16.38,6.51,12.7,28.77,42.66,12.32
542,3.993666323564176,2,18.71,6.99,17.51,10.95,6.09,16.38,6.46,12.6,29.11,42.94,12.32
543,3.993666323564176,2,18.71,6.97,17.36,11.08,6.09,16.31,6.51,12.8,28.94,42.94,12.32
544,3.993666323564176,2,18.87,7.02,17.51,11.17,6.12,16.38,6.53,12.96,29.11,42.94,12.32
545,3.993666323564176,2,18.87,7.02,17.51,11.17,6.14,16.38,6.51,12.85,28.94,42.94,12.32
546,3.993666323564176,2,18.87,7.05,17.51,11.26,6.17,16.44,6.53,12.91,28.6,43.22,12.67
547,3.993666323564176,2,18.87,6.97,17.43,11.26,6.14,16.38,6.51,13.01,28.43,42.94,12.57
548,3.993666323564176,2,18.63,7.05,17.51,11.3,6.17,16.38,6.56,12.91,28.77,43.22,12.62
549,3.993666323564176,2,18.87,7.02,17.51,11.26,6.14,16.38,6.51,12.85,28.43,42.38,12.67
550,3.993666323564176,2,18.95,7.05,17.66,11.3,6.14,16.38,6.51,12.91,28.43,43.22,12.62
551,3.993666323564176,2,18.95,7.02,17.58,11.35,6.14,16.38,6.51,12.91,28.6,42.94,12.57
552,3.993666323564176,2,18.95,7.02,17.58,11.35,6.14,16.31,6.48,12.85,27.94,43.22,12.18
553,3.993666323564176,2,19.04,7.02,17.58,11.44,6.14,16.31,6.51,12.96,27.94,42.11,12.18
554,3.993666323564176,2,19.04,7.05,17.58,11.44,6.17,16.38,6.53,13.06,27.3,42.66,12.23
555,3.993666323564176,2,19.04,7.05,17.66,11.44,6.17,16.38,6.53,13.01,27.62,42.94,12.27
556,3.993666323564176,2,18.95,7.08,17.58,11.53,6.17,16.38,6.53,13.06,28.1,42.94,12.27
557,3.993666323564176,2,19.04,7.08,17.66,11.49,6.19,16.38,6.51,13.06,27.62,43.5,12.27
558,3.993666323564176,2,19.04,7.08,17.66,11.44,6.19,16.44,6.51,13.01,27.78,43.5,12.37
559,3.993666323564176,2,19.12,7.11,17.66,11.49,6.22,16.38,6.51,13.06,27.78,43.22,12.42
560,3.993666323564176,2,19.29,7.19,17.81,11.58,6.27,16.51,6.61,13.17,27.3,43.22,12.52
561,3.993666323564176,2,19.37,7.22,17.88,11.62,6.32,16.58,6.61,13.17,27.3,44.07,12.57
562,3.993666323564176,2,19.37,7.25,17.96,11.67,6.35,16.58,6.61,13.22,26.99,41.84,12.57
563,3.993666323564176,2,18.55,6.97,17.58,11.35,6.09,16.17,6.35,12.96,25.8,43.22,12.23
564,3.993666323564176,2,18.71,6.91,17.66,11.22,6.04,16.11,6.33,13.11,24.96,42.38,12.08
565,3.993666323564176,2,19.04,7.08,17.73,11.44,6.17,16.38,6.43,13.38,24.69,42.11,12.18
566,3.993666323564176,2,19.04,7.05,17.81,11.44,6.17,16.31,6.48,13.22,24.04,43.5,12.57
567,3.993666323564176,2,18.95,7.08,17.81,11.44,6.17,16.31,6.46,13.11,24.04,42.38,12.52
568,3.993666323564176,2,18.95,7.08,17.88,11.44,6.17,16.31,6.48,13.22,23.53,43.22,12.57
569,3.993666323564176,2,18.87,7.02,17.73,11.35,6.12,16.24,6.38,13.06,23.41,42.66,12.47
570,3.993666323564176,2,18.87,7.02,17.73,11.35,6.12,16.24,6.38,13.11,23.16,42.11,12.42
571,3.993666323564176,2,18.79,7.02,17.81,11.39,6.12,16.24,6.43,13.11,23.66,42.66,12.37
572,3.993666323564176,2,18.87,7.02,17.81,11.39,6.14,16.24,6.4,13.44,23.16,41.58,12.52
573,3.993666323564176,2,18.87,7.02,17.81,11.35,6.14,16.24,6.38,13.17,22.92,42.11,12.37
574,3.993666323564176,2,18.95,7.08,17.96,11.39,6.17,16.24,6.43,13.22,25.66,42.94,12.62
575,3.993666323564176,2,18.95,7.05,17.96,11.39,6.14,16.24,6.4,13.17,24.3,42.94,12.52
576,3.993666323564176,2,18.95,7.05,17.88,11.39,6.17,16.24,6.4,13.33,27.3,41.84,12.42
577,3.993666323564176,2,18.95,7.05,18.04,11.39,6.17,16.24,6.35,13.27,25.38,43.22,12.47
578,3.993666323564176,2,18.87,7.05,17.88,11.39,6.14,16.24,6.35,13.27,25.66,42.66,12.67
579,3.993666323564176,2,18.79,7.02,17.81,11.35,6.12,16.17,6.33,13.54,25.1,42.66,12.47
580,3.993666323564176,2,18.71,6.99,17.88,11.35,6.09,16.11,6.3,13.27,24.69,43.5,12.42
581,3.993666323564176,2,18.79,7.02,17.88,11.3,6.12,16.17,6.33,13.27,24.43,42.94,12.57
582,3.993666323564176,2,19.2,7.22,18.11,11.58,6.32,16.51,6.51,13.44,24.69,42.94,12.87
583,3.993666323564176,2,19.29,7.22,18.19,11.62,6.3,16.44,6.51,13.49,24.69,44.96,12.82
584,3.993666323564176,2,18.95,7.05,17.96,11.39,6.19,16.17,6.35,13.38,24.43,43.5,12.67
585,3.993666323564176,2,18.47,6.85,17.66,11.17,5.97,15.91,6.18,13.11,24.04,42.66,12.37
586,3.993666323564176,2,18.79,6.99,17.88,11.3,6.12,16.11,6.3,13.27,23.91,42.66,12.47
587,3.993666323564176,2,18.71,6.97,17.88,11.26,6.07,16.04,6.25,13.27,24.17,42.66,12.27
588,3.993666323564176,2,18.71,6.97,17.81,11.17,6.07,16.04,6.23,14.28,23.78,40.8,12.37
589,3.993666323564176,2,18.71,6.97,17.88,11.17,6.07,16.04,6.25,13.27,25.95,42.38,12.42
590,3.993666323564176,2,18.71,6.97,17.88,11.13,6.07,15.97,6.23,13.27,25.24,42.38,12.62
591,3.993666323564176,2,18.71,6.97,17.88,11.13,6.04,16.04,6.25,13.44,24.96,42.38,12.62
592,3.993666323564176,2,18.63,6.94,17.88,11.26,6.07,15.97,6.23,13.33,24.83,42.38,12.62
593,3.993666323564176,2,18.31,6.72,17.58,10.95,5.92,15.71,6.08,13.11,24.04,41.32,12.23
594,3.993666323564176,2,18,6.55,17.43,10.65,5.67,15.39,5.89,13.11,22.8,40.8,12.08
595,3.993666323564176,2,18.47,6.8,17.81,10.91,5.92,15.78,6.11,13.33,22.92,42.11,12.27
596,3.993666323564176,2,18.47,6.94,17.88,11.13,6.07,15.97,6.23,13.38,22.92,43.22,12.52
597,3.993666323564176,2,18.71,6.99,17.96,11.13,6.09,16.04,6.23,13.38,22.92,42.11,12.47
598,3.993666323564176,2,18.71,6.99,17.96,11.26,6.12,15.97,6.23,13.6,22.8,42.94,12.67
599,3.993666323564176,2,18.55,6.97,17.96,11.26,6.07,15.97,6.2,13.27,22.56,43.5,12.32
600,3.993666323564176,2,18.71,6.99,17.96,11.3,6.14,16.04,6.25,13.49,22.56,43.5,12.52
601,3.9997581174861336,2,18.71,6.99,17.96,11.3,6.09,16.04,6.23,13.6,22.45,42.66,12.42
602,3.9997581174861336,2,18.71,6.99,18.04,11.3,6.09,16.04,6.23,13.49,22.33,43.5,12.47
603,3.9997581174861336,2,18.71,7.02,18.04,11.35,6.12,16.04,6.25,13.49,22.33,41.05,12.67
604,3.9997581174861336,2,18.71,6.99,18.04,11.3,6.09,15.97,6.2,13.49,22.22,43.78,12.67
605,3.9997581174861336,2,18.47,6.88,17.88,11.17,5.99,15.84,6.11,13.38,22.1,42.66,12.47
606,3.9997581174861336,2,17.85,6.55,17.51,10.74,5.67,15.33,5.82,13.06,21.44,41.58,11.8
607,3.9997581174861336,2,18.55,6.88,17.96,11.17,5.99,15.84,6.13,13.27,21.66,43.22,12.32
608,3.9997581174861336,2,17.85,6.58,17.51,10.78,5.7,15.39,5.84,13.17,21.77,40.8,11.89
609,3.9997581174861336,2,18.55,6.91,17.96,11.17,6.02,15.91,6.15,13.49,22.33,42.66,12.23
610,3.9997581174861336,2,18.55,6.88,17.96,11.17,5.99,15.84,6.13,13.49,22.45,42.66,12.42
611,3.9997581174861336,2,18.63,6.91,17.96,11.17,6.02,15.84,6.13,13.65,22.33,42.94,12.32
612,3.9997581174861336,2,18.55,6.91,18.11,11.13,6.02,15.91,6.13,13.6,22.22,42.94,12.52
613,3.9997581174861336,2,18.63,6.97,18.11,11.17,6.07,15.91,6.15,13.6,22.33,42.66,12.47
614,3.9997581174861336,2,18.55,6.94,18.04,11.13,6.07,15.91,6.15,13.54,22.22,42.66,12.42
615,3.9997581174861336,2,18.71,7.02,18.19,11.22,6.12,15.97,6.2,13.6,22.33,42.94,12.62
616,3.9997581174861336,2,17.4,6.29,17.36,10.32,5.48,14.95,5.61,13.17,21.33,40.04,11.62
617,3.9997581174861336,2,18.55,6.97,18.11,11.17,6.09,15.97,6.18,13.6,22.22,43.78,12.57
618,3.9997581174861336,2,18.55,6.94,18.11,11.13,6.07,15.91,6.18,13.6,22.22,40.54,12.47
619,3.9997581174861336,2,18.55,6.94,18.11,11.08,6.04,15.91,6.13,13.88,22.1,42.38,12.32
620,3.9997581174861336,2,18.63,6.97,18.11,11.17,6.07,15.91,6.18,13.6,22.1,42.66,12.37
621,3.9997581174861336,2,18.55,6.97,18.11,11.17,6.09,15.91,6.18,13.65,22.22,43.22,12.52
622,3.9997581174861336,2,18.63,6.99,18.19,11.26,6.12,15.91,6.15,13.71,22.22,42.94,12.57
623,3.9997581174861336,2,18.63,6.99,18.19,11.35,6.09,15.91,6.15,13.76,22.1,42.66,12.42
624,3.9997581174861336,2,17.63,6.47,17.36,10.7,5.6,15.08,5.68,12.91,21.22,41.05,11.8
625,3.9997581174861336,2,18.71,6.97,18.11,11.3,6.07,15.91,6.13,13.76,21.99,42.38,12.37
626,3.9997581174861336,2,18.71,6.99,18.19,11.35,6.09,15.91,6.13,13.6,21.99,42.94,12.37
627,3.9997581174861336,2,18.71,6.99,18.43,11.35,6.09,15.91,6.13,13.71,21.77,42.66,12.42
628,3.9997581174861336,2,18.71,6.99,18.19,11.39,6.09,15.91,6.13,13.65,21.66,42.66,12.47
629,3.9997581174861336,2,18.71,6.99,18.27,11.39,6.09,15.91,6.13,13.71,21.77,43.5,12.42
630,3.9997581174861336,2,18.31,6.8,18.04,11.13,5.92,15.65,5.98,13.49,21.44,44.66,12.18
631,3.9997581174861336,2,18.39,6.88,18.19,11.22,5.99,15.78,6.01,13.65,21.55,43.5,12.27
632,3.9997581174861336,2,18.55,6.91,18.11,11.22,6.02,15.78,6.06,13.54,21.55,42.66,12.27
633,3.9997581174861336,2,18.24,6.83,18.11,11.13,5.94,15.65,6.06,13.6,21.33,42.11,12.23
634,3.9997581174861336,2,17.11,6.24,17.51,10.41,5.39,14.71,5.48,13.11,20.49,39.79,11.43
635,3.9997581174861336,2,18.24,6.8,18.04,11.08,5.92,15.65,5.98,13.49,21.33,41.58,12.18
636,3.9997581174861336,2,16.48,5.84,16.86,9.81,4.99,14.18,5.19,12.65,19.8,38.59,10.95
637,3.9997581174861336,2,16.97,6.11,16.93,10.28,5.25,14.65,5.39,12.7,20.09,39.55,11.3
638,3.9997581174861336,2,16.76,6.04,16.93,10.2,5.18,14.53,5.32,12.65,20,40.04,11.21
639,3.9997581174861336,2,18.24,6.77,17.96,11.13,5.89,15.65,5.96,13.44,21.12,42.11,12.13
640,3.9997581174861336,2,18.47,6.85,18.11,11.17,5.97,15.84,6.03,13.6,21.22,40.04,12.23
641,3.9997581174861336,2,18.47,6.85,18.11,11.17,5.97,15.78,6.01,13.49,21.22,42.11,12.23
642,3.9997581174861336,2,18.55,6.88,18.19,11.22,5.99,15.78,6.03,13.54,21.22,42.11,12.42
643,3.9997581174861336,2,18.63,6.91,18.19,11.26,5.99,15.78,6.06,13.6,21.33,42.11,12.32
644,3.9997581174861336,2,18.55,6.88,18.19,11.26,5.99,15.78,6.03,13.54,21.22,43.78,12.27
645,3.9997581174861336,2,18.55,6.91,18.27,11.26,6.02,15.78,6.03,13.6,21.22,42.11,12.23
646,3.9997581174861336,2,18.55,6.88,18.19,11.22,5.99,15.78,6.03,13.22,20.7,39.79,12.27
647,3.9997581174861336,2,18.31,6.8,18.27,11.08,5.89,15.65,5.91,13.65,21.12,42.94,12.13
648,3.9997581174861336,2,18.39,6.83,18.19,11.13,5.94,15.65,5.96,13.54,21.12,42.38,12.32
649,3.9997581174861336,2,18.55,6.88,18.27,11.22,5.99,15.78,6.01,13.65,21.22,42.38,12.27
650,3.9997581174861336,2,18.47,6.85,18.27,11.17,5.97,15.71,5.96,13.65,21.12,41.84,12.37
651,3.9997581174861336,2,18.39,6.83,18.19,11.08,5.92,15.65,5.94,13.6,21.12,41.32,12.27
652,3.9997581174861336,2,18.39,6.85,18.19,11.13,5.92,15.71,5.96,13.82,21.12,43.5,12.32
653,3.9997581174861336,2,18.55,6.91,18.27,11.26,5.99,15.78,5.98,13.71,21.22,43.78,12.37
654,3.9997581174861336,2,18.55,6.91,18.35,11.22,5.99,15.71,6.03,13.76,21.22,43.5,12.27
655,3.9997581174861336,2,18.47,6.85,18.27,11.17,5.94,15.71,5.96,13.65,21.12,43.78,12.13
656,3.9997581174861336,2,18.55,6.91,18.35,11.26,5.99,15.78,5.98,13.82,21.22,42.38,12.37
657,3.9997581174861336,2,18.47,6.85,18.27,11.13,5.97,15.71,5.96,13.76,21.12,42.38,12.32
658,3.9997581174861336,2,18.39,6.83,18.27,11.13,5.94,15.65,5.94,13.76,21.12,48.48,12.27
659,3.9997581174861336,2,18.39,6.85,18.27,11.17,5.97,15.71,5.96,13.71,21.12,40.8,12.37
660,3.9997581174861336,2,18.39,6.91,18.35,11.22,6.02,15.78,6.08,13.76,21.12,42.38,12.42
661,4.049554083074122,3,18.39,6.88,18.35,11.22,5.97,15.71,5.96,13.76,21.12,41.84,12.32
662,4.049554083074122,3,18.71,7.11,18.59,11.49,6.14,16.04,6.13,13.88,21.44,42.11,12.37
663,4.049554083074122,3,16.55,6.04,17.36,10.12,5.18,14.42,5.32,13.33,19.9,39.06,11.08
664,4.049554083074122,3,16.62,5.99,17.21,10.05,5.14,14.42,5.23,12.96,19.71,38.59,11.17
665,4.049554083074122,3,18.24,6.83,18.35,11.04,5.94,15.78,5.96,13.82,21.01,41.84,12.08
666,4.049554083074122,3,18.47,6.91,18.35,11.17,6.02,15.84,6.01,13.49,21.01,42.11,12.37
667,4.049554083074122,3,18.31,6.83,18.27,11.08,5.94,15.71,5.91,13.71,20.91,43.5,12.13
668,4.049554083074122,3,16.69,6.01,16.86,10.12,5.18,14.42,5.19,12.6,19.61,41.05,11.08
669,4.049554083074122,3,18.55,6.91,18.43,11.17,6.04,15.84,6.01,13.6,21.01,42.38,12.47
670,4.049554083074122,3,17.04,6.19,17.51,10.28,5.34,14.65,5.36,13.11,19.9,39.55,11.48
671,4.049554083074122,3,18.71,6.99,18.43,11.3,6.14,15.97,6.06,13.76,20.8,42.38,12.62
672,4.049554083074122,3,18.71,6.99,18.43,11.26,6.12,15.91,6.06,13.82,20.8,44.07,12.42
673,4.049554083074122,3,18.71,6.99,18.51,11.26,6.14,15.91,6.03,13.76,20.8,44.07,12.47
674,4.049554083074122,3,18.55,6.94,18.43,11.17,6.07,15.84,5.98,13.71,20.7,42.38,12.32
675,4.049554083074122,3,18.31,6.85,18.35,11.08,6.02,15.65,5.89,13.38,20.49,41.84,12.13
676,4.049554083074122,3,18.31,6.85,18.35,11.04,5.97,15.65,5.89,13.65,20.6,41.58,12.13
677,4.049554083074122,3,18.39,6.88,18.43,11,6.02,15.71,5.91,13.71,20.6,42.38,12.18
678,4.049554083074122,3,18.39,6.85,18.35,10.95,5.99,15.65,5.89,13.71,20.49,47.15,12.27
679,4.049554083074122,3,18.47,6.91,18.43,11.04,6.04,15.78,5.94,13.76,20.6,42.11,12.32
680,4.049554083074122,3,16.69,6.04,17.43,9.93,5.18,14.36,5.21,13.11,19.42,38.59,11.17
681,4.049554083074122,3,18.24,6.8,18.51,11,5.92,15.65,5.87,14.05,20.49,42.11,12.13
682,4.049554083074122,3,18.31,6.88,18.43,11.13,6.02,15.71,5.94,13.76,20.6,41.84,12.18
683,4.049554083074122,3,17.04,6.21,17.66,10.28,5.34,14.65,5.34,13.01,19.61,39.3,11.3
684,4.049554083074122,3,17.26,6.24,17.81,10.32,5.44,14.89,5.45,13.38,19.71,42.11,11.52
685,4.049554083074122,3,18.31,6.83,18.35,11,5.97,15.71,5.91,13.65,20.49,42.11,12.37
686,4.049554083074122,3,18.39,6.88,18.43,11,6.04,15.78,5.91,13.82,20.6,42.38,12.42
687,4.049554083074122,3,18.31,6.85,18.43,10.91,5.97,15.65,5.87,13.71,20.49,40.8,12.27
688,4.049554083074122,3,18.47,6.91,18.51,11.04,6.04,15.78,5.94,13.65,20.49,42.38,12.37
689,4.049554083074122,3,18.31,6.85,18.43,11.13,5.99,15.71,5.89,13.76,20.49,42.11,11.99
690,4.049554083074122,3,18.31,6.88,18.51,11.13,6.02,15.71,5.94,13.88,20.6,42.11,11.99
691,4.049554083074122,3,18.39,6.91,18.51,11.13,6.04,15.71,5.94,13.71,20.49,42.66,12.23
692,4.049554083074122,3,18.47,6.91,18.59,11.04,6.07,15.78,5.91,13.82,20.6,42.11,12.13
693,4.049554083074122,3,16.69,6.01,17.43,9.89,5.18,14.36,5.17,13.01,19.33,39.3,10.91
694,4.049554083074122,3,17.04,6.19,17.66,10.12,5.37,14.71,5.34,13.22,19.52,39.79,11.21
695,4.049554083074122,3,18.79,7.08,18.75,11.35,6.25,16.11,6.03,13.76,20.8,42.38,12.42
696,4.049554083074122,3,18.39,6.88,18.51,11.08,6.04,15.71,5.89,13.82,20.6,42.11,12.42
697,4.049554083074122,3,16.97,6.19,17.58,10.16,5.37,14.65,5.3,13.06,19.52,40.8,11.26
698,4.049554083074122,3,18.47,6.97,18.83,11.13,6.12,15.91,5.98,13.99,20.7,42.94,12.42
699,4.049554083074122,3,18.31,6.88,18.59,11.08,6.04,15.78,5.89,13.76,20.49,42.11,12.47
700,4.049554083074122,3,18.24,6.85,18.51,11.04,6.04,15.71,5.87,13.82,20.49,41.84,12.18
701,4.049554083074122,3,17.11,6.32,17.88,10.28,5.53,14.89,5.43,13.27,19.61,38.83,11.52
702,4.049554083074122,3,18.16,6.77,18.35,10.82,5.94,15.58,5.82,13.71,20.29,42.94,12.13
703,4.049554083074122,3,18.63,7.14,18.99,11.26,6.3,16.17,6.11,14.1,20.91,43.78,12.52
704,4.049554083074122,3,18.71,7.08,18.91,11.22,6.25,16.04,6.03,14.1,20.8,43.22,12.47
705,4.049554083074122,3,18.71,7.08,18.83,11.35,6.27,16.04,6.03,13.88,20.7,41.58,12.32
706,4.049554083074122,3,18.71,7.14,18.91,11.35,6.3,16.11,6.06,13.76,20.8,43.5,12.57
707,4.049554083074122,3,18.55,7.08,18.83,11.26,6.25,15.97,5.98,13.88,20.7,42.66,12.27
708,4.049554083074122,3,18.24,6.91,18.67,11,6.09,15.78,5.84,14.1,20.49,41.84,11.99
709,4.049554083074122,3,18.47,6.94,18.67,11.08,6.09,15.91,5.89,13.82,20.49,43.5,12.27
710,4.049554083074122,3,18.47,7.02,18.75,11.22,6.17,15.91,5.94,13.88,20.6,43.22,12.32
711,4.049554083074122,3,18.31,6.99,18.75,11.22,6.14,15.84,5.89,13.71,20.6,42.38,12.23
712,4.049554083074122,3,18.16,6.83,18.75,10.91,5.99,15.65,5.82,13.99,20.49,42.94,12.18
713,4.049554083074122,3,18.55,6.99,18.75,11.04,6.17,15.84,5.94,13.82,20.6,42.38,12.18
714,4.049554083074122,3,18.47,6.97,18.83,11.04,6.17,15.84,5.98,13.93,20.6,43.22,12.27
715,4.049554083074122,3,18.55,6.99,18.75,11.08,6.17,15.84,5.96,13.88,20.6,44.07,12.27
716,4.049554083074122,3,18.55,6.94,18.83,11.08,6.14,15.84,5.89,13.93,20.6,43.22,12.37
717,4.049554083074122,3,18.47,6.94,18.67,11.17,6.12,15.71,5.87,13.88,20.49,42.66,12.37
718,4.049554083074122,3,18.47,6.97,18.75,11.22,6.12,15.71,5.89,13.93,20.49,48.14,12.27
719,4.049554083074122,3,18.63,7.02,18.83,11.3,6.19,15.84,5.96,13.99,20.6,43.5,12.62
720,4.049554083074122,3,18.16,6.94,18.83,11.17,6.12,15.71,5.87,14.05,20.6,40.04,12.37
721,4.122483910931027,3,18,6.88,18.67,11.13,6.07,15.65,5.82,13.82,20.49,42.94,12.37
722,4.122483910931027,3,17.93,6.97,18.75,11.22,6.14,15.78,5.91,13.93,20.6,42.66,12.27
723,4.122483910931027,3,17.78,6.77,18.43,11,5.97,15.45,5.7,13.54,20.29,41.05,12.08
724,4.122483910931027,3,17.78,6.8,18.51,11.04,5.97,15.52,5.73,14.16,20.39,42.66,12.13
725,4.122483910931027,3,17.93,6.85,18.67,11.04,6.02,15.58,5.77,14.16,20.39,42.94,12.27
726,4.122483910931027,3,16.83,6.29,17.81,10.41,5.48,14.71,5.3,13.76,19.61,41.84,11.52
727,4.122483910931027,3,17.93,6.85,18.59,11.04,6.02,15.65,5.77,14.45,20.39,42.66,12.27
728,4.122483910931027,3,17.85,6.83,18.51,11.04,6.02,15.58,5.77,14.33,20.29,42.11,12.27
729,4.122483910931027,3,17.78,6.74,18.43,11,5.94,15.45,5.68,14.22,20.19,41.05,11.99
730,4.122483910931027,3,16.35,5.99,17.29,10.05,5.21,14.24,5.04,13.49,19.05,40.04,10.99
731,4.122483910931027,3,17.55,6.63,18.27,10.78,5.87,15.33,5.59,14.16,20.09,40.8,11.8
732,4.122483910931027,3,17.55,6.66,18.27,10.82,5.84,15.33,5.63,14.16,20.19,41.84,11.89
733,4.122483910931027,3,17.55,6.63,18.19,10.82,5.79,15.33,5.59,14.22,20.09,41.05,11.85
734,4.122483910931027,3,17.7,6.69,18.35,10.87,5.84,15.39,5.66,14.28,20.09,41.05,11.94
735,4.122483910931027,3,17.85,6.77,18.43,11,5.94,15.52,5.75,14.28,20.29,41.84,11.99
736,4.122483910931027,3,17.78,6.74,18.43,10.95,5.89,15.52,5.68,14.33,20.19,41.84,12.03
737,4.122483910931027,3,17.7,6.72,18.43,10.95,5.87,15.45,5.66,14.39,20.19,42.66,11.94
738,4.122483910931027,3,17.78,6.77,18.43,10.95,5.92,15.71,5.68,14.51,20.19,41.58,12.27
739,4.122483910931027,3,17.85,6.74,18.43,10.95,5.89,15.65,5.7,14.22,20.19,41.58,12.23
740,4.122483910931027,3,17.7,6.72,18.35,10.91,5.87,15.58,5.63,14.33,20.19,41.58,12.03
741,4.122483910931027,3,17.7,6.69,18.35,10.87,5.84,15.52,5.63,14.28,20.09,41.32,12.13
742,4.122483910931027,3,17.19,6.69,18.35,10.82,5.84,15.52,5.61,14.22,20.09,41.84,11.8
743,4.122483910931027,3,16.08,6.04,17.43,10.05,5.28,14.53,5.13,13.65,19.23,38.83,11.3
744,4.122483910931027,3,17.55,6.91,18.59,11.13,6.07,15.84,5.82,14.28,20.39,42.11,12.47
745,4.122483910931027,3,17.63,6.94,18.59,11.17,6.09,15.84,5.8,14.45,20.49,41.58,12.32
746,4.122483910931027,3,17.7,6.85,18.67,11.04,6.02,15.78,5.77,14.39,20.39,41.84,12.18
747,4.122483910931027,3,17.55,6.8,18.51,11,5.97,15.65,5.7,14.45,20.19,42.11,11.99
748,4.122483910931027,3,17.48,6.74,18.43,10.91,5.89,15.71,5.66,14.33,20.19,41.84,11.99
749,4.122483910931027,3,17.4,6.77,18.43,10.95,5.92,15.58,5.68,14.33,20.09,41.84,12.08
750,4.122483910931027,3,17.48,6.77,18.51,10.95,5.94,15.58,5.7,14.39,20.19,41.32,11.94
751,4.122483910931027,3,17.63,6.8,18.51,10.95,5.97,15.71,5.66,14.57,20.19,42.11,11.94
752,4.122483910931027,3,17.48,6.83,18.51,11,5.97,15.91,5.7,14.51,20.19,41.84,12.18
753,4.122483910931027,3,17.48,6.83,18.51,11,6.02,15.84,5.73,14.28,20.29,42.11,12.03
754,4.122483910931027,3,17.7,6.85,18.59,11.04,6.02,15.91,5.73,15.12,20.29,42.11,11.99
755,4.122483910931027,3,17.78,6.85,18.59,11.04,6.04,15.91,5.75,13.82,20.39,42.38,12.27
756,4.122483910931027,3,17.63,6.94,18.67,11,6.09,15.97,5.8,13.82,20.49,42.38,12.32
757,4.122483910931027,3,17.78,6.94,18.75,11.04,6.07,16.04,5.8,13.93,20.39,42.38,12.23
758,4.122483910931027,3,17.85,6.91,18.67,10.95,6.09,15.97,5.77,13.93,20.49,42.38,12.18
759,4.122483910931027,3,17.85,6.97,18.75,11.04,6.12,16.04,5.8,13.88,20.6,42.94,12.47
760,4.122483910931027,3,17.78,6.94,18.67,11,6.09,15.97,5.77,13.76,20.39,42.38,12.42
761,4.122483910931027,3,17.85,6.97,18.75,11.04,6.12,16.04,5.8,13.82,20.49,43.22,12.47
762,4.122483910931027,3,17.85,6.97,18.67,11.22,6.12,15.97,5.75,13.76,20.39,42.38,12.23
763,4.122483910931027,3,18.08,7.11,18.91,11.35,6.27,16.24,5.91,13.82,20.7,43.22,12.27
764,4.122483910931027,3,17.4,6.77,18.51,10.91,5.94,15.84,5.61,13.6,20.19,40.8,11.99
765,4.122483910931027,3,17.85,6.99,18.83,11.08,6.17,16.17,5.8,13.76,20.49,44.37,12.27
766,4.122483910931027,3,17.55,6.94,18.99,11.08,5.97,15.71,5.68,13.71,20.39,42.11,12.18
767,4.122483910931027,3,17.78,6.91,18.75,10.95,6.07,15.91,5.73,13.76,20.39,41.58,12.13
768,4.122483910931027,3,16.42,6.29,17.88,10.2,5.44,14.83,5.23,13.17,19.42,38.12,11.52
769,4.122483910931027,3,16.42,6.21,17.88,10.08,5.41,14.83,5.17,13.17,19.42,39.55,11.39
770,4.122483910931027,3,16.35,6.19,17.81,10.2,5.37,14.83,5.17,13.17,19.33,39.3,11.85
771,4.122483910931027,3,17.7,6.85,18.59,11.08,6.04,15.91,5.73,13.76,20.39,42.11,12.27
772,4.122483910931027,3,17.63,6.58,18.11,10.74,5.89,15.52,5.52,13.22,19.8,41.84,11.8
773,4.122483910931027,3,17.78,6.88,18.59,11.08,6.09,15.91,5.73,13.82,20.19,43.22,12.08
774,4.122483910931027,3,17.19,6.58,18.19,10.74,5.77,15.39,5.48,13.44,19.8,42.11,11.85
775,4.122483910931027,3,17.63,6.83,18.59,11,5.99,15.84,5.68,13.54,20.19,44.07,12.03
776,4.122483910931027,3,17.7,6.83,18.59,10.87,6.02,15.84,5.68,13.88,20.19,42.38,12.18
777,4.122483910931027,3,17.4,6.72,18.43,10.7,5.87,15.58,5.54,13.6,20,43.22,11.99
778,4.122483910931027,3,17.48,6.66,18.35,10.74,5.89,15.65,5.57,13.71,20.09,41.05,11.94
779,4.122483910931027,3,17.26,6.58,18.19,10.57,5.82,15.58,5.54,13.76,20,42.38,11.89
780,4.122483910931027,3,17.19,6.58,18.19,10.57,5.77,15.45,5.5,13.76,19.8,42.11,11.85
781,4.257484898736022,3,17.55,6.77,18.43,10.87,5.94,15.65,5.61,14.05,20.09,41.84,11.94
782,4.257484898736022,3,17.4,6.74,18.35,10.74,5.89,15.52,5.59,13.6,20,46.83,12.03
783,4.257484898736022,3,17.78,6.91,18.67,10.91,6.07,15.84,5.73,13.99,20.29,42.38,12.23
784,4.257484898736022,3,17.4,6.74,18.43,10.74,5.92,15.58,5.59,13.65,20,42.38,11.94
785,4.257484898736022,3,17.55,6.83,18.51,10.82,5.99,15.78,5.63,13.99,20.09,46.19,12.13
786,4.257484898736022,3,17.63,6.91,18.51,11.08,6.07,15.84,5.7,13.76,20.09,42.66,12.23
787,4.257484898736022,3,17.78,6.94,18.67,11.13,6.12,15.91,5.75,13.65,20.29,40.54,12.08
788,4.257484898736022,3,17.26,6.72,18.43,10.78,5.87,15.45,5.52,14.05,19.9,39.3,11.99
789,4.257484898736022,3,17.55,6.74,18.43,10.82,5.89,15.58,5.57,13.71,19.9,41.84,11.94
790,4.257484898736022,3,17.7,6.83,18.59,10.87,5.99,15.71,5.63,13.71,20,45.88,12.08
791,4.257484898736022,3,17.7,6.8,18.51,10.91,5.94,15.58,5.61,13.71,20,41.58,11.94
792,4.257484898736022,3,15.88,5.89,17.43,9.66,5.07,14.18,4.88,12.96,18.69,38.36,10.87
793,4.257484898736022,3,16.97,6.47,18.04,10.53,5.6,15.14,5.3,13.54,19.42,39.79,11.52
794,4.257484898736022,3,17.78,6.91,18.59,11.08,6.07,15.91,5.75,13.65,20.09,43.78,12.13
795,4.257484898736022,3,17.85,6.94,18.51,11.13,6.12,15.91,5.75,13.71,20.09,43.22,12.13
796,4.257484898736022,3,17.93,6.99,18.75,11.13,6.14,15.97,5.77,13.82,20.19,42.38,12.23
797,4.257484898736022,3,17.48,6.77,18.43,10.87,5.97,15.65,5.61,13.6,19.9,42.38,11.99
798,4.257484898736022,3,17.63,6.88,18.59,11.04,6.04,15.78,5.68,13.76,20,42.11,12.08
799,4.257484898736022,3,17.78,6.94,18.67,11.08,6.07,15.84,5.7,13.82,20.09,43.22,12.08
800,4.257484898736022,3,17.48,6.77,18.43,10.91,5.92,15.58,5.59,13.6,19.8,43.22,12.03
801,4.257484898736022,3,17.78,6.94,18.67,11.08,6.09,15.91,5.7,13.82,20.09,41.58,12.23
802,4.257484898736022,3,17.85,6.91,18.59,11,6.04,15.84,5.68,13.71,20,42.66,12.13
803,4.257484898736022,3,17.48,6.69,18.19,10.78,5.87,15.52,5.5,13.49,19.71,41.32,11.94
804,4.257484898736022,3,17.7,6.85,18.51,10.95,5.99,15.71,5.59,13.65,19.9,41.05,12.13
805,4.257484898736022,3,17.78,6.85,18.59,10.95,6.02,15.78,5.63,13.76,20,41.32,12.18
806,4.257484898736022,3,17.7,6.83,18.51,10.95,5.99,15.71,5.61,13.65,19.9,41.32,11.99
807,4.257484898736022,3,17.7,6.88,18.59,11,6.02,15.78,5.63,13.76,20,41.84,12.23
808,4.257484898736022,3,17.85,6.94,18.67,11,6.09,15.84,5.68,13.93,20.09,42.11,12.13
809,4.257484898736022,3,18,6.99,18.67,11.04,6.12,15.91,5.73,13.88,20.19,40.54,12.23
810,4.257484898736022,3,18.08,7.02,18.83,11.13,6.17,16.04,5.77,13.93,20.19,42.66,12.23
811,4.257484898736022,3,17.93,7.02,18.75,11.17,6.17,16.04,5.75,13.71,20.19,42.38,12.32
812,4.257484898736022,3,18,6.99,18.67,11.13,6.14,15.97,5.68,13.82,20.19,42.66,12.27
813,4.257484898736022,3,17.7,6.88,18.59,10.91,6.04,15.78,5.63,13.76,20,41.84,12.08
814,4.257484898736022,3,17.55,6.8,18.35,10.95,5.97,15.65,5.54,13.49,19.8,40.29,11.99
815,4.257484898736022,3,17.04,6.58,18.11,10.61,5.7,15.26,5.34,13.33,19.52,42.11,11.75
816,4.257484898736022,3,18,7.05,18.83,11.13,6.17,16.04,5.75,13.99,20.19,42.66,12.32
817,4.257484898736022,3,16.08,6.06,17.58,10.05,5.23,14.53,4.98,13.01,18.87,39.06,11.12
818,4.257484898736022,3,16.15,6.06,17.51,10.05,5.23,14.59,4.98,13.06,18.78,38.12,11.21
819,4.257484898736022,3,18.16,7.05,18.75,11.3,6.19,16.17,5.8,13.82,20.09,42.11,12.47
820,4.257484898736022,3,16.35,6.09,17.58,10.12,5.28,14.65,5,13.06,18.78,38.83,11.26
821,4.257484898736022,3,16.21,6.16,17.66,10.16,5.32,14.77,5.06,13.11,18.87,40.04,11.3
822,4.257484898736022,3,15.95,5.94,17.36,9.89,5.12,14.47,4.9,12.91,18.6,39.06,11.04
823,4.257484898736022,3,15.95,5.86,17.36,9.66,5.05,14.36,4.86,12.91,18.51,38.36,10.87
824,4.257484898736022,3,15.56,5.74,17,9.7,4.94,14.18,4.76,15.12,18.17,36.78,10.78
825,4.257484898736022,3,15.95,5.96,17.29,10.05,5.16,14.53,4.92,15.83,18.43,35.93,11.04
826,4.257484898736022,3,16.21,6.06,17.43,10.16,5.28,14.71,5,16.02,18.6,38.36,11.17
827,4.257484898736022,3,15.56,5.72,17.07,9.73,4.94,14.24,4.76,12.65,18.25,37.67,10.74
828,4.257484898736022,3,15.69,5.81,17.07,9.85,5.03,14.36,4.84,12.65,18.25,37.44,10.87
829,4.257484898736022,3,15.82,5.86,17.21,9.89,5.07,14.47,4.86,12.65,18.43,38.36,10.95
830,4.257484898736022,3,15.69,5.76,17,9.77,4.99,14.3,4.78,12.7,18.25,38.12,10.82
831,4.257484898736022,3,15.62,5.72,17,9.73,4.94,14.3,4.74,12.45,18.25,38.83,10.74
832,4.257484898736022,3,15.69,5.76,16.93,9.77,5.01,14.36,4.82,12.75,18.25,37.44,10.78
833,4.257484898736022,3,15.88,5.89,17.14,10.01,5.12,14.53,4.9,12.7,18.34,37,10.95
834,4.257484898736022,3,15.75,5.84,17.07,9.93,5.07,14.47,4.86,12.65,18.34,39.79,10.87
835,4.257484898736022,3,15.88,5.94,17,9.97,5.16,14.59,4.92,12.65,18.34,35.93,10.91
836,4.257484898736022,3,17.63,6.88,18.35,11.13,6.07,16.17,5.7,13.82,19.71,41.84,12.13
837,4.257484898736022,3,16.9,6.5,17.51,10.74,5.67,15.39,5.32,12.85,19.05,37.44,11.57
838,4.257484898736022,3,17.11,6.58,17.88,10.74,5.77,15.52,5.45,13.17,19.23,40.29,11.71
839,4.257484898736022,3,17.04,6.5,17.81,10.57,5.75,15.45,5.39,13.22,19.14,39.06,11.62
840,4.257484898736022,3,16.9,6.5,17.58,10.53,5.67,15.39,5.32,13.71,19.05,40.29,11.48
841,4.942929912481451,3,16.83,6.42,17.73,10.49,5.63,15.26,5.26,13.01,19.05,39.3,11.57
842,4.942929912481451,3,17.7,6.85,18.35,11.08,6.02,15.91,5.61,13.49,19.61,40.8,12.13
843,4.942929912481451,3,16.28,5.91,17.21,9.93,5.12,14.47,4.86,12.7,18.34,35.51,10.61
844,4.942929912481451,3,17.4,6.72,18.04,10.82,5.89,15.78,5.52,13.22,19.42,39.79,11.8
845,4.942929912481451,3,18.08,7.08,18.51,11.49,6.25,16.31,5.8,13.6,19.71,41.05,12.47
846,4.942929912481451,3,16.42,6.21,17.43,10.32,5.39,14.83,5.06,12.85,18.6,38.36,11.26
847,4.942929912481451,3,18.55,7.31,18.83,11.76,6.45,16.65,5.98,13.82,20.09,42.94,12.67
848,4.942929912481451,3,18.16,7.11,18.59,11.49,6.27,16.31,5.8,13.6,19.8,41.58,12.42
849,4.942929912481451,3,17.4,6.72,18.04,11,5.89,15.65,5.45,13.11,19.23,40.8,11.94
850,4.942929912481451,3,17.93,6.99,18.43,11.3,6.17,16.11,5.68,13.49,19.61,41.32,12.37
851,4.942929912481451,3,17.63,6.88,18.27,11.08,6.02,15.91,5.57,13.38,19.42,39.79,12.18
852,4.942929912481451,3,17.78,6.94,18.35,11.26,6.09,16.04,5.63,13.6,19.52,39.06,12.23
853,4.942929912481451,3,17.93,6.99,18.51,11.35,6.14,16.11,5.68,13.71,19.61,41.32,12.32
854,4.942929912481451,3,17.93,6.99,18.51,11.3,6.14,16.11,5.68,13.6,19.61,39.3,12.23
855,4.942929912481451,3,18,7.05,18.59,11.35,6.17,16.17,5.7,13.65,19.71,41.58,12.37
856,4.942929912481451,3,17.78,6.97,18.51,11.26,6.09,16.04,5.63,13.6,19.61,41.58,12.23
857,4.942929912481451,3,17.85,6.99,18.51,11.08,6.14,16.04,5.63,13.54,19.61,41.32,12.32
858,4.942929912481451,3,16.97,6.47,17.88,10.65,5.63,15.26,5.21,13.17,18.87,40.04,11.66
859,4.942929912481451,3,16.48,6.29,17.43,10.41,5.41,14.95,5.04,12.85,18.6,38.83,11.34
860,4.942929912481451,3,17.7,6.85,18.67,10.91,5.99,15.97,5.61,13.82,19.61,40.8,12.23
861,4.942929912481451,3,16.69,6.34,17.66,10.49,5.51,15.14,5.15,13.01,18.69,39.79,11.39
862,4.942929912481451,3,16.01,5.99,17.36,9.85,5.16,14.59,4.88,12.7,18.43,37.67,11.04
863,4.942929912481451,3,15.75,5.89,17.21,9.97,5.07,14.53,4.82,13.11,18.25,37.67,11.17
864,4.942929912481451,3,16.01,6.09,17.51,10.16,5.28,14.83,5,12.8,18.43,38.12,11.17
865,4.942929912481451,3,15.88,6.04,17.36,9.93,5.21,14.77,4.94,12.8,18.43,39.3,10.99
866,4.942929912481451,3,16.01,5.99,17.29,9.89,5.18,14.71,4.9,12.75,18.34,38.36,10.99
867,4.942929912481451,3,15.75,5.94,17.21,9.93,5.12,14.89,4.88,12.7,18.25,38.83,10.95
868,4.942929912481451,3,16.08,6.11,17.36,10.12,5.3,15.02,5,12.85,18.51,39.06,11.21
869,4.942929912481451,3,16.35,6.16,17.58,10.16,5.34,15.26,5.06,12.85,18.6,41.32,11.21
870,4.942929912481451,3,17.19,6.53,17.96,10.74,5.84,16.04,5.36,13.27,19.05,40.54,11.66
871,4.942929912481451,3,17.19,6.69,17.96,10.95,5.87,16.04,5.45,13.22,19.23,40.04,11.75
872,4.942929912481451,3,17.04,6.58,17.81,10.82,5.77,15.97,5.34,12.96,19.05,41.05,11.71
873,4.942929912481451,3,16.97,6.55,17.88,10.82,5.75,15.84,5.32,13.17,19.05,41.58,11.57
874,4.942929912481451,3,17.78,6.99,18.43,11.3,6.17,16.58,5.68,13.49,19.61,41.32,12.18
875,4.942929912481451,3,17.19,6.69,18.04,10.91,5.89,15.97,5.41,13.17,19.23,39.79,11.71
876,4.942929912481451,3,17.04,6.63,17.96,10.87,5.82,15.91,5.36,13.17,19.05,39.55,11.62
877,4.942929912481451,3,17.55,6.91,18.27,11.22,6.04,16.38,5.57,13.33,19.42,41.05,11.94
878,4.942929912481451,3,16.35,6.26,17.43,10.45,5.44,15.14,5.04,12.85,18.51,38.83,11.12
879,4.942929912481451,3,17.7,6.99,18.59,11.3,6.12,16.31,5.63,13.65,19.61,40.54,12.03
880,4.942929912481451,3,16.69,6.45,17.81,10.61,5.63,15.45,5.21,13.44,18.78,39.55,11.34
881,4.942929912481451,3,16.62,6.42,17.81,10.57,5.53,15.45,5.19,13.01,18.78,39.3,11.34
882,4.942929912481451,3,16.83,6.61,17.88,10.82,5.75,15.78,5.34,13.06,18.87,39.55,11.48
883,4.942929912481451,3,16.21,6.24,17.58,10.28,5.44,15.26,5.09,12.8,18.51,39.79,11.08
884,4.942929912481451,3,16.15,6.21,17.51,10.28,5.39,15.02,5.04,12.85,18.43,38.83,10.99
885,4.942929912481451,3,16.28,6.26,17.58,10.41,5.48,15.14,5.11,12.96,18.43,39.06,11.12
886,4.942929912481451,3,17.85,7.14,18.59,11.49,6.3,16.51,5.75,14.81,19.52,41.58,12.18
887,4.942929912481451,3,17.85,7.16,18.51,11.53,6.3,16.51,5.77,16.78,19.52,42.38,12.18
888,4.942929912481451,3,17.78,7.11,18.51,11.44,6.27,16.38,5.73,16.86,19.42,41.05,12.13
889,4.942929912481451,3,15.75,6.04,17.21,10.08,5.23,14.71,4.86,15.69,18.08,37.22,10.82
890,4.942929912481451,3,15.82,5.96,17.21,10.01,5.16,14.65,4.86,12.55,18,36.78,10.74
891,4.942929912481451,3,15.82,5.99,17.21,10.05,5.18,14.77,4.88,12.55,18.08,37,10.7
892,4.942929912481451,3,15.82,6.01,17.29,10.05,5.18,14.77,4.88,12.8,18.08,37.22,10.74
893,4.942929912481451,3,15.75,5.99,17.29,10.01,5.18,14.71,4.88,12.65,18.08,35.31,10.65
894,4.942929912481451,3,15.43,5.86,17,9.89,5.07,14.53,4.78,12.5,17.91,36.57,10.57
895,4.942929912481451,3,15.69,5.96,17.07,10.01,5.18,14.77,4.88,14.81,18,37,10.65
896,4.942929912481451,3,15.62,5.89,17,9.89,5.12,14.71,4.82,12.45,18,36.57,10.57
897,4.942929912481451,3,15.88,5.99,17.14,10.01,5.21,14.95,4.9,12.6,18.08,36.78,10.61
898,4.942929912481451,3,15.95,6.09,17.21,10.2,5.23,15.26,4.94,12.7,18.25,37,10.87
899,4.942929912481451,3,17.11,6.69,18.04,10.78,5.87,16.17,5.48,13.38,19.14,39.06,11.62
900,4.942929912481451,3,16.76,6.5,17.51,10.78,5.7,15.91,5.28,12.75,18.6,39.55,11.3
901,5.095707786858631,4,16.48,6.34,17.36,10.41,5.53,15.58,5.15,15,18.34,38.83,11.12
902,5.095707786858631,4,17.78,7.05,18.35,11.26,6.22,16.65,5.7,15.83,19.33,40.8,11.99
903,5.095707786858631,4,17.26,6.8,18.04,11.13,5.97,16.17,5.48,15.18,18.96,40.29,11.66
904,5.095707786858631,4,17.55,6.91,18.11,11.26,6.09,16.38,5.54,13.06,19.14,40.54,11.85
905,5.095707786858631,4,17.48,6.88,18.11,11.22,6.04,16.31,5.5,13.11,19.05,40.04,11.85
906,5.095707786858631,4,16.69,6.47,17.73,10.65,5.63,15.58,5.19,13.93,18.51,38.12,11.3
907,5.095707786858631,4,17.48,6.91,18.19,11.22,6.04,16.31,5.57,14.69,19.14,43.22,11.85
908,5.095707786858631,4,16.62,6.47,17.43,10.74,5.65,15.71,5.19,13.01,18.51,39.06,11.26
909,5.095707786858631,4,16.97,6.66,17.88,10.91,5.82,15.91,5.34,12.85,18.78,39.79,11.43
910,5.095707786858631,4,17.19,6.77,18.04,11.08,5.92,16.17,5.43,13.11,18.96,41.32,11.66
911,5.095707786858631,4,17.11,6.74,17.96,11.08,5.92,16.11,5.41,13.01,18.87,43.78,11.52
912,5.095707786858631,4,17.26,6.83,18.04,11.17,5.97,16.31,5.48,13.17,18.96,39.55,11.71
913,5.095707786858631,4,17.04,6.72,17.96,11.04,5.87,15.97,5.36,13.11,18.87,39.06,11.52
914,5.095707786858631,4,17.93,6.8,18.04,11.13,5.97,16.17,5.45,13.33,18.96,39.79,11.62
915,5.095707786858631,4,17.26,6.8,18.04,11.17,5.92,16.04,5.41,13.11,18.96,42.38,11.66
916,5.095707786858631,4,17.93,6.83,18.11,11.17,5.97,16.17,5.43,13.22,18.96,40.29,11.75
917,5.095707786858631,4,17.4,6.88,18.19,11.26,6.02,16.31,5.57,13.38,19.05,43.5,11.85
918,5.095707786858631,4,17.48,6.91,18.27,11.26,6.04,16.31,5.52,13.22,19.14,40.29,11.85
919,5.095707786858631,4,17.11,6.74,18.04,11.04,5.89,16.04,5.39,13.11,19.05,39.06,11.62
920,5.095707786858631,4,17.48,6.91,18.19,11.26,6.04,16.31,5.5,13.71,19.14,40.29,11.85
921,5.095707786858631,4,17.48,6.94,18.19,11.3,6.09,16.38,5.52,13.27,19.14,40.54,11.85
922,5.095707786858631,4,16.83,6.61,17.88,10.87,5.75,15.84,5.28,13.01,18.69,39.06,11.43
923,5.095707786858631,4,17.26,6.85,18.11,11.17,5.99,16.24,5.48,13.22,18.96,39.79,11.75
924,5.095707786858631,4,15.88,6.09,17.07,10.24,5.25,14.95,4.84,15.31,18,37.22,10.74
925,5.095707786858631,4,16.97,6.66,17.81,10.95,5.82,15.97,5.36,13.54,18.78,39.3,11.52
926,5.095707786858631,4,16.9,6.63,17.73,10.91,5.77,15.91,5.28,12.75,18.69,39.06,11.48
927,5.095707786858631,4,16.83,6.63,17.73,10.78,5.77,15.71,5.28,15.63,18.51,38.59,11.43
928,5.095707786858631,4,17.33,6.69,17.81,10.95,5.87,15.97,5.32,12.85,18.69,38.83,11.52
929,5.095707786858631,4,16.01,6.14,17,10.28,5.3,15.02,4.86,12.45,17.91,37.44,10.78
930,5.095707786858631,4,17.4,6.88,18.04,11.22,6.02,16.31,5.5,13.06,18.6,40.54,11.57
931,5.095707786858631,4,17.7,6.99,18.27,11.39,6.17,16.51,5.61,13.22,18.87,40.29,11.99
932,5.095707786858631,4,17.4,6.94,18.11,11.26,6.04,16.31,5.5,13.06,18.78,41.32,11.85
933,5.095707786858631,4,17.7,7.05,18.27,11.39,6.17,16.51,5.59,13.33,18.87,45.26,12.13
934,5.095707786858631,4,17.48,6.91,18.35,11.22,6.04,16.31,5.52,13.33,18.87,39.3,11.75
935,5.095707786858631,4,17.7,7.08,18.35,11.49,6.22,16.58,5.61,13.22,18.78,38.12,12.13
936,5.095707786858631,4,15.62,5.96,17,10.05,5.14,14.71,4.72,12.35,17.67,36.78,10.65
937,5.095707786858631,4,16.42,6.37,17.43,10.49,5.53,15.45,5.11,15.37,18,36.35,11.21
938,5.095707786858631,4,15.69,5.99,17.07,10.05,5.16,14.89,4.78,12.3,17.5,36.35,10.74
939,5.095707786858631,4,15.56,5.94,16.79,9.97,5.1,14.83,4.76,12.21,17.42,34.51,10.61
940,5.095707786858631,4,16.01,6.16,17.21,10.24,5.32,15.26,4.96,12.7,17.75,36.78,10.95
941,5.095707786858631,4,15.62,5.99,16.93,10.01,5.18,14.95,4.82,15,17.42,36.14,10.74
942,5.095707786858631,4,15.75,6.04,16.93,10.05,5.23,15.02,4.84,15.18,17.5,36.57,10.74
943,5.095707786858631,4,16.01,6.19,17.14,10.2,5.34,15.26,4.96,15.44,17.75,37.22,10.91
944,5.095707786858631,4,15.24,5.79,16.86,9.73,4.99,14.65,4.66,14.93,17.1,35.51,10.45
945,5.095707786858631,4,15.43,5.86,16.79,9.85,5.05,14.83,4.72,12.6,17.34,34.12,10.53
946,5.095707786858631,4,14.69,5.48,16.3,9.36,4.71,14.13,4.43,14.69,16.79,33.74,9.89
947,5.095707786858631,4,14.87,5.55,16.37,9.4,4.75,14.36,4.46,15.25,16.87,34.71,10.13
948,5.095707786858631,4,14.94,5.55,16.37,9.4,4.75,14.42,4.48,15.25,16.95,34.31,10.13
949,5.095707786858631,4,15.43,5.81,16.79,9.7,5.01,14.77,4.7,15.83,17.26,35.51,10.49
950,5.095707786858631,4,15.43,5.86,16.72,9.77,5.05,14.89,4.74,15.44,17.34,35.51,10.57
951,5.095707786858631,4,14.75,5.48,16.17,9.29,4.73,14.3,4.43,14.87,16.79,33.93,10.09
952,5.095707786858631,4,14.69,5.55,16.24,9.36,4.75,14.47,4.48,14.87,16.87,34.51,10.13
953,5.095707786858631,4,15.06,5.72,16.44,9.62,4.92,14.71,4.64,15,17.1,33.74,10.37
954,5.095707786858631,4,15.24,5.86,16.51,9.77,5.05,14.89,4.72,15.12,17.18,35.51,10.53
955,5.095707786858631,4,15.18,5.76,16.44,9.7,5.01,14.77,4.64,13.01,17.18,35.11,10.41
956,5.095707786858631,4,15,5.76,16.1,9.58,4.96,14.59,4.64,14.05,16.72,34.12,10.33
957,5.095707786858631,4,15,5.76,16.03,9.58,4.96,14.53,4.64,15,16.64,33.93,10.29
958,5.095707786858631,4,14.87,5.72,16.03,9.58,4.94,14.47,4.6,12.45,16.57,33.93,10.21
959,5.095707786858631,4,14.87,5.72,16.03,9.55,4.92,14.53,4.62,12.06,16.64,33.55,10.17
960,5.095707786858631,4,14.94,5.72,16.03,9.55,4.94,14.53,4.62,12.11,16.64,33.74,10.21
961,5.1317081826527025,4,14.94,5.72,16.1,9.55,4.92,14.53,4.6,12.11,16.64,37.67,10.21
962,5.1317081826527025,4,14.94,5.72,16.1,9.55,4.9,14.53,4.62,12.45,16.64,34.12,10.25
963,5.1317081826527025,4,14.87,5.69,16.03,9.47,4.9,14.53,4.6,12.06,16.64,34.12,10.21
964,5.1317081826527025,4,14.94,5.72,16.17,9.55,4.92,14.53,4.62,12.11,16.64,32.27,10.25
965,5.1317081826527025,4,15.06,5.74,16.37,9.62,4.94,14.65,4.66,12.11,16.72,34.71,10.29
966,5.1317081826527025,4,14.52,5.43,15.84,9.22,4.64,14.13,4.41,11.97,16.34,33.55,9.81
967,5.1317081826527025,4,14.46,5.43,15.84,9.22,4.62,14.18,4.41,11.82,16.34,33.36,9.89
968,5.1317081826527025,4,14.52,5.45,15.84,9.25,4.66,14.24,4.41,11.87,16.34,33.93,9.89
969,5.1317081826527025,4,14.46,5.43,15.77,9.22,4.64,14.18,4.41,11.92,16.34,33.17,9.81
970,5.1317081826527025,4,14.46,5.41,15.71,9.14,4.62,14.13,4.39,11.78,16.2,31.57,9.78
971,5.1317081826527025,4,14.52,5.45,15.77,9.14,4.66,14.18,4.43,11.73,16.27,32.99,9.81
972,5.1317081826527025,4,14.52,5.45,15.77,9.29,4.68,14.24,4.44,11.87,16.27,34.12,9.81
973,5.1317081826527025,4,14.52,5.48,15.84,9.29,4.68,14.3,4.46,11.78,16.34,32.09,9.85
974,5.1317081826527025,4,14.58,5.57,15.71,9.22,4.77,14.42,4.54,11.69,31.32,32.99,9.89
975,5.1317081826527025,4,14.52,5.48,15.71,9.14,4.68,14.3,4.5,11.82,16.42,32.81,9.78
976,5.1317081826527025,4,14.46,5.48,15.71,9.11,4.68,14.3,4.44,11.97,16.34,32.99,9.74
977,5.1317081826527025,4,15.06,5.76,16.1,9.58,4.99,14.77,4.7,12.06,16.64,34.71,10.17
978,5.1317081826527025,4,14.81,5.62,15.9,9.43,4.81,14.47,4.56,11.78,16.42,34.12,9.93
979,5.1317081826527025,4,15.06,5.76,16.03,9.62,4.96,14.77,4.68,11.87,16.57,37.44,10.17
980,5.1317081826527025,4,14.28,5.57,16.03,9.43,4.77,14.59,4.54,11.82,16.64,34.51,9.93
981,5.1317081826527025,4,14.46,5.5,16.03,9.4,4.71,14.47,4.5,11.78,16.57,34.71,9.85
982,5.1317081826527025,4,15.18,5.89,16.44,9.81,5.05,15.02,4.78,12.4,17.1,33.55,10.33
983,5.1317081826527025,4,14.75,5.84,16.44,9.81,5.03,15.02,4.76,12.16,17.1,35.11,10.29
984,5.1317081826527025,4,15.06,5.84,16.44,9.81,4.99,15.08,4.76,12.16,17.03,35.11,10.33
985,5.1317081826527025,4,15,5.81,16.37,9.77,4.99,15.08,4.74,12.11,16.95,34.71,10.33
986,5.1317081826527025,4,15.18,5.89,16.51,9.89,5.07,15.2,4.8,12.21,17.03,34.71,10.45
987,5.1317081826527025,4,15.12,5.89,16.51,9.85,5.07,15.2,4.8,12.16,16.95,33.93,10.41
988,5.1317081826527025,4,15.12,5.94,16.58,9.93,5.12,15.26,4.82,12.21,17.03,34.91,10.49
989,5.1317081826527025,4,14.75,5.74,16.24,9.7,4.92,14.89,4.66,11.92,16.64,34.91,10.29
990,5.1317081826527025,4,14.46,5.64,16.24,9.55,4.83,14.71,4.62,12.25,16.57,32.99,10.09
991,5.1317081826527025,4,14.28,5.6,16.17,9.51,4.79,14.65,4.56,12.11,16.49,34.12,10.09
992,5.1317081826527025,4,14.23,5.55,16.17,9.43,4.73,14.59,4.54,11.87,16.49,33.93,9.97
993,5.1317081826527025,4,14.23,5.57,16.24,9.4,4.77,14.59,4.58,13.17,16.42,33.74,10.01
994,5.1317081826527025,4,14.28,5.64,16.3,9.58,4.83,14.83,4.64,11.97,16.57,34.12,9.97
995,5.1317081826527025,4,14.28,5.64,16.37,9.66,4.83,14.83,4.64,11.97,16.57,33.93,9.93
996,5.1317081826527025,4,14.81,5.94,16.65,9.93,5.1,15.26,4.84,12.3,16.87,34.51,10.37
997,5.1317081826527025,4,14.52,5.72,16.44,9.66,4.9,14.89,4.68,12.01,16.72,34.91,10.21
998,5.1317081826527025,4,14.94,5.96,16.79,9.89,5.12,15.33,4.88,12.3,16.95,34.91,10.41
999,5.1317081826527025,4,14.75,5.96,16.79,10.01,5.12,15.33,4.88,12.01,16.64,35.11,10.45
1000,5.1317081826527025,4,14.4,5.69,16.44,9.62,4.88,14.89,4.68,11.97,16.72,34.31,10.09
1001,5.1317081826527025,4,14.23,5.55,16.24,9.43,4.75,14.65,4.58,11.92,16.49,33.55,10.01
1002,5.1317081826527025,4,14.28,5.57,16.3,9.47,4.77,14.71,4.62,11.87,16.49,34.91,9.74
1003,5.1317081826527025,4,13.03,5.62,16.3,9.51,4.81,14.77,4.62,11.92,16.42,33.74,10.01
1004,5.1317081826527025,4,14.23,5.64,16.3,9.62,4.83,14.83,4.64,11.92,16.34,34.12,10.01
1005,5.1317081826527025,4,14.23,5.6,16.3,9.58,4.77,14.77,4.62,11.92,16.12,33.93,9.93
1006,5.1317081826527025,4,14.28,5.6,16.3,9.58,4.77,14.77,4.62,11.97,16.12,33.74,10.05
1007,5.1317081826527025,4,14.34,5.62,16.3,9.58,4.79,14.77,4.64,11.92,16.12,34.31,10.09
1008,5.1317081826527025,4,14.06,5.72,16.3,9.77,4.9,14.89,4.74,11.92,32.52,33.55,10.17
1009,5.1317081826527025,4,14.17,5.67,16.24,9.55,4.85,14.89,4.7,11.78,26.99,33.93,10.09
1010,5.1317081826527025,4,14.28,5.55,16.1,9.43,4.75,14.71,4.6,11.73,25.52,33.36,9.97
1011,5.1317081826527025,4,14.34,5.55,16.24,9.43,4.75,14.77,4.6,11.87,14.83,33.74,9.89
1012,5.1317081826527025,4,14.34,5.57,16.24,9.47,4.75,14.77,4.62,11.87,14.83,35.31,9.97
1013,5.1317081826527025,4,14.52,5.64,16.3,9.58,4.83,14.95,4.72,12.01,14.96,33.17,9.93
1014,5.1317081826527025,4,14.46,5.67,16.37,9.58,4.83,14.89,4.7,12.01,15.02,34.91,9.97
1015,5.1317081826527025,4,14.4,5.62,16.3,9.55,4.79,14.89,4.68,11.92,15.02,33.36,9.85
1016,5.1317081826527025,4,14.46,5.67,16.3,9.55,4.83,14.95,4.72,11.87,15.02,32.63,9.93
1017,5.1317081826527025,4,14.64,5.79,16.37,9.77,4.94,15.14,4.82,11.97,15.15,34.51,10.17
1018,5.1317081826527025,4,14.81,5.86,16.58,9.85,5.03,15.2,4.88,12.11,15.29,35.11,10.37
1019,5.1317081826527025,4,15.82,6.39,17.21,10.49,5.51,16.11,5.3,12.5,15.84,37.67,10.99
1020,5.1317081826527025,4,16.76,6.91,17.66,11.26,6.02,16.86,5.63,12.6,16.34,38.59,11.52
1021,5.158727049897808,4,16.76,6.91,17.73,11.26,6.04,16.86,5.68,12.8,16.34,38.59,11.57
1022,5.158727049897808,4,16.28,6.88,17.66,11.22,5.99,16.79,5.61,13.06,16.34,38.36,11.66
1023,5.158727049897808,4,15.62,6.47,16.93,10.74,5.6,16.11,5.26,12.16,15.84,35.51,10.95
1024,5.158727049897808,4,16.21,6.8,17.66,11.04,5.92,16.65,5.54,12.8,16.34,38.12,11.26
1025,5.158727049897808,4,16.35,6.88,17.73,11.08,5.99,16.72,5.57,12.75,16.34,37.9,11.52
1026,5.158727049897808,4,15.31,6.14,16.72,10.2,5.28,15.52,4.94,12.06,15.56,35.72,10.57
1027,5.158727049897808,4,15.82,6.37,17,10.57,5.51,15.97,5.19,12.3,15.84,36.57,10.95
1028,5.158727049897808,4,16.76,6.91,17.81,11,5.99,16.65,5.54,12.8,16.2,38.36,11.39
1029,5.158727049897808,4,16.42,6.77,17.51,11.08,5.87,16.51,5.48,12.5,16.2,37.67,11.39
1030,5.158727049897808,4,16.35,6.69,17.51,10.91,5.79,16.38,5.41,12.7,16.12,37.9,11.48
1031,5.158727049897808,4,16.69,6.85,17.73,11.17,5.97,16.72,5.57,12.75,16.34,38.36,11.62
1032,5.158727049897808,4,16.9,6.85,17.81,11.08,5.97,16.72,5.59,12.75,16.34,41.05,11.52
1033,5.158727049897808,4,16.69,6.88,17.73,11.08,5.97,16.72,5.57,12.96,16.34,38.59,11.48
1034,5.158727049897808,4,14.75,5.79,16.58,9.85,4.9,14.95,4.7,11.82,15.22,34.51,10.25
1035,5.158727049897808,4,14.81,5.81,16.58,9.85,4.94,15.02,4.74,11.92,15.29,34.71,10.25
1036,5.158727049897808,4,15.12,6.01,16.65,10.16,5.1,15.39,4.92,11.97,15.49,35.11,10.45
1037,5.158727049897808,4,14.69,5.76,16.44,9.7,4.9,15.02,4.78,11.87,15.22,33.93,10.09
1038,5.158727049897808,4,14.4,5.57,16.24,9.47,4.73,14.77,4.64,11.73,15.35,33.36,9.93
1039,5.158727049897808,4,14.34,5.52,16.17,9.55,4.71,14.71,4.6,11.78,15.15,32.99,9.51
1040,5.158727049897808,4,14.34,5.52,16.1,9.55,4.66,14.77,4.62,11.82,15.15,34.31,9.93
1041,5.158727049897808,4,14.34,5.6,16.17,9.62,4.73,14.83,4.64,11.78,15.22,33.36,10.01
1042,5.158727049897808,4,14.46,5.62,16.3,9.7,4.75,14.95,4.72,11.82,15.22,34.31,10.01
1043,5.158727049897808,4,14.58,5.64,16.3,9.7,4.81,15.02,4.76,11.87,15.22,33.74,9.97
1044,5.158727049897808,4,16.35,6.74,17.96,11.08,5.72,16.58,5.52,12.8,16.34,37.22,11.39
1045,5.158727049897808,4,16.35,6.69,17.36,11.08,5.79,16.65,5.5,12.5,16.27,38.36,11.34
1046,5.158727049897808,4,15.12,5.99,16.58,10.2,5.1,15.45,4.94,11.97,15.49,34.51,10.49
1047,5.158727049897808,4,16.9,6.97,17.73,11.44,6.04,17.08,5.7,12.85,16.57,36.14,11.75
1048,5.158727049897808,4,15.88,6.42,17,10.74,5.53,16.11,5.19,12.3,15.91,36.78,11.08
1049,5.158727049897808,4,16.08,6.5,17.21,10.87,5.6,16.24,5.3,12.4,15.98,37,11.17
1050,5.158727049897808,4,16.76,6.91,17.81,11.35,5.97,16.93,5.63,12.96,16.64,38.12,11.62
1051,5.158727049897808,4,16.55,6.94,17.73,11.39,5.99,17.01,5.63,12.96,16.49,38.59,11.75
1052,5.158727049897808,4,16.62,7.02,17.73,11.49,6.07,17.08,5.66,12.8,16.57,37.22,11.85
1053,5.158727049897808,4,15.37,6.09,16.65,10.32,5.14,15.45,4.9,12.11,15.56,35.51,10.65
1054,5.158727049897808,4,16.48,6.77,17.43,11.3,5.79,16.65,5.48,12.65,16.27,37.67,11.39
1055,5.158727049897808,4,16.48,6.77,17.58,11.17,5.79,16.72,5.5,12.75,16.42,38.12,11.43
1056,5.158727049897808,4,16.9,6.99,17.81,11.49,6.02,17.01,5.73,12.8,16.57,38.83,11.75
1057,5.158727049897808,4,17.04,7.05,17.88,11.53,6.04,17.08,5.66,12.85,16.64,38.83,11.71
1058,5.158727049897808,4,17.04,7.05,17.88,11.58,6.07,17.08,5.66,12.85,16.64,39.3,11.75
1059,5.158727049897808,4,17.04,7.08,17.88,11.62,6.09,17.15,5.66,12.8,16.64,39.06,11.75
1060,5.158727049897808,4,17.11,7.08,17.96,11.62,6.09,17.15,5.7,12.91,16.72,39.06,11.71
1061,5.158727049897808,4,17.11,7.11,17.96,11.62,6.09,17.15,5.66,12.85,16.64,39.06,11.66
1062,5.158727049897808,4,16.97,6.99,17.81,11.53,6.02,17.01,5.59,12.8,16.72,37.67,11.66
1063,5.158727049897808,4,16.97,6.99,17.88,11.53,5.99,17.01,5.57,12.75,16.64,38.36,11.62
1064,5.158727049897808,4,17.11,7.05,17.96,11.58,6.04,17.08,5.59,12.91,16.64,38.59,11.66
1065,5.158727049897808,4,16.21,6.53,17.29,10.91,5.53,16.24,5.23,12.45,16.12,37,10.99
1066,5.158727049897808,4,16.97,6.99,17.81,11.53,5.99,17.08,5.59,12.8,16.57,38.83,11.52
1067,5.158727049897808,4,17.33,7.19,18.04,11.72,6.17,17.3,5.73,12.96,16.79,39.55,11.8
1068,5.158727049897808,4,17.7,7.34,18.27,11.95,6.38,17.59,5.84,13.06,16.95,39.55,12.03
1069,5.158727049897808,4,17.63,7.34,18.27,11.95,6.3,17.59,5.82,13.11,17.03,39.55,11.94
1070,5.158727049897808,4,17.04,7.08,17.88,11.62,6.04,17.15,5.59,12.75,16.72,39.06,11.52
1071,5.158727049897808,4,15.31,6.09,16.58,10.37,5.1,15.45,4.78,11.82,15.56,35.51,10.37
1072,5.158727049897808,4,17.48,7.28,18.35,11.9,6.25,17.52,5.84,13.54,17.03,38.83,11.85
1073,5.158727049897808,4,17.55,7.31,18.27,11.95,6.27,17.59,5.82,13.44,16.95,39.79,11.89
1074,5.158727049897808,4,16.69,6.77,17.66,11.3,5.79,16.65,5.39,12.96,16.42,37.9,11.26
1075,5.158727049897808,4,17.55,7.25,18.11,11.86,6.22,17.52,5.77,13.11,16.87,40.8,11.8
1076,5.158727049897808,4,16.48,6.63,17.51,11.08,5.65,16.44,5.26,12.75,16.2,39.55,10.99
1077,5.158727049897808,4,16.83,6.88,17.81,11.35,5.87,16.93,5.5,12.91,16.49,38.12,11.43
1078,5.158727049897808,4,16.83,6.88,17.81,11.39,5.87,16.86,5.48,12.7,16.49,38.36,11.43
1079,5.158727049897808,4,17.26,6.91,17.81,11.44,5.92,16.93,5.5,12.85,16.49,38.36,11.34
1080,5.158727049897808,4,16.97,6.99,17.88,11.58,5.97,17.08,5.57,13.11,16.64,38.36,11.57
1081,5.184470594125643,4,16.9,6.91,17.81,11.44,5.89,16.93,5.48,12.85,16.49,38.59,11.48
1082,5.184470594125643,4,16.9,6.99,17.88,11.53,5.99,17.08,5.54,13.11,16.64,39.55,11.57
1083,5.184470594125643,4,17.4,6.97,17.88,11.53,5.94,17.08,5.52,12.85,16.57,38.59,11.48
1084,5.184470594125643,4,17.19,6.97,17.81,11.49,5.94,17.08,5.5,13.11,16.57,38.83,11.52
1085,5.184470594125643,4,17.11,6.97,17.81,11.53,5.97,17.01,5.52,13.17,16.57,42.11,11.48
1086,5.184470594125643,4,17.11,7.02,17.88,11.58,6.07,17.15,5.54,13.99,16.64,38.83,11.62
1087,5.184470594125643,4,16.9,6.99,17.88,11.58,5.99,17.15,5.52,13.17,16.64,38.83,11.52
1088,5.184470594125643,4,16.83,6.94,17.81,11.49,5.92,17.01,5.48,13.82,16.57,38.59,11.43
1089,5.184470594125643,4,16.97,6.94,17.81,11.49,5.94,17.01,5.48,13.88,16.57,38.12,11.43
1090,5.184470594125643,4,15.69,6.24,16.86,10.61,5.28,15.84,4.92,12.8,15.77,37.67,10.57
1091,5.184470594125643,4,15.75,6.24,17.07,10.57,5.28,15.91,4.98,13.33,15.84,34.71,10.7
1092,5.184470594125643,4,16.21,6.47,17.51,10.82,5.48,16.31,5.17,13.76,16.12,36.35,10.87
1093,5.184470594125643,4,15.43,6.06,16.79,10.32,5.1,15.71,4.86,13.22,15.63,33.74,10.37
1094,5.184470594125643,4,15.37,6.04,16.79,10.32,5.07,15.78,4.82,13.22,15.56,34.51,10.45
1095,5.184470594125643,4,15.43,6.09,16.86,10.37,5.12,15.78,4.9,13.27,15.63,35.51,10.49
1096,5.184470594125643,4,16.48,6.69,17.66,11.08,5.67,16.86,5.36,14.05,16.34,37.44,10.99
1097,5.184470594125643,4,17.11,7.02,17.88,11.58,5.99,17.37,5.59,13.88,16.64,38.59,11.8
1098,5.184470594125643,4,17.04,7.02,17.81,11.62,6.04,17.37,5.54,14.1,16.64,38.83,11.48
1099,5.184470594125643,4,17.19,7.11,17.96,11.76,6.09,17.44,5.59,14.39,16.72,39.06,11.94
1100,5.184470594125643,4,17.26,7.14,18.04,11.86,6.12,17.52,5.61,14.33,16.72,37.9,12.03
1101,5.184470594125643,4,17.11,7.08,17.88,11.67,6.07,17.37,5.54,14.33,16.64,38.83,11.85
1102,5.184470594125643,4,15.56,6.16,16.93,10.49,5.18,15.84,4.84,13.22,15.7,35.72,10.53
1103,5.184470594125643,4,16.08,6.42,17.07,10.87,5.44,16.31,5.11,13.6,16.05,36.14,11.21
1104,5.184470594125643,4,17.63,7.31,18.27,12,6.27,17.89,5.8,14.16,16.95,39.55,12.13
1105,5.184470594125643,4,17.11,7.02,17.88,11.62,5.99,17.3,5.52,13.88,16.57,38.59,11.75
1106,5.184470594125643,4,16.97,6.97,17.81,11.58,5.97,17.22,5.48,13.82,16.64,39.79,11.75
1107,5.184470594125643,4,16.9,6.97,17.81,11.53,5.94,17.22,5.45,13.82,16.57,36.35,11.75
1108,5.184470594125643,4,16.97,6.99,17.81,11.58,5.97,17.3,5.5,13.71,16.57,39.06,11.66
1109,5.184470594125643,4,17.04,7.02,17.88,11.62,5.99,17.3,5.5,14.05,16.64,39.06,11.62
1110,5.184470594125643,4,17.11,7.08,17.88,11.67,6.02,17.37,5.5,14.1,16.64,39.06,11.85
1111,5.184470594125643,4,17.26,7.14,17.96,11.76,6.04,17.37,5.54,13.49,16.72,39.06,11.94
1112,5.184470594125643,4,17.26,7.11,17.96,11.72,6.04,17.37,5.52,13.88,16.72,38.36,11.85
1113,5.184470594125643,4,17.19,7.11,17.96,11.72,6.02,17.37,5.52,13.82,16.72,38.83,11.85
1114,5.184470594125643,4,17.04,7.05,17.88,11.67,5.99,17.37,5.48,13.82,16.64,39.06,11.75
1115,5.184470594125643,4,17.26,7.11,17.96,11.72,6.04,17.44,5.52,13.93,16.72,38.36,11.8
1116,5.184470594125643,4,17.26,7.14,18.04,11.76,6.07,17.44,5.54,14.45,16.72,39.06,11.75
1117,5.184470594125643,4,17.11,7.05,17.88,11.67,6.04,17.37,5.48,12.8,16.64,38.36,11.85
1118,5.184470594125643,4,17.19,7.11,17.96,11.72,6.04,17.44,5.52,13.88,16.72,39.06,11.99
1119,5.184470594125643,4,16.83,6.91,17.73,11.49,5.84,17.08,5.36,13.6,16.49,38.36,11.43
1120,5.184470594125643,4,17.11,7.02,17.88,11.67,5.97,17.3,5.45,13.82,16.64,39.06,11.85
1121,5.184470594125643,4,17.48,7.25,18.11,11.95,6.17,17.67,5.61,14.16,16.95,40.54,12.03
1122,5.184470594125643,4,17.11,7.08,17.88,11.72,5.99,17.37,5.48,13.82,16.64,39.79,11.8
1123,5.184470594125643,4,17.19,7.11,17.96,11.76,6.07,17.44,5.5,13.82,16.64,38.59,11.94
1124,5.184470594125643,4,17.04,7.02,17.88,11.62,5.94,17.3,5.43,13.88,16.57,42.66,11.75
1125,5.184470594125643,4,17.26,7.08,17.96,11.76,6.02,17.44,5.5,13.88,16.72,39.06,11.8
1126,5.184470594125643,4,17.11,7.05,17.88,11.62,5.97,17.37,5.45,13.76,16.64,38.59,11.89
1127,5.184470594125643,4,17.11,7.05,17.88,11.67,5.97,17.37,5.45,13.76,16.64,38.83,11.89
1128,5.184470594125643,4,16.9,6.91,17.73,11.53,5.84,17.15,5.34,13.49,16.49,38.59,11.66
1129,5.184470594125643,4,16.97,6.97,17.73,11.58,5.92,17.22,5.41,13.65,16.57,38.36,11.75
1130,5.184470594125643,4,17.11,7.08,17.88,11.72,5.99,17.37,5.48,13.82,16.64,37,11.85
1131,5.184470594125643,4,17.04,7.05,17.88,11.67,5.97,17.3,5.43,13.76,16.64,39.55,11.75
1132,5.184470594125643,4,17.19,7.11,17.96,11.76,6.02,17.44,5.5,13.76,16.64,40.04,11.8
1133,5.184470594125643,4,17.19,7.11,17.96,11.76,6.02,17.44,5.48,13.82,16.64,39.06,11.89
1134,5.184470594125643,4,17.11,7.08,17.88,11.72,5.99,17.44,5.45,13.71,16.64,38.36,11.62
1135,5.184470594125643,4,17.4,7.19,18.11,11.9,6.12,17.67,5.54,13.76,16.79,39.55,11.85
1136,5.184470594125643,4,16.15,6.55,17.07,11.13,5.48,16.51,4.98,13.01,15.98,37.44,11.08
1137,5.184470594125643,4,17.19,7.08,17.96,11.76,5.99,17.44,5.45,13.76,16.64,39.06,11.62
1138,5.184470594125643,4,17.04,7.02,17.88,11.62,5.94,17.37,5.41,13.71,16.57,38.12,11.71
1139,5.184470594125643,4,16.9,6.97,17.81,11.58,5.89,17.22,5.34,13.6,16.49,38.59,11.52
1140,5.184470594125643,4,16.9,6.94,17.73,11.53,5.84,17.22,5.32,13.65,16.49,38.83,11.52
1141,5.213297919138807,4,16.9,6.94,17.73,11.58,5.84,17.22,5.34,13.65,16.49,38.36,11.57
1142,5.213297919138807,4,17.19,7.11,17.96,11.76,6.02,17.52,5.48,13.76,16.64,37.44,11.66
1143,5.213297919138807,4,17.11,7.08,17.88,11.72,5.97,17.44,5.41,13.82,16.57,38.59,11.34
1144,5.213297919138807,4,16.9,6.97,17.81,11.58,5.89,17.3,5.34,13.88,16.49,37.9,11.39
1145,5.213297919138807,4,16.97,6.99,17.81,11.62,5.92,17.37,5.36,13.88,16.49,38.83,11.48
1146,5.213297919138807,4,17.33,7.16,18.04,11.86,6.07,17.67,5.5,13.99,16.72,39.3,11.57
1147,5.213297919138807,4,17.04,7.02,17.81,11.72,5.94,17.44,5.39,13.99,16.57,38.83,11.21
1148,5.213297919138807,4,17.19,7.08,17.88,11.76,5.99,17.52,5.41,13.88,16.64,39.79,11.62
1149,5.213297919138807,4,17.26,7.11,17.96,11.76,6.02,17.52,5.43,13.71,16.64,39.06,11.71
1150,5.213297919138807,4,17.85,7.46,18.35,12.24,6.3,18.13,5.66,14.28,17.03,40.29,11.99
1151,5.213297919138807,4,17.7,7.43,18.35,12.19,6.3,17.97,5.63,13.88,16.87,39.79,11.99
1152,5.213297919138807,4,16.97,6.97,17.66,11.58,5.87,17.15,5.3,13.54,16.42,38.12,11.43
1153,5.213297919138807,4,17.04,6.99,17.73,11.62,5.94,17.37,5.34,13.6,16.49,38.59,11.62
1154,5.213297919138807,4,17.04,7.02,17.81,11.67,5.92,17.37,5.34,13.71,16.49,38.59,11.66
1155,5.213297919138807,4,17.26,7.11,17.88,11.76,5.99,17.52,5.39,13.54,16.57,37,11.85
1156,5.213297919138807,4,17.19,7.11,17.96,11.76,5.97,17.52,5.41,13.88,16.64,38.83,11.89
1157,5.213297919138807,4,17.11,7.05,17.81,11.72,5.94,17.44,5.36,13.71,16.57,38.83,11.75
1158,5.213297919138807,4,17.26,7.08,17.81,11.76,5.99,17.52,5.39,13.65,16.64,38.36,11.48
1159,5.213297919138807,4,17.11,7.02,17.81,11.67,5.92,17.37,5.34,13.65,16.49,38.59,11.48
1160,5.213297919138807,4,17.11,7.02,17.73,11.67,5.92,17.37,5.41,13.65,16.57,39.3,11.52
1161,5.213297919138807,4,17.11,7.02,17.73,11.67,5.92,17.44,5.36,13.71,16.57,37.44,11.52
1162,5.213297919138807,4,17.19,7.05,17.81,11.76,5.97,17.44,5.36,13.76,16.57,37.9,11.57
1163,5.213297919138807,4,17.33,7.11,17.88,11.81,6.04,17.67,5.41,13.65,16.64,38.83,11.62
1164,5.213297919138807,4,17.19,7.05,17.88,11.72,5.94,17.52,5.36,13.71,16.64,38.83,11.57
1165,5.213297919138807,4,17.19,7.11,17.81,11.81,5.97,17.52,5.36,13.65,16.64,39.06,11.62
1166,5.213297919138807,4,17.85,7.43,18.27,12.24,6.3,18.13,5.63,13.88,17.03,38.83,11.99
1167,5.213297919138807,4,17.48,7.22,17.96,12,6.12,17.74,5.45,13.65,16.79,39.3,11.75
1168,5.213297919138807,4,17.63,7.31,18.11,12.05,6.19,17.89,5.54,13.82,16.87,40.29,11.8
1169,5.213297919138807,4,17.33,7.14,17.96,11.86,6.04,17.59,5.39,13.76,16.72,39.55,11.75
1170,5.213297919138807,4,17.04,6.97,17.73,11.62,5.87,17.3,5.26,13.6,16.64,37.67,11.48
1171,5.213297919138807,4,16.9,6.94,17.73,11.58,5.82,17.3,5.26,13.65,16.49,38.59,11.66
1172,5.213297919138807,4,16.76,6.85,17.58,11.49,5.77,17.15,5.21,13.49,16.57,38.12,11.57
1173,5.213297919138807,4,16.83,6.88,17.58,11.49,5.77,17.22,5.21,13.65,16.49,38.12,11.48
1174,5.213297919138807,4,16.48,6.66,17.29,11.22,5.58,16.86,5.04,13.44,16.2,37.22,11.26
1175,5.213297919138807,4,16.9,6.88,17.58,11.49,5.77,17.3,5.23,13.76,16.49,37.44,11.57
1176,5.213297919138807,4,16.83,6.88,17.58,11.49,5.79,17.22,5.23,13.33,16.42,37.9,11.52
1177,5.213297919138807,4,16.9,6.91,17.66,11.58,5.82,17.22,5.26,13.71,16.49,36.35,11.71
1178,5.213297919138807,4,16.97,6.94,17.66,11.58,5.84,17.3,5.26,13.65,16.57,38.36,11.66
1179,5.213297919138807,4,16.9,6.97,17.73,11.62,5.87,17.44,5.3,13.71,16.57,40.04,11.66
1180,5.213297919138807,4,17.26,6.97,17.66,11.67,5.87,17.37,5.28,13.76,16.57,37.9,11.66
1181,5.213297919138807,4,17.11,6.91,17.66,11.58,5.79,17.3,5.21,12.96,16.49,37.9,11.52
1182,5.213297919138807,4,17.55,6.91,17.66,11.58,5.82,17.3,5.23,13.6,16.49,38.36,11.43
1183,5.213297919138807,4,17.19,6.97,17.66,11.58,5.84,17.37,5.26,13.49,16.49,38.36,11.48
1184,5.213297919138807,4,18.16,7.11,17.96,11.81,5.99,17.59,5.39,13.65,16.72,38.83,11.62
1185,5.213297919138807,4,17.85,7.08,17.81,11.81,5.97,17.59,5.34,13.71,16.64,38.83,11.57
1186,5.213297919138807,4,17.63,6.91,17.58,11.58,5.79,17.3,5.19,13.33,16.42,36.78,11.34
1187,5.213297919138807,4,17.78,7.05,17.81,11.76,5.92,17.52,5.3,13.6,16.57,38.59,11.62
1188,5.213297919138807,4,18.24,7.37,18.11,12.14,6.19,18.05,5.54,13.93,16.87,39.3,11.94
1189,5.213297919138807,4,18.08,7.31,18.04,12.14,6.17,17.89,5.48,13.82,16.79,39.55,11.85
1190,5.213297919138807,4,18.24,7.37,18.11,12.14,6.19,18.05,5.52,13.54,16.87,39.55,12.08
1191,5.213297919138807,4,18.24,7.34,18.11,12.14,6.17,17.97,5.5,13.6,16.95,39.55,12.03
1192,5.213297919138807,4,18.24,7.34,18.11,12.14,6.17,17.89,5.5,13.6,16.87,39.79,11.99
1193,5.213297919138807,4,18.31,7.37,18.11,12.19,6.22,17.97,5.52,13.99,16.87,39.79,11.99
1194,5.213297919138807,4,18.47,7.4,18.11,12.19,6.22,17.89,5.52,13.76,16.87,38.12,12.08
1195,5.213297919138807,4,18.16,7.4,18.11,12.19,6.22,17.97,5.5,13.76,16.95,40.04,12.13
1196,5.213297919138807,4,17.7,7.37,18.04,12.14,6.19,17.89,5.48,14.05,16.87,39.79,11.99
1197,5.213297919138807,4,17.78,7.4,18.11,12.19,6.22,17.97,5.5,13.71,16.87,39.79,12.03
1198,5.213297919138807,4,17.26,6.94,17.58,11.58,5.79,17.22,5.15,13.27,16.42,38.36,11.57
1199,5.213297919138807,4,16.69,6.85,17.51,11.49,5.72,17.15,5.15,13.38,16.34,37.22,11.43
1200,5.213297919138807,4,17.48,6.85,17.51,11.49,5.72,17.15,5.15,13.27,16.34,38.12,11.48
1201,5.2269148542287835,4,17.04,6.88,17.58,11.53,5.75,17.22,5.17,13.38,16.42,37.9,11.39
1202,5.2269148542287835,4,17.19,6.88,17.58,11.58,5.75,17.3,5.17,13.33,16.42,37.22,11.34
1203,5.2269148542287835,4,16.97,6.91,17.58,11.58,5.77,17.3,5.19,13.33,16.42,37.9,11.43
1204,5.2269148542287835,4,17.7,6.91,17.58,11.58,5.77,17.3,5.19,13.76,16.34,37.67,11.34
1205,5.2269148542287835,4,17.4,6.94,17.58,11.58,5.79,17.37,5.21,13.38,16.42,36.35,11.43
1206,5.2269148542287835,4,16.97,6.88,17.66,11.53,5.75,17.3,5.17,13.38,16.42,37.9,11.48
1207,5.2269148542287835,4,16.9,6.88,17.58,11.53,5.75,17.22,5.15,13.38,16.34,37.9,11.66
1208,5.2269148542287835,4,17.04,6.91,17.58,11.58,5.77,17.3,5.17,13.49,16.42,38.12,11.21
1209,5.2269148542287835,4,16.9,6.88,17.58,11.53,5.75,17.22,5.13,13.38,16.34,37.9,11.62
1210,5.2269148542287835,4,17.04,6.97,17.66,11.67,5.82,17.44,5.21,13.54,16.42,38.59,11.71
1211,5.2269148542287835,4,17.48,7.02,17.73,11.76,5.89,17.52,5.26,13.49,16.57,39.55,11.57
1212,5.2269148542287835,4,17.11,6.94,17.66,11.72,5.79,17.37,5.19,13.44,16.49,38.12,11.62
1213,5.2269148542287835,4,17.33,7.05,17.73,11.76,5.92,17.59,5.28,13.93,16.57,38.59,11.71
1214,5.2269148542287835,4,17.85,7.34,18.11,12.19,6.17,18.05,5.48,13.76,16.87,39.06,12.13
1215,5.2269148542287835,4,18.24,7.34,17.96,12.14,6.14,17.97,5.45,13.88,16.79,39.55,12.03
1216,5.2269148542287835,4,18.16,7.34,18.04,12.14,6.17,17.97,5.45,14.28,16.87,39.3,12.08
1217,5.2269148542287835,4,17.85,7.34,18.11,12.14,6.17,17.97,5.45,13.93,16.87,44.37,12.03
1218,5.2269148542287835,4,17.78,7.34,18.11,12.14,6.14,17.97,5.45,13.76,16.87,39.55,12.08
1219,5.2269148542287835,4,17.63,7.05,17.81,11.76,5.92,17.52,5.26,13.49,16.57,38.36,11.71
1220,5.2269148542287835,4,17.55,7.11,17.81,11.95,5.94,17.59,5.3,13.54,16.64,39.06,11.85
1221,5.2269148542287835,4,17.63,7.31,18.04,12.14,6.14,17.97,5.43,13.76,16.79,37.9,12.03
1222,5.2269148542287835,4,17.11,7.08,17.81,11.81,5.94,17.59,5.26,13.54,16.57,39.55,11.8
1223,5.2269148542287835,4,17.63,7.14,17.88,12,5.99,17.67,5.3,13.82,16.64,38.36,11.89
1224,5.2269148542287835,4,17.26,7.08,17.73,11.81,5.89,17.52,5.23,13.49,16.57,37.9,11.75
1225,5.2269148542287835,4,16.9,6.91,17.58,11.58,5.75,17.22,5.13,14.16,16.34,37.9,11.57
1226,5.2269148542287835,4,17.11,6.97,17.66,11.76,5.82,17.37,5.19,13.76,16.49,40.29,11.62
1227,5.2269148542287835,4,16.9,6.94,17.66,11.62,5.79,17.37,5.17,13.38,16.42,38.12,11.62
1228,5.2269148542287835,4,17.04,6.88,17.58,11.58,5.72,17.22,5.13,13.54,16.27,37.67,11.52
1229,5.2269148542287835,4,17.33,6.99,17.66,11.67,5.82,17.44,5.19,13.82,16.42,37.9,11.62
1230,5.2269148542287835,4,17.48,7.02,17.66,11.72,5.87,17.44,5.21,13.93,16.42,37.67,11.66
1231,5.2269148542287835,4,17.48,6.97,17.66,11.67,5.79,17.37,5.19,14.22,16.42,38.36,11.62
1232,5.2269148542287835,4,17.4,6.97,17.73,11.72,5.79,17.37,5.17,13.65,16.42,38.36,11.62
1233,5.2269148542287835,4,17.48,6.97,17.73,11.67,5.82,17.44,5.19,13.49,16.49,38.59,11.57
1234,5.2269148542287835,4,18.16,6.97,17.73,11.67,5.79,17.37,5.17,13.6,16.42,37.44,11.66
1235,5.2269148542287835,4,17.33,6.97,17.73,11.67,5.79,17.37,5.17,13.6,16.42,42.94,11.62
1236,5.2269148542287835,4,17.26,6.99,17.81,11.72,5.84,17.44,5.19,13.71,16.49,38.36,11.62
1237,5.2269148542287835,4,17.11,6.99,17.81,11.67,5.82,17.44,5.19,13.88,16.49,39.3,11.66
1238,5.2269148542287835,4,17.26,7.02,17.81,11.76,5.82,17.44,5.19,13.82,16.49,38.12,11.66
1239,5.2269148542287835,4,17.04,6.83,17.73,11.49,5.67,17.15,5.09,13.93,16.34,37.44,11.43
1240,5.2269148542287835,4,17.4,6.97,17.81,11.67,5.79,17.37,5.17,13.76,16.49,38.12,11.57
1241,5.2269148542287835,4,17.4,6.91,17.73,11.62,5.77,17.37,5.15,14.1,16.42,38.36,11.39
1242,5.2269148542287835,4,17.26,6.97,17.81,11.67,5.77,17.37,5.15,14.16,16.49,38.12,11.39
1243,5.2269148542287835,4,17.48,6.94,17.81,11.67,5.77,17.37,5.13,14.1,16.49,38.36,11.57
1244,5.2269148542287835,4,17.48,6.97,17.88,11.67,5.79,17.37,5.17,14.05,16.49,37.9,11.71
1245,5.2269148542287835,4,17.19,6.94,17.73,11.67,5.75,17.37,5.13,13.49,16.49,37.67,11.66
1246,5.2269148542287835,4,17.11,6.91,17.73,11.62,5.77,17.37,5.15,13.71,16.42,38.12,11.66
1247,5.2269148542287835,4,16.97,6.91,17.73,11.62,5.72,17.37,5.11,13.76,16.42,37.44,11.62
1248,5.2269148542287835,4,17.11,6.91,17.66,11.62,5.75,17.37,5.13,13.76,16.42,37.67,11.62
1249,5.2269148542287835,4,17.19,6.94,17.73,11.67,5.77,17.37,5.13,13.93,16.49,38.12,11.62
1250,5.2269148542287835,4,17.11,6.94,17.81,11.62,5.75,17.37,5.13,13.88,16.49,38.12,11.57
1251,5.2269148542287835,4,17.04,6.94,17.81,11.67,5.77,17.37,5.13,13.88,16.49,38.36,11.57
1252,5.2269148542287835,4,17.04,6.88,17.66,11.53,5.72,17.3,5.11,13.71,16.34,37.9,11.48
1253,5.2269148542287835,4,16.97,6.91,17.66,11.58,5.72,17.3,5.11,13.49,16.34,37.67,11.43
1254,5.2269148542287835,4,16.97,6.91,17.66,11.62,5.75,17.3,5.13,13.93,16.42,35.93,11.48
1255,5.2269148542287835,4,17.19,6.97,17.66,11.67,5.79,17.37,5.13,13.76,16.49,38.12,11.57
1256,5.2269148542287835,4,17.11,6.88,17.66,11.58,5.72,17.22,5.09,13.6,16.34,37.9,11.39
1257,5.2269148542287835,4,17.26,6.97,17.73,11.67,5.79,17.37,5.15,13.71,16.49,37.9,11.52
1258,5.2269148542287835,4,17.11,6.91,17.73,11.62,5.75,17.3,5.11,13.71,16.57,38.36,11.48
1259,5.2269148542287835,4,17.26,6.91,17.73,11.62,5.75,17.3,5.11,13.65,16.49,37.22,11.48
1260,5.2269148542287835,4,17.19,6.99,17.81,11.72,5.82,17.44,5.17,13.71,16.57,38.83,11.57
1261,5.2316693607181595,4,17.19,6.97,17.73,11.67,5.79,17.37,5.13,13.82,16.49,38.12,11.43
1262,5.2316693607181595,4,17.19,7.02,17.81,11.76,5.87,17.44,5.17,13.76,16.57,37.9,11.57
1263,5.2316693607181595,4,17.11,6.97,17.81,11.72,5.79,17.44,5.15,13.88,16.57,38.59,11.62
1264,5.2316693607181595,4,17.26,6.88,17.66,11.58,5.72,17.22,5.09,13.76,16.42,37.9,11.48
1265,5.2316693607181595,4,17.33,7.02,17.88,11.76,5.84,17.52,5.17,13.93,16.57,38.83,11.62
1266,5.2316693607181595,4,17.04,6.94,17.73,11.67,5.77,17.37,5.11,13.82,16.49,37.67,11.48
1267,5.2316693607181595,4,17.26,6.99,17.88,11.72,5.82,17.44,5.15,13.82,16.57,38.36,11.62
1268,5.2316693607181595,4,17.11,6.94,17.73,11.67,5.77,17.3,5.11,13.82,16.49,38.12,11.52
1269,5.2316693607181595,4,17.19,6.99,17.81,11.72,5.82,17.44,5.15,13.93,16.57,38.36,11.62
1270,5.2316693607181595,4,16.76,6.97,17.73,11.67,5.77,17.3,5.11,14.05,16.49,38.59,11.52
1271,5.2316693607181595,4,16.97,7.08,17.88,11.86,5.92,17.59,5.23,14.28,16.64,38.59,11.66
1272,5.2316693607181595,4,17.55,7.11,17.96,11.9,5.92,17.59,5.23,13.93,16.64,38.36,11.66
1273,5.2316693607181595,4,17.26,6.88,17.66,11.58,5.7,17.22,5.06,13.71,16.42,37.9,11.39
1274,5.2316693607181595,4,16.97,6.88,17.66,11.58,5.7,17.22,5.04,13.76,16.42,37.67,11.3
1275,5.2316693607181595,4,17.11,6.91,17.73,11.67,5.75,17.3,5.09,13.65,16.49,36.14,11.43
1276,5.2316693607181595,4,16.9,6.94,17.81,11.67,5.77,17.37,5.11,13.65,16.49,39.3,11.52
1277,5.2316693607181595,4,16.97,7.02,17.81,11.76,5.82,17.44,5.15,13.82,16.57,37,11.57
1278,5.2316693607181595,4,17.04,7.08,17.96,11.86,5.87,17.59,5.19,13.88,16.64,39.55,11.62
1279,5.2316693607181595,4,16.83,6.94,17.73,11.67,5.77,17.37,5.09,13.71,16.49,37.9,11.39
1280,5.2316693607181595,4,17.7,7.02,17.96,11.81,5.84,17.52,5.17,13.93,16.57,39.3,11.66
1281,5.2316693607181595,4,17.04,7.02,17.81,11.81,5.84,17.52,5.15,14.05,16.64,39.3,11.52
1282,5.2316693607181595,4,17.26,7.14,18.04,11.95,5.97,17.74,5.28,13.99,16.79,37.9,11.71
1283,5.2316693607181595,4,17.04,7.05,17.88,11.81,5.87,17.52,5.17,14.05,16.57,38.83,11.52
1284,5.2316693607181595,4,17.26,7.14,17.96,11.95,5.94,17.67,5.23,13.88,16.72,38.36,11.62
1285,5.2316693607181595,4,17.04,7.05,17.96,11.81,5.84,17.52,5.17,13.88,16.57,38.59,11.39
1286,5.2316693607181595,4,17.4,7.14,17.96,11.9,5.94,17.67,5.23,13.93,16.64,38.83,11.66
1287,5.2316693607181595,4,17.4,7.11,17.88,11.9,5.92,17.67,5.19,13.82,16.64,40.54,11.62
1288,5.2316693607181595,4,17.7,7.19,18.04,12,5.99,17.74,5.26,13.71,16.72,37.9,11.8
1289,5.2316693607181595,4,17.19,7.08,17.88,11.81,5.84,17.52,5.15,13.65,16.57,38.59,11.62
1290,5.2316693607181595,4,17.4,7.05,17.88,11.86,5.87,17.52,5.15,13.76,16.57,38.12,11.62
1291,5.2316693607181595,4,17.55,7.08,17.88,11.9,5.89,17.59,5.17,13.82,16.57,37.9,11.62
1292,5.2316693607181595,4,17.33,7.08,17.88,11.9,5.87,17.59,5.19,13.93,16.57,38.59,11.62
1293,5.2316693607181595,4,17.26,7.08,17.96,11.86,5.87,17.59,5.17,13.93,16.64,36.35,11.57
1294,5.2316693607181595,4,17.33,7.11,18.04,11.9,5.89,17.67,5.19,14.16,16.72,40.8,11.66
1295,5.2316693607181595,4,17.4,7.14,18.04,11.95,5.92,17.74,5.21,13.76,16.72,39.06,11.75
1296,5.2316693607181595,4,17.7,7.31,18.27,12.19,6.07,17.97,5.32,14.39,16.87,39.55,11.94
1297,5.2316693607181595,4,17.7,7.31,18.19,12.19,6.07,17.97,5.32,14.45,16.87,39.3,11.94
1298,5.2316693607181595,4,17.78,7.31,18.27,12.19,6.09,17.97,5.32,13.99,16.95,39.3,11.94
1299,5.2316693607181595,4,17.63,7.25,18.11,12.1,6.02,17.89,5.26,13.88,16.87,39.06,11.85
1300,5.2316693607181595,4,17.48,7.25,18.19,12.14,5.97,17.89,5.26,13.99,16.79,39.79,11.75
1301,5.2316693607181595,4,17.33,7.08,17.96,11.9,5.87,17.59,5.15,13.99,16.64,40.29,11.66
1302,5.2316693607181595,4,17.4,7.22,18.19,12.05,5.99,17.82,5.23,13.71,16.79,39.3,11.8
1303,5.2316693607181595,4,17.33,7.08,18.04,11.9,5.87,17.59,5.13,14.33,16.64,38.12,11.62
1304,5.2316693607181595,4,17.26,6.99,17.96,11.81,5.79,17.44,5.09,14.45,16.57,38.83,11.57
1305,5.2316693607181595,4,17.11,6.97,17.88,11.72,5.75,17.37,5.06,14.51,16.49,38.12,11.43
1306,5.2316693607181595,4,17.4,7.08,18.04,11.9,5.87,17.59,5.15,14.39,16.64,38.36,11.66
1307,5.2316693607181595,4,17.48,7.05,18.04,11.86,5.82,17.59,5.13,13.49,16.57,39.06,11.62
1308,5.2316693607181595,4,17.04,6.94,17.88,11.67,5.72,17.37,5.04,14.1,16.49,37.9,11.48
1309,5.2316693607181595,4,17.04,6.94,17.88,11.72,5.75,17.37,5.04,13.76,16.49,37.44,11.48
1310,5.2316693607181595,4,17.04,6.94,17.88,11.72,5.7,17.37,5.04,14.51,16.49,38.36,11.48
1311,5.2316693607181595,4,17.63,7.22,18.19,12.1,5.99,17.82,5.23,14.45,16.79,39.3,11.8
1312,5.2316693607181595,4,17.63,7.22,18.19,12.1,5.99,17.82,5.23,13.76,16.87,39.3,11.8
1313,5.2316693607181595,4,17.78,7.22,18.11,12.05,5.94,17.82,5.21,13.54,16.79,40.54,11.71
1314,5.2316693607181595,4,17.85,7.14,18.11,12,5.92,17.74,5.19,13.88,16.72,37.22,11.75
1315,5.2316693607181595,4,17.4,7.08,18.19,11.95,5.84,17.59,5.13,13.88,16.64,38.59,11.62
1316,5.2316693607181595,4,17.04,6.94,17.81,11.72,5.72,17.37,5.02,14.28,16.49,36.57,11.43
1317,5.2316693607181595,4,17.4,7.16,18.11,12,5.94,17.67,5.19,14.81,16.72,39.06,11.71
1318,5.2316693607181595,4,17.33,7.02,17.96,11.86,5.79,17.44,5.06,14.16,16.57,37.44,11.52
1319,5.2316693607181595,4,17.55,7.02,17.96,11.86,5.79,17.52,5.11,14.1,16.64,38.36,11.57
1320,5.2316693607181595,4,17.33,7.08,18.19,11.9,5.87,17.59,5.15,14.1,16.64,39.3,11.62
1321,5.239673136999486,4,17.48,7.11,18.19,12,5.89,17.67,5.17,14.1,16.72,38.83,11.71
1322,5.239673136999486,4,17.04,6.94,17.88,11.76,5.72,17.37,5.02,13.93,16.49,37.67,11.52
1323,5.239673136999486,4,17.55,7.08,18.04,11.95,5.87,17.59,5.15,14.16,16.64,38.83,11.75
1324,5.239673136999486,4,17.4,7.02,18.11,11.81,5.79,17.44,5.09,14.1,16.57,38.59,11.66
1325,5.239673136999486,4,17.33,6.99,18.11,11.81,5.79,17.44,5.06,14.1,16.57,38.36,11.62
1326,5.239673136999486,4,17.55,7.08,18.11,11.95,5.87,17.59,5.11,14.45,16.64,38.12,11.71
1327,5.239673136999486,4,17.48,6.94,17.96,11.72,5.7,17.3,5.02,14.1,16.49,38.36,11.48
1328,5.239673136999486,4,17.4,7.05,18.11,11.9,5.82,17.59,5.11,14.28,16.64,41.84,11.62
1329,5.239673136999486,4,17.48,7.11,18.19,11.95,5.89,17.67,5.15,14.33,16.57,40.29,11.62
1330,5.239673136999486,4,17.63,7.08,18.19,11.95,5.87,17.59,5.13,14.28,16.49,39.79,11.66
1331,5.239673136999486,4,18.63,7.19,18.35,12.1,5.97,17.74,5.21,14.16,16.64,39.3,11.75
1332,5.239673136999486,4,17.55,7.22,18.35,12.1,5.97,17.82,5.21,14.63,16.64,39.3,11.66
1333,5.239673136999486,4,17.33,7.05,18.11,11.9,5.82,17.52,5.09,13.93,16.42,38.59,11.57
1334,5.239673136999486,4,17.85,7.22,18.35,12.1,5.97,17.74,5.21,14.39,16.57,37.44,11.71
1335,5.239673136999486,4,18.39,7.16,18.35,12.05,5.94,17.67,5.17,14.39,16.57,38.83,11.71
1336,5.239673136999486,4,16.97,6.88,17.96,11.72,5.67,17.22,4.98,13.88,16.27,37.9,11.39
1337,5.239673136999486,4,17.7,6.94,18.11,11.76,5.72,17.37,5,14.16,16.34,37.44,11.39
1338,5.239673136999486,4,17.63,7.19,18.51,12.1,5.97,17.82,5.19,14.51,16.57,39.06,11.57
1339,5.239673136999486,4,17.78,7.19,18.43,12.1,5.97,17.74,5.21,14.39,16.57,38.36,11.57
1340,5.239673136999486,4,17.7,6.99,18.19,11.81,5.77,17.44,5.06,14.1,16.34,38.36,11.52
1341,5.239673136999486,4,17.4,7.02,18.27,11.86,5.82,17.52,5.09,14.28,16.34,38.36,11.71
1342,5.239673136999486,4,17.55,7.08,18.27,11.9,5.84,17.52,5.11,14.39,16.42,38.36,11.75
1343,5.239673136999486,4,17.4,7.08,18.27,11.95,5.84,17.52,5.11,14.33,16.42,38.12,11.85
1344,5.239673136999486,4,17.26,6.99,18.19,11.9,5.75,17.44,5.04,14.39,16.42,38.12,11.75
1345,5.239673136999486,4,17.4,7.02,18.27,11.86,5.77,17.37,5.06,14.51,16.34,38.36,11.75
1346,5.239673136999486,4,17.4,7.08,18.27,11.9,5.82,17.44,5.09,14.57,16.42,38.36,11.8
1347,5.239673136999486,4,17.63,7.08,18.35,11.95,5.84,17.52,5.11,14.51,16.42,36.78,11.75
1348,5.239673136999486,4,17.4,6.99,18.19,11.76,5.75,17.37,5.04,14.45,16.27,38.36,11.62
1349,5.239673136999486,4,17.33,6.91,18.11,11.72,5.7,17.3,5,14.22,16.2,37.44,11.48
1350,5.239673136999486,4,17.26,6.99,18.19,11.81,5.77,17.44,5.09,14.28,16.34,39.79,11.48
1351,5.239673136999486,4,17.48,6.97,18.11,11.76,5.75,17.37,5.02,14.45,16.27,39.55,11.57
1352,5.239673136999486,4,17.26,6.99,18.19,11.81,5.77,17.44,5.02,14.39,16.27,37.9,11.62
1353,5.239673136999486,4,17.26,6.85,17.96,11.62,5.63,17.15,4.94,14.45,16.12,37.67,11.39
1354,5.239673136999486,4,17.11,6.97,18.19,11.76,5.72,17.37,5.02,14.69,16.27,37.9,11.57
1355,5.239673136999486,4,17.11,6.97,18.19,11.76,5.72,17.37,5.02,14.39,16.27,39.06,11.48
1356,5.239673136999486,4,17.4,6.94,18.11,11.72,5.67,17.37,5,14.57,16.27,37.44,11.43
1357,5.239673136999486,4,17.26,6.91,18.19,11.72,5.67,17.37,4.98,14.57,16.27,37.67,11.43
1358,5.239673136999486,4,17.55,6.94,18.19,11.76,5.7,17.44,5,14.63,16.27,38.12,11.39
1359,5.239673136999486,4,17.78,6.97,18.19,11.81,5.75,17.37,5,14.63,16.27,38.36,11.57
1360,5.239673136999486,4,17.19,6.97,18.19,11.81,5.72,17.44,5.02,14.63,16.27,37.67,11.52
1361,5.239673136999486,4,17.19,6.91,18.11,11.72,5.7,17.37,4.98,14.57,16.27,38.36,11.39
1362,5.239673136999486,4,18.16,6.94,18.19,11.76,5.72,17.37,5.02,14.69,16.2,40.8,11.39
1363,5.239673136999486,4,17.63,6.97,18.19,11.76,5.75,17.37,5,14.51,16.27,36.57,11.39
1364,5.239673136999486,4,18.08,6.91,18.04,11.72,5.67,17.3,4.98,14.45,16.2,37.9,11.34
1365,5.239673136999486,4,17.33,6.88,18.04,11.67,5.67,17.22,4.96,13.82,16.12,38.83,11.3
1366,5.239673136999486,4,17.85,6.97,18.19,11.81,5.75,17.37,5,13.93,16.27,38.12,11.43
1367,5.239673136999486,4,17.63,6.99,18.11,11.76,5.75,17.37,5,13.82,16.2,37.67,11.52
1368,5.239673136999486,4,17.55,7.02,18.11,11.81,5.77,17.44,5.02,14.1,16.27,38.12,11.52
1369,5.239673136999486,4,17.26,7.11,18.27,11.95,5.84,17.59,5.09,14.57,16.34,36.57,11.62
1370,5.239673136999486,4,17.93,7.14,18.35,11.95,5.87,17.67,5.11,14.39,16.42,38.12,11.57
1371,5.239673136999486,4,17.63,7.02,18.27,11.86,5.79,17.52,5.04,14.28,16.34,39.79,11.48
1372,5.239673136999486,4,18.47,7.02,18.27,11.81,5.77,17.44,5.02,14.28,16.27,38.59,11.39
1373,5.239673136999486,4,17.55,7.05,18.35,11.9,5.82,17.52,5.06,14.33,16.34,42.66,11.52
1374,5.239673136999486,4,17.19,6.97,18.35,11.76,5.72,17.37,4.98,14.28,16.27,38.36,11.57
1375,5.239673136999486,4,18.24,7.02,18.27,11.86,5.77,17.52,5.04,14.33,16.34,38.59,11.66
1376,5.239673136999486,4,17.78,7.05,18.35,11.9,5.87,17.59,5.09,14.39,16.42,38.59,11.62
1377,5.239673136999486,4,17.55,7.08,18.35,11.95,5.84,17.59,5.09,14.33,16.42,37.9,11.75
1378,5.239673136999486,4,17.63,7.05,18.43,11.95,5.82,17.59,5.06,14.51,16.42,38.83,11.43
1379,5.239673136999486,4,17.63,7.14,18.43,12,5.84,17.67,5.09,14.57,16.49,38.59,11.71
1380,5.239673136999486,4,17.4,7.05,18.35,11.9,5.79,17.52,5.04,14.45,16.42,36.78,11.71
1381,5.257494181321206,4,17.63,7.14,18.43,12,5.87,17.67,5.11,14.39,16.49,38.59,11.75
1382,5.257494181321206,4,17.7,7.08,18.35,11.9,5.79,17.52,5.04,14.63,16.34,38.12,11.71
1383,5.257494181321206,4,17.78,7.11,18.43,11.95,5.84,17.59,5.06,14.39,16.42,42.38,11.75
1384,5.257494181321206,4,17.85,7.16,18.51,12,5.89,17.74,5.13,14.69,16.49,38.83,11.8
1385,5.257494181321206,4,17.63,7.14,18.51,12.05,5.87,17.67,5.11,14.45,16.49,38.59,11.71
1386,5.257494181321206,4,17.63,7.14,18.51,12,5.87,17.67,5.13,14.51,16.57,38.12,11.66
1387,5.257494181321206,4,17.55,7.11,18.51,12,5.84,17.59,5.09,14.57,16.49,37.9,11.71
1388,5.257494181321206,4,15.88,6.26,17.43,10.82,5.03,16.11,4.44,13.82,15.56,35.11,10.78
1389,5.257494181321206,4,15.24,6.01,17.29,10.49,4.83,15.78,4.29,13.65,15.35,34.31,10.53
1390,5.257494181321206,4,15.75,5.89,17.14,10.37,4.73,15.71,4.22,13.54,15.22,33.74,10.41
1391,5.257494181321206,4,14.94,5.86,17,10.28,4.66,15.58,4.18,13.44,15.15,33.93,10.29
1392,5.257494181321206,4,15,5.89,17.14,10.32,4.71,15.71,4.2,13.6,15.15,33.93,10.29
1393,5.257494181321206,4,15.43,6.06,17.29,10.57,4.85,16.11,4.35,13.88,15.35,34.91,10.25
1394,5.257494181321206,4,15.49,6.09,17.36,10.57,4.85,15.97,4.35,14.1,15.42,34.51,10.41
1395,5.257494181321206,4,16.08,6.04,17.51,10.53,4.83,15.97,4.33,14.28,15.42,34.12,10.33
1396,5.257494181321206,4,15.24,5.91,17.14,10.37,4.71,15.78,4.24,13.54,15.22,33.93,10.29
1397,5.257494181321206,4,18.16,7.16,18.67,12,5.84,17.89,5.15,14.87,16.57,39.55,11.57
1398,5.257494181321206,4,17.48,7.16,18.59,12,5.84,17.82,5.11,14.69,16.57,39.79,11.71
1399,5.257494181321206,4,18.08,7.16,18.67,12,5.84,17.74,5.11,14.69,16.49,38.36,11.75
1400,5.257494181321206,4,18.39,7.16,18.59,12,5.87,17.74,5.11,14.75,16.49,38.59,11.75
1401,5.257494181321206,4,17.78,7.22,18.67,12,5.89,17.82,5.13,14.87,16.42,39.79,11.8
1402,5.257494181321206,4,17.4,7.14,18.59,12,5.82,17.67,5.09,14.45,16.49,38.59,11.57
1403,5.257494181321206,4,17.93,7.22,18.59,12.05,5.89,17.82,5.15,14.81,16.57,39.06,11.66
1404,5.257494181321206,4,17.85,7.31,18.83,12.14,5.97,17.97,5.21,14.93,16.64,39.06,11.71
1405,5.257494181321206,4,17.33,7.16,18.67,12,5.84,17.74,5.11,14.69,16.57,36.78,11.62
1406,5.257494181321206,4,17.55,7.05,18.51,11.9,5.77,17.52,5.02,14.87,16.42,39.3,11.48
1407,5.257494181321206,4,17.55,7.08,18.51,11.9,5.77,17.59,5.04,14.75,16.42,38.36,11.57
1408,5.257494181321206,4,17.19,7.02,18.43,11.86,5.75,17.44,5,14.87,16.42,37.44,11.57
1409,5.257494181321206,4,17.85,7.16,18.67,12.05,5.84,17.67,5.11,14.75,16.49,38.83,11.71
1410,5.257494181321206,4,18,7.16,18.59,12.05,5.84,17.67,5.11,14.69,16.49,38.12,11.75
1411,5.257494181321206,4,17.26,7.14,18.51,11.95,5.82,17.67,5.09,14.45,16.57,37,11.71
1412,5.257494181321206,4,17.85,7.14,18.67,12,5.82,17.67,5.09,15,16.49,38.59,11.71
1413,5.257494181321206,4,17.7,7.22,18.75,12.05,5.89,17.82,5.15,14.75,16.57,38.83,11.85
1414,5.257494181321206,4,17.55,7.19,18.59,12.05,5.87,17.67,5.11,14.69,16.57,39.06,11.89
1415,5.257494181321206,4,17.33,7.16,18.59,12,5.84,17.59,5.09,14.51,16.49,37.22,11.85
1416,5.257494181321206,4,17.19,7.05,18.43,11.9,5.75,17.52,5,14.51,16.42,38.12,11.57
1417,5.257494181321206,4,15.37,6.01,17.21,10.49,4.81,15.71,4.27,13.54,15.29,34.31,10.25
1418,5.257494181321206,4,16.55,6.26,17.73,10.78,5.03,16.17,4.48,14.05,15.56,35.31,10.57
1419,5.257494181321206,4,17.33,7.14,18.59,11.9,5.79,17.74,5.11,15.06,16.49,38.12,11.62
1420,5.257494181321206,4,17.04,6.85,18.19,11.53,5.53,17.15,4.86,14.69,16.05,37.22,11.26
1421,5.257494181321206,4,17.63,7.31,18.83,12.14,5.97,17.89,5.21,15.37,16.57,39.55,11.66
1422,5.257494181321206,4,16.48,6.74,18.04,11.39,5.41,16.93,4.76,14.57,15.98,36.78,10.99
1423,5.257494181321206,4,16.69,6.88,18.27,11.53,5.51,17.15,4.86,14.22,16.12,37,11.21
1424,5.257494181321206,4,16.76,6.88,18.35,11.58,5.58,17.15,4.88,14.63,16.2,36.57,11.21
1425,5.257494181321206,4,15.49,6.19,17.43,10.7,4.94,15.97,4.37,14.05,15.42,37.67,10.37
1426,5.257494181321206,4,15.18,5.96,17.21,10.37,4.73,15.65,4.2,13.88,15.15,33.55,10.09
1427,5.257494181321206,4,15.06,5.96,17.14,10.37,4.75,15.71,4.26,13.88,15.15,33.74,10.13
1428,5.257494181321206,4,15.12,6.01,17.29,10.45,4.79,15.78,4.29,13.93,15.15,32.99,10.17
1429,5.257494181321206,4,15.62,5.84,17.07,10.24,4.62,15.45,4.15,13.82,14.96,33.36,10.01
1430,5.257494181321206,4,15.69,5.96,17.21,10.37,4.73,15.71,4.24,14.33,15.09,33.74,10.13
1431,5.257494181321206,4,15.06,5.94,17.29,10.37,4.71,15.71,4.22,14.05,15.09,34.12,10.09
1432,5.257494181321206,4,15,5.89,17.21,10.41,4.68,15.65,4.22,14.1,15.02,33.17,10.09
1433,5.257494181321206,4,16.97,6.94,18.51,11.76,5.77,17.82,5.11,15.06,16.12,37.9,11.3
1434,5.257494181321206,4,17.4,7.28,18.83,12.14,5.92,18.05,5.21,15.18,16.49,39.55,11.71
1435,5.257494181321206,4,17.04,7.11,18.67,11.95,5.77,17.74,5.06,15.31,16.34,38.12,11.48
1436,5.257494181321206,4,17.33,7.19,18.75,12.05,5.87,17.82,5.13,15.18,16.42,38.12,11.57
1437,5.257494181321206,4,17.11,7.11,18.67,11.95,5.77,17.59,5.04,15,16.27,38.12,11.43
1438,5.257494181321206,4,17.48,7.31,18.91,12.34,5.97,17.97,5.19,15.31,16.49,38.83,11.8
1439,5.257494181321206,4,17.33,7.16,18.75,12.05,5.84,17.74,5.13,15.25,16.42,37.9,11.62
1440,5.257494181321206,4,16.97,7.05,18.59,11.86,5.72,17.52,5,15.06,16.27,38.59,11.62
1441,5.298932060627791,4,15.75,6.39,17.73,11.04,5.14,16.38,4.5,13.71,15.56,34.71,10.82
1442,5.298932060627791,4,17.11,7.08,18.67,11.9,5.77,17.59,5.04,14.87,16.27,37.44,11.62
1443,5.298932060627791,4,16.55,6.88,18.27,11.62,5.51,17.15,4.84,14.51,16.05,37.22,11.34
1444,5.298932060627791,4,17.33,7.22,18.83,12.1,5.89,17.82,5.13,14.69,16.49,39.55,11.8
1445,5.298932060627791,4,17.4,7.25,18.91,12.14,5.94,17.89,5.17,15.44,16.49,38.12,11.8
1446,5.298932060627791,4,17.19,7.16,18.75,12,5.84,17.74,5.06,15,16.42,38.59,11.66
1447,5.298932060627791,4,17.4,7.22,18.83,12.14,5.92,17.82,5.11,14.69,16.49,41.84,11.66
1448,5.298932060627791,4,17.19,7.16,18.75,12,5.82,17.67,5.06,15,16.49,39.79,11.71
1449,5.298932060627791,4,17.55,7.19,18.75,12.05,5.87,17.74,5.09,15.25,16.49,38.36,11.39
1450,5.298932060627791,4,17.48,7.19,18.75,12.05,5.87,17.74,5.09,15.18,16.42,37.9,11.85
1451,5.298932060627791,4,17.48,7.16,18.75,12.05,5.84,17.67,5.06,15,16.42,38.83,11.75
1452,5.298932060627791,4,17.63,7.25,18.83,12.1,5.92,17.82,5.11,15.06,16.49,38.36,11.99
1453,5.298932060627791,4,17.63,7.22,18.83,12.1,5.89,17.82,5.11,15.12,16.49,39.06,11.94
1454,5.298932060627791,4,17.11,6.97,18.59,11.76,5.67,17.37,4.92,15,16.2,37.44,11.52
1455,5.298932060627791,4,16.97,6.88,18.59,11.67,5.6,17.3,4.9,14.69,16.2,37.9,10.87
1456,5.298932060627791,4,16.62,6.74,18.35,11.49,5.48,17.08,4.78,14.69,16.05,36.57,11.12
1457,5.298932060627791,4,16.69,6.69,18.27,11.44,5.46,17.01,4.76,14.57,15.91,35.93,11.26
1458,5.298932060627791,4,17.63,7.19,18.91,12.19,5.92,17.82,5.13,15.25,16.49,38.36,11.8
1459,5.298932060627791,4,17.55,7.22,18.83,12.14,5.92,17.89,5.13,15,16.49,38.59,11.8
1460,5.298932060627791,4,17.33,7.14,18.75,12.05,5.79,17.67,5.06,15,16.42,37.22,11.66
1461,5.298932060627791,4,17.48,7.25,18.91,12.19,5.89,17.82,5.13,15,16.49,39.3,11.85
1462,5.298932060627791,4,17.63,7.22,18.83,12.14,5.87,17.74,5.09,14.93,16.49,38.59,11.8
1463,5.298932060627791,4,17.7,7.28,18.91,12.24,5.92,17.82,5.15,15.18,16.57,38.83,11.85
1464,5.298932060627791,4,17.7,7.28,18.99,12.19,5.92,17.89,5.15,15.25,16.57,38.83,11.8
1465,5.298932060627791,4,17.55,7.19,18.99,12.1,5.87,17.82,5.09,14.93,16.49,39.79,11.85
1466,5.298932060627791,4,17.48,7.14,18.75,12,5.82,17.67,5.04,14.87,16.34,39.06,11.62
1467,5.298932060627791,4,17.63,7.25,18.91,12.19,5.92,17.89,5.11,15.06,16.49,38.83,11.71
1468,5.298932060627791,4,15.56,6.21,17.66,10.82,4.99,16.11,4.37,14.16,15.35,35.72,10.57
1469,5.298932060627791,4,17.11,6.99,18.67,11.81,5.67,17.52,4.94,15.06,16.2,37.67,11.52
1470,5.298932060627791,4,17.26,7.14,18.91,12,5.79,17.74,5.04,15.18,16.34,38.59,11.66
1471,5.298932060627791,4,17.4,7.14,18.75,12.05,5.82,17.74,5.04,15.06,16.34,38.36,11.66
1472,5.298932060627791,4,16.97,7.11,18.75,11.95,5.77,17.67,5,15.18,16.34,38.36,11.62
1473,5.298932060627791,4,16.9,7.05,18.67,11.95,5.75,17.52,4.98,14.93,16.27,38.12,11.57
1474,5.298932060627791,4,16.9,7.05,18.67,11.9,5.72,17.44,4.96,15.06,16.2,39.06,11.48
1475,5.298932060627791,4,16.97,7.11,18.83,12,5.79,17.59,5.02,15.31,16.34,38.59,11.71
1476,5.298932060627791,4,16.9,7.11,18.75,11.95,5.77,17.52,5,15.44,16.34,38.12,11.71
1477,5.298932060627791,4,16.76,6.99,18.67,11.86,5.67,17.37,4.94,15.37,16.2,37.22,11.52
1478,5.298932060627791,4,16.97,7.02,18.59,11.81,5.67,17.37,4.92,15.25,16.2,37.9,11.52
1479,5.298932060627791,4,16.9,6.94,18.59,11.76,5.6,17.3,4.88,15.06,16.12,37.44,11.48
1480,5.298932060627791,4,17.11,7.05,18.75,11.9,5.72,17.44,4.96,15.76,16.27,40.8,11.52
1481,5.298932060627791,4,17.19,7.05,18.67,11.9,5.72,17.52,4.96,15.63,16.2,38.12,11.52
1482,5.298932060627791,4,17.33,7.14,18.75,12.05,5.82,17.67,5.04,15.31,16.34,39.55,11.66
1483,5.298932060627791,4,17.4,7.16,18.83,12.05,5.82,17.67,5.04,15.5,16.34,38.59,11.66
1484,5.298932060627791,4,16.97,6.94,18.51,11.62,5.6,17.22,4.86,15.5,16.05,37.22,11.52
1485,5.298932060627791,4,16.83,6.94,18.51,11.76,5.63,17.3,4.88,15.5,16.12,37.9,11.48
1486,5.298932060627791,4,16.9,7.11,18.67,11.9,5.72,17.44,4.96,15.69,16.2,37.67,11.75
1487,5.298932060627791,4,17.04,7.16,18.83,12.1,5.84,17.74,5.04,15.89,16.34,39.3,11.89
1488,5.298932060627791,4,16.97,7.14,18.75,12.05,5.82,17.67,5.02,15.96,16.27,38.36,11.85
1489,5.298932060627791,4,16.97,7.14,18.75,12,5.79,17.59,5,15.76,16.34,38.36,11.48
1490,5.298932060627791,4,16.9,7.08,18.75,12,5.77,17.59,4.98,15.89,16.27,41.32,11.52
1491,5.298932060627791,4,15.82,6.45,17.88,11.22,5.18,16.44,4.5,15.12,15.56,35.93,10.78
1492,5.298932060627791,4,17.11,7.22,18.83,12.14,5.87,17.82,5.06,16.09,16.34,38.59,11.66
1493,5.298932060627791,4,17.11,7.22,18.83,12.14,5.87,17.74,5.06,16.09,16.42,38.59,11.71
1494,5.298932060627791,4,16.97,7.14,18.67,12,5.77,17.59,4.98,15.83,16.27,39.06,11.57
1495,5.298932060627791,4,17.04,7.14,19.07,12,5.82,17.59,5.02,15.96,16.34,37.44,11.66
1496,5.298932060627791,4,17.26,7.25,18.91,12.29,5.92,17.82,5.09,15.96,16.42,38.12,11.71
1497,5.298932060627791,4,17.11,7.22,18.83,12.14,5.87,17.74,5.04,16.16,16.42,37.9,11.66
1498,5.298932060627791,4,17.19,7.19,18.83,12.14,5.87,17.74,5.04,16.02,16.34,38.36,11.62
1499,5.298932060627791,4,17.04,7.14,18.83,12.05,5.82,17.67,5,15.83,16.34,38.36,11.57
1500,5.298932060627791,4,17.26,7.25,18.91,12.19,5.92,17.82,5.09,15.63,16.42,38.59,11.75
1501,5.412588874668555,4,17.26,7.28,19.07,12.19,5.92,17.82,5.09,15.56,16.42,39.3,11.75
1502,5.412588874668555,4,17.26,7.28,19.07,12.24,5.92,17.82,5.09,16.23,16.42,37,11.75
1503,5.412588874668555,4,17.63,7.19,18.83,12.19,5.87,17.74,5.04,15.31,16.34,39.3,11.66
1504,5.412588874668555,4,17.33,7.19,18.83,12.14,5.87,17.74,5.04,15.89,16.34,39.55,11.71
1505,5.412588874668555,4,17.26,7.28,18.99,12.24,5.92,17.82,5.09,15.44,16.42,39.3,11.8
1506,5.412588874668555,4,17.26,7.28,18.99,12.24,5.94,17.89,5.11,15.63,16.49,38.59,11.8
1507,5.412588874668555,4,17.04,7.16,18.83,12.1,5.82,17.67,5.02,15.56,16.42,39.55,11.85
1508,5.412588874668555,4,17.04,7.14,18.83,12.05,5.79,17.67,5,15.63,16.34,37.9,11.8
1509,5.412588874668555,4,16.97,7.02,18.67,11.95,5.7,17.59,4.94,15.56,15.98,37,11.39
1510,5.412588874668555,4,17.11,7.11,18.83,12.05,5.77,17.59,4.96,15.56,16.34,40.04,11.52
1511,5.412588874668555,4,17.78,7.19,18.91,12.14,5.84,17.74,5.04,16.02,16.42,39.3,11.62
1512,5.412588874668555,4,17.55,7.25,18.99,12.19,5.89,17.82,5.06,15.56,16.49,38.36,11.62
1513,5.412588874668555,4,17.19,7.16,18.83,12.1,5.82,17.67,4.98,15.44,16.34,37.67,11.57
1514,5.412588874668555,4,17.04,7.08,18.75,11.95,5.75,17.59,4.94,15.63,16.27,37.9,11.39
1515,5.412588874668555,4,17.19,6.97,18.59,11.86,5.63,17.37,4.86,15.12,16.12,36.78,11.3
1516,5.412588874668555,4,17.04,7.08,18.75,12,5.72,17.52,4.94,15.31,16.27,36.57,11.43
1517,5.412588874668555,4,17.11,7.08,18.59,11.95,5.72,17.52,4.92,15.18,16.2,37.9,11.48
1518,5.412588874668555,4,17.7,7.11,18.75,12,5.75,17.59,4.96,15.31,16.27,38.36,11.71
1519,5.412588874668555,4,17.26,7.14,18.75,12.05,5.79,17.59,4.98,15.31,16.2,38.12,11.48
1520,5.412588874668555,4,17.55,7.22,18.91,12.14,5.84,17.74,5.04,15.56,16.34,39.06,11.52
1521,5.412588874668555,4,17.48,7.22,18.83,12.14,5.84,17.74,5.02,15.44,16.34,38.12,11.52
1522,5.412588874668555,4,16.97,7.22,18.99,12.19,5.84,17.82,5.04,15.37,16.42,38.36,11.57
1523,5.412588874668555,4,17.55,7.22,18.83,12.14,5.84,17.74,5.02,15.31,16.34,38.36,11.57
1524,5.412588874668555,4,17.48,7.22,18.83,12.14,5.84,17.74,5.02,15.89,16.34,38.36,11.66
1525,5.412588874668555,4,17.48,7.16,18.83,12.1,5.84,17.67,5,15.63,16.34,37.9,11.71
1526,5.412588874668555,4,17.26,7.22,18.91,12.14,5.84,17.74,5.02,15.5,16.34,38.36,11.75
1527,5.412588874668555,4,17.26,7.22,18.91,12.19,5.84,17.82,5,15.56,16.34,37.9,11.71
1528,5.412588874668555,4,17.33,7.22,18.91,12.19,5.87,17.74,5.02,15.56,16.34,38.12,11.71
1529,5.412588874668555,4,17.4,7.25,18.91,12.29,5.87,17.82,5.02,15.83,16.42,38.36,11.71
1530,5.412588874668555,4,17.4,7.22,18.91,12.19,5.87,17.82,5.02,15.63,16.42,38.59,11.75
1531,5.412588874668555,4,17.33,7.16,18.91,12.1,5.82,17.67,5.02,16.02,16.34,39.3,11.66
1532,5.412588874668555,4,17.26,7.19,18.83,12.1,5.82,17.67,4.98,16.09,16.27,37.67,11.62
1533,5.412588874668555,4,17.26,7.14,18.75,12.1,5.79,17.59,4.96,15.69,16.27,37.9,11.57
1534,5.412588874668555,4,17.11,7.11,18.75,12,5.75,17.59,4.94,15.37,16.27,37.67,11.57
1535,5.412588874668555,4,17.04,7.16,18.99,12.14,5.79,17.74,4.96,15.5,16.34,37.44,11.62
1536,5.412588874668555,4,17.26,7.22,18.91,12.14,5.82,17.74,5,15.63,16.42,37.9,11.66
1537,5.412588874668555,4,17.11,7.19,18.83,12.1,5.77,17.67,4.96,15.63,16.34,38.12,11.57
1538,5.412588874668555,4,17.11,7.16,18.83,12.05,5.77,17.67,4.96,15.63,16.34,38.83,11.52
1539,5.412588874668555,4,17.63,7.25,18.91,12.29,5.84,17.82,5.02,15.56,16.42,39.06,11.66
1540,5.412588874668555,4,17.48,7.25,18.99,12.19,5.87,17.82,5.02,15.96,16.42,38.36,11.57
1541,5.412588874668555,4,17.33,7.19,18.83,12.1,5.79,17.74,4.98,15.96,16.34,37.22,11.71
1542,5.412588874668555,4,17.33,7.19,18.91,12.14,5.82,17.74,4.98,15.96,16.34,38.36,11.57
1543,5.412588874668555,4,17.33,7.22,18.91,12.19,5.82,17.82,5,15.18,16.42,38.59,11.39
1544,5.412588874668555,4,17.19,7.14,18.75,12,5.7,17.59,4.88,16.02,16.27,37.9,11.43
1545,5.412588874668555,4,17.04,7.02,18.75,11.95,5.67,17.52,4.86,14.87,16.2,37.9,11.43
1546,5.412588874668555,4,17.04,7.16,18.91,12.1,5.77,17.74,4.96,15.31,16.34,38.36,11.57
1547,5.412588874668555,4,17.33,7.22,18.99,12.19,5.82,17.82,5,15.5,16.49,37.9,11.62
1548,5.412588874668555,4,17.33,7.19,18.99,12.19,5.82,17.82,4.98,15.31,16.42,39.3,11.62
1549,5.412588874668555,4,17.4,7.19,18.99,12.19,5.84,17.82,5,15.56,16.42,38.36,11.89
1550,5.412588874668555,4,17.4,7.25,19.07,12.24,5.87,17.97,5.02,15.69,16.49,38.59,11.94
1551,5.412588874668555,4,17.33,7.22,18.99,12.24,5.84,17.89,5,15.25,16.49,37.9,11.89
1552,5.412588874668555,4,17.33,7.31,18.99,12.19,5.87,17.82,5.02,16.36,16.42,37.67,11.89
1553,5.412588874668555,4,17.26,7.25,19.07,12.29,5.89,17.97,5.04,15.5,16.49,37.67,11.94
1554,5.412588874668555,4,16.69,6.8,18.35,11.72,5.46,17.15,4.68,15,15.91,37,11.34
1555,5.412588874668555,4,17.4,7.22,19.07,12.24,5.87,17.89,5,15.5,16.49,38.59,11.62
1556,5.412588874668555,4,17.63,7.22,18.99,12.24,5.84,17.89,5,15.44,16.42,38.59,11.57
1557,5.412588874668555,4,17.7,7.31,19.16,12.34,5.92,17.97,5.06,15.63,16.57,36.78,11.75
1558,5.412588874668555,4,17.26,7.31,19.07,12.34,5.89,17.97,5.04,15.5,16.49,38.83,11.71
1559,5.412588874668555,4,17.33,7.31,19.07,12.34,5.92,17.97,5.04,15.5,16.49,38.59,11.71
1560,5.412588874668555,4,17.26,7.28,19.07,12.34,5.89,17.97,5.04,15.37,16.49,38.59,11.66
1561,5.473782773477036,4,17.26,7.31,19.07,12.29,5.92,17.97,5.04,15.37,16.49,38.83,11.94
1562,5.473782773477036,4,17.26,7.37,19.07,12.34,5.92,17.97,5.04,15.44,16.49,38.83,11.8
1563,5.473782773477036,4,17.19,7.37,19.07,12.34,5.92,17.89,5.04,15.5,16.49,38.59,11.71
1564,5.473782773477036,4,17.11,7.28,18.91,12.34,5.84,17.74,5,15.31,16.34,38.12,11.57
1565,5.473782773477036,4,17.26,7.31,18.99,12.24,5.87,17.82,5.02,15.37,16.42,39.06,11.66
1566,5.473782773477036,4,17.19,7.22,18.91,12.24,5.84,17.82,4.98,15.5,16.42,38.59,11.62
1567,5.473782773477036,4,16.48,7.28,19.07,12.34,5.89,17.89,5.02,15.56,16.49,38.59,11.66
1568,5.473782773477036,4,17.19,7.22,18.91,12.19,5.82,17.74,4.96,15.56,16.34,38.12,11.66
1569,5.473782773477036,4,17.11,7.19,18.91,12.19,5.82,17.74,4.96,15.44,16.27,37.9,11.62
1570,5.473782773477036,4,17.26,7.28,19.07,12.29,5.89,17.89,5.02,15.56,16.42,38.36,11.71
1571,5.473782773477036,4,16.62,7.31,19.16,12.34,5.92,17.97,5.04,15.69,16.42,38.59,11.71
1572,5.473782773477036,4,17.26,7.28,19.07,12.34,5.89,17.89,5.02,15.76,16.42,38.36,11.71
1573,5.473782773477036,4,17.4,7.25,19.16,12.29,5.87,17.89,5.02,15.56,16.42,38.12,11.71
1574,5.473782773477036,4,17.33,7.25,19.07,12.29,5.87,17.89,5,15.69,16.42,37.67,11.71
1575,5.473782773477036,4,17.4,7.31,19.16,12.34,5.89,17.97,5.04,15.63,16.42,38.36,11.75
1576,5.473782773477036,4,17.19,7.25,19.07,12.24,5.84,17.82,4.98,15.56,16.42,38.59,11.71
1577,5.473782773477036,4,17.19,7.22,18.99,12.19,5.82,17.74,4.96,15.5,16.34,38.36,11.66
1578,5.473782773477036,4,17.48,7.19,18.99,12.19,5.79,17.74,4.96,15.44,16.27,37.9,11.62
1579,5.473782773477036,4,17.33,7.22,18.91,12.19,5.82,17.74,4.98,15.56,16.27,36.78,11.62
1580,5.473782773477036,4,17.26,7.19,18.91,12.14,5.79,17.67,4.96,15.56,16.2,37.67,11.52
1581,5.473782773477036,4,17.33,7.25,18.99,12.24,5.84,17.74,4.98,15.63,16.34,38.12,11.66
1582,5.473782773477036,4,17.26,7.25,18.99,12.24,5.82,17.74,4.98,15.69,16.27,37.9,11.85
1583,5.473782773477036,4,17.26,7.25,18.99,12.24,5.84,17.82,4.98,15.5,16.27,37.67,11.66
1584,5.473782773477036,4,17.48,7.25,18.99,12.24,5.82,17.82,4.98,15.5,16.27,37.67,11.62
1585,5.473782773477036,4,17.4,7.16,18.91,12.14,5.77,17.67,4.92,15.56,16.2,40.54,11.57
1586,5.473782773477036,4,17.26,7.19,18.99,12.19,5.79,17.74,4.96,15.63,16.27,41.58,11.52
1587,5.473782773477036,4,17.33,7.28,18.99,12.24,5.82,17.74,4.96,15.44,16.27,39.55,11.57
1588,5.473782773477036,4,17.4,7.31,18.99,12.29,5.84,17.82,4.98,15.63,16.34,37.67,11.62
1589,5.473782773477036,4,17.33,7.31,18.99,12.34,5.84,17.82,5,15.56,16.34,38.12,11.71
1590,5.473782773477036,4,17.33,7.28,18.99,12.24,5.82,17.82,4.96,15.5,16.34,39.06,11.66
1591,5.473782773477036,4,17.55,7.34,18.99,12.29,5.84,17.82,5,15.63,16.34,38.36,11.62
1592,5.473782773477036,4,17.48,7.31,19.07,12.24,5.84,17.82,4.98,15.63,16.34,37.9,11.71
1593,5.473782773477036,4,17.48,7.31,18.99,12.24,5.82,17.82,4.96,15.56,16.34,38.36,11.57
1594,5.473782773477036,4,17.48,7.37,19.07,12.34,5.89,17.89,5.02,15.96,16.34,43.5,11.75
1595,5.473782773477036,4,17.48,7.31,18.99,12.29,5.84,17.82,5,15.89,16.27,37,11.62
1596,5.473782773477036,4,17.48,7.34,18.99,12.29,5.87,17.82,5,16.71,16.27,38.12,11.66
1597,5.473782773477036,4,17.63,7.4,19.07,12.34,5.92,17.97,5.02,16.09,16.42,38.36,11.8
1598,5.473782773477036,4,17.26,7.31,18.91,12.24,5.84,17.82,4.96,16.23,16.27,41.58,11.62
1599,5.473782773477036,4,17.33,7.37,18.99,12.29,5.89,17.82,5,15.83,16.27,41.32,11.71
1600,5.473782773477036,4,17.33,7.37,18.99,12.34,5.87,17.82,5,15.63,16.27,36.57,11.66
1601,5.473782773477036,4,17.55,7.31,18.99,12.29,5.87,17.82,5,15.76,16.27,38.12,11.62
1602,5.473782773477036,4,17.63,7.34,19.07,12.34,5.87,17.89,5,15.96,16.34,39.3,11.71
1603,5.473782773477036,4,17.63,7.31,19.07,12.34,5.89,17.89,5,15.96,16.34,38.12,11.75
1604,5.473782773477036,4,17.4,7.28,18.99,12.24,5.82,17.82,4.98,15.83,16.27,38.12,11.66
1605,5.473782773477036,4,17.55,7.31,19.07,12.39,5.89,17.89,5,15.96,16.34,38.59,11.75
1606,5.473782773477036,4,17.19,7.11,18.91,12.05,5.7,17.59,4.86,15.69,16.12,37.44,11.48
1607,5.473782773477036,4,17.4,7.25,19.07,12.24,5.82,17.82,4.96,15.89,16.27,37.9,11.66
1608,5.473782773477036,4,17.48,7.28,19.07,12.34,5.84,17.89,4.98,16.43,16.34,39.3,11.71
1609,5.473782773477036,4,17.33,7.28,18.99,12.29,5.82,17.82,4.96,16.02,16.27,38.12,11.62
1610,5.473782773477036,4,17.26,7.28,19.07,12.24,5.84,17.89,4.98,15.89,16.34,38.12,11.62
1611,5.473782773477036,4,17.26,7.28,19.07,12.29,5.84,17.82,4.98,15.89,16.34,37.67,11.62
1612,5.473782773477036,4,17.26,7.28,19.07,12.34,5.84,17.89,4.98,16.3,16.34,38.36,11.71
1613,5.473782773477036,4,17.11,7.25,19.07,12.29,5.82,17.82,4.96,16.02,16.34,35.93,11.62
1614,5.473782773477036,4,17.19,7.25,18.99,12.24,5.82,17.82,4.94,15.96,16.27,38.83,11.62
1615,5.473782773477036,4,17.26,7.28,19.07,12.29,5.84,17.89,4.98,16.09,16.34,38.12,11.66
1616,5.473782773477036,4,17.33,7.28,18.99,12.44,5.84,17.89,4.98,16.02,16.34,37,11.71
1617,5.473782773477036,4,17.48,7.28,19.07,12.34,5.87,17.89,4.98,16.43,16.42,37,11.71
1618,5.473782773477036,4,17.48,7.31,19.07,12.34,5.87,17.89,4.98,15.96,16.34,35.93,11.71
1619,5.473782773477036,4,17.4,7.31,19.07,12.34,5.87,17.89,4.98,16.02,16.34,39.3,11.71
1620,5.473782773477036,4,17.33,7.31,19.16,12.34,5.87,17.97,4.98,16.02,16.42,38.59,11.71
1621,5.5391314075682505,4,17.48,7.28,19.07,12.34,5.84,17.89,4.98,15.96,16.34,37.67,11.66
1622,5.5391314075682505,4,17.48,7.31,19.16,12.39,5.87,17.97,4.98,16.02,16.42,39.3,11.71
1623,5.5391314075682505,4,17.48,7.31,19.16,12.39,5.84,17.97,4.98,16.23,16.42,38.36,11.71
1624,5.5391314075682505,4,17.33,7.22,18.99,12.29,5.79,17.82,4.92,15.83,16.34,37.67,11.57
1625,5.5391314075682505,4,17.55,7.31,19.16,12.39,5.87,17.97,4.98,15.96,16.42,37.67,11.66
1626,5.5391314075682505,4,17.63,7.31,19.16,12.34,5.84,17.89,4.98,15.83,16.34,37.9,11.62
1627,5.5391314075682505,4,17.48,7.28,19.16,12.34,5.84,17.89,4.98,15.5,16.34,38.12,11.57
1628,5.5391314075682505,4,17.48,7.28,19.07,12.34,5.84,17.89,4.96,15.69,16.34,38.36,11.57
1629,5.5391314075682505,4,17.26,7.28,19.16,12.34,5.84,17.89,4.96,15.69,16.34,39.3,11.62
1630,5.5391314075682505,4,17.19,7.28,19.16,12.34,5.84,17.89,4.98,15.69,16.34,37.44,11.57
1631,5.5391314075682505,4,17.19,7.28,19.16,12.34,5.84,17.89,4.96,15.76,16.34,38.12,11.62
1632,5.5391314075682505,4,17.26,7.28,19.16,12.34,5.84,17.89,4.96,15.76,16.34,35.93,11.62
1633,5.5391314075682505,4,17.19,7.28,19.16,12.34,5.82,17.89,4.96,15.96,16.34,38.12,11.62
1634,5.5391314075682505,4,17.33,7.28,19.16,12.34,5.82,17.89,4.96,15.96,16.34,38.36,11.62
1635,5.5391314075682505,4,17.33,7.28,19.24,12.34,5.82,17.97,4.96,16.02,16.34,38.36,11.66
1636,5.5391314075682505,4,17.26,7.28,19.16,12.34,5.82,17.89,4.94,15.96,16.34,38.59,11.62
1637,5.5391314075682505,4,17.33,7.28,19.16,12.34,5.82,17.97,4.96,16.02,16.34,37.22,11.62
1638,5.5391314075682505,4,17.33,7.28,19.24,12.34,5.82,17.89,4.96,15.76,16.34,38.12,11.62
1639,5.5391314075682505,4,17.26,7.28,19.24,12.39,5.82,17.97,4.96,15.83,16.42,39.06,11.62
1640,5.5391314075682505,4,17.33,7.28,19.24,12.39,5.84,17.97,4.96,15.83,16.34,37,11.62
1641,5.5391314075682505,4,17.26,7.31,19.24,12.39,5.84,17.97,4.98,15.83,16.42,38.36,11.62
1642,5.5391314075682505,4,17.33,7.31,19.24,12.39,5.84,17.97,4.96,15.83,16.34,37.9,11.62
1643,5.5391314075682505,4,17.26,7.31,19.24,12.34,5.84,17.97,4.96,15.83,16.34,37.9,11.62
1644,5.5391314075682505,4,17.19,7.25,19.16,12.29,5.77,17.89,4.92,15.83,16.34,35.93,11.52
1645,5.5391314075682505,4,17.26,7.31,19.24,12.39,5.84,17.97,4.96,15.89,16.42,38.36,11.57
1646,5.5391314075682505,4,17.26,7.31,19.24,12.39,5.84,17.97,4.96,15.76,16.42,38.36,11.62
1647,5.5391314075682505,4,17.26,7.28,19.24,12.34,5.82,17.89,4.96,15.83,16.34,38.36,11.43
1648,5.5391314075682505,4,17.26,7.28,19.24,12.39,5.84,17.97,4.94,15.96,16.42,38.36,11.52
1649,5.5391314075682505,4,17.19,7.28,19.24,12.39,5.82,17.97,4.94,15.76,16.34,38.36,11.57
1650,5.5391314075682505,4,17.26,7.28,19.24,12.39,5.82,17.97,4.94,15.76,16.34,38.12,11.52
1651,5.5391314075682505,4,17.19,7.31,19.33,12.34,5.87,17.97,4.96,15.76,16.34,38.36,11.57
1652,5.5391314075682505,4,17.19,7.31,19.24,12.39,5.82,17.97,4.94,15.76,16.42,36.14,11.57
1653,5.5391314075682505,4,17.19,7.31,19.24,12.39,5.82,17.97,4.96,15.89,16.42,38.12,11.52
1654,5.5391314075682505,4,17.11,7.28,19.24,12.29,5.79,17.89,4.94,15.76,16.34,38.83,11.52
1655,5.5391314075682505,4,17.04,7.25,19.16,12.29,5.77,17.82,4.92,16.36,16.27,37.67,11.48
1656,5.5391314075682505,4,17.19,7.28,19.24,12.34,5.82,17.89,4.94,16.93,16.34,38.36,11.52
1657,5.5391314075682505,4,17.26,7.34,19.24,12.54,5.84,17.97,4.96,16.78,16.34,38.12,11.52
1658,5.5391314075682505,4,17.26,7.34,19.33,12.39,5.84,17.97,4.96,16.78,16.34,38.12,11.52
1659,5.5391314075682505,4,17.26,7.34,18.91,12.39,5.87,17.97,4.96,16.23,16.34,38.36,11.48
1660,5.5391314075682505,4,17.26,7.37,19.24,12.44,5.87,18.05,4.98,16.23,16.42,41.05,11.57
1661,5.5391314075682505,4,17.33,7.37,19.24,12.44,5.87,17.97,4.98,16.36,16.34,37.67,11.57
1662,5.5391314075682505,4,17.26,7.31,19.16,12.39,5.79,17.89,4.94,16.23,16.27,37.9,11.75
1663,5.5391314075682505,4,17.26,7.34,19.24,12.39,5.84,17.97,4.96,16.43,16.34,37.22,11.85
1664,5.5391314075682505,4,17.26,7.34,19.16,12.39,5.84,17.97,4.96,16.09,16.34,37.22,11.8
1665,5.5391314075682505,4,17.26,7.34,19.24,12.44,5.87,17.97,4.98,16.09,16.34,37.44,11.57
1666,5.5391314075682505,4,17.26,7.34,19.24,12.49,5.84,17.97,4.96,17.07,16.34,38.12,11.57
1667,5.5391314075682505,4,17.26,7.37,19.24,12.44,5.87,18.05,4.98,17,16.42,38.12,11.52
1668,5.5391314075682505,4,17.33,7.34,19.24,12.44,5.87,17.97,4.96,16.93,16.34,38.12,11.66
1669,5.5391314075682505,4,17.19,7.34,19.24,12.44,5.87,18.05,4.96,17.29,16.42,38.59,11.71
1670,5.5391314075682505,4,17.11,7.37,19.24,12.44,5.87,18.05,4.98,15.96,16.34,39.3,11.71
1671,5.5391314075682505,4,17.26,7.37,19.33,12.44,5.87,18.05,4.98,16.02,16.49,38.59,11.71
1672,5.5391314075682505,4,17.26,7.43,19.33,12.54,5.89,18.13,5,16.23,16.49,37.44,11.75
1673,5.5391314075682505,4,17.33,7.43,19.41,12.54,5.92,18.13,5.02,16.23,16.57,38.36,11.8
1674,5.5391314075682505,4,17.26,7.4,19.33,12.54,5.89,18.05,4.98,16.23,16.49,38.36,11.71
1675,5.5391314075682505,4,17.26,7.43,19.41,12.54,5.92,18.13,4.98,16.3,16.49,39.79,11.75
1676,5.5391314075682505,4,17.04,7.31,19.24,12.39,5.82,17.97,4.9,16.16,16.42,37.22,11.62
1677,5.5391314075682505,4,17.19,7.43,19.41,12.54,5.92,18.13,4.96,17.44,16.49,39.3,11.71
1678,5.5391314075682505,4,17.19,7.4,19.33,12.49,5.87,18.05,4.94,17,16.49,38.36,11.66
1679,5.5391314075682505,4,17.11,7.46,19.41,12.54,5.89,18.05,4.94,17.14,16.49,37.9,11.66
1680,5.5391314075682505,4,17.04,7.4,19.33,12.44,5.84,17.97,4.9,16.3,16.42,38.12,11.57
1681,5.6111427069017825,4,17.19,7.46,19.49,12.54,5.89,18.13,4.96,16.3,16.57,36.57,11.62
1682,5.6111427069017825,4,17.19,7.4,19.33,12.44,5.82,17.97,4.9,16.23,16.42,38.12,11.43
1683,5.6111427069017825,4,17.19,7.4,19.33,12.44,5.84,17.97,4.92,16.09,16.42,38.36,11.57
1684,5.6111427069017825,4,17.04,7.37,19.33,12.39,5.82,17.97,4.9,16.23,16.34,37.9,11.62
1685,5.6111427069017825,4,17.11,7.4,19.33,12.39,5.82,17.97,4.92,17,16.34,38.83,11.57
1686,5.6111427069017825,4,17.11,7.4,19.33,12.39,5.82,17.89,4.92,17.36,16.34,37.67,11.57
1687,5.6111427069017825,4,17.19,7.37,19.33,12.44,5.82,17.89,4.92,17.44,16.34,37.9,11.57
1688,5.6111427069017825,4,17.26,7.4,19.33,12.44,5.84,17.97,4.92,17.59,16.34,38.12,11.57
1689,5.6111427069017825,4,17.19,7.37,19.33,12.39,5.82,17.97,4.92,16.86,16.34,37.9,11.57
1690,5.6111427069017825,4,17.11,7.37,19.33,12.39,5.82,17.89,4.92,16.64,16.34,37.67,11.52
1691,5.6111427069017825,4,17.33,7.43,19.33,12.49,5.87,17.97,4.94,17.59,16.42,37.9,11.62
1692,5.6111427069017825,4,17.19,7.34,19.33,12.39,5.77,17.82,4.88,16.43,16.34,37.9,11.39
1693,5.6111427069017825,4,17.33,7.43,19.41,12.49,5.82,17.97,4.9,16.23,16.34,37.67,11.48
1694,5.6111427069017825,4,17.26,7.4,19.33,12.44,5.84,17.97,4.92,17.44,16.34,36.57,11.43
1695,5.6111427069017825,4,17.19,7.34,19.24,12.34,5.77,17.82,4.86,17.51,16.27,38.59,11.39
1696,5.6111427069017825,4,17.11,7.31,19.24,12.34,5.75,17.82,4.86,16.36,16.27,37.44,11.34
1697,5.6111427069017825,4,17.19,7.37,19.33,12.39,5.79,17.89,4.9,17.36,16.34,38.12,11.48
1698,5.6111427069017825,4,17.19,7.37,19.33,12.39,5.79,17.89,4.9,17.44,16.34,36.78,11.48
1699,5.6111427069017825,4,17.19,7.37,19.33,12.39,5.79,17.89,4.9,17.51,16.27,38.59,11.48
1700,5.6111427069017825,4,17.19,7.4,19.33,12.44,5.82,17.89,4.9,17.36,16.27,37.44,11.43
1701,5.6111427069017825,4,17.19,7.37,19.33,12.44,5.79,17.89,4.9,17,16.34,36.14,11.39
1702,5.6111427069017825,4,17.19,7.4,19.33,12.44,5.82,17.89,4.92,17.22,16.34,40.54,11.75
1703,5.6111427069017825,4,17.26,7.37,19.33,12.39,5.79,17.82,4.9,17.22,16.34,37.67,11.62
1704,5.6111427069017825,4,17.26,7.4,19.33,12.44,5.84,17.89,4.92,17.67,16.34,38.36,11.8
1705,5.6111427069017825,4,17.26,7.4,19.41,12.44,5.82,17.89,4.92,16.93,16.34,37.9,11.8
1706,5.6111427069017825,4,17.26,7.43,19.41,12.49,5.82,17.89,4.92,17.07,16.34,35.51,11.8
1707,5.6111427069017825,4,17.04,7.31,19.24,12.34,5.72,17.74,4.84,17.14,16.2,37.44,11.62
1708,5.6111427069017825,4,17.04,7.28,19.24,12.29,5.7,17.59,4.82,17,16.2,37.44,11.57
1709,5.6111427069017825,4,16.97,7.34,19.33,12.39,5.75,17.82,4.86,17.36,16.27,39.06,11.39
1710,5.6111427069017825,4,18,7.43,19.41,12.49,5.84,17.89,4.94,17.22,16.34,37.9,11.43
1711,5.6111427069017825,4,17.93,7.46,19.41,12.49,5.87,17.97,4.94,16.23,16.42,38.36,11.75
1712,5.6111427069017825,4,17.78,7.52,19.49,12.59,5.89,18.05,4.96,16.36,16.42,37,11.66
1713,5.6111427069017825,4,17.78,7.49,19.49,12.54,5.87,18.05,4.98,16.36,16.42,38.36,11.85
1714,5.6111427069017825,4,17.48,7.37,19.41,12.44,5.77,17.82,4.88,16.09,16.34,37.9,11.71
1715,5.6111427069017825,4,17.7,7.46,19.41,12.49,5.84,17.97,4.94,16.23,16.42,37.67,11.57
1716,5.6111427069017825,4,17.63,7.46,19.41,12.54,5.87,17.89,4.94,16.5,16.34,37.9,11.8
1717,5.6111427069017825,4,17.26,7.46,19.41,12.54,5.87,17.97,4.94,17.07,16.34,39.06,11.57
1718,5.6111427069017825,4,17.55,7.49,19.49,12.54,5.87,17.97,4.94,17.22,16.34,36.78,11.48
1719,5.6111427069017825,4,17.55,7.49,19.49,12.54,5.87,17.97,4.94,16.5,16.42,38.59,11.85
1720,5.6111427069017825,4,17.55,7.49,19.49,12.54,5.87,17.97,4.94,16.23,16.34,38.12,11.48
1721,5.6111427069017825,4,17.26,7.43,19.41,12.49,5.82,17.89,4.9,16.64,16.34,37.9,11.43
1722,5.6111427069017825,4,17.19,7.28,19.33,12.29,5.72,17.67,4.84,17.07,16.2,35.51,11.62
1723,5.6111427069017825,4,17.26,7.46,19.41,12.49,5.84,17.89,4.94,17.44,16.34,37.67,11.52
1724,5.6111427069017825,4,17.48,7.49,19.49,12.59,5.87,17.97,4.96,17.59,16.42,37.9,11.71
1725,5.6111427069017825,4,17.33,7.49,19.49,12.59,5.87,17.97,4.96,17.82,16.42,39.55,11.8
1726,5.6111427069017825,4,17.33,7.49,19.49,12.54,5.87,17.97,4.94,17.59,16.34,37.67,11.8
1727,5.6111427069017825,4,17.33,7.49,19.49,12.54,5.87,17.97,4.94,17.74,16.34,37.67,11.71
1728,5.6111427069017825,4,17.19,7.43,19.41,12.49,5.82,17.89,4.9,17.74,16.34,37.9,11.52
1729,5.6111427069017825,4,17.19,7.37,19.24,12.44,5.82,17.82,4.9,17.59,16.2,36.35,11.71
1730,5.6111427069017825,4,17.19,7.37,19.24,12.34,5.77,17.67,4.86,17.59,16.12,39.06,11.39
1731,5.6111427069017825,4,17.11,7.43,19.41,12.44,5.82,17.82,4.9,17.14,16.2,36.35,11.43
1732,5.6111427069017825,4,17.19,7.43,19.33,12.44,5.82,17.82,4.9,17.36,16.27,38.36,11.52
1733,5.6111427069017825,4,17.33,7.46,19.33,12.49,5.84,17.82,4.92,17.51,16.27,40.29,11.57
1734,5.6111427069017825,4,17.26,7.46,19.33,12.49,5.84,17.82,4.92,17.59,16.27,37.9,11.52
1735,5.6111427069017825,4,17.33,7.46,19.41,12.54,5.84,17.89,4.92,17.82,16.27,38.36,11.75
1736,5.6111427069017825,4,17.33,7.46,19.49,12.54,5.84,17.89,4.92,17.97,16.34,37.9,11.75
1737,5.6111427069017825,4,17.26,7.46,19.49,12.54,5.84,17.89,4.9,16.57,16.34,38.36,11.71
1738,5.6111427069017825,4,17.33,7.46,19.49,12.54,5.84,17.89,4.92,16.43,16.34,38.36,11.71
1739,5.6111427069017825,4,17.26,7.43,19.41,12.49,5.82,17.82,4.9,17.67,16.34,39.3,11.57
1740,5.6111427069017825,4,17.33,7.46,19.49,12.54,5.87,17.89,4.94,16.93,16.34,38.12,11.48
1741,5.636574515923481,4,17.26,7.43,19.41,12.49,5.84,17.89,4.9,16.36,16.34,38.36,11.43
1742,5.636574515923481,4,17.26,7.46,19.49,12.54,5.84,17.89,4.92,16.57,16.34,38.12,11.48
1743,5.636574515923481,4,17.26,7.46,19.58,12.54,5.82,17.89,4.92,16.71,16.42,38.36,11.48
1744,5.636574515923481,4,17.26,7.49,19.49,12.59,5.87,17.97,4.92,18.53,16.42,38.36,11.43
1745,5.636574515923481,4,17.33,7.46,19.49,12.49,5.82,17.89,4.9,16.5,16.34,38.59,11.48
1746,5.636574515923481,4,17.19,7.43,19.49,12.54,5.82,17.89,4.9,16.36,16.34,37.22,11.62
1747,5.636574515923481,4,17.19,7.46,19.49,12.49,5.82,17.89,4.9,17.82,16.34,37.9,11.71
1748,5.636574515923481,4,17.19,7.43,19.41,12.59,5.82,17.89,4.88,17.74,16.34,39.55,11.71
1749,5.636574515923481,4,17.19,7.43,19.49,12.49,5.79,17.82,4.88,17.74,16.42,38.12,11.34
1750,5.636574515923481,4,17.19,7.46,19.49,12.49,5.82,17.82,4.88,16.57,16.34,36.57,11.66
1751,5.636574515923481,4,16.9,7.34,19.33,12.34,5.7,17.67,4.8,16.23,16.2,38.12,11.34
1752,5.636574515923481,4,17.11,7.43,19.49,12.49,5.79,17.82,4.88,16.36,16.34,38.12,11.48
1753,5.636574515923481,4,17.11,7.43,19.41,12.49,5.82,17.82,4.9,16.43,16.34,38.83,11.71
1754,5.636574515923481,4,17.19,7.43,19.49,12.49,5.79,17.82,4.88,16.43,16.34,39.3,11.48
1755,5.636574515923481,4,17.19,7.46,19.49,12.49,5.82,17.82,4.9,16.43,16.27,42.94,11.66
1756,5.636574515923481,4,17.26,7.43,19.41,12.44,5.79,17.82,4.88,16.36,16.27,38.36,11.66
1757,5.636574515923481,4,17.26,7.43,19.41,12.54,5.79,17.82,4.88,16.57,16.27,36.57,11.43
1758,5.636574515923481,4,17.63,7.46,19.49,12.54,5.84,17.89,4.9,16.5,16.34,36.78,11.26
1759,5.636574515923481,4,17.48,7.46,19.49,12.54,5.82,17.82,4.9,16.5,16.34,37.9,11.43
1760,5.636574515923481,4,17.4,7.46,19.49,12.54,5.84,17.89,4.9,16.43,16.34,38.59,11.66
1761,5.636574515923481,4,17.33,7.49,19.58,12.59,5.82,17.89,4.9,17.22,16.42,39.3,11.43
1762,5.636574515923481,4,17.55,7.46,19.58,12.59,5.84,17.89,4.9,17.51,16.42,36.57,11.43
1763,5.636574515923481,4,17.11,7.43,19.67,12.49,5.79,17.82,4.88,16.57,16.34,39.06,11.52
1764,5.636574515923481,4,17.33,7.49,19.58,12.59,5.87,17.89,4.92,16.57,16.42,38.12,11.75
1765,5.636574515923481,4,17.26,7.49,19.67,12.59,5.84,17.89,4.92,17.67,16.42,37.44,11.48
1766,5.636574515923481,4,17.4,7.55,19.67,12.69,5.92,17.97,4.96,17.89,16.49,38.36,11.85
1767,5.636574515923481,4,17.48,7.49,19.58,12.59,5.84,17.89,4.92,17.97,16.42,38.12,11.75
1768,5.636574515923481,4,17.4,7.52,19.49,12.64,5.87,17.97,4.94,17.59,16.42,38.12,11.85
1769,5.636574515923481,4,17.33,7.46,19.49,12.54,5.82,17.82,4.9,17.89,16.34,37.9,11.75
1770,5.636574515923481,4,16.9,7.31,19.24,12.39,5.67,17.59,4.78,17.36,16.2,37.22,11.48
1771,5.636574515923481,4,17.11,7.43,19.49,12.49,5.82,17.82,4.9,17.59,16.42,36.14,11.39
1772,5.636574515923481,4,17.11,7.46,19.58,12.54,5.82,17.82,4.9,18.13,16.42,38.36,11.62
1773,5.636574515923481,4,17.19,7.46,19.58,12.54,5.79,17.82,4.9,16.64,16.42,38.12,11.39
1774,5.636574515923481,4,17.19,7.46,19.58,12.54,5.82,17.82,4.9,16.57,16.42,38.59,11.26
1775,5.636574515923481,4,17.11,7.46,19.49,12.54,5.82,17.82,4.9,16.93,16.42,37.22,11.3
1776,5.636574515923481,4,17.19,7.46,19.58,12.54,5.82,17.82,4.9,16.64,16.42,37,11.71
1777,5.636574515923481,4,17.26,7.49,19.67,12.54,5.84,17.89,4.9,16.78,16.49,38.12,11.71
1778,5.636574515923481,4,17.33,7.49,19.58,12.59,5.84,17.89,4.9,16.93,16.42,38.12,11.71
1779,5.636574515923481,4,17.26,7.49,19.67,12.59,5.84,17.89,4.9,16.5,16.42,38.12,11.66
1780,5.636574515923481,4,17.19,7.49,19.67,12.64,5.82,17.89,4.92,16.71,16.49,39.06,11.66
1781,5.636574515923481,4,17.19,7.49,19.75,12.59,5.82,17.89,4.9,16.78,16.42,41.84,11.39
1782,5.636574515923481,4,17.26,7.46,19.67,12.59,5.82,17.89,4.88,16.57,16.42,38.59,11.48
1783,5.636574515923481,4,17.19,7.46,19.67,12.54,5.79,17.37,4.88,16.64,16.42,39.06,11.34
1784,5.636574515923481,4,17.19,7.49,19.67,12.54,5.82,17.89,4.9,17.67,16.42,37.9,11.34
1785,5.636574515923481,4,17.19,7.46,19.67,12.54,5.79,17.82,4.88,18.13,16.42,37.67,11.52
1786,5.636574515923481,4,17.19,7.46,19.67,12.59,5.82,17.82,4.88,17.89,16.49,38.12,11.75
1787,5.636574515923481,4,17.19,7.49,19.67,12.59,5.82,17.89,4.9,18.37,16.49,37.9,11.75
1788,5.636574515923481,4,17.19,7.46,19.67,12.59,5.79,17.89,4.88,16.64,16.42,37,11.71
1789,5.636574515923481,4,17.19,7.46,19.67,12.59,5.79,17.82,4.88,17,16.42,38.36,11.66
1790,5.636574515923481,4,17.19,7.46,19.75,12.59,5.82,17.82,4.88,16.86,16.49,38.36,11.66
1791,5.636574515923481,4,17.11,7.43,19.67,12.54,5.79,17.82,4.88,16.86,16.42,38.12,11.52
1792,5.636574515923481,4,17.26,7.46,19.67,12.59,5.79,17.82,4.88,17.44,16.42,37.67,11.43
1793,5.636574515923481,4,17.19,7.46,19.58,12.54,5.79,17.82,4.88,17.44,16.34,37.67,11.43
1794,5.636574515923481,4,17.11,7.43,19.58,12.54,5.79,17.74,4.86,17.14,16.34,38.12,11.48
1795,5.636574515923481,4,17.26,7.43,19.58,12.49,5.79,17.74,4.86,17.14,16.34,37.9,11.52
1796,5.636574515923481,4,17.26,7.43,19.58,12.49,5.79,17.74,4.86,17,16.34,37.22,11.52
1797,5.636574515923481,4,17.04,7.46,19.58,12.54,5.79,17.82,4.88,17,16.42,38.12,11.52
1798,5.636574515923481,4,17.11,7.46,19.49,12.54,5.79,17.74,4.86,17.14,16.34,37.67,11.57
1799,5.636574515923481,4,17.04,7.43,19.49,12.44,5.79,17.67,4.86,17.82,16.2,36.57,11.48
1800,5.636574515923481,4,17.19,7.4,19.33,12.39,5.75,17.52,4.84,17.74,16.12,37.22,11.57
1801,5.644984905269979,4,17.33,7.43,19.41,12.49,5.79,17.67,4.86,17,16.2,37.22,11.57
1802,5.644984905269979,4,17.33,7.46,19.49,12.49,5.82,17.67,4.88,17,16.27,37.67,11.52
1803,5.644984905269979,4,17.33,7.43,19.41,12.49,5.79,17.59,4.84,17.07,16.2,35.11,11.57
1804,5.644984905269979,4,17.33,7.43,19.49,12.49,5.79,17.59,4.86,17.14,16.2,37.44,11.52
1805,5.644984905269979,4,17.33,7.46,19.58,12.49,5.79,17.67,4.86,17.07,17.91,37.44,11.52
1806,5.644984905269979,4,17.33,7.49,19.49,12.54,5.84,17.67,4.88,17.82,18,37,11.52
1807,5.644984905269979,4,17.26,7.46,19.49,12.49,5.79,17.67,4.86,18.29,17.91,35.51,11.43
1808,5.644984905269979,4,16.97,7.43,19.41,12.49,5.79,17.67,4.86,17.51,18,37.44,11.34
1809,5.644984905269979,4,16.9,7.46,19.49,12.54,5.82,17.67,4.86,17.51,17.91,37.67,11.52
1810,5.644984905269979,4,17.11,7.46,19.49,12.54,5.82,17.67,4.88,17.59,18,37.44,11.57
1811,5.644984905269979,4,17.19,7.58,19.49,12.49,5.82,17.67,4.86,18.13,18,36.35,11.52
1812,5.644984905269979,4,16.97,7.46,19.49,12.54,5.82,17.67,4.88,17.74,17.91,37.44,11.57
1813,5.644984905269979,4,17.04,7.46,19.41,12.54,5.82,17.59,4.88,17.44,17.91,37.67,11.57
1814,5.644984905269979,4,17.04,7.4,19.58,12.49,5.77,17.59,4.84,18.05,17.91,37.22,11.48
1815,5.644984905269979,4,16.55,7.46,19.58,12.54,5.82,17.67,4.88,18.29,18,37.44,11.57
1816,5.644984905269979,4,17.19,7.49,19.49,12.59,5.84,17.67,4.88,18.29,17.91,36.14,11.57
1817,5.644984905269979,4,17.11,7.49,19.49,12.54,5.82,17.67,4.86,16.57,17.91,37,11.52
1818,5.644984905269979,4,17.11,7.46,19.58,12.54,5.79,17.67,4.86,16.93,18,37.9,11.62
1819,5.644984905269979,4,16.83,7.31,19.33,12.34,5.67,17.44,4.76,16.36,17.75,38.36,11.39
1820,5.644984905269979,4,17.04,7.46,19.58,12.54,5.82,17.67,4.86,16.64,18,37.44,11.34
1821,5.644984905269979,4,17.04,7.43,19.49,12.54,5.79,17.59,4.86,16.57,17.91,37.9,11.39
1822,5.644984905269979,4,16.35,7.46,19.49,12.54,5.79,17.59,4.86,19.71,17.91,37.44,11.48
1823,5.644984905269979,4,16.35,7.46,19.41,12.49,5.79,17.59,4.86,19.97,17.83,36.78,11.57
1824,5.644984905269979,4,16.97,7.46,19.49,12.54,5.82,17.59,4.86,20.06,17.83,37.67,11.39
1825,5.644984905269979,4,17.04,7.49,19.49,12.59,5.82,17.67,4.88,20.33,17.91,37,11.39
1826,5.644984905269979,4,17.04,7.49,19.49,12.54,5.82,17.67,4.88,20.15,17.91,37.67,11.12
1827,5.644984905269979,4,16.97,7.46,19.49,12.54,5.82,17.59,4.86,20.15,17.83,37.44,11.66
1828,5.644984905269979,4,16.42,7.49,19.58,12.59,5.82,17.67,4.88,19.88,17.91,37.67,11.75
1829,5.644984905269979,4,17.11,7.46,19.58,12.54,5.79,17.67,4.86,16.78,18,38.12,11.48
1830,5.644984905269979,4,17.11,7.46,19.49,12.54,5.79,17.59,4.84,16.64,18,37.67,11.66
1831,5.644984905269979,4,17.26,7.46,19.58,12.54,5.79,17.59,4.86,17.51,17.91,37,11.62
1832,5.644984905269979,4,17.11,7.46,19.58,12.54,5.79,17.59,4.84,17.29,17.91,39.55,11.66
1833,5.644984905269979,4,17.19,7.49,19.58,12.59,5.82,17.67,4.88,17.82,18,37.44,11.71
1834,5.644984905269979,4,17.04,7.49,19.67,12.59,5.82,17.67,4.9,17.74,18,37.67,11.71
1835,5.644984905269979,4,16.62,7.49,19.67,12.54,5.84,17.67,4.88,17.97,18,37.44,11.62
1836,5.644984905269979,4,17.19,7.49,19.58,12.59,5.82,17.67,4.88,17.67,18.08,37.9,11.71
1837,5.644984905269979,4,17.11,7.49,19.67,12.59,5.84,17.67,4.88,17.97,18,37,11.66
1838,5.644984905269979,4,17.19,7.49,19.67,12.59,5.84,17.67,4.86,17.74,18,37,11.62
1839,5.644984905269979,4,16.9,7.49,19.67,12.54,5.82,17.67,4.86,18.05,18.08,37.67,11.52
1840,5.644984905269979,4,17.33,7.52,19.67,12.59,5.84,17.74,4.88,17.67,18.08,36.35,11.66
1841,5.644984905269979,4,17.33,7.46,19.67,12.59,5.79,17.67,4.86,18.13,18.08,36.14,11.21
1842,5.644984905269979,4,17.19,7.46,19.67,12.54,5.79,17.67,4.86,18.13,18.08,37.67,11.57
1843,5.644984905269979,4,17.19,7.4,19.58,12.59,5.75,17.59,4.82,16.71,18,37.9,11.48
1844,5.644984905269979,4,17.19,7.43,19.67,12.49,5.77,17.59,4.82,16.93,18.08,37,11.57
1845,5.644984905269979,4,17.26,7.46,19.67,12.54,5.79,17.67,4.84,16.86,18,37.44,11.48
1846,5.644984905269979,4,17.26,7.46,19.67,12.54,5.82,17.67,4.86,16.93,18.08,38.12,11.62
1847,5.644984905269979,4,17.26,7.46,19.75,12.59,5.79,17.67,4.86,16.93,18.08,37.9,11.57
1848,5.644984905269979,4,17.19,7.46,19.67,12.54,5.82,17.67,4.84,17.44,18.08,38.83,11.57
1849,5.644984905269979,4,17.33,7.46,19.67,12.59,5.82,17.67,4.86,16.93,18.08,36.35,11.62
1850,5.644984905269979,4,17.26,7.46,19.67,12.54,5.79,17.67,4.86,16.71,18.08,38.36,11.62
1851,5.644984905269979,4,17.04,7.31,19.75,12.34,5.67,17.44,4.76,16.78,17.91,36.35,11.43
1852,5.644984905269979,4,17.26,7.46,19.67,12.54,5.79,17.67,4.84,16.93,18,37.44,11.52
1853,5.644984905269979,4,17.26,7.46,19.67,12.59,5.79,17.67,4.86,17.07,18.08,38.59,11.39
1854,5.644984905269979,4,17.19,7.49,19.75,12.59,5.79,17.67,4.86,17,18.08,37.67,11.52
1855,5.644984905269979,4,17.33,7.49,19.67,12.59,5.82,17.67,4.86,17.14,18.08,35.93,11.48
1856,5.644984905269979,4,17.33,7.46,19.67,12.59,5.79,17.67,4.86,16.86,18.08,37.9,11.34
1857,5.644984905269979,4,17.26,7.52,19.75,12.64,5.84,17.67,4.88,18.05,18.08,37.9,11.39
1858,5.644984905269979,4,17.33,7.52,19.75,12.64,5.84,17.67,4.88,18.13,18.08,39.79,11.3
1859,5.644984905269979,4,17.4,7.52,19.75,12.64,5.82,17.74,4.88,17,18.08,37.9,11.43
1860,5.644984905269979,4,17.33,7.52,19.75,12.64,5.84,17.67,4.88,17.07,18.08,37.22,11.57
1861,5.65997489713184,4,17.19,7.43,19.58,12.49,5.77,17.52,4.82,16.86,18,37.22,11.34
1862,5.65997489713184,4,17.4,7.49,19.67,12.59,5.82,17.67,4.86,16.93,18.08,37.9,11.57
1863,5.65997489713184,4,17.33,7.49,19.67,12.59,5.82,17.59,4.84,17.36,18,39.79,11.62
1864,5.65997489713184,4,17.26,7.49,19.67,12.59,5.82,17.67,4.86,17,18.08,39.06,11.57
1865,5.65997489713184,4,17.4,7.52,19.75,12.64,5.84,17.59,4.88,17.22,18.08,38.59,11.57
1866,5.65997489713184,4,17.33,7.49,19.67,12.64,5.82,17.67,4.86,17.82,18,38.59,11.52
1867,5.65997489713184,4,17.33,7.52,19.75,12.64,5.82,17.67,4.88,17.14,18,38.59,11.48
1868,5.65997489713184,4,17.33,7.46,19.67,12.59,5.79,17.59,4.86,17.89,18,37.9,11.39
1869,5.65997489713184,4,17.33,7.49,19.67,12.59,5.82,17.59,4.84,17.97,18,38.59,11.62
1870,5.65997489713184,4,17.4,7.49,19.67,12.59,5.82,17.67,4.86,18.29,18,38.59,11.34
1871,5.65997489713184,4,17.33,7.52,19.67,12.64,5.84,17.67,4.88,18.37,18,37.44,11.62
1872,5.65997489713184,4,17.33,7.52,19.67,12.64,5.84,17.67,4.88,18.37,18,37.44,11.57
1873,5.65997489713184,4,17.33,7.52,19.67,12.64,5.84,17.67,4.88,17.59,18,37.22,11.57
1874,5.65997489713184,4,17.33,7.52,19.75,12.64,5.84,17.67,4.88,17.67,18,37.22,11.62
1875,5.65997489713184,4,17.33,7.52,19.67,12.64,5.84,17.67,4.86,18.29,18,37.44,11.66
1876,5.65997489713184,4,17.33,7.52,19.75,12.64,5.84,17.67,4.86,16.93,18.08,40.29,11.62
1877,5.65997489713184,4,17.33,7.52,19.75,12.59,5.84,17.67,4.88,17,18,38.59,11.62
1878,5.65997489713184,4,17.4,7.52,19.84,12.64,5.84,17.67,4.88,16.93,18.08,36.78,11.62
1879,5.65997489713184,4,17.19,7.46,19.67,12.59,5.79,17.59,4.84,16.93,17.91,37.44,11.52
1880,5.65997489713184,4,17.33,7.49,19.75,12.59,5.82,17.59,4.86,17.07,18,37.44,11.48
1881,5.65997489713184,4,17.33,7.52,19.75,12.64,5.82,17.59,4.86,17,18,38.83,11.71
1882,5.65997489713184,4,17.19,7.49,19.75,12.64,5.82,17.59,4.88,17.07,18,38.12,11.3
1883,5.65997489713184,4,17.33,7.52,19.75,12.64,5.84,17.59,4.88,17,18,37.67,11.66
1884,5.65997489713184,4,17.4,7.52,19.75,12.69,5.84,17.67,4.88,17.22,18,38.36,11.26
1885,5.65997489713184,4,17.33,7.52,19.75,12.64,5.84,17.59,4.86,17.29,18,37.9,11.48
1886,5.65997489713184,4,17.4,7.52,19.75,12.69,5.87,17.59,4.88,17.07,18,38.12,11.52
1887,5.65997489713184,4,17.4,7.55,19.75,12.69,5.87,17.67,4.88,17.59,18,37.67,11.66
1888,5.65997489713184,4,17.19,7.46,19.67,12.54,5.79,17.44,4.8,17,17.91,37.67,11.57
1889,5.65997489713184,4,17.26,7.46,19.67,12.59,5.79,17.52,4.84,17.29,17.91,37.67,11.57
1890,5.65997489713184,4,17.26,7.46,19.67,12.54,5.79,17.52,4.82,17.07,17.91,38.12,11.52
1891,5.65997489713184,4,17.26,7.46,19.67,12.59,5.79,17.52,4.82,16.93,17.91,37.67,11.57
1892,5.65997489713184,4,17.26,7.43,19.67,12.54,5.77,17.44,4.82,17.14,17.91,37.67,11.48
1893,5.65997489713184,4,17.11,7.43,19.75,12.54,5.77,17.44,4.8,17.14,17.83,37.67,11.57
1894,5.65997489713184,4,17.19,7.43,19.67,12.54,5.77,17.44,4.82,17.29,17.83,38.83,11.52
1895,5.65997489713184,4,17.26,7.46,19.67,12.54,5.79,17.52,4.82,17.67,17.83,37.22,11.43
1896,5.65997489713184,4,17.26,7.46,19.67,12.59,5.79,17.52,4.84,17.89,17.83,36.78,11.62
1897,5.65997489713184,4,17.04,7.43,19.67,12.49,5.75,17.44,4.8,17.59,17.83,37,11.48
1898,5.65997489713184,4,17.26,7.46,19.67,12.54,5.79,17.52,4.82,17.67,17.83,37.44,11.3
1899,5.65997489713184,4,17.4,7.46,19.67,12.59,5.79,17.52,4.84,17.82,17.83,38.12,11.62
1900,5.65997489713184,4,17.19,7.43,19.67,12.54,5.79,17.44,4.82,18.77,17.83,35.93,11.57
1901,5.65997489713184,4,17.26,7.46,19.67,12.59,5.79,17.52,4.82,17.29,17.83,36.78,11.62
1902,5.65997489713184,4,17.26,7.46,19.67,12.54,5.77,17.52,4.82,17.14,17.83,36.35,11.57
1903,5.65997489713184,4,17.19,7.46,19.67,12.59,5.79,17.52,4.82,17.74,17.83,37.22,11.57
1904,5.65997489713184,4,17.26,7.46,19.67,12.59,5.82,17.52,4.82,17.22,17.91,37,11.26
1905,5.65997489713184,4,17.11,7.46,19.67,12.59,5.79,17.52,4.82,17.29,17.83,37.67,11.48
1906,5.65997489713184,4,16.9,7.31,19.49,12.39,5.67,17.22,4.72,17.07,17.67,36.35,11.43
1907,5.65997489713184,4,17.11,7.46,19.67,12.59,5.79,17.52,4.82,17.29,17.83,37.44,11.52
1908,5.65997489713184,4,17.04,7.4,19.67,12.49,5.75,17.44,4.78,17.07,17.83,36.78,11.43
1909,5.65997489713184,4,17.19,7.46,19.67,12.59,5.79,17.52,4.82,17.29,17.83,37,11.48
1910,5.65997489713184,4,17.19,7.46,19.75,12.59,5.79,17.52,4.82,17.22,17.83,37.22,11.48
1911,5.65997489713184,4,17.19,7.46,19.75,12.59,5.79,17.52,4.82,17.07,17.91,37.22,11.66
1912,5.65997489713184,4,17.19,7.37,19.67,12.49,5.72,17.37,4.76,17,17.75,35.11,11.34
1913,5.65997489713184,4,17.4,7.49,19.75,12.64,5.82,17.59,4.84,17.36,17.91,37,11.66
1914,5.65997489713184,4,17.4,7.49,19.84,12.64,5.82,17.59,4.84,17.22,17.91,37.22,11.62
1915,5.65997489713184,4,17.19,7.4,19.58,12.54,5.72,17.37,4.76,17.22,17.75,36.35,11.39
1916,5.65997489713184,4,17.19,7.37,19.58,12.44,5.72,17.3,4.76,20.42,17.67,36.35,11.34
1917,5.65997489713184,4,17.48,7.55,19.75,12.69,5.87,17.59,4.88,21.97,17.91,36.78,11.57
1918,5.65997489713184,4,17.11,7.34,19.49,12.44,5.7,17.3,4.74,17.07,17.67,38.59,11.34
1919,5.65997489713184,4,17.7,7.64,19.84,12.85,5.94,17.82,4.92,17.29,18.08,36.14,11.48
1920,5.65997489713184,4,17.48,7.55,19.84,12.74,5.87,17.59,4.9,17.36,18,36.57,11.62
1921,5.683538089942097,4,17.55,7.52,19.84,12.69,5.84,17.59,4.86,17.07,17.91,37,11.39
1922,5.683538089942097,4,17.48,7.52,19.75,12.64,5.82,17.52,4.84,17.22,17.91,36.57,11.39
1923,5.683538089942097,4,17.63,7.64,19.84,12.9,5.92,17.67,4.92,17.14,18,37.44,11.48
1924,5.683538089942097,4,17.4,7.52,19.84,12.64,5.82,17.52,4.84,17.14,17.91,37.44,11.57
1925,5.683538089942097,4,17.48,7.52,19.75,12.74,5.84,17.59,4.86,17.14,17.91,37.44,11.57
1926,5.683538089942097,4,17.4,7.52,19.75,12.64,5.82,17.52,4.84,17.22,17.91,36.35,11.52
1927,5.683538089942097,4,17.48,7.55,19.75,12.69,5.84,17.52,4.86,17.07,17.83,37.67,11.57
1928,5.683538089942097,4,17.4,7.49,19.75,12.64,5.82,17.44,4.82,17.14,17.83,37.22,11.52
1929,5.683538089942097,4,17.48,7.52,19.84,12.64,5.82,17.52,4.84,17.22,17.91,37.44,11.48
1930,5.683538089942097,4,17.55,7.55,19.84,12.74,5.84,17.59,4.86,17.36,18,37.67,11.43
1931,5.683538089942097,4,17.7,7.61,20.02,12.79,5.89,17.74,4.9,17.44,18.08,37.67,11.52
1932,5.683538089942097,4,17.63,7.61,20.02,12.79,5.92,17.74,4.9,17.36,18.08,39.06,11.48
1933,5.683538089942097,4,17.55,7.58,19.93,12.74,5.89,17.67,4.86,17.36,18.08,37.67,11.48
1934,5.683538089942097,4,17.55,7.55,19.93,12.74,5.87,17.67,4.86,17.36,18.08,37.22,11.52
1935,5.683538089942097,4,17.48,7.55,19.93,12.74,5.87,17.59,4.86,17.36,18,37.67,11.57
1936,5.683538089942097,4,17.48,7.52,19.93,12.69,5.84,17.67,4.84,17.29,18,37.44,11.39
1937,5.683538089942097,4,17.55,7.52,19.93,12.74,5.84,17.67,4.84,17.29,18,36.57,11.62
1938,5.683538089942097,4,17.48,7.55,19.93,12.74,5.84,17.67,4.86,17.14,18,37.44,11.62
1939,5.683538089942097,4,17.55,7.55,20.02,12.74,5.87,17.74,4.86,17.36,18,37.22,11.62
1940,5.683538089942097,4,17.55,7.49,19.93,12.69,5.84,17.74,4.86,17.36,18,37.9,11.34
1941,5.683538089942097,4,17.19,7.34,19.75,12.49,5.67,17.37,4.72,17.36,17.83,37.44,11.04
1942,5.683538089942097,4,17.11,7.34,19.67,12.44,5.65,17.37,4.7,17.07,17.75,37.22,11.39
1943,5.683538089942097,4,17.26,7.4,19.84,12.54,5.75,17.52,4.78,17.44,17.83,37.44,11.17
1944,5.683538089942097,4,17.26,7.49,19.93,12.69,5.82,17.67,4.82,17.59,18,37,11.48
1945,5.683538089942097,4,17.26,7.49,19.84,12.69,5.82,17.67,4.82,17.36,18,38.36,11.43
1946,5.683538089942097,4,17.19,7.49,19.93,12.69,5.82,17.59,4.84,17.36,17.91,41.32,11.57
1947,5.683538089942097,4,17.04,7.49,19.93,12.69,5.79,17.59,4.82,17.67,18,38.83,11.52
1948,5.683538089942097,4,17.19,7.49,19.93,12.69,5.79,17.67,4.84,17.36,18,37.9,11.43
1949,5.683538089942097,4,17.19,7.49,19.93,12.69,5.79,17.59,4.82,17.36,18,39.55,11.39
1950,5.683538089942097,4,17.19,7.49,20.02,12.64,5.79,17.67,4.82,17.29,17.91,38.36,11.48
1951,5.683538089942097,4,17.33,7.49,19.93,12.69,5.79,17.59,4.82,17.29,17.91,38.59,11.48
1952,5.683538089942097,4,17.19,7.49,20.1,12.69,5.79,17.59,4.82,17.29,17.91,38.59,11.43
1953,5.683538089942097,4,16.97,7.34,19.75,12.49,5.67,17.37,4.72,17.14,17.75,39.06,11.52
1954,5.683538089942097,4,17.26,7.49,19.93,12.64,5.79,17.59,4.82,17.36,17.91,39.06,11.66
1955,5.683538089942097,4,17.33,7.49,19.93,12.69,5.79,17.59,4.82,17.36,17.91,38.12,11.62
1956,5.683538089942097,4,17.11,7.46,19.93,12.64,5.77,17.59,4.8,17.51,17.91,39.3,11.08
1957,5.683538089942097,4,17.19,7.46,19.93,12.64,5.79,17.59,4.8,17.29,17.91,38.83,11.34
1958,5.683538089942097,4,17.4,7.46,19.93,12.64,5.79,17.59,4.8,17.44,17.91,39.55,11.66
1959,5.683538089942097,4,17.33,7.46,19.93,12.69,5.77,17.59,4.8,17.44,17.83,37,11.62
1960,5.683538089942097,4,17.19,7.46,19.93,12.69,5.77,17.52,4.8,17.36,17.83,38.83,11.62
1961,5.683538089942097,4,16.48,7.46,19.93,12.69,5.77,17.59,4.78,17.51,17.83,38.59,11.52
1962,5.683538089942097,4,17.19,7.46,19.93,12.64,5.77,17.59,4.8,17.36,17.83,38.36,11.21
1963,5.683538089942097,4,17.19,7.46,19.93,12.64,5.77,17.52,4.8,17.89,17.83,40.54,11.3
1964,5.683538089942097,4,17.26,7.46,19.93,12.59,5.77,17.52,4.8,17.51,17.83,37.67,10.95
1965,5.683538089942097,4,17.19,7.46,19.93,12.69,5.79,17.52,4.8,17.44,17.83,36.57,11.21
1966,5.683538089942097,4,17.33,7.49,19.93,12.69,5.77,17.52,4.8,17.44,17.91,38.12,11.52
1967,5.683538089942097,4,17.04,7.46,19.93,12.69,5.77,17.52,4.8,18.21,17.83,35.11,11.3
1968,5.683538089942097,4,17.26,7.46,19.93,12.69,5.77,17.52,4.8,17.44,17.83,36.78,11.52
1969,5.683538089942097,4,17.11,7.49,19.93,12.69,5.79,17.59,4.8,18.85,17.83,37.9,11.48
1970,5.683538089942097,4,17.19,7.46,19.93,12.69,5.77,17.59,4.8,18.69,17.83,38.36,11.34
1971,5.683538089942097,4,17.26,7.46,19.93,12.69,5.77,17.59,4.8,18.61,17.83,38.36,11.12
1972,5.683538089942097,4,17.19,7.43,19.93,12.64,5.75,17.52,4.78,17.59,18,39.3,11.17
1973,5.683538089942097,4,17.26,7.46,19.93,12.64,5.77,17.52,4.78,18.94,17.83,39.06,11.48
1974,5.683538089942097,4,17.26,7.43,19.93,12.64,5.75,17.52,4.78,18.29,17.83,38.83,11.39
1975,5.683538089942097,4,17.26,7.46,19.93,12.64,5.77,17.59,4.78,17.36,17.83,36.14,11.12
1976,5.683538089942097,4,17.26,7.46,19.93,12.64,5.77,17.59,4.8,17.36,17.83,37.22,11.21
1977,5.683538089942097,4,16.42,7.46,19.93,12.64,5.77,17.59,4.8,18.29,17.83,38.12,11.52
1978,5.683538089942097,4,17.26,7.43,19.93,12.64,5.75,17.59,4.78,17.22,17.83,36.35,11.52
1979,5.683538089942097,4,17.33,7.46,19.93,12.64,5.77,17.59,4.78,17.36,17.83,37.22,11.48
1980,5.683538089942097,4,17.33,7.46,19.93,12.69,5.77,17.59,4.78,17.36,17.83,37,11.08
1981,5.723414046731876,4,17.33,7.43,19.93,12.59,5.75,17.52,4.78,17.82,17.83,36.78,11.08
1982,5.723414046731876,4,17.4,7.46,19.93,12.64,5.77,17.59,4.8,18.53,17.75,36.78,11.3
1983,5.723414046731876,4,17.19,7.46,19.93,12.69,5.77,17.59,4.8,18.45,17.83,38.83,10.99
1984,5.723414046731876,4,17.26,7.46,19.84,12.64,5.77,17.52,4.78,18.29,17.75,35.11,11.52
1985,5.723414046731876,4,17.26,7.46,19.75,12.59,5.77,17.44,4.78,18.69,17.67,39.79,11.48
1986,5.723414046731876,4,17.33,7.46,19.84,12.64,5.79,17.59,4.8,17.51,17.75,36.57,11.48
1987,5.723414046731876,4,17.26,7.46,19.93,12.69,5.79,17.59,4.78,17.59,17.83,36.57,11.21
1988,5.723414046731876,4,17.26,7.46,19.84,12.64,5.75,17.52,4.78,17.44,17.75,37.9,11.43
1989,5.723414046731876,4,17.33,7.46,19.93,12.64,5.77,17.52,4.8,19.1,17.75,37,11.08
1990,5.723414046731876,4,17.04,7.34,19.75,12.49,5.67,17.3,4.7,17.29,17.58,36.78,11.21
1991,5.723414046731876,4,17.26,7.46,19.93,12.64,5.77,17.52,4.8,18.53,17.75,35.31,11.48
1992,5.723414046731876,4,16.83,7.22,19.67,12.39,5.58,17.22,4.64,18.45,17.5,38.36,11.17
1993,5.723414046731876,4,17.19,7.46,19.93,12.64,5.77,17.52,4.78,18.53,17.75,37.9,11.43
1994,5.723414046731876,4,17.19,7.46,19.84,12.64,5.77,17.52,4.8,17.59,17.75,38.36,11.43
1995,5.723414046731876,4,17.11,7.46,19.84,12.64,5.75,17.44,4.78,17.44,17.67,37.67,11.48
1996,5.723414046731876,4,17.33,7.46,19.93,12.64,5.77,17.52,4.78,17.44,17.75,37.44,11.43
1997,5.723414046731876,4,17.26,7.46,19.84,12.64,5.77,17.52,4.78,18.61,17.75,37.67,11.52
1998,5.723414046731876,4,17.04,7.46,19.93,12.69,5.77,17.52,4.78,18.53,17.75,37.67,11.52
1999,5.723414046731876,4,17.19,7.46,19.84,12.69,5.77,17.52,4.78,18.69,17.75,37.67,11.52
2000,5.723414046731876,4,16.35,7.46,19.84,12.64,5.77,17.52,4.78,18.94,17.75,36.35,11.34
2001,5.723414046731876,4,17.26,7.49,19.93,12.64,5.79,17.52,4.8,19.02,17.67,37.44,11.48
2002,5.723414046731876,4,17.04,7.46,19.93,12.69,5.77,17.52,4.78,17.67,17.75,37.67,11.04
2003,5.723414046731876,4,17.19,7.46,19.93,12.74,5.77,17.52,4.78,17.51,17.75,37.22,11.21
2004,5.723414046731876,4,17.26,7.46,19.93,12.69,5.77,17.59,4.8,17.97,17.75,37.44,11.26
2005,5.723414046731876,4,16.35,7.46,19.93,12.69,5.77,17.44,4.78,17.67,17.75,37.44,11.39
2006,5.723414046731876,4,17.26,7.46,20.02,12.69,5.77,17.37,4.78,17.74,17.75,37.67,11.26
2007,5.723414046731876,4,17.26,7.46,19.93,12.69,5.77,17.37,4.8,17.74,17.75,37.9,11.12
2008,5.723414046731876,4,17.04,7.31,19.84,12.49,5.65,17.15,4.7,17.51,17.58,37.44,11.12
2009,5.723414046731876,4,16.97,7.31,19.75,12.49,5.65,17.15,4.66,17.67,17.58,36.78,10.99
2010,5.723414046731876,4,16.21,7.37,19.84,12.59,5.67,17.22,4.72,17.82,17.67,37.44,11.26
2011,5.723414046731876,4,17.04,7.37,19.75,12.54,5.67,17.22,4.7,17.89,17.67,37.44,11.39
2012,5.723414046731876,4,16.97,7.31,19.75,12.49,5.65,17.15,4.68,17.97,17.58,36.78,11.39
2013,5.723414046731876,4,17.11,7.46,19.93,12.64,5.77,17.3,4.78,17.97,17.75,39.79,11.34
2014,5.723414046731876,4,17.04,7.43,19.84,12.64,5.72,17.22,4.74,17.74,17.67,37.67,11.34
2015,5.723414046731876,4,17.19,7.46,19.93,12.69,5.77,17.3,4.78,17.67,17.75,37.22,11.43
2016,5.723414046731876,4,17.04,7.46,19.93,12.69,5.77,17.3,4.78,17.67,17.67,37.9,11.39
2017,5.723414046731876,4,17.19,7.43,19.93,12.64,5.75,17.3,4.76,17.74,17.75,37,11.34
2018,5.723414046731876,4,17.04,7.43,20.02,12.64,5.75,17.22,4.76,17.74,17.75,37,11.39
2019,5.723414046731876,4,17.04,7.46,19.93,12.69,5.75,17.3,4.76,17.59,17.75,37.67,11.39
2020,5.723414046731876,4,17.11,7.46,19.93,12.69,5.77,17.3,4.78,17.59,17.75,37.22,11.39
2021,5.723414046731876,4,17.19,7.46,19.93,12.69,5.77,17.3,4.78,17.51,17.75,37.44,11.34
2022,5.723414046731876,4,16.97,7.46,19.93,12.69,5.77,17.3,4.78,17.74,17.75,37.67,11.34
2023,5.723414046731876,4,16.21,7.43,19.93,12.64,5.72,17.22,4.74,17.59,17.67,37.67,11.3
2024,5.723414046731876,4,17.04,7.43,19.93,12.64,5.75,17.22,4.74,17.59,17.67,36.78,11.48
2025,5.723414046731876,4,16.97,7.43,19.93,12.64,5.72,17.15,4.74,17.51,17.67,37.44,11.43
2026,5.723414046731876,4,17.11,7.4,19.84,12.59,5.72,17.15,4.72,17.67,17.58,36.35,11.39
2027,5.723414046731876,4,17.19,7.43,19.93,12.64,5.75,17.15,4.74,17.59,17.67,37.22,11.39
2028,5.723414046731876,4,17.11,7.43,19.93,12.69,5.72,17.22,4.74,17.67,17.67,37.9,10.95
2029,5.723414046731876,4,17.11,7.46,20.02,12.74,5.75,17.3,4.76,17.74,17.75,38.59,11.17
2030,5.723414046731876,4,16.28,7.43,20.02,12.69,5.75,17.22,4.76,17.74,17.75,36.35,11.21
2031,5.723414046731876,4,17.11,7.46,20.02,12.69,5.75,17.3,4.76,17.74,17.75,39.06,11.04
2032,5.723414046731876,4,17.19,7.46,20.02,12.69,5.77,17.3,4.78,17.74,17.75,38.36,11.43
2033,5.723414046731876,4,17.11,7.46,20.02,12.69,5.77,17.22,4.76,17.67,17.75,39.3,11.04
2034,5.723414046731876,4,17.04,7.46,20.02,12.69,5.75,17.01,4.76,17.67,17.75,38.59,11.21
2035,5.723414046731876,4,17.11,7.46,20.02,12.69,5.77,17.3,4.76,17.59,17.75,38.36,11.26
2036,5.723414046731876,4,17.19,7.46,20.02,12.69,5.77,17.22,4.76,17.67,17.75,40.8,11.3
2037,5.723414046731876,4,17.11,7.43,19.93,12.64,5.72,17.15,4.72,17.67,17.67,37.9,11.17
2038,5.723414046731876,4,17.04,7.43,19.93,12.69,5.75,17.22,4.74,17.51,17.67,37.9,11.34
2039,5.723414046731876,4,17.11,7.43,20.02,12.64,5.72,17.22,4.74,17.67,17.75,38.12,11.3
2040,5.723414046731876,4,17.11,7.43,20.02,12.69,5.75,17.22,4.74,17.74,17.75,38.12,11.43
2041,5.731030382283858,4,17.19,7.43,20.02,12.69,5.75,17.22,4.74,17.67,17.75,37.9,11.04
2042,5.731030382283858,4,17.26,7.46,20.02,12.69,5.77,17.22,4.76,17.82,17.75,38.59,11.43
2043,5.731030382283858,4,17.26,7.46,19.93,12.69,5.75,17.22,4.74,17.74,17.75,37.44,11.3
2044,5.731030382283858,4,16.76,7.19,19.67,12.34,5.53,16.79,4.58,17.51,17.42,36.14,11.08
2045,5.731030382283858,4,16.62,7.14,19.67,12.29,5.48,16.72,4.54,17.51,17.34,36.35,10.99
2046,5.731030382283858,4,16.62,7.14,19.67,12.29,5.48,16.72,4.54,17.51,17.34,36.14,11.04
2047,5.731030382283858,4,16.76,7.16,19.75,12.34,5.51,16.79,4.56,17.51,17.42,36.57,11.12
2048,5.731030382283858,4,16.76,7.19,19.84,12.49,5.6,17.01,4.64,17.74,17.58,36.78,11.17
2049,5.731030382283858,4,17.11,7.49,20.02,12.69,5.77,17.3,4.76,18.21,17.75,37.22,11.3
2050,5.731030382283858,4,16.83,7.28,19.84,12.49,5.6,17.01,4.64,18.13,17.58,36.35,11.08
2051,5.731030382283858,4,17.19,7.49,20.1,12.74,5.77,17.3,4.78,18.21,17.83,34.91,11.52
2052,5.731030382283858,4,17.19,7.49,20.1,12.79,5.79,17.37,4.78,18.05,17.83,37,11.48
2053,5.731030382283858,4,16.9,7.28,19.93,12.54,5.63,17.01,4.64,17.67,17.67,36.35,10.91
2054,5.731030382283858,4,17.26,7.49,20.19,12.74,5.77,17.37,4.78,18.05,17.83,37.44,11.48
2055,5.731030382283858,4,17.33,7.49,20.1,12.74,5.77,17.37,4.78,17.89,17.83,37.22,11.39
2056,5.731030382283858,4,17.4,7.49,20.1,12.79,5.79,17.37,4.78,17.89,17.83,37.67,11.48
2057,5.731030382283858,4,17.33,7.49,20.1,12.79,5.77,17.37,4.78,18.29,17.83,38.36,11.52
2058,5.731030382283858,4,17.26,7.46,20.1,12.74,5.77,17.44,4.74,17.97,17.83,38.59,11.52
2059,5.731030382283858,4,17.33,7.49,20.19,12.79,5.77,17.52,4.78,18.05,17.83,37.9,11.52
2060,5.731030382283858,4,17.33,7.49,20.19,12.79,5.79,17.52,4.8,18.77,17.83,37.44,11.17
2061,5.731030382283858,4,17.33,7.49,20.19,12.79,5.77,17.59,4.76,17.97,17.83,37.67,11.34
2062,5.731030382283858,4,17.63,7.49,20.1,12.79,5.77,17.52,4.76,18.45,17.91,37.67,11.52
2063,5.731030382283858,4,17.63,7.52,20.19,12.79,5.79,17.44,4.78,18.53,17.91,35.93,11.43
2064,5.731030382283858,4,17.55,7.49,20.19,12.79,5.79,17.37,4.78,18.45,17.83,37,11.39
2065,5.731030382283858,4,17.7,7.49,20.19,12.79,5.77,17.37,4.78,17.97,17.83,36.78,11.39
2066,5.731030382283858,4,17.7,7.49,20.1,12.79,5.77,17.37,4.76,17.89,17.83,36.57,11.39
2067,5.731030382283858,4,17.55,7.37,20.02,12.59,5.67,17.15,4.68,17.67,17.67,36.57,11.39
2068,5.731030382283858,4,17.78,7.49,20.19,12.79,5.77,17.37,4.78,18.37,17.75,37,11.48
2069,5.731030382283858,4,17.7,7.52,20.19,12.85,5.79,17.37,4.78,18.45,17.83,37.22,11.39
2070,5.731030382283858,4,17.7,7.49,20.19,12.74,5.75,17.37,4.76,17.89,17.83,37.9,11.57
2071,5.731030382283858,4,17.7,7.49,20.19,12.79,5.77,17.37,4.78,17.89,17.83,37.44,11.52
2072,5.731030382283858,4,17.78,7.52,20.19,12.85,5.77,17.37,4.78,18.29,17.83,36.14,11.52
2073,5.731030382283858,4,17.33,7.28,19.75,12.54,5.58,17.01,4.6,17.59,17.5,36.78,11.26
2074,5.731030382283858,4,17.19,7.16,19.84,12.39,5.55,16.86,4.56,18.37,17.42,36.57,11.21
2075,5.731030382283858,4,17.11,7.14,19.75,12.29,5.46,16.79,4.52,17.59,17.34,36.14,11.12
2076,5.731030382283858,4,17.11,7.11,19.75,12.34,5.46,16.79,4.5,17.82,17.42,35.93,10.57
2077,5.731030382283858,4,17.19,7.14,19.75,12.34,5.46,16.79,4.52,17.67,17.42,36.35,11.04
2078,5.731030382283858,4,17.19,7.16,19.84,12.34,5.48,16.86,4.54,17.59,17.5,35.93,10.78
2079,5.731030382283858,4,17.19,7.19,19.84,12.39,5.51,16.93,4.56,17.74,17.5,36.78,11.21
2080,5.731030382283858,4,17.11,7.16,19.75,12.34,5.48,16.86,4.54,17.59,17.42,36.57,11.08
2081,5.731030382283858,4,17.19,7.19,19.84,12.39,5.51,16.93,4.54,17.67,17.5,35.31,11.04
2082,5.731030382283858,4,17.26,7.22,19.93,12.54,5.53,16.93,4.58,17.74,17.5,35.93,11.12
2083,5.731030382283858,4,17.7,7.49,20.19,12.79,5.75,17.37,4.76,17.97,17.83,37.44,11.26
2084,5.731030382283858,4,17.85,7.52,20.19,12.79,5.77,17.37,4.78,18.21,17.83,37,11.52
2085,5.731030382283858,4,17.78,7.52,20.19,12.85,5.82,17.44,4.76,17.89,17.83,36.78,11.43
2086,5.731030382283858,4,17.85,7.52,20.19,12.85,5.79,17.44,4.78,17.97,17.83,36.35,11.57
2087,5.731030382283858,4,17.85,7.52,20.19,12.85,5.79,17.44,4.78,18.45,17.83,36.78,11.62
2088,5.731030382283858,4,17.7,7.43,20.1,12.69,5.7,17.22,4.7,17.82,17.83,36.78,11.39
2089,5.731030382283858,4,17.33,7.22,19.84,12.44,5.53,16.93,4.56,17.59,17.5,34.51,11.17
2090,5.731030382283858,4,17.4,7.22,19.84,12.44,5.53,16.86,4.56,17.67,17.5,39.06,11.21
2091,5.731030382283858,4,17.93,7.52,20.19,12.85,5.77,17.37,4.76,17.82,17.83,36.57,11.52
2092,5.731030382283858,4,18,7.52,20.19,12.85,5.79,17.37,4.78,17.82,17.91,37.22,11.57
2093,5.731030382283858,4,18,7.52,20.19,12.85,5.79,17.37,4.78,17.97,17.91,40.29,11.57
2094,5.731030382283858,4,17.93,7.52,20.19,12.85,5.77,17.37,4.76,17.89,17.83,37.22,11.52
2095,5.731030382283858,4,18,7.52,20.19,12.9,5.79,17.37,4.78,17.82,17.83,37.44,11.57
2096,5.731030382283858,4,17.78,7.43,20.28,12.74,5.72,17.22,4.7,17.67,17.75,34.71,11.21
2097,5.731030382283858,4,17.93,7.52,20.19,12.85,5.82,17.37,4.76,18.37,17.83,37.67,11.52
2098,5.731030382283858,4,17.85,7.49,20.19,12.85,5.77,17.3,4.76,18.05,17.83,37,11.43
2099,5.731030382283858,4,17.93,7.49,20.19,12.79,5.75,17.3,4.74,17.89,17.83,36.57,11.34
2100,5.731030382283858,4,17.93,7.49,20.19,12.79,5.77,17.3,4.76,17.82,17.83,36.78,11.52
2101,5.746957728968659,4,17.93,7.49,20.1,12.79,5.75,17.3,4.74,17.82,17.83,35.93,11.52
2102,5.746957728968659,4,17.85,7.46,20.1,12.74,5.72,17.22,4.72,17.74,17.83,37.9,11.48
2103,5.746957728968659,4,17.26,7.19,19.67,12.44,5.48,16.79,4.52,17.74,17.42,35.72,11.17
2104,5.746957728968659,4,17.85,7.49,20.19,12.79,5.75,17.3,4.72,17.89,17.83,34.71,11.43
2105,5.746957728968659,4,17.78,7.46,20.1,12.79,5.75,17.22,4.74,17.89,17.83,37,11.08
2106,5.746957728968659,4,17.78,7.49,20.19,12.85,5.75,17.3,4.72,18.29,17.83,37,11.39
2107,5.746957728968659,4,17.78,7.49,20.19,12.79,5.75,17.3,4.74,17.89,17.83,36.78,11.34
2108,5.746957728968659,4,17.78,7.49,20.19,12.85,5.77,17.3,4.74,17.89,17.83,36.78,11.26
2109,5.746957728968659,4,17.85,7.49,20.1,12.85,5.79,17.3,4.74,18.05,17.83,37,11.39
2110,5.746957728968659,4,17.85,7.49,20.19,12.85,5.77,17.3,4.74,17.97,17.83,36.78,11.34
2111,5.746957728968659,4,17.26,7.16,19.67,12.44,5.51,16.79,4.52,17.74,17.42,35.51,10.74
2112,5.746957728968659,4,17.85,7.49,20.1,12.79,5.75,17.22,4.72,17.97,17.83,37,11.48
2113,5.746957728968659,4,17.85,7.49,20.1,12.85,5.75,17.3,4.74,17.82,17.75,36.78,11.39
2114,5.746957728968659,4,17.78,7.46,20.1,12.79,5.75,17.22,4.72,17.89,17.75,36.78,11.3
2115,5.746957728968659,4,17.85,7.49,20.1,12.85,5.75,17.22,4.74,17.97,17.83,36.78,11.34
2116,5.746957728968659,4,17.85,7.49,20.28,12.9,5.75,17.15,4.74,17.89,17.75,36.78,11.04
2117,5.746957728968659,4,17.85,7.49,20.1,12.95,5.75,17.22,4.72,17.97,17.75,37,11.43
2118,5.746957728968659,4,17.7,7.46,20.1,12.79,5.75,17.22,4.72,17.74,17.75,36.78,10.99
2119,5.746957728968659,4,17.78,7.46,20.1,12.85,5.75,17.22,4.72,17.82,17.75,36.78,11.34
2120,5.746957728968659,4,17.85,7.49,20.1,12.85,5.75,17.22,4.72,18.53,17.75,35.11,11.43
2121,5.746957728968659,4,17.85,7.49,20.1,12.85,5.77,17.3,4.74,17.82,17.75,39.79,11.43
2122,5.746957728968659,4,17.78,7.49,20.1,12.79,5.75,17.22,4.72,17.89,17.75,36.78,11.43
2123,5.746957728968659,4,17.78,7.49,20.1,12.85,5.75,17.22,4.72,17.82,17.75,35.11,11.43
2124,5.746957728968659,4,17.7,7.49,20.1,12.85,5.75,17.22,4.72,18.13,17.75,37,11.21
2125,5.746957728968659,4,17.85,7.49,20.1,12.85,5.75,17.22,4.74,18.21,17.75,37,11.34
2126,5.746957728968659,4,17.85,7.49,20.1,12.85,5.77,17.22,4.74,17.89,17.83,36.78,11.34
2127,5.746957728968659,4,17.85,7.52,20.1,12.85,5.77,17.15,4.74,17.89,17.75,36.78,11.52
2128,5.746957728968659,4,17.85,7.52,20.1,12.85,5.77,17.15,4.74,18.29,17.75,36.78,11.3
2129,5.746957728968659,4,17.85,7.49,20.1,12.85,5.75,17.08,4.72,17.82,17.75,35.31,10.99
2130,5.746957728968659,4,17.85,7.49,20.1,12.85,5.75,17.08,4.72,17.89,17.75,36.35,11.12
2131,5.746957728968659,4,17.78,7.49,20.1,12.85,5.75,17.15,4.72,17.97,17.75,36.78,11.3
2132,5.746957728968659,4,17.85,7.52,20.1,12.85,5.77,17.15,4.74,17.74,17.75,36.78,11.62
2133,5.746957728968659,4,17.78,7.52,20.1,12.85,5.77,17.08,4.72,18.21,17.75,36.35,11.48
2134,5.746957728968659,4,17.85,7.52,20.1,12.85,5.75,17.08,4.74,18.29,17.75,36.78,11.26
2135,5.746957728968659,4,17.85,7.52,20.1,12.85,5.77,17.08,4.74,18.29,17.83,36.78,11.17
2136,5.746957728968659,4,17.85,7.52,20.28,12.9,5.77,17.08,4.74,18.45,17.75,36.78,11.43
2137,5.746957728968659,4,17.63,7.37,19.93,12.74,5.65,16.86,4.62,18.13,17.58,36.14,11.34
2138,5.746957728968659,4,17.78,7.52,20.1,12.9,5.77,17.08,4.74,18.29,17.75,36.57,11.52
2139,5.746957728968659,4,17.85,7.52,20.1,12.9,5.77,17.08,4.74,18.37,17.75,35.72,11.52
2140,5.746957728968659,4,17.85,7.52,20.1,12.85,5.77,17.08,4.74,18.77,17.75,37.22,11.48
2141,5.746957728968659,4,17.7,7.43,19.93,12.79,5.7,17.01,4.66,18.21,17.67,36.35,11.43
2142,5.746957728968659,4,17.85,7.52,20.1,12.95,5.77,17.08,4.74,18.69,17.75,36.14,11.57
2143,5.746957728968659,4,17.55,7.34,19.93,12.69,5.63,16.79,4.62,18.29,17.58,36.14,11.3
2144,5.746957728968659,4,17.85,7.52,20.19,12.9,5.77,17.08,4.74,18.53,17.75,36.78,11.12
2145,5.746957728968659,4,17.55,7.37,19.93,12.69,5.65,16.86,4.64,18.13,17.58,34.71,11.39
2146,5.746957728968659,4,17.4,7.52,20.1,12.95,5.77,17.08,4.72,18.29,17.75,36.57,11.48
2147,5.746957728968659,4,17.33,7.52,20.1,12.9,5.77,17.08,4.72,18.53,17.75,36.78,11.52
2148,5.746957728968659,4,17.33,7.49,20.02,12.85,5.75,17.08,4.72,18.29,17.75,37.22,11.48
2149,5.746957728968659,4,17.33,7.49,20.1,12.9,5.75,17.08,4.72,18.29,17.75,36.35,11.48
2150,5.746957728968659,4,17.26,7.49,20.1,12.9,5.75,17.08,4.72,18.53,17.75,36.57,11.12
2151,5.746957728968659,4,17.7,7.52,20.1,12.9,5.75,17.08,4.72,18.61,17.75,36.78,11.48
2152,5.746957728968659,4,17.26,7.52,20.1,12.95,5.77,17.08,4.74,18.45,17.75,36.35,11.43
2153,5.746957728968659,4,17.33,7.52,20.1,12.9,5.75,17.08,4.74,18.61,17.75,36.14,11.26
2154,5.746957728968659,4,16.97,7.31,19.84,12.64,5.6,16.79,4.6,18.37,17.5,35.93,11.34
2155,5.746957728968659,4,15.37,6.34,18.67,11.3,4.77,15.33,3.95,17.29,16.42,32.45,10.05
2156,5.746957728968659,4,15.56,6.45,18.83,11.44,4.88,15.58,4.04,17.59,16.57,32.81,10.29
2157,5.746957728968659,4,15.37,6.37,18.75,11.39,4.77,15.45,3.95,17.44,16.42,32.45,10.21
2158,5.746957728968659,4,15.75,6.55,19.07,11.76,4.94,15.71,4.09,17.51,16.64,33.17,10.45
2159,5.746957728968659,4,17.55,7.61,20.28,13.06,5.82,17.44,4.8,18.45,17.83,36.35,11.62
2160,5.746957728968659,4,17.55,7.61,20.28,13.06,5.84,17.37,4.8,18.45,17.91,37,11.57
2161,5.75803314653214,4,17.55,7.64,20.28,13.06,5.84,17.44,4.82,18.61,17.83,37,11.21
2162,5.75803314653214,4,17.55,7.64,20.28,13.06,5.84,17.3,4.8,18.69,17.83,37,11.52
2163,5.75803314653214,4,17.55,7.64,20.28,13,5.84,17.3,4.8,18.77,17.91,36.78,11.26
2164,5.75803314653214,4,17.55,7.61,20.28,13.06,5.84,17.3,4.78,18.45,17.83,40.29,11.21
2165,5.75803314653214,4,17.48,7.58,20.19,12.95,5.79,17.22,4.76,18.45,17.83,36.78,11.39
2166,5.75803314653214,4,17.04,7.34,19.93,12.69,5.6,16.79,4.6,18.13,17.58,34.91,11.26
2167,5.75803314653214,4,17.4,7.61,20.19,13,5.82,17.22,4.78,18.45,17.75,37,11.57
2168,5.75803314653214,4,17.4,7.58,20.1,13,5.82,17.15,4.76,18.45,17.75,35.72,11.57
2169,5.75803314653214,4,17.19,7.49,19.93,12.85,5.72,16.93,4.7,18.37,17.58,34.71,11.3
2170,5.75803314653214,4,17.4,7.61,20.1,13,5.82,17.15,4.78,18.45,17.67,35.31,11.43
2171,5.75803314653214,4,17.48,7.61,20.1,13,5.84,17.15,4.78,18.53,17.75,36.35,11.48
2172,5.75803314653214,4,17.4,7.61,20.19,13,5.82,17.15,4.78,18.53,17.75,37,11.57
2173,5.75803314653214,4,17.48,7.64,20.19,13.06,5.87,17.15,4.8,18.85,17.83,34.91,11.52
2174,5.75803314653214,4,17.33,7.58,20.1,13,5.79,17.08,4.76,18.29,17.75,36.35,11.52
2175,5.75803314653214,4,17.48,7.67,20.19,13.11,5.87,17.22,4.82,18.61,17.83,36.57,11.62
2176,5.75803314653214,4,17.4,7.61,20.19,13,5.84,17.08,4.78,18.69,17.75,36.78,11.57
2177,5.75803314653214,4,17.33,7.58,20.1,13,5.82,17.01,4.76,18.45,17.75,36.78,11.39
2178,5.75803314653214,4,17.4,7.64,20.19,13.06,5.87,17.15,4.8,18.37,17.83,37,11.48
2179,5.75803314653214,4,17.26,7.55,20.02,13,5.79,17.01,4.72,18.29,17.75,37,11.48
2180,5.75803314653214,4,17.26,7.58,20.02,13,5.79,17.01,4.74,18.53,17.67,37.22,11.57
2181,5.75803314653214,4,17.33,7.61,20.1,13,5.82,17.08,4.78,18.77,17.75,36.14,11.57
2182,5.75803314653214,4,17.26,7.55,20.02,12.95,5.77,16.93,4.72,18.05,17.67,36.35,11.39
2183,5.75803314653214,4,17.33,7.58,20.19,12.95,5.79,17.01,4.76,18.05,17.75,36.57,11.3
2184,5.75803314653214,4,17.4,7.61,20.1,13.06,5.84,17.08,4.78,18.77,17.75,36.78,11.21
2185,5.75803314653214,4,17.19,7.49,19.93,12.85,5.72,16.79,4.68,17.82,17.58,39.06,11.26
2186,5.75803314653214,4,17.7,7.55,20.02,12.95,5.79,16.93,4.74,17.89,17.67,36.57,11.3
2187,5.75803314653214,4,17.7,7.58,20.02,13,5.82,16.93,4.76,17.67,17.58,36.14,11.26
2188,5.75803314653214,4,17.7,7.58,20.02,13,5.79,17.01,4.74,17.44,17.67,36.78,11.21
2189,5.75803314653214,4,17.33,7.61,20.02,13,5.82,16.93,4.74,17.59,17.67,40.54,11.26
2190,5.75803314653214,4,17.4,7.64,20.1,13.06,5.84,17.08,4.78,18.45,17.83,38.12,11.34
2191,5.75803314653214,4,16.9,7.31,19.84,12.69,5.6,16.58,4.58,17.59,17.42,34.71,10.99
2192,5.75803314653214,4,17.04,7.43,19.75,12.79,5.67,16.72,4.64,17.51,17.5,36.78,11.17
2193,5.75803314653214,4,17.11,7.46,19.93,12.85,5.7,16.86,4.66,18.29,17.5,36.14,11.12
2194,5.75803314653214,4,15.82,6.66,18.99,11.86,5.05,15.58,4.15,17.29,16.72,33.74,10.29
2195,5.75803314653214,4,16.28,6.85,19.41,12.1,5.3,16.11,4.35,18.37,17.1,34.12,10.53
2196,5.75803314653214,4,15.88,6.72,18.99,11.9,5.05,15.71,4.15,17.36,16.72,34.71,10.29
2197,5.75803314653214,4,16.08,6.8,19.16,12,5.16,15.91,4.24,17.67,16.79,34.12,10.45
2198,5.75803314653214,4,16.83,7.22,19.75,12.59,5.51,16.58,4.52,18.13,17.34,35.51,10.87
2199,5.75803314653214,4,17.48,7.37,19.93,12.74,5.63,16.79,4.62,20.42,17.5,36.57,11.04
2200,5.75803314653214,4,17.4,7.31,19.75,12.69,5.55,16.65,4.54,17.97,17.42,35.72,10.95
2201,5.75803314653214,4,17.26,7.22,19.67,12.54,5.48,16.11,4.48,18.21,17.34,35.51,10.87
2202,5.75803314653214,4,16.55,7.14,19.58,12.44,5.44,16.38,4.44,17.82,17.26,35.11,10.82
2203,5.75803314653214,4,16.69,7.19,19.67,12.54,5.48,16.51,4.52,17.82,17.34,35.93,10.87
2204,5.75803314653214,4,17.04,7.43,19.93,12.85,5.65,16.79,4.64,18.21,17.5,35.93,11.04
2205,5.75803314653214,4,16.62,7.19,19.58,12.49,5.46,16.44,4.48,17.97,17.26,35.31,10.82
2206,5.75803314653214,4,16.97,7.4,19.93,12.79,5.63,16.72,4.62,18.13,17.5,35.72,10.99
2207,5.75803314653214,4,16.83,7.28,19.67,12.64,5.55,16.58,4.54,18.21,17.34,35.93,11.04
2208,5.75803314653214,4,16.83,7.28,19.75,12.64,5.55,16.58,4.54,18.29,17.34,35.31,10.95
2209,5.75803314653214,4,17.11,7.43,19.93,12.85,5.67,16.86,4.66,18.45,17.58,35.93,11.17
2210,5.75803314653214,4,17.11,7.46,19.93,12.85,5.67,16.79,4.64,18.45,17.58,36.35,11.12
2211,5.75803314653214,4,16.9,7.34,19.84,12.74,5.6,16.65,4.58,18.45,17.5,34.71,11.04
2212,5.75803314653214,4,17.19,7.46,20.02,12.9,5.7,16.93,4.66,18.77,17.58,34.91,10.91
2213,5.75803314653214,4,17.19,7.46,19.93,12.9,5.7,16.86,4.66,18.37,17.58,39.3,11.21
2214,5.75803314653214,4,17.19,7.49,20.02,12.95,5.72,16.86,4.68,18.53,17.58,35.72,11.21
2215,5.75803314653214,4,17.11,7.43,19.93,12.85,5.67,16.79,4.62,18.45,17.5,37,11.04
2216,5.75803314653214,4,17.19,7.49,19.93,12.9,5.72,16.79,4.68,18.45,17.5,35.93,11.12
2217,5.75803314653214,4,17.04,7.4,19.84,12.79,5.63,16.72,4.62,18.37,17.5,35.51,11.04
2218,5.75803314653214,4,17.26,7.46,19.93,12.9,5.7,16.79,4.66,18.45,17.58,36.14,11.17
2219,5.75803314653214,4,17.33,7.52,20.02,12.95,5.72,16.86,4.7,18.53,17.67,35.72,11.17
2220,5.75803314653214,4,17.33,7.49,20.02,12.95,5.72,16.86,4.68,18.45,17.67,36.35,11.17
