Minute,TVC,Label,MQ135,MQ136,MQ137,MQ138,MQ2,MQ3,MQ4,MQ5,MQ6,MQ8,MQ9
1,1.87589,1,17.11,11.63,7.14,19.2,7.58,19.18,12.7,7.99,9.54,37.22,11.71
2,1.87589,1,17.4,11.72,7.11,19.37,7.65,19.34,13.12,6.92,9.2,36.78,11.62
3,1.87589,1,18.55,13.46,7.64,21.04,8.88,21.14,15.07,7.06,9.69,41.05,12.92
4,1.87589,1,18.47,13.3,7.73,21.14,8.95,21.24,15.2,7.06,9.73,41.58,13.03
5,1.87589,1,18.39,13.25,7.64,21.04,8.88,21.05,14.82,7.74,9.73,38.36,12.87
6,1.87589,1,18.71,13.36,7.67,21.04,8.85,21.05,14.76,8.02,9.65,40.54,12.77
7,1.87589,1,18.71,13.3,7.61,21.04,8.78,20.95,14.57,7.04,9.77,40.29,12.62
8,1.87589,1,18.24,13.85,7.58,20.75,8.81,20.77,14.38,6.68,9.58,39.55,12.57
9,1.87589,1,18.24,13.41,7.58,20.94,8.78,20.77,14.26,6.95,9.73,39.3,12.37
10,1.87589,1,18.08,13.36,7.55,20.75,8.68,20.58,13.97,6.73,9.77,39.79,12.57
11,1.87589,1,18.16,14.36,7.64,20.94,8.78,20.67,14.09,6.84,9.88,39.55,12.72
12,1.87589,1,18.47,14.01,7.61,20.84,8.85,20.67,13.97,6.87,9.81,39.55,12.67
13,1.87589,1,18,14.3,7.64,20.94,8.85,20.77,13.97,6.9,9.88,39.79,13.18
14,1.87589,1,18.47,14.3,7.7,21.04,8.88,20.86,13.68,6.92,9.92,42.11,12.77
15,1.87589,1,18.39,13.74,7.64,20.84,8.68,20.67,13.74,6.81,9.92,39.55,12.77
16,1.87589,1,18.16,13.57,7.67,20.84,8.68,20.67,13.68,6.9,10,39.3,12.57
17,1.87589,1,18.16,13.25,7.67,20.94,8.68,20.67,13.62,7.04,10.12,39.3,12.57
18,1.87589,1,18.24,14.24,7.7,20.84,8.81,20.58,13.51,6.9,10.12,39.55,12.47
19,1.87589,1,18.24,14.13,7.64,20.46,8.61,20.4,13.51,6.84,10.12,39.3,12.37
20,1.87589,1,17.78,13.79,7.43,20.27,8.31,20.04,13.02,6.68,9.92,43.5,12.18
21,1.87589,1,18.16,14.07,7.7,20.56,8.61,20.49,13.34,6.9,10.29,38.59,12.62
22,1.87589,1,18,13.57,7.61,20.27,8.37,20.22,12.91,6.79,10.29,38.83,12.32
23,1.87589,1,17.85,13.96,7.73,20.75,8.61,20.58,13.23,6.98,10.41,40.29,12.57
24,1.87589,1,17.63,13.96,7.73,20.65,8.61,20.49,13.68,7.18,10.45,40.29,12.42
25,1.87589,1,17.78,13.68,7.73,20.56,8.54,20.4,13.02,6.92,10.49,39.06,12.62
26,1.87589,1,18,13.63,7.7,20.65,8.47,20.49,12.96,6.9,10.45,40.04,12.57
27,1.87589,1,18.31,13.25,7.88,21.04,8.64,20.95,13.18,7.18,10.79,41.84,12.82
28,1.87589,1,19.2,12.89,7.79,20.84,8.34,20.58,12.86,6.98,10.66,41.32,12.62
29,1.87589,1,19.12,13.04,7.95,21.14,8.57,20.95,13.18,7.09,10.79,41.05,12.62
30,1.87589,1,18.31,13.14,8.04,21.23,8.64,21.14,13.23,7.18,10.88,42.38,12.77
31,1.87589,1,19.04,13.04,7.98,21.23,8.61,21.05,13.18,7.18,10.79,43.22,12.77
32,1.87589,1,17.7,12.78,7.79,20.84,8.47,20.58,12.8,6.9,10.62,39.55,12.57
33,1.87589,1,18.47,12.94,7.98,21.14,8.51,20.95,13.12,7.12,10.88,41.32,12.98
34,1.87589,1,19.37,12.99,8.04,21.33,8.57,21.14,13.29,7.23,10.97,43.22,12.98
35,1.87589,1,18.95,12.89,8.04,21.14,8.47,21.05,13.02,7.23,11.19,41.58,12.82
36,1.87589,1,18.63,12.89,8.01,21.23,8.47,21.05,13.45,7.21,10.97,41.58,13.03
37,1.87589,1,18.63,12.89,8.04,21.33,8.54,21.05,12.75,7.35,11.01,42.66,12.87
38,1.87589,1,18.63,12.89,8.04,21.43,8.47,21.14,12.91,7.23,11.06,41.84,12.87
39,1.87589,1,18.79,12.78,8.11,21.33,8.47,21.24,12.91,7.35,11.15,41.84,12.77
40,1.87589,1,19.71,12.94,8.14,21.43,8.61,21.53,13.12,7.35,11.19,39.3,13.03
41,1.87589,1,18.63,12.68,8.04,21.14,8.28,21.14,12.7,7.18,11.19,40.8,12.92
42,1.87589,1,19.29,12.73,8.07,21.33,8.37,21.24,12.7,7.26,11.24,41.84,12.92
43,1.87589,1,19.12,12.68,8.04,21.04,8.34,21.24,12.65,8.18,11.15,41.32,12.87
44,1.87589,1,18.55,12.58,8.04,21.04,8.44,21.33,12.34,7.21,11.19,41.58,13.13
45,1.87589,1,19.12,12.53,8.07,21.04,8.34,21.24,12.59,7.29,11.19,41.58,12.37
46,1.87589,1,18.55,12.53,8.04,21.04,8.31,21.05,12.24,7.47,11.19,40.54,12.77
47,1.87589,1,18.63,12.53,8.04,20.94,8.31,21.05,12.49,7.29,11.19,41.58,12.77
48,1.87589,1,18.55,12.48,8.17,20.94,8.31,21.14,12.44,7.86,11.29,40.54,12.77
49,1.87589,1,19.12,12.48,8.07,21.04,8.28,21.14,12.7,7.32,11.33,41.05,12.92
50,1.87589,1,18.71,12.63,8.11,21.14,8.34,21.33,12.29,7.56,11.33,41.32,13.03
51,1.87589,1,17.93,11.86,7.82,20.37,7.8,20.49,11.66,7.21,11.1,39.79,12.42
52,1.87589,1,19.37,12.58,8.2,21.14,8.44,21.43,12.54,7.74,11.47,41.58,13.08
53,1.87589,1,19.2,12.73,8.27,21.33,8.54,21.53,12.49,7.53,11.61,42.11,12.77
54,1.87589,1,19.54,12.83,8.33,21.43,8.64,21.43,12.8,7.38,11.9,42.11,13.03
55,1.87589,1,19.63,12.83,8.36,21.53,8.61,21.33,12.44,7.5,11.9,42.11,12.77
56,1.87589,1,19.88,12.99,8.46,21.64,8.78,21.63,12.49,7.56,12.1,42.94,13.4
57,1.87589,1,19.71,12.78,8.43,21.43,8.61,21.43,12.24,7.5,12,41.32,13.24
58,1.87589,1,19.45,12.89,8.46,21.64,8.61,21.53,12.29,7.65,12,42.38,13.13
59,1.87589,1,20.69,12.78,8.53,21.64,8.57,21.53,12.09,7.47,12.1,42.94,12.77
60,1.87589,1,19.8,12.63,8.5,21.43,8.44,21.43,12.19,7.59,12.1,42.11,13.08
61,2.14988,1,19.8,12.73,8.5,21.53,8.54,21.53,12.19,7.93,12.15,42.38,13.18
62,2.14988,1,19.88,12.73,8.53,21.64,8.61,21.53,12.09,7.65,12.2,42.11,13.24
63,2.14988,1,19.63,12.24,8.4,21.04,8.21,21.05,11.75,7.77,12.1,41.32,12.82
64,2.14988,1,19.2,12.14,8.4,21.04,8.18,20.95,11.9,8.81,12,41.32,12.92
65,2.14988,1,19.2,12.24,8.4,21.14,8.21,21.05,11.75,7.65,12,41.58,12.87
66,2.14988,1,18.79,12.24,8.4,21.14,8.15,21.05,11.95,8.15,12.2,40.8,12.77
67,2.14988,1,19.37,12.19,8.43,21.14,8.15,21.14,11.8,7.62,11.95,41.58,12.92
68,2.14988,1,18.95,12.19,8.46,21.14,8.24,21.24,11.95,7.65,12.2,39.79,12.82
69,2.14988,1,19.54,12.24,8.56,21.23,8.24,21.24,11.95,7.68,12.25,43.22,12.42
70,2.14988,1,19.37,12.24,8.6,21.23,8.28,21.24,11.9,7.8,12.25,41.58,13.29
71,2.14988,1,19.04,12.24,8.53,21.23,8.21,21.33,11.95,7.96,12.3,43.78,13.03
72,2.14988,1,19.54,12.34,8.53,21.23,8.24,21.33,11.99,7.99,12.35,42.11,13.13
73,2.14988,1,19.63,12.34,8.56,21.14,8.18,21.33,11.95,8.31,12.35,42.11,12.87
74,2.14988,1,19.63,12.19,8.6,21.23,8.11,21.33,11.9,7.83,12.4,41.84,12.92
75,2.14988,1,19.88,12.19,8.6,21.14,8.11,21.24,11.9,8.18,12.45,41.84,13.13
76,2.14988,1,19.04,12.14,8.56,21.04,8.02,21.24,11.8,8.54,12.45,41.58,12.72
77,2.14988,1,19.2,12.29,8.67,21.43,8.24,21.43,11.9,7.89,12.56,42.38,13.08
78,2.14988,1,19.45,12.24,8.63,21.33,8.15,21.43,11.66,7.86,12.51,42.11,13.08
79,2.14988,1,19.71,12.34,8.7,21.33,8.28,21.43,11.85,7.83,12.56,42.38,13.03
80,2.14988,1,19.04,12.29,8.7,21.23,8.21,21.43,11.85,7.89,12.66,43.5,13.03
81,2.14988,1,19.54,12.29,8.73,21.33,8.28,21.43,11.85,8.24,12.61,42.38,12.98
82,2.14988,1,19.54,12.14,8.73,21.33,8.24,21.53,11.8,7.74,12.72,42.38,12.87
83,2.14988,1,19.04,12.14,8.84,21.23,8.21,21.43,11.71,8.34,12.77,41.84,13.08
84,2.14988,1,19.54,12.09,8.73,21.33,8.18,21.43,11.57,7.93,12.82,44.66,13.24
85,2.14988,1,18.95,12.09,8.73,21.23,8.18,21.43,11.66,8.02,12.82,42.38,13.18
86,2.14988,1,19.45,12.09,8.73,21.43,8.18,21.43,11.61,8.64,12.77,42.94,13.29
87,2.14988,1,19.8,12.05,8.77,21.23,8.15,21.43,11.61,7.89,12.82,43.78,13.45
88,2.14988,1,18.95,11.95,8.73,21.14,8.15,21.33,11.52,7.89,12.93,43.22,13.5
89,2.14988,1,19.45,11.9,8.73,21.14,8.08,21.43,11.57,7.89,12.82,43.22,13.29
90,2.14988,1,19.71,11.9,8.77,21.14,8.05,21.33,11.47,8.47,12.82,46.51,13.03
91,2.14988,1,18.95,11.4,8.43,20.56,7.74,20.67,11.11,7.41,12.56,42.11,12.87
92,2.14988,1,19.54,11.86,8.8,21.14,8.08,21.33,11.75,8.64,13.04,42.38,13.29
93,2.14988,1,19.2,11.77,8.73,21.04,7.99,21.14,11.47,8.54,13.04,42.94,12.23
94,2.14988,1,18.79,11.72,8.77,21.14,7.99,21.24,11.47,8.02,13.04,42.94,12.82
95,2.14988,1,18.08,11.67,8.77,21.04,7.95,21.14,11.47,7.89,12.93,42.94,13.24
96,2.14988,1,19.63,11.67,8.77,21.04,7.95,21.24,11.47,8.24,12.99,41.84,13.03
97,2.14988,1,19.04,11.58,8.73,20.94,7.86,21.05,11.52,8.47,12.77,43.78,13.03
98,2.14988,1,19.2,11.58,8.8,20.94,7.92,21.14,11.43,8.34,12.99,39.79,13.03
99,2.14988,1,18.95,11.49,8.77,20.94,7.86,21.14,11.34,8.11,12.77,42.66,13.03
100,2.14988,1,19.2,11.54,8.8,21.04,7.92,21.14,11.52,7.96,13.04,41.05,13.03
101,2.14988,1,19.12,11.45,8.77,20.94,7.89,21.05,11.38,8.11,12.99,44.07,13.08
102,2.14988,1,18.55,11.4,8.77,20.84,7.86,20.95,11.25,8.02,12.88,46.51,13.18
103,2.14988,1,18.55,11.4,8.77,21.14,7.83,20.95,11.29,8.51,12.99,42.38,13.18
104,2.14988,1,18.79,11.36,8.77,20.84,7.86,20.95,11.38,7.93,13.09,42.94,13.13
105,2.14988,1,18.55,11.36,8.77,20.94,7.8,20.95,11.34,8.61,12.93,42.66,13.24
106,2.14988,1,19.12,11.36,8.77,20.84,7.8,20.95,11.29,7.96,12.99,42.66,12.92
107,2.14988,1,18.63,11.36,8.84,20.94,7.8,20.95,11.25,7.86,12.93,42.38,12.77
108,2.14988,1,19.12,11.4,8.87,20.84,7.8,20.95,11.29,8.11,13.09,43.5,12.92
109,2.14988,1,18.63,11.36,8.84,20.84,7.83,20.95,11.16,8.21,12.93,43.22,12.98
110,2.14988,1,19.29,11.36,8.77,20.84,7.83,21.05,11.29,8.08,13.21,41.84,13.03
111,2.14988,1,19.12,11.36,8.87,20.84,7.8,20.95,11.16,8.05,13.21,44.66,13.03
112,2.14988,1,19.04,11.31,8.87,20.75,7.71,20.95,11.11,7.99,13.15,42.94,13.29
113,2.14988,1,18.63,11.27,8.87,21.04,7.71,20.95,11.11,8.28,13.26,42.11,13.18
114,2.14988,1,18,10.75,8.53,20.18,7.29,20.22,10.59,7.74,12.88,41.84,12.27
115,2.14988,1,18.55,11.22,8.87,20.75,7.71,20.95,11.11,8.34,13.26,42.94,13.08
116,2.14988,1,18.47,11.18,8.87,20.75,7.68,20.86,11.02,8.57,13.21,43.22,13.13
117,2.14988,1,19.04,11.14,8.87,20.65,7.65,20.77,10.98,8.74,13.21,43.5,12.92
118,2.14988,1,19.2,11.22,8.91,20.75,7.71,20.86,10.98,8.85,13.32,42.66,12.62
119,2.14988,1,19.12,11.18,8.91,20.75,7.74,20.86,10.98,8.51,13.32,43.22,12.62
120,2.14988,1,18.55,11.14,8.94,20.75,7.74,20.86,10.98,8.74,13.37,43.22,12.82
121,2.40975,1,18.63,11.14,8.94,20.84,7.77,20.86,10.81,7.99,13.21,43.22,12.77
122,2.40975,1,18.55,11.05,8.87,20.65,7.71,20.77,10.98,8.18,13.49,42.38,12.62
123,2.40975,1,19.2,11.05,8.91,20.75,7.74,20.86,10.94,8.11,13.37,41.05,13.03
124,2.40975,1,19.2,11.05,8.94,20.65,7.74,20.86,10.94,8.08,13.37,43.22,13.03
125,2.40975,1,19.37,11.05,8.98,20.75,7.74,20.77,10.94,8.31,13.43,42.94,12.87
126,2.40975,1,19.45,11.05,8.98,20.75,7.71,20.77,10.89,8.21,13.26,43.22,12.92
127,2.40975,1,18.63,11.01,9.01,20.75,7.74,20.77,10.89,8.74,13.37,43.78,12.92
128,2.40975,1,18.95,10.96,8.98,20.75,7.65,20.67,10.81,8.24,13.66,41.84,12.57
129,2.40975,1,19.2,10.96,9.12,20.75,7.68,20.67,10.76,9.38,13.54,40.8,12.87
130,2.40975,1,18.95,10.96,9.05,20.75,7.71,20.67,10.76,8.44,13.54,42.94,13.13
131,2.40975,1,18.71,10.92,9.01,20.65,7.58,20.67,10.81,8.31,13.37,43.22,12.92
132,2.40975,1,18.63,10.88,9.05,20.75,7.52,20.67,10.81,8.21,13.6,43.22,13.03
133,2.40975,1,19.45,10.96,9.12,20.75,7.65,20.77,10.89,8.15,13.54,43.22,13.13
134,2.40975,1,19.29,10.92,9.05,20.56,7.52,20.58,10.72,9.53,13.43,43.5,13.13
135,2.40975,1,18.63,10.83,9.01,20.56,7.52,20.49,10.68,9.34,13.78,42.38,13.18
136,2.40975,1,18.63,10.83,9.05,20.56,7.52,20.49,10.68,8.88,13.66,42.66,12.98
137,2.40975,1,19.12,10.83,9.05,20.56,7.52,20.49,10.59,9.99,13.66,40.29,13.03
138,2.40975,1,19.29,10.88,9.08,20.56,7.58,20.58,10.63,10.26,13.66,41.84,13.13
139,2.40975,1,19.29,10.79,9.05,20.46,7.55,20.58,10.55,10.22,13.54,45.26,12.87
140,2.40975,1,19.2,10.79,9.08,20.56,7.52,20.67,10.51,10.26,13.54,41.32,12.92
141,2.40975,1,19.37,10.79,9.08,20.46,7.55,20.49,10.55,10.59,13.72,47.48,12.77
142,2.40975,1,18.55,10.79,9.08,20.46,7.58,20.58,10.51,10.34,13.78,41.84,13.08
143,2.40975,1,18.79,10.75,9.12,20.46,7.55,20.58,10.38,10.59,13.9,42.94,12.62
144,2.40975,1,18.55,10.75,9.12,20.46,7.55,20.58,10.43,10.22,13.9,42.66,12.98
145,2.40975,1,18.47,10.71,9.16,20.37,7.58,20.58,10.38,10.3,13.84,40.8,13.24
146,2.40975,1,19.29,10.71,9.16,20.37,7.58,20.58,10.38,10.26,13.72,43.78,13.34
147,2.40975,1,19.29,10.75,9.12,20.46,7.62,20.67,10.38,10.22,13.78,43.22,12.72
148,2.40975,1,19.45,10.71,9.19,20.37,7.55,20.58,10.3,10.22,13.84,42.94,13.29
149,2.40975,1,19.2,10.75,9.23,20.46,7.62,20.67,10.59,10.03,13.9,43.22,13.34
150,2.40975,1,19.37,10.71,9.23,20.37,7.62,20.67,10.34,10.22,13.84,42.66,12.82
151,2.40975,1,18.63,10.67,9.19,20.37,7.58,20.67,10.3,10.22,13.84,42.38,13.29
152,2.40975,1,19.04,10.75,9.26,20.56,7.62,20.77,10.26,10.22,13.96,43.78,13.34
153,2.40975,1,18.71,10.75,9.3,20.46,7.58,20.77,10.22,10.18,13.96,43.22,13.4
154,2.40975,1,19.12,10.54,9.16,20.18,7.43,20.49,9.98,10.06,13.78,42.38,13.18
155,2.40975,1,19.12,10.67,9.3,20.46,7.62,20.77,10.1,10.18,14.02,42.66,13.34
156,2.40975,1,19.29,10.67,9.34,20.46,7.62,20.77,10.1,10.22,14.44,44.96,13.29
157,2.40975,1,19.29,10.67,9.34,20.46,7.55,20.77,10.06,10.22,14.2,42.38,13.24
158,2.40975,1,19.04,10.54,9.3,20.27,7.49,20.67,10.02,10.22,14.14,44.96,12.72
159,2.40975,1,19.2,10.58,9.34,20.37,7.55,20.77,10.02,10.18,14.38,44.37,13.13
160,2.40975,1,19.29,10.58,9.34,20.37,7.52,20.86,10.06,10.22,14.44,42.66,12.98
161,2.40975,1,19.29,10.62,9.37,20.37,7.49,20.67,10.02,10.22,14.44,40.8,13.03
162,2.40975,1,19.45,10.62,9.37,20.37,7.52,20.77,9.98,10.1,14.44,42.94,12.98
163,2.40975,1,19.54,10.62,9.41,20.37,7.52,20.77,10.22,10.22,14.44,42.38,12.82
164,2.40975,1,19.29,10.62,9.45,20.37,7.49,20.86,9.94,10.18,14.51,42.11,13.03
165,2.40975,1,18.71,10.42,9.41,20.27,7.43,20.77,9.83,10.18,14.57,43.22,12.92
166,2.40975,1,19.2,10.42,9.41,20.27,7.35,20.77,9.79,10.22,14.51,43.78,12.92
167,2.40975,1,19.2,10.46,9.45,20.27,7.43,20.77,9.86,10.22,14.44,42.94,12.87
168,2.40975,1,19.29,10.42,9.6,20.27,7.41,20.77,9.75,10.22,14.38,44.37,12.82
169,2.40975,1,18.71,10.42,9.48,20.27,7.43,20.77,9.71,10.22,14.51,42.94,12.98
170,2.40975,1,19.12,10.46,9.45,20.27,7.41,20.77,9.67,10.18,14.38,44.96,13.03
171,2.40975,1,19.54,10.5,9.52,20.27,7.41,20.77,9.67,10.26,14.44,43.78,12.98
172,2.40975,1,18.87,10.26,9.45,20,7.29,20.58,9.48,10.18,14.38,45.88,12.72
173,2.40975,1,19.54,10.26,9.6,20.09,7.32,20.58,9.48,10.18,14.44,42.66,13.08
174,2.40975,1,18.55,10.22,9.52,20,7.26,20.49,9.45,10.22,14.44,42.66,13.13
175,2.40975,1,18.95,10.22,9.52,20,7.29,20.58,9.45,10.18,14.26,42.66,13.08
176,2.40975,1,18.95,10.22,9.52,20,7.29,20.49,9.41,10.22,14.2,40.04,12.92
177,2.40975,1,18.55,10.22,9.56,20,7.29,20.58,9.37,10.18,14.26,43.78,13.13
178,2.40975,1,19.04,10.18,9.48,19.82,7.26,20.49,9.26,10.18,14.26,42.66,12.77
179,2.40975,1,18.95,10.18,9.56,20,7.29,20.49,9.45,10.22,14.26,42.66,13.08
180,2.40975,1,18.87,10.14,9.52,19.82,7.23,20.4,9.26,10.06,14.32,42.38,12.87
181,2.65592,1,19.12,10.1,9.56,19.82,7.2,20.49,9.15,10.18,14.38,40.54,12.32
182,2.65592,1,18.87,10.1,9.56,19.82,7.2,20.4,9.08,10.26,14.32,42.66,13.03
183,2.65592,1,18.79,9.98,9.56,19.73,7.17,20.4,8.98,10.22,14.02,45.57,12.98
184,2.65592,1,18.39,9.9,9.56,19.73,7.14,20.4,8.87,10.34,14.14,43.22,13.13
185,2.65592,1,18.31,9.86,9.56,19.73,7.17,20.95,8.77,10.22,14.38,43.22,12.82
186,2.65592,1,18.55,9.9,9.56,19.73,7.09,20.31,8.8,10.06,14.76,42.66,12.67
187,2.65592,1,17.78,9.86,9.56,19.64,7.11,20.31,8.73,10.26,14.7,43.5,12.67
188,2.65592,1,17.93,9.86,9.56,19.73,7.09,20.22,8.56,10.22,14.7,42.38,12.77
189,2.65592,1,17.78,9.79,9.52,19.46,7.03,20.13,8.67,10.22,14.44,42.38,12.37
190,2.65592,1,17.11,8.27,8.73,17.73,5.94,18.13,7.53,9.75,13.78,38.12,11.62
191,2.65592,1,16.48,8.11,8.63,17.57,5.89,18.05,7.8,9.91,13.54,38.36,11.26
192,2.65592,1,17.26,8.2,8.6,17.57,5.89,18.2,8.01,9.99,13.37,38.59,11.62
193,2.65592,1,16.9,8.33,8.67,17.88,6.07,18.6,8.24,10.26,13.49,37.44,11.75
194,2.65592,1,17.33,8.27,8.43,17.73,5.92,18.2,8.14,10.1,13.15,39.06,11.75
195,2.65592,1,16.69,8.3,8.5,17.73,5.94,18.13,8.2,10.1,13.09,38.36,11.66
196,2.65592,1,16.97,8.53,8.67,18.04,6.14,18.52,8.43,10.3,13.37,38.83,11.89
197,2.65592,1,18.95,9.82,9.26,19.55,7.11,20.13,9.48,10.67,13.72,42.38,12.87
198,2.65592,1,18.55,9.86,9.34,19.64,7.06,20.13,9.19,10.55,14.02,41.84,12.98
199,2.65592,1,19.71,9.9,9.37,19.37,7.14,20.22,9.12,10.47,14.14,43.78,13.03
200,2.65592,1,18.87,9.9,9.37,19.46,7.09,20.22,8.87,10.43,14.26,42.94,12.82
201,2.65592,1,19.54,9.82,9.37,19.37,7.03,20.13,8.77,10.47,14.26,44.07,12.92
202,2.65592,1,18.55,9.86,9.52,19.29,7.03,20.13,8.73,10.39,14.26,44.07,12.87
203,2.65592,1,18.47,9.79,9.52,19.29,6.97,20.04,8.6,10.34,13.96,43.22,12.77
204,2.65592,1,19.71,9.94,9.52,19.37,7.06,20.04,8.7,10.34,13.84,42.94,12.62
205,2.65592,1,19.97,10.02,9.56,19.37,7.03,20.04,8.63,10.3,14.02,42.94,12.57
206,2.65592,1,19.71,9.71,9.6,19.37,7.03,20.04,8.7,10.76,14.2,43.5,12.62
207,2.65592,1,20.06,9.82,9.63,19.46,7.11,20.13,8.7,10.34,14.51,43.22,13.08
208,2.65592,1,19.8,10.06,9.63,19.37,7.06,20.13,8.6,10.34,14.51,42.94,12.77
209,2.65592,1,19.45,9.98,9.63,19.29,7.03,20.04,8.56,10.3,14.57,43.22,12.87
210,2.65592,1,19.37,9.6,9.63,19.29,7,20.04,8.5,10.3,14.63,43.22,12.77
211,2.65592,1,19.54,9.63,9.71,19.37,7.03,20.13,8.5,10.34,14.7,43.78,12.98
212,2.65592,1,18.24,9.48,9.67,19.2,6.97,20.04,8.4,10.26,14.63,42.94,12.87
213,2.65592,1,19.29,9.6,9.75,19.37,7.09,20.13,8.46,10.3,14.83,43.5,13.08
214,2.65592,1,19.45,9.56,9.79,19.29,7.09,20.22,8.43,10.3,14.89,43.5,13.08
215,2.65592,1,18.39,9.45,9.75,19.11,6.97,20.04,8.4,10.26,15.02,44.07,12.98
216,2.65592,1,17.78,9.09,9.6,18.86,6.67,19.69,8.01,10.06,14.63,45.26,12.47
217,2.65592,1,18.79,9.48,9.82,19.29,7.06,20.4,8.4,10.3,15.09,42.66,13.03
218,2.65592,1,17.7,9.05,9.45,18.86,6.67,19.34,7.98,9.91,14.57,42.11,12.37
219,2.65592,1,18.87,9.45,9.86,19.29,6.97,19.95,8.27,10.3,15.02,43.5,13.13
220,2.65592,1,18.08,9.23,9.75,19.03,6.89,19.69,8.17,10.14,15.09,43.22,12.82
221,2.65592,1,18.95,9.48,9.9,19.37,7.09,20.04,8.37,10.34,15.09,41.84,13.03
222,2.65592,1,18.87,9.52,9.94,19.46,7.11,20.04,8.33,10.34,15.29,42.38,13.08
223,2.65592,1,19.45,9.45,9.94,19.2,7.06,19.95,8.27,10.43,15.15,42.94,13.08
224,2.65592,1,19.2,9.67,9.98,19.37,7.06,20.04,8.33,10.3,15.15,43.22,13.13
225,2.65592,1,19.12,9.79,9.98,19.29,7,20.04,8.2,10.22,15.29,43.78,13.13
226,2.65592,1,18.79,9.9,10.02,19.37,7.06,20.13,8.3,10.3,15.22,43.78,13.13
227,2.65592,1,18.71,9.75,10.06,19.2,7,20.04,8.2,10.55,15.35,42.38,13.03
228,2.65592,1,18.95,9.94,10.02,19.2,7.03,20.49,8.3,10.26,15.09,42.94,12.92
229,2.65592,1,19.12,9.79,9.98,19.29,7,19.86,8.2,10.26,15.15,43.5,12.92
230,2.65592,1,19.04,9.9,10.06,19.2,7.06,20.04,8.27,10.39,15.35,44.66,13.29
231,2.65592,1,18.87,9.71,10.06,19.2,7.03,19.95,8.2,10.26,15.35,44.66,12.98
232,2.65592,1,18.39,9.52,10.06,19.11,7.06,19.86,8.17,10.26,15.35,43.78,13.03
233,2.65592,1,18.31,9.45,10.02,18.86,6.97,19.77,8.11,10.22,15.29,42.66,12.98
234,2.65592,1,18.95,9.3,10.02,18.77,6.92,19.77,8.08,10.22,15.35,43.5,13.13
235,2.65592,1,18.24,9.3,10.02,18.86,6.92,20.22,8.01,10.22,15.35,43.22,12.98
236,2.65592,1,18.31,9.26,10.06,18.77,7,19.95,8.11,10.18,15.29,42.66,13.13
237,2.65592,1,18.31,9.26,10.1,18.86,6.97,20.13,8.14,10.26,15.42,42.38,13.13
238,2.65592,1,18.95,9.23,10.1,18.69,6.94,20.31,8.08,10.26,15.42,42.94,12.92
239,2.65592,1,18.39,9.23,10.14,18.77,6.94,19.86,8.11,10.3,15.49,44.37,13.08
240,2.65592,1,18.31,9.12,10.1,18.61,6.86,19.69,7.98,10.14,15.42,43.22,13.08
241,2.88881,1,18.71,9.12,10.06,18.61,6.92,19.69,7.98,10.14,15.35,43.5,13.03
242,2.88881,1,18.71,9.26,10.14,18.61,6.94,19.86,8.05,10.3,15.49,44.37,13.03
243,2.88881,1,18.63,9.23,10.14,18.61,6.92,19.77,8.01,10.22,15.49,44.07,12.92
244,2.88881,1,18.24,9.12,10.14,18.52,6.89,19.69,8.01,10.14,15.42,43.5,12.82
245,2.88881,1,18.24,9.12,10.18,18.61,6.92,19.77,8.01,10.14,15.56,44.66,12.87
246,2.88881,1,18.31,9.12,10.18,18.61,6.94,19.69,8.05,10.14,15.56,44.07,12.98
247,2.88881,1,18.31,9.05,10.22,18.61,6.94,19.69,8.01,10.1,15.77,44.07,12.92
248,2.88881,1,18.31,9.05,10.22,18.86,6.92,19.69,7.98,9.91,15.7,44.96,12.82
249,2.88881,1,18.31,9.01,10.22,18.86,6.92,19.69,7.98,8.24,15.7,44.37,12.87
250,2.88881,1,18.79,8.98,10.22,18.69,6.92,19.69,7.98,8.18,15.63,47.81,12.82
251,2.88881,1,18.71,9.01,10.26,18.44,6.92,19.69,7.98,8.05,15.63,45.57,13.08
252,2.88881,1,18.71,9.01,10.22,18.36,6.86,19.69,7.98,8.21,15.77,44.37,13.03
253,2.88881,1,18.71,9.01,10.3,18.36,6.89,19.69,7.98,8.21,15.77,45.88,13.03
254,2.88881,1,18.71,9.01,10.3,18.44,6.89,19.69,8.01,8.95,15.84,44.66,13.03
255,2.88881,1,18.47,8.94,10.38,18.44,6.83,19.6,7.92,8.21,15.7,45.88,13.13
256,2.88881,1,18.39,8.91,10.26,18.36,6.81,19.51,7.89,8.21,15.7,45.26,12.92
257,2.88881,1,18.63,8.98,10.34,18.28,6.83,19.6,7.86,8.31,15.77,44.07,12.92
258,2.88881,1,18.47,8.91,10.42,18.2,6.81,19.51,7.89,8.31,15.84,44.07,12.92
259,2.88881,1,18.63,8.94,10.38,18.12,6.81,19.51,7.92,8.28,15.84,43.5,12.87
260,2.88881,1,18.63,8.98,10.38,18.04,6.89,19.6,8.01,8.34,15.84,45.57,13.08
261,2.88881,1,18.71,9.01,10.38,18.12,6.86,19.69,7.86,8.37,16.05,44.07,12.77
262,2.88881,1,18.31,8.94,10.38,18.04,6.83,19.69,7.92,8.47,16.12,44.07,12.92
263,2.88881,1,18.87,8.94,10.42,18.04,6.86,19.51,7.92,8.37,16.12,44.07,13.29
264,2.88881,1,18.79,8.98,10.42,18.04,6.83,19.51,7.89,8.47,15.98,44.66,13.29
265,2.88881,1,18.16,8.77,10.3,17.8,6.67,19.18,7.74,8.37,15.84,43.5,13.08
266,2.88881,1,18.31,8.84,10.42,17.88,6.78,19.34,7.86,8.51,15.98,43.5,13.5
267,2.88881,1,18.71,8.87,10.5,17.88,6.86,19.43,7.95,8.47,15.98,44.07,13.5
268,2.88881,1,18.71,8.77,10.46,17.88,6.83,19.34,7.86,8.51,16.05,44.66,13.4
269,2.88881,1,18.39,8.77,10.5,18.04,6.83,19.43,7.86,8.51,16.12,43.78,12.92
270,2.88881,1,18.79,8.77,10.54,17.8,6.86,19.34,7.86,8.61,16.2,43.5,13.4
271,2.88881,1,16.9,7.73,9.6,16.4,5.94,17.67,6.96,7.8,15.09,40.04,12.18
272,2.88881,1,18.55,8.77,10.54,17.73,6.83,19.34,7.86,8.64,16.12,48.14,13.29
273,2.88881,1,18.71,8.77,10.58,17.73,6.89,19.26,7.86,8.61,16.2,43.78,13.5
274,2.88881,1,18.79,8.7,10.54,17.73,6.83,19.26,7.8,8.81,16.05,41.58,12.67
275,2.88881,1,18.71,8.67,10.58,17.65,6.83,19.26,7.8,8.57,16.2,43.78,12.98
276,2.88881,1,18.39,8.7,10.58,17.65,6.86,19.34,7.83,8.61,16.27,44.07,12.72
277,2.88881,1,18.31,8.7,10.58,17.96,6.83,19.26,7.8,8.67,16.27,44.37,13.4
278,2.88881,1,18.31,8.6,10.54,17.5,6.81,19.18,7.77,8.64,16.27,44.07,13.4
279,2.88881,1,18.31,8.63,10.58,17.5,6.83,19.18,7.77,8.74,16.34,44.37,13.34
280,2.88881,1,18.31,8.67,10.62,17.65,6.83,19.18,7.8,8.71,16.34,42.11,13.24
281,2.88881,1,18.31,8.63,10.62,17.5,6.81,19.09,7.77,8.78,16.27,45.57,13.34
282,2.88881,1,18.87,8.63,10.66,17.42,6.81,19.09,7.74,8.74,16.34,43.78,13.29
283,2.88881,1,18.24,8.63,10.71,17.42,6.78,19.01,7.74,8.74,16.34,43.78,13.13
284,2.88881,1,18.08,8.6,10.58,17.19,6.78,18.84,7.68,8.57,15.98,41.32,12.92
285,2.88881,1,17.93,8.5,10.54,17.05,6.7,18.68,7.59,8.67,16.05,42.66,12.82
286,2.88881,1,18.16,8.6,10.66,17.19,6.78,18.84,7.62,8.81,16.27,44.07,12.92
287,2.88881,1,18.16,8.57,10.66,17.19,6.81,18.84,7.68,8.78,16.27,43.78,12.98
288,2.88881,1,18.16,8.57,10.71,17.19,6.78,18.84,7.62,8.85,16.34,43.78,12.82
289,2.88881,1,18.24,8.6,10.75,17.27,6.72,18.84,7.65,8.92,16.42,43.78,13.08
290,2.88881,1,18.24,8.57,10.79,17.19,6.75,18.76,7.62,8.85,16.42,43.5,13.03
291,2.88881,1,18.31,8.53,10.75,17.19,6.78,18.76,7.65,9.02,16.49,43.5,13.08
292,2.88881,1,18.47,8.53,10.79,17.19,6.81,18.84,7.65,8.92,16.57,41.58,13.18
293,2.88881,1,18.24,8.5,10.79,17.12,6.78,18.68,7.62,8.95,16.49,44.37,13.08
294,2.88881,1,18.24,8.47,10.79,17.05,6.75,18.68,7.59,8.74,16.49,42.11,12.92
295,2.88881,1,18.24,8.47,10.79,17.05,6.72,18.6,7.59,8.92,16.49,43.78,12.72
296,2.88881,1,18.16,8.43,10.79,16.9,6.64,18.44,7.56,8.85,16.27,43.5,12.77
297,2.88881,1,18.71,8.43,10.79,16.9,6.67,18.44,7.59,8.95,15.98,43.5,12.82
298,2.88881,1,18.24,8.43,10.83,16.83,6.72,18.6,7.59,8.95,16.2,43.78,13.24
299,2.88881,1,18.24,8.43,10.83,16.9,6.72,18.6,7.53,8.95,16.27,44.66,13.18
300,2.88881,1,18.16,8.37,10.83,16.9,6.67,18.52,7.5,9.02,16.05,47.15,13.13
301,3.10884,2,18.16,8.37,10.83,16.83,6.7,18.6,7.47,8.99,16.12,43.22,13.08
302,3.10884,2,18.63,8.37,10.88,16.76,6.7,18.6,7.59,9.02,16.12,43.78,13.08
303,3.10884,2,18.16,8.37,10.88,16.76,6.7,18.6,7.53,9.09,16.34,41.84,13.08
304,3.10884,2,18.16,8.33,10.88,16.76,6.64,18.52,7.5,9.2,16.49,44.07,12.77
305,3.10884,2,18.16,8.3,10.88,16.61,6.61,18.52,7.47,9.02,16.34,42.94,12.87
306,3.10884,2,18.63,8.3,10.92,16.68,6.61,18.44,7.47,9.24,16.42,44.37,12.77
307,3.10884,2,18.55,8.3,10.96,16.61,6.64,18.52,7.5,9.13,16.42,44.07,12.92
308,3.10884,2,18.47,8.23,10.96,16.61,6.64,18.52,7.5,9.13,16.49,41.58,12.92
309,3.10884,2,18.31,8.01,10.79,16.33,6.4,18.13,7.29,8.95,16.12,42.38,12.67
310,3.10884,2,18.16,8.17,10.96,16.54,6.61,18.44,7.47,9.2,16.57,44.07,13.03
311,3.10884,2,18.08,8.14,10.96,16.47,6.59,18.44,7.44,9.16,16.64,42.94,12.82
312,3.10884,2,18.55,8.11,10.96,16.4,6.59,18.36,7.47,9.24,16.64,45.88,12.67
313,3.10884,2,18.08,8.14,11,16.47,6.64,18.36,7.44,9.79,16.64,43.5,13.03
314,3.10884,2,18.39,8.11,11,16.47,6.61,18.36,7.41,9.31,16.72,43.5,12.92
315,3.10884,2,18.47,8.11,11.05,16.4,6.61,18.28,7.35,9.27,16.72,42.11,12.77
316,3.10884,2,18.08,8.07,11.05,16.33,6.61,18.28,7.44,9.24,16.87,42.94,12.87
317,3.10884,2,18.31,8.04,11,16.19,6.56,18.13,7.44,9.45,16.64,42.66,12.77
318,3.10884,2,18.31,8.01,11,16.19,6.53,18.05,7.38,9.24,16.72,42.38,12.82
319,3.10884,2,17.93,7.98,11,16.12,6.51,17.97,7.35,9.27,16.49,43.22,12.87
320,3.10884,2,17.85,7.95,11.05,16.05,6.48,17.89,7.29,9.2,16.72,42.38,12.87
321,3.10884,2,18.24,7.88,10.92,15.99,6.48,17.89,7.32,9.27,16.49,46.83,12.72
322,3.10884,2,18,8.07,11.05,16.12,6.59,18.13,7.5,9.31,16.64,43.78,12.92
323,3.10884,2,18.08,8.07,11.09,16.12,6.61,18.2,7.44,9.34,16.72,48.14,12.82
324,3.10884,2,18.39,8.07,11.09,16.19,6.64,18.2,7.41,9.16,16.72,44.07,12.82
325,3.10884,2,18.47,8.11,11.18,16.12,6.64,18.2,7.44,9.34,16.79,43.78,12.87
326,3.10884,2,18.31,8.11,11.13,16.12,6.67,18.28,7.41,9.38,16.79,41.58,12.92
327,3.10884,2,18.63,8.07,11.18,16.19,6.67,18.28,7.38,9.45,16.87,44.07,12.82
328,3.10884,2,18.31,8.07,11.22,16.19,6.67,18.28,7.35,9.45,16.57,43.22,12.77
329,3.10884,2,18.08,8.07,11.22,16.05,6.64,18.2,7.35,9.45,16.79,48.14,12.77
330,3.10884,2,18.08,8.01,11.22,16.05,6.61,18.13,7.32,9.45,17.03,42.94,12.67
331,3.10884,2,18.08,8.07,11.27,15.92,6.67,18.2,7.32,9.53,17.03,44.07,13.08
332,3.10884,2,18.08,8.04,11.27,15.99,6.67,18.2,7.32,9.6,17.03,43.22,13.03
333,3.10884,2,18.08,8.04,11.31,15.92,6.78,18.2,7.41,9.79,16.87,43.78,12.98
334,3.10884,2,18,8.01,11.31,15.92,6.67,18.13,7.44,9.6,16.87,43.5,13.24
335,3.10884,2,18.47,8.04,11.4,16.05,6.7,18.2,7.41,9.57,16.87,43.5,12.98
336,3.10884,2,18.24,8.04,11.44,16.12,6.7,18.28,7.5,9.68,16.72,44.66,13.08
337,3.10884,2,18.55,8.04,11.44,15.99,6.64,18.2,7.5,9.75,17.26,44.07,12.98
338,3.10884,2,18.47,8.01,11.44,15.92,6.61,18.2,7.47,9.68,17.83,44.37,13.08
339,3.10884,2,18.55,8.01,11.44,15.92,6.7,18.2,7.5,9.72,17.83,44.66,13.08
340,3.10884,2,18.24,7.98,11.49,15.85,6.67,18.2,7.47,9.75,17.58,50.23,13.03
341,3.10884,2,18.24,7.98,11.49,15.85,6.7,18.2,7.47,9.75,17.67,44.07,12.77
342,3.10884,2,18.16,7.98,11.53,15.85,6.67,18.2,7.5,9.64,17.67,44.66,12.98
343,3.10884,2,18.16,7.82,11.53,15.78,6.67,18.13,7.47,9.79,17.58,44.66,12.92
344,3.10884,2,18.39,7.82,11.53,15.72,6.64,18.13,7.41,9.75,17.26,45.26,12.87
345,3.10884,2,18.31,7.85,11.53,15.65,6.67,18.05,7.35,9.75,17.34,44.96,12.92
346,3.10884,2,18.39,7.82,11.58,15.65,6.67,18.05,7.29,9.91,17.18,44.37,12.98
347,3.10884,2,18.08,7.79,11.58,15.59,6.67,18.05,7.29,9.83,17.18,44.37,12.98
348,3.10884,2,18.47,7.76,11.58,15.59,6.67,18.05,7.27,9.83,17.26,44.37,12.98
349,3.10884,2,18.31,7.73,11.58,15.46,6.67,17.97,7.18,9.83,17.34,43.5,12.98
350,3.10884,2,18.63,7.76,11.63,15.52,6.64,17.97,7.21,9.99,17.34,44.37,12.87
351,3.10884,2,18,7.73,11.63,15.46,6.61,17.97,7.21,9.99,17.34,41.32,12.82
352,3.10884,2,18.08,7.73,11.63,15.46,6.61,17.97,7.15,9.91,17.34,45.26,12.67
353,3.10884,2,17.93,7.7,11.67,15.39,6.56,17.89,7.18,9.91,17.03,44.66,12.67
354,3.10884,2,18,7.7,11.67,15.59,6.61,17.82,7.15,10.51,17.34,45.26,12.77
355,3.10884,2,18.16,7.7,11.67,15.52,6.59,17.89,7.07,9.91,16.95,45.57,12.62
356,3.10884,2,18,7.7,11.76,15.39,6.53,17.89,7.13,9.95,17.18,44.37,12.82
357,3.10884,2,18.24,7.73,11.72,15.46,6.59,17.97,7.15,9.95,17.26,45.26,12.82
358,3.10884,2,18.63,7.7,11.76,15.39,6.61,17.97,7.15,10.06,17.5,44.07,12.82
359,3.10884,2,18.16,7.67,11.76,15.33,6.56,18.28,7.04,9.99,17.5,44.37,12.72
360,3.10884,2,18.08,7.67,11.76,15.33,6.56,17.97,7.1,10.39,17.42,44.37,12.67
361,3.31643,2,18.08,7.7,11.81,15.26,6.59,17.89,7.1,11.37,17.42,50.6,12.67
362,3.31643,2,18.16,7.7,11.86,15.26,6.64,18.13,7.07,11.32,17.67,44.66,12.82
363,3.31643,2,18.08,7.67,11.86,15.26,6.61,17.97,7.07,10.97,17.75,45.57,12.82
364,3.31643,2,18.08,7.58,11.9,15.14,6.59,18.13,7.13,9.83,17.75,44.96,12.72
365,3.31643,2,18.24,7.61,11.9,15.14,6.59,17.74,7.01,9.87,17.83,44.37,12.72
366,3.31643,2,18.16,7.58,11.9,15.07,6.59,17.74,7.01,9.91,17.75,44.96,12.77
367,3.31643,2,18.47,7.64,11.86,15.07,6.59,17.74,7.01,10.03,17.5,43.78,12.72
368,3.31643,2,18.55,7.58,11.9,15.07,6.53,17.67,6.99,9.95,17.75,44.66,12.77
369,3.31643,2,18.08,7.58,11.95,15.01,6.53,17.74,6.99,9.95,17.83,43.78,12.77
370,3.31643,2,17.93,7.61,12,15.07,6.56,17.74,6.99,9.95,17.91,43.78,12.57
371,3.31643,2,17.93,7.61,12.05,15.01,6.53,17.74,6.99,10.1,17.91,44.07,12.72
372,3.31643,2,17.93,7.61,12.05,15.01,6.56,17.74,6.99,10.18,18.17,42.38,12.72
373,3.31643,2,18.79,7.61,12.09,15.01,6.53,17.82,6.96,10.14,18.08,43.5,12.82
374,3.31643,2,18.63,7.61,12.19,14.95,6.59,17.82,6.99,10.1,18.17,44.37,12.77
375,3.31643,2,18.24,7.61,12.14,15.01,6.59,17.82,6.96,10.22,18.25,43.78,12.82
376,3.31643,2,18.16,7.55,12.19,14.89,6.56,17.74,6.93,10.22,18,44.07,12.77
377,3.31643,2,17.93,7.55,12.19,14.82,6.59,17.74,6.9,10.18,18.08,44.37,12.82
378,3.31643,2,18.08,7.52,12.19,14.82,6.56,17.74,6.9,10.18,18.08,44.37,12.82
379,3.31643,2,17.93,7.49,12.19,14.76,6.56,17.67,6.9,10.22,18.08,44.07,12.72
380,3.31643,2,18.16,7.49,12.24,14.82,6.59,17.67,6.9,10.22,18.17,43.78,12.67
381,3.31643,2,17.93,7.46,12.29,14.82,6.56,17.74,6.9,10.47,18.08,44.66,12.82
382,3.31643,2,17.26,7.02,11.86,14.22,6.19,17.01,6.53,11.15,17.5,41.32,12.37
383,3.31643,2,18.08,7.4,12.29,14.7,6.56,17.59,6.88,10.43,18.08,44.07,12.82
384,3.31643,2,18.55,7.4,12.33,14.7,6.56,17.59,6.88,10.22,18.34,47.81,12.77
385,3.31643,2,18.63,7.43,12.33,14.7,6.53,17.59,6.88,10.18,18.25,44.66,12.72
386,3.31643,2,18.16,7.4,12.38,14.7,6.53,17.52,6.85,10.55,18.08,43.22,12.77
387,3.31643,2,18.16,7.4,12.38,14.7,6.56,17.52,6.82,11.32,18.08,44.37,12.77
388,3.31643,2,18.16,7.34,12.38,14.64,6.56,17.52,6.82,10.3,18.17,44.07,12.52
389,3.31643,2,17.85,7.37,12.43,14.58,6.56,17.52,6.82,11.64,18.17,43.78,13.13
390,3.31643,2,17.85,7.34,12.48,14.52,6.53,17.52,6.8,10.22,18.17,43.78,13.08
391,3.31643,2,18.16,7.31,12.48,14.52,6.53,17.44,6.82,10.43,18.25,44.96,12.67
392,3.31643,2,18.31,7.28,12.48,14.46,6.53,17.44,6.77,10.34,18.17,44.96,13.13
393,3.31643,2,18.63,7.28,12.48,14.46,6.53,17.44,6.88,10.18,18.34,43.78,13.13
394,3.31643,2,18,7.28,12.48,14.46,6.51,17.37,6.77,10.3,18.25,44.07,13.03
395,3.31643,2,18.16,7.22,12.48,14.34,6.48,17.3,6.72,10.89,18.17,44.66,12.98
396,3.31643,2,18,7.25,12.48,14.34,6.53,17.37,6.74,12.06,18.25,43.22,13.08
397,3.31643,2,17.93,7.22,12.53,14.28,6.48,17.3,6.69,10.3,18.34,42.94,13.03
398,3.31643,2,18,7.22,12.53,14.28,6.48,17.3,6.72,10.34,18.25,41.32,13.13
399,3.31643,2,17.93,7.19,12.53,14.22,6.45,17.22,6.69,10.34,18.34,43.22,13.08
400,3.31643,2,17.78,7.16,12.53,14.16,6.45,17.22,6.66,10.43,18.43,44.96,12.77
401,3.31643,2,17.55,7.16,12.53,14.16,6.45,17.15,6.66,10.43,18.25,43.78,12.82
402,3.31643,2,17.7,7.16,12.53,14.11,6.43,17.08,6.64,10.43,18.17,44.07,12.92
403,3.31643,2,17.63,7.16,12.58,14.16,6.45,17.08,6.66,10.51,18.51,44.07,12.82
404,3.31643,2,17.55,7.14,12.58,14.11,6.43,16.93,6.64,10.43,18.17,43.78,12.92
405,3.31643,2,17.85,7.19,12.63,14.16,6.48,17.01,6.66,10.51,17.83,43.5,13.03
406,3.31643,2,17.78,7.16,12.63,14.22,6.48,17.08,6.8,10.63,18.25,43.22,12.92
407,3.31643,2,17.85,7.19,12.68,14.16,6.51,17.15,6.82,11.64,18.17,42.66,12.92
408,3.31643,2,17.78,7.11,12.68,14.05,6.4,17.15,6.61,10.55,18.08,43.22,12.82
409,3.31643,2,17.63,7.11,12.68,14.05,6.4,17.22,6.58,10.55,18.17,41.05,12.72
410,3.31643,2,17.85,7.14,12.73,14.11,6.45,17.59,6.64,10.59,18.17,44.96,12.82
411,3.31643,2,17.7,7.08,12.73,14.05,6.43,17.3,6.64,11.55,18.43,43.22,12.87
412,3.31643,2,17.63,7.05,12.73,13.99,6.43,17.22,6.58,10.47,18.17,44.07,13.03
413,3.31643,2,17.78,7.05,12.88,13.99,6.45,17.15,6.58,10.59,17.58,43.5,12.92
414,3.31643,2,17.78,7.11,12.83,14.11,6.51,17.22,6.64,10.8,18.08,44.96,13.03
415,3.31643,2,17.78,7.08,12.88,13.99,6.48,17.22,6.61,10.47,18.25,44.37,13.08
416,3.31643,2,18.55,7.11,12.88,13.93,6.45,17.67,6.58,10.72,18.34,43.78,13.08
417,3.31643,2,18.39,7.08,12.88,13.93,6.4,17.59,6.56,10.72,17.42,45.57,12.98
418,3.31643,2,18.31,7.02,12.94,13.82,6.4,17.3,6.53,10.72,18.34,43.5,12.87
419,3.31643,2,18.24,7.02,12.88,13.88,6.43,17.52,6.56,11.28,17.75,42.66,12.87
420,3.31643,2,17.78,7.05,12.88,13.88,6.48,17.3,6.58,10.89,18.25,43.78,12.87
421,3.943121396628808,2,17.48,7.08,12.99,13.93,6.51,17.3,6.58,10.76,18.69,43.78,12.92
422,3.943121396628808,2,18.47,7.11,13.04,13.99,6.53,17.3,6.61,10.8,18.69,45.26,12.98
423,3.943121396628808,2,18.16,7.11,13.09,13.99,6.56,17.44,6.61,11.23,18.78,44.37,13.03
424,3.943121396628808,2,18.31,7.11,13.09,13.99,6.53,17.3,6.64,10.97,18.78,44.66,13.03
425,3.943121396628808,2,17.7,7.08,13.14,13.99,6.38,17.15,6.58,10.93,18.69,44.07,12.92
426,3.943121396628808,2,18.08,7.08,13.14,13.99,6.38,17.15,6.56,11.01,18.96,43.78,12.92
427,3.943121396628808,2,17.78,7.08,13.09,13.93,6.38,17.08,6.56,12.6,19.23,43.78,12.92
428,3.943121396628808,2,18.08,7.11,13.2,13.93,6.4,17.01,6.53,10.93,19.05,42.38,12.92
429,3.943121396628808,2,17.55,7.05,13.2,13.93,6.38,17.01,6.51,10.89,19.23,43.78,12.92
430,3.943121396628808,2,17.48,7.02,13.14,13.88,6.35,16.93,6.48,10.93,19.14,43.78,12.87
431,3.943121396628808,2,17.48,6.99,13.2,13.88,6.32,16.93,6.48,10.97,19.14,43.22,12.87
432,3.943121396628808,2,17.26,6.53,12.94,13.16,5.92,16.38,6.06,10.89,18.69,41.32,12.18
433,3.943121396628808,2,17.33,6.91,13.25,13.71,6.32,17.15,6.51,11.15,19.33,43.5,12.72
434,3.943121396628808,2,17.48,6.99,13.14,13.76,6.17,16.93,6.56,10.93,19.14,43.78,12.67
435,3.943121396628808,2,17.7,6.99,13.14,13.76,6.17,16.93,6.53,10.97,19.14,42.38,12.67
436,3.943121396628808,2,17.4,7.02,13.2,13.76,6.17,16.86,6.51,11.69,19.14,44.07,12.47
437,3.943121396628808,2,17.7,6.97,13.25,13.65,6.14,16.86,6.58,11.01,19.14,44.96,12.87
438,3.943121396628808,2,17.4,6.99,13.25,13.71,6.17,17.15,6.48,10.93,19.14,43.78,12.82
439,3.943121396628808,2,17.4,6.97,13.3,13.71,6.17,17.08,6.46,11.1,19.23,43.22,12.82
440,3.943121396628808,2,17.4,6.97,13.36,13.65,6.17,17.37,6.46,11.19,19.33,45.26,12.82
441,3.943121396628808,2,17.48,6.97,13.41,13.65,6.19,17.08,6.61,11.15,19.33,44.07,12.92
442,3.943121396628808,2,17.48,6.97,13.41,13.65,6.19,16.93,6.46,11.15,19.23,43.5,12.92
443,3.943121396628808,2,17.4,6.91,13.41,13.6,6.17,16.86,6.43,11.15,19.14,42.94,12.77
444,3.943121396628808,2,17.7,6.94,13.41,13.6,6.19,16.72,6.43,11.15,19.33,42.94,12.82
445,3.943121396628808,2,18.24,6.94,13.46,13.6,6.22,16.72,6.43,11.19,19.33,42.66,12.82
446,3.943121396628808,2,17.55,6.94,13.52,13.54,6.19,16.72,6.43,11.19,19.33,44.96,12.77
447,3.943121396628808,2,17.78,6.97,13.57,13.54,6.22,16.72,6.4,11.23,19.23,45.57,12.82
448,3.943121396628808,2,17.33,6.91,13.52,13.49,6.22,16.72,6.38,11.37,19.14,43.5,12.87
449,3.943121396628808,2,17.4,6.94,13.57,13.54,6.25,16.79,6.4,11.37,19.42,45.26,13.03
450,3.943121396628808,2,17.78,6.94,13.63,13.54,6.25,16.79,6.38,11.41,19.52,44.07,12.47
451,3.943121396628808,2,17.4,6.94,13.63,13.49,6.27,16.79,6.38,11.46,19.71,43.78,12.98
452,3.943121396628808,2,17.78,6.91,13.63,13.43,6.27,16.72,6.4,11.5,19.52,43.78,12.98
453,3.943121396628808,2,17.33,6.94,13.63,13.54,6.27,16.72,6.4,11.78,19.52,41.84,12.98
454,3.943121396628808,2,17.26,6.91,13.63,13.43,6.27,16.65,6.35,11.32,19.71,43.78,12.98
455,3.943121396628808,2,17.33,6.91,13.85,13.43,6.3,16.65,6.35,11.32,19.8,47.15,12.92
456,3.943121396628808,2,17.33,6.91,13.74,13.43,6.3,16.65,6.35,11.41,19.8,44.07,12.62
457,3.943121396628808,2,17.93,6.91,13.79,13.43,6.27,16.65,6.35,11.5,20.09,43.22,12.62
458,3.943121396628808,2,17.4,6.91,13.79,13.43,6.3,16.72,6.33,11.5,20.19,43.78,12.82
459,3.943121396628808,2,17.63,6.88,13.74,13.38,6.27,16.65,6.3,11.32,20.29,45.26,12.82
460,3.943121396628808,2,18.24,6.91,13.85,13.38,6.32,16.79,6.3,11.41,20.49,42.94,12.72
461,3.943121396628808,2,18.24,6.91,13.85,13.38,6.35,16.93,6.3,11.37,20.39,43.78,12.72
462,3.943121396628808,2,17.33,6.91,13.9,13.38,6.38,16.86,6.3,12.75,20.29,44.37,12.57
463,3.943121396628808,2,17.33,6.94,13.96,13.43,6.35,16.72,6.28,11.37,20.29,44.07,12.82
464,3.943121396628808,2,17.33,6.97,13.9,13.38,6.38,16.72,6.33,12.85,20.39,46.83,12.67
465,3.943121396628808,2,17.4,6.91,14.01,13.32,6.35,16.65,6.28,11.37,20.49,42.94,12.77
466,3.943121396628808,2,17.33,6.94,14.01,13.32,6.38,16.65,6.28,11.37,20.29,44.37,12.72
467,3.943121396628808,2,17.63,7.05,14.07,13.32,6.4,16.65,6.28,11.46,20.39,44.66,12.72
468,3.943121396628808,2,18.08,6.99,14.07,13.27,6.38,16.58,6.25,12.55,20.39,44.07,12.62
469,3.943121396628808,2,17.33,6.99,14.13,13.27,6.38,16.86,6.23,11.78,20.39,44.37,12.62
470,3.943121396628808,2,17.33,7.02,14.07,13.27,6.38,16.65,6.23,11.55,20.6,44.66,12.82
471,3.943121396628808,2,17.33,6.97,14.13,13.27,6.38,16.58,6.23,11.69,20.19,45.57,12.98
472,3.943121396628808,2,17.78,6.99,14.13,13.21,6.38,16.58,6.23,11.55,20.19,43.22,12.92
473,3.943121396628808,2,18.16,6.99,14.18,13.21,6.38,16.65,6.23,11.64,20,43.5,12.77
474,3.943121396628808,2,17.26,6.8,14.18,13.16,6.35,16.58,6.15,11.64,20.49,43.5,12.72
475,3.943121396628808,2,17.33,6.74,14.18,13.16,6.35,16.38,6.2,11.55,20.7,44.07,12.82
476,3.943121396628808,2,17.7,6.74,14.18,13.16,6.38,16.38,6.2,11.64,21.01,44.07,12.87
477,3.943121396628808,2,17.93,6.74,14.24,13.11,6.38,16.31,6.15,11.59,20.6,44.37,12.77
478,3.943121396628808,2,17.11,6.19,13.74,12.44,5.87,15.45,5.75,11.32,19.9,41.84,12.08
479,3.943121396628808,2,16.9,6.16,13.57,12.34,5.84,15.45,5.8,11.59,19.71,42.11,11.94
480,3.943121396628808,2,16.42,6.19,13.57,12.34,5.84,15.52,5.77,11.32,19.23,42.11,11.85
481,3.9544586377939432,2,16.21,6.06,13.74,12.1,5.77,15.26,5.75,11.59,19.33,39.55,12.13
482,3.9544586377939432,2,16.62,6.09,13.25,12.14,5.75,15.39,5.8,11.28,18.78,41.84,12.03
483,3.9544586377939432,2,17.55,6.61,14.01,12.79,6.32,16.31,6.3,11.92,19.71,42.94,12.72
484,3.9544586377939432,2,17.11,6.74,13.85,13.11,6.38,16.24,6.3,11.41,19.61,43.22,12.77
485,3.9544586377939432,2,17.7,6.77,14.07,13.06,6.38,16.11,6.28,11.55,19.8,43.5,12.67
486,3.9544586377939432,2,18,6.74,14.07,12.95,6.35,16.11,6.18,11.55,19.9,42.38,12.62
487,3.9544586377939432,2,17.55,6.74,14.13,13,6.35,16.17,6.18,11.59,20.09,43.22,12.47
488,3.9544586377939432,2,17.55,6.77,14.18,13,6.4,16.17,6.15,12.65,20,42.94,12.92
489,3.9544586377939432,2,17.26,6.77,14.24,13,6.35,16.24,6.11,11.64,20.09,42.94,12.92
490,3.9544586377939432,2,17.55,6.77,14.3,13,6.38,16.24,6.13,11.69,20.09,43.22,12.92
491,3.9544586377939432,2,17.55,6.8,14.36,13,6.4,16.31,6.15,11.73,20.29,41.58,12.92
492,3.9544586377939432,2,17.4,6.77,14.36,12.95,6.35,16.24,6.15,12.01,20.19,43.22,12.98
493,3.9544586377939432,2,17.33,6.74,14.36,12.9,6.35,16.17,6.08,11.97,20.39,41.58,12.92
494,3.9544586377939432,2,17.4,6.74,14.42,12.9,6.35,16.11,6.08,12.06,20.49,43.5,12.82
495,3.9544586377939432,2,17.04,6.77,14.47,12.95,6.35,16.11,6.08,11.87,20.39,42.94,12.87
496,3.9544586377939432,2,17.48,6.74,14.53,12.79,6.38,16.11,6.11,13.82,20.39,42.38,12.87
497,3.9544586377939432,2,17.04,6.88,14.47,12.95,6.35,16.11,6.03,11.73,20.29,42.66,12.92
498,3.9544586377939432,2,17.26,6.8,14.47,12.85,6.32,16.11,6.03,11.73,20.29,42.38,12.82
499,3.9544586377939432,2,16.01,5.79,13.41,11.53,5.28,14.3,5.09,11.01,18.87,38.36,11.12
500,3.9544586377939432,2,17.33,6.88,14.47,12.95,6.4,16.17,6.13,11.73,20.19,42.94,12.77
501,3.9544586377939432,2,16.9,6.83,14.47,12.85,6.35,16.11,6.06,12.06,20.29,42.94,12.57
502,3.9544586377939432,2,16.97,6.83,14.42,12.85,6.38,16.17,6.13,13.17,20.19,40.54,12.87
503,3.9544586377939432,2,16.97,6.85,14.47,12.79,6.4,16.11,6.08,12.91,20.19,42.11,12.82
504,3.9544586377939432,2,16.97,6.85,14.53,12.79,6.4,16.11,6.01,11.73,20.29,42.94,12.72
505,3.9544586377939432,2,17.26,6.8,14.59,12.79,6.35,16.11,6.01,11.82,20.29,43.22,12.82
506,3.9544586377939432,2,16.97,6.77,14.65,12.74,6.38,16.11,6.01,12.21,20.29,42.94,12.82
507,3.9544586377939432,2,17.48,6.77,14.65,12.79,6.38,16.11,6.01,11.78,20.39,42.94,12.67
508,3.9544586377939432,2,16.97,6.8,14.71,12.79,6.4,16.11,6.01,13.22,20.49,43.22,12.77
509,3.9544586377939432,2,16.9,6.77,14.71,12.74,6.35,16.04,5.98,11.78,20.6,42.38,12.87
510,3.9544586377939432,2,16.83,6.72,14.71,12.85,6.3,15.97,5.94,11.87,20.49,42.66,12.72
511,3.9544586377939432,2,17.48,6.74,14.77,12.69,6.3,16.04,5.94,12.01,20.49,42.94,12.77
512,3.9544586377939432,2,17.48,6.74,14.83,12.69,6.3,16.11,5.94,11.92,20.6,43.5,12.77
513,3.9544586377939432,2,16.9,6.74,14.83,12.74,6.35,16.11,5.94,12.7,20.6,43.78,12.08
514,3.9544586377939432,2,16.97,6.77,14.83,12.74,6.35,16.11,5.96,12.01,20.6,42.66,12.87
515,3.9544586377939432,2,16.9,6.74,14.89,12.74,6.35,16.11,5.94,12.06,20.6,42.94,12.13
516,3.9544586377939432,2,15.43,5.67,13.63,11.26,5.32,14.42,5.11,13.76,18.87,39.06,10.91
517,3.9544586377939432,2,17.63,6.74,14.71,12.64,6.38,16.11,6.01,11.78,20.29,43.78,12.77
518,3.9544586377939432,2,16.83,6.77,14.95,12.69,6.38,16.11,6.01,12.16,20.39,42.66,12.52
519,3.9544586377939432,2,16.9,6.77,14.83,12.64,6.4,16.04,5.94,14.51,20.39,45.88,12.67
520,3.9544586377939432,2,16.83,6.72,14.89,12.64,6.35,16.11,5.89,11.64,20.39,44.07,12.67
521,3.9544586377939432,2,16.62,6.66,15.2,12.49,6.32,15.97,5.87,12.16,20.8,41.84,12.57
522,3.9544586377939432,2,17.19,6.74,14.95,12.64,6.38,16.11,5.94,11.69,20.49,43.78,12.62
523,3.9544586377939432,2,17.78,6.74,15.01,12.64,6.38,16.11,5.91,11.87,20.49,43.22,12.52
524,3.9544586377939432,2,17.4,6.74,15.08,12.69,6.38,16.24,5.96,12.11,20.6,42.66,12.52
525,3.9544586377939432,2,15.12,5.64,13.79,11.26,5.34,14.53,5.13,11.46,19.05,39.3,11.21
526,3.9544586377939432,2,15.06,5.62,13.63,11.3,5.34,14.47,5.21,11.41,18.78,38.12,11.21
527,3.9544586377939432,2,15,5.67,13.57,11.22,5.41,14.65,5.3,11.32,18.78,37.44,11.21
528,3.9544586377939432,2,15,5.67,13.46,11.26,5.44,14.53,5.28,11.37,18.6,38.12,11.17
529,3.9544586377939432,2,15.43,5.67,13.41,11.22,5.41,14.53,5.3,11.19,18.6,38.36,11.17
530,3.9544586377939432,2,14.94,5.67,13.36,11.17,5.44,14.59,5.3,11.5,18.69,40.8,11.17
531,3.9544586377939432,2,14.94,5.69,13.25,11.17,5.44,14.42,5.3,11.1,18.51,37.9,11.08
532,3.9544586377939432,2,15.12,5.74,13.25,11.22,5.51,14.53,5.32,12.7,18.69,38.83,11.21
533,3.9544586377939432,2,14.94,5.74,13.25,11.17,5.41,14.47,5.39,11.19,18.6,38.59,11.21
534,3.9544586377939432,2,15.75,5.79,13.3,11.3,5.51,14.59,5.36,11.32,18.78,38.83,11.34
535,3.9544586377939432,2,14.87,5.74,13.2,11.22,5.46,14.47,5.32,11.28,18.78,38.36,11.21
536,3.9544586377939432,2,15.31,5.74,13.25,11.22,5.48,14.53,5.34,11.41,18.69,38.12,11.21
537,3.9544586377939432,2,14.94,5.72,13.2,11.22,5.51,14.47,5.32,11.37,18.87,37.9,11.17
538,3.9544586377939432,2,15.18,5.76,13.25,11.22,5.51,14.53,5.34,11.19,19.05,36.78,10.99
539,3.9544586377939432,2,15.62,5.76,13.25,11.3,5.51,14.53,5.34,11.82,19.8,38.36,11.17
540,3.9544586377939432,2,14.81,5.76,13.2,11.26,5.51,14.53,5.3,13.11,16.95,37.67,10.99
541,3.993666323564176,2,15.31,5.94,13.36,11.44,5.67,14.89,5.43,13.22,18.25,37.9,11.34
542,3.993666323564176,2,15.24,5.81,13.25,11.3,5.55,14.65,5.32,11.19,20,37.9,11.21
543,3.993666323564176,2,15.24,5.84,13.3,11.3,5.55,14.65,5.32,11.15,19.23,38.83,10.87
544,3.993666323564176,2,15.12,5.81,13.2,11.17,5.48,14.53,5.28,13.01,18.69,38.59,10.82
545,3.993666323564176,2,15.12,5.89,13.2,11.22,5.53,14.59,5.32,12.75,18.78,37.9,11.08
546,3.993666323564176,2,15.37,5.89,13.25,11.22,5.51,14.47,5.28,11.1,17.75,35.31,10.95
547,3.993666323564176,2,15.12,5.91,13.25,11.17,5.48,14.53,5.28,11.23,17.18,37.44,10.91
548,3.993666323564176,2,14.75,5.91,13.2,11.13,5.46,14.47,5.26,11.32,17.26,37.44,10.95
549,3.993666323564176,2,15.24,6.01,13.25,11.17,5.53,14.59,5.28,11.78,17.34,37.44,11.17
550,3.993666323564176,2,14.81,5.99,13.2,11.08,5.48,14.47,5.26,11.23,17.18,37,11.04
551,3.993666323564176,2,15.24,6.11,13.36,11.17,5.55,14.59,5.32,11.41,17.67,37.22,10.99
552,3.993666323564176,2,15.06,6.11,13.25,11.13,5.53,14.42,5.23,11.37,17.42,35.72,11.3
553,3.993666323564176,2,14.69,6.26,13.25,11.08,5.48,14.47,5.21,11.37,17.67,38.36,10.95
554,3.993666323564176,2,14.64,6.42,13.36,11.17,5.53,14.59,5.3,11.37,17.5,38.12,10.91
555,3.993666323564176,2,14.75,6.37,13.3,11.13,5.51,14.47,5.28,12.7,17.75,37.67,11.12
556,3.993666323564176,2,14.64,6.34,13.25,11.04,5.44,14.42,5.19,11.32,17.91,37,10.91
557,3.993666323564176,2,14.69,6.42,13.25,11.04,5.44,14.36,5.28,12.4,17.67,37,11.3
558,3.993666323564176,2,14.75,6.45,13.3,11.13,5.46,14.36,5.23,11.64,17.5,37.22,10.74
559,3.993666323564176,2,15.06,6.47,13.36,11.13,5.41,14.36,5.32,11.41,17.83,36.78,10.99
560,3.993666323564176,2,15.24,6.45,13.36,11.13,5.41,14.3,5.32,11.64,17.75,36.57,10.74
561,3.993666323564176,2,14.69,6.47,13.36,11.13,5.39,14.42,5.43,11.32,16.49,37.22,10.91
562,3.993666323564176,2,15.06,6.24,13.41,11.13,5.46,14.47,5.52,11.32,18.51,36.78,11.04
563,3.993666323564176,2,15.24,6.47,13.36,11.04,5.41,14.42,5.5,11.37,17.67,35.93,10.91
564,3.993666323564176,2,14.69,6.5,13.41,11.08,5.46,14.53,5.61,11.41,17.34,36.35,11.04
565,3.993666323564176,2,15.12,6.5,13.41,11.08,5.48,14.89,5.61,12.5,17.34,37,10.95
566,3.993666323564176,2,14.94,6.53,13.41,11.04,5.46,14.59,5.66,11.32,18.51,36.57,10.99
567,3.993666323564176,2,14.69,6.61,13.46,11.04,5.48,14.42,5.7,12.65,18.25,36.57,10.7
568,3.993666323564176,2,14.75,6.45,13.41,10.95,5.44,14.24,5.68,12.4,18,36.35,10.65
569,3.993666323564176,2,14.75,6.63,13.52,11.13,5.55,14.47,5.82,11.46,18.78,37.67,10.91
570,3.993666323564176,2,14.75,6.63,13.57,11.13,5.58,14.47,5.84,13.65,18.43,37.44,11.34
571,3.993666323564176,2,14.81,6.5,13.41,10.95,5.41,14.3,5.7,11.64,18.43,37.44,10.95
572,3.993666323564176,2,14.52,6.47,13.46,10.95,5.44,14.36,5.73,11.23,18.6,37,10.61
573,3.993666323564176,2,14.87,6.58,13.46,11,5.48,14.65,5.75,11.23,18.87,36.78,10.65
574,3.993666323564176,2,14.81,6.47,13.46,10.95,5.46,14.53,5.77,11.32,18.43,36.14,10.78
575,3.993666323564176,2,14.81,6.16,13.46,10.91,5.39,14.36,5.7,11.23,18.6,36.57,10.74
576,3.993666323564176,2,14.4,6.42,13.41,10.82,5.39,14.3,5.68,11.32,18.43,36.57,10.61
577,3.993666323564176,2,14.4,6.06,13.36,10.78,5.37,14.24,5.68,11.37,18.34,35.72,10.41
578,3.993666323564176,2,14.46,6.01,13.41,10.82,5.34,14.3,5.7,11.32,18.43,35.31,10.45
579,3.993666323564176,2,14.46,6.06,13.46,10.82,5.41,14.36,5.75,12.6,18.43,35.51,10.49
580,3.993666323564176,2,14.46,6.06,13.36,10.82,5.41,14.3,5.73,11.28,18.69,35.72,10.61
581,3.993666323564176,2,14.34,6.01,13.36,10.74,5.34,14.24,5.7,12.55,18.96,35.31,10.53
582,3.993666323564176,2,14.75,6.06,13.41,10.78,5.37,14.24,5.77,11.32,19.14,35.51,10.53
583,3.993666323564176,2,14.52,6.09,13.41,10.78,5.39,14.24,5.8,12.45,19.61,36.14,10.45
584,3.993666323564176,2,15.18,6.21,13.52,10.91,5.51,14.36,5.94,13.11,19.05,36.57,11.04
585,3.993666323564176,2,14,6.11,13.46,10.82,5.41,14.24,5.89,12.65,18.87,35.51,11.12
586,3.993666323564176,2,14.81,6.11,13.46,10.78,5.39,14.24,5.96,11.23,19.14,35.31,11.04
587,3.993666323564176,2,14.4,6.11,13.46,10.82,5.32,14.24,5.98,11.64,18.78,35.72,10.99
588,3.993666323564176,2,14.17,6.11,13.46,10.74,5.23,14.24,5.94,12.4,19.14,35.31,10.7
589,3.993666323564176,2,14.23,6.16,13.46,10.78,5.3,14.36,5.89,12.16,19.14,36.57,10.95
590,3.993666323564176,2,14.28,6.26,13.63,10.91,5.41,14.47,5.91,11.5,19.52,35.93,10.82
591,3.993666323564176,2,14.23,6.21,13.57,10.87,5.37,14.65,5.84,11.55,19.61,35.72,10.95
592,3.993666323564176,2,14.4,6.21,13.57,10.87,5.34,14.59,5.84,11.64,19.23,35.51,10.95
593,3.993666323564176,2,14.58,6.29,13.63,10.91,5.41,14.53,5.94,11.69,19.61,35.72,10.82
594,3.993666323564176,2,13.83,6.19,13.57,10.78,5.32,14.3,5.94,11.55,19.42,35.51,10.74
595,3.993666323564176,2,14.4,6.21,13.63,10.78,5.32,14.36,6.01,11.5,19.52,34.91,10.78
596,3.993666323564176,2,14.11,6.21,13.63,10.82,5.34,14.36,6.01,11.82,19.52,36.35,10.91
597,3.993666323564176,2,14.34,6.26,13.63,10.82,5.3,14.42,6.08,13.65,19.33,36.14,10.87
598,3.993666323564176,2,14.28,6.26,13.63,10.82,5.34,14.36,6.03,11.73,19.05,37.22,10.74
599,3.993666323564176,2,14.23,6.29,13.68,10.82,5.37,14.36,6.13,13.01,19.05,36.35,10.65
600,3.993666323564176,2,14.23,6.34,13.74,10.91,5.41,14.42,6.03,11.64,19.23,35.93,10.57
601,3.9997581174861336,2,14.46,6.42,13.79,10.95,5.48,14.36,5.96,11.59,19.42,36.14,10.78
602,3.9997581174861336,2,14.06,6.42,13.79,10.95,5.46,14.47,5.87,12.96,19.42,36.35,10.78
603,3.9997581174861336,2,13.08,6.37,13.79,10.91,5.41,14.24,5.84,13.11,19.42,35.51,10.65
604,3.9997581174861336,2,14.46,6.45,13.9,11,5.51,14.36,5.98,11.69,19.52,36.35,10.87
605,3.9997581174861336,2,13.94,6.45,13.9,10.95,5.51,14.36,5.96,11.59,19.71,35.72,10.78
606,3.9997581174861336,2,14.4,6.63,13.96,11,5.46,14.42,5.98,11.69,19.71,35.93,10.78
607,3.9997581174861336,2,13.67,6.66,13.96,10.95,5.46,14.36,5.94,11.78,19.61,36.14,10.78
608,3.9997581174861336,2,13.61,6.45,13.96,10.91,5.44,14.3,5.89,12.75,19.61,35.51,10.78
609,3.9997581174861336,2,13.94,6.5,14.07,11,5.53,14.36,5.87,13.38,19.52,35.51,10.95
610,3.9997581174861336,2,14.64,6.47,14.01,10.91,5.51,14.36,5.7,14.1,19.52,37.22,10.87
611,3.9997581174861336,2,13.89,6.42,13.96,10.82,5.44,14.24,5.57,13.82,19.52,35.93,10.91
612,3.9997581174861336,2,14.11,6.58,14.13,11,5.55,14.59,5.61,13.88,19.52,37.22,10.82
613,3.9997581174861336,2,14.4,6.5,14.01,10.87,5.46,14.42,5.48,13.54,19.61,35.72,10.61
614,3.9997581174861336,2,13.45,6.53,13.9,10.74,5.34,14.3,5.45,13.6,19.14,35.93,10.53
615,3.9997581174861336,2,13.89,6.69,13.96,10.74,5.34,14.36,5.54,11.69,19.14,35.72,10.53
616,3.9997581174861336,2,14.4,6.66,14.01,10.82,5.41,14.53,5.82,11.46,19.14,37.22,10.57
617,3.9997581174861336,2,13.94,6.85,14.07,10.91,5.48,14.42,6.06,11.55,19.33,35.72,10.61
618,3.9997581174861336,2,13.94,7.05,14.24,11.04,5.6,14.59,6.15,14.16,19.61,36.14,10.87
619,3.9997581174861336,2,14.52,6.55,14.24,11.08,5.55,14.47,6.06,13.93,19.61,35.72,10.7
620,3.9997581174861336,2,14,6.63,14.47,11.17,5.65,14.65,6.15,12.01,19.61,36.14,10.78
621,3.9997581174861336,2,13.72,6.45,14.24,11,5.46,14.42,6.11,11.55,19.42,35.31,10.61
622,3.9997581174861336,2,14.4,6.47,14.24,10.95,5.51,14.42,6.28,11.64,19.33,35.31,10.7
623,3.9997581174861336,2,13.78,6.47,14.24,10.91,5.51,14.42,6.4,11.82,19.33,35.31,10.65
624,3.9997581174861336,2,14.4,6.55,14.36,11.08,5.55,14.59,6.51,11.73,19.61,35.72,10.82
625,3.9997581174861336,2,13.67,6.42,14.3,10.91,5.39,14.36,6.18,11.78,19.42,34.91,10.7
626,3.9997581174861336,2,13.72,6.47,14.36,10.95,5.46,14.47,6.03,12.11,19.42,35.31,10.74
627,3.9997581174861336,2,13.89,6.63,14.53,11.13,5.6,14.65,6.18,12.16,19.71,36.78,10.95
628,3.9997581174861336,2,13.67,6.53,14.36,11,5.51,14.65,6.03,13.99,19.42,36.35,10.7
629,3.9997581174861336,2,13.61,6.47,14.42,10.95,5.48,14.36,6.08,14.05,19.42,35.72,10.61
630,3.9997581174861336,2,13.67,6.47,14.42,10.95,5.46,14.47,6.15,11.64,19.61,36.57,10.65
631,3.9997581174861336,2,13.67,6.5,14.42,10.95,5.46,14.36,6.33,11.73,19.61,36.14,10.65
632,3.9997581174861336,2,13.67,6.53,14.47,10.95,5.48,14.42,6.25,11.73,19.52,35.31,10.65
633,3.9997581174861336,2,14.23,6.66,14.53,10.95,5.51,14.59,6.33,11.78,19.61,34.91,10.74
634,3.9997581174861336,2,13.56,6.58,14.47,10.91,5.46,14.24,6.33,14.28,19.33,34.91,10.57
635,3.9997581174861336,2,13.34,6.83,14.47,10.87,5.48,14.24,6.38,13.76,19.52,33.36,10.57
636,3.9997581174861336,2,13.78,7.05,14.71,11.08,5.63,14.47,6.51,12.11,20.19,35.72,10.7
637,3.9997581174861336,2,14.17,6.61,14.59,10.91,5.51,14.24,6.33,11.64,19.42,34.71,10.49
638,3.9997581174861336,2,15.43,7.92,15.84,12.39,6.61,16.04,7.5,13.06,21.12,38.83,11.89
639,3.9997581174861336,2,16.42,8.3,16.17,12.49,6.7,16.04,7.29,12.35,21.44,39.55,11.99
640,3.9997581174861336,2,16.42,8.27,16.24,12.49,6.64,15.91,7.07,12.6,21.66,40.29,11.89
641,3.9997581174861336,2,16.28,8.23,16.3,12.39,6.61,15.78,6.96,14.1,21.77,40.8,11.99
642,3.9997581174861336,2,14.94,7.82,15.84,11.95,6.19,15.2,6.64,13.44,21.22,36.57,11.39
643,3.9997581174861336,2,15.43,8.17,16.51,12.39,6.59,15.78,7.01,13.82,22.1,37.44,11.89
644,3.9997581174861336,2,15.49,7.82,16.65,12.39,6.59,15.78,6.96,12.75,22.45,40.04,11.94
645,3.9997581174861336,2,15.12,8.01,16.58,12.24,6.45,15.58,6.9,12.8,22.1,39.79,11.75
646,3.9997581174861336,2,15.56,7.85,16.58,12.19,6.43,15.52,6.88,12.8,21.99,40.04,11.75
647,3.9997581174861336,2,15.82,7.76,16.58,12.1,6.4,15.45,6.88,12.85,21.99,39.06,11.94
648,3.9997581174861336,2,13.83,6.69,15.39,10.87,5.48,14.01,6.18,12.21,20.29,34.91,10.65
649,3.9997581174861336,2,14.11,6.77,15.39,11,5.55,14.18,6.4,12.21,20.19,35.11,10.82
650,3.9997581174861336,2,14.11,6.66,15.32,11,5.41,14.36,6.51,12.01,20.09,35.51,10.74
651,3.9997581174861336,2,15.69,7.98,16.51,12.34,6.61,16.17,7.24,12.91,21.77,39.06,11.99
652,3.9997581174861336,2,15.56,7.88,16.79,12.24,6.53,15.91,6.99,12.96,21.99,39.06,11.99
653,3.9997581174861336,2,15.56,7.88,16.79,12.29,6.53,16.04,6.93,13.82,22.1,39.55,11.94
654,3.9997581174861336,2,15.31,7.88,16.93,12.29,6.56,15.65,6.88,13.06,22.33,39.3,12.52
655,3.9997581174861336,2,15.69,7.82,16.93,12.24,6.51,15.52,6.93,13.11,22.33,39.55,12.08
656,3.9997581174861336,2,15.69,7.88,17.07,12.24,6.53,15.58,7.01,13.17,22.68,39.55,12.08
657,3.9997581174861336,2,16.21,7.88,17.07,12.34,6.61,15.65,6.9,13.17,22.56,39.79,12.23
658,3.9997581174861336,2,15.75,7.85,17.21,12.29,6.59,15.58,6.88,13.22,22.56,38.83,12.08
659,3.9997581174861336,2,15.49,7.76,17.21,12.29,6.53,15.52,6.85,13.65,22.56,40.54,12.18
660,3.9997581174861336,2,15.69,7.76,17.21,12.24,6.45,15.52,6.85,13.44,22.8,39.55,12.23
661,4.049554083074122,3,15.31,7.7,17.29,12.24,6.51,15.39,6.82,13.22,22.56,39.3,12.08
662,4.049554083074122,3,16.01,7.67,17.21,12.19,6.51,15.33,6.82,13.22,22.33,39.3,12.08
663,4.049554083074122,3,13.78,6.47,15.97,10.82,5.46,13.79,6.08,12.45,20.49,34.31,10.78
664,4.049554083074122,3,15.24,7.64,17.14,12.14,6.48,15.45,6.99,13.22,22.22,39.06,11.8
665,4.049554083074122,3,15.62,7.67,17.21,12.19,6.48,15.45,6.88,13.22,21.99,39.79,12.13
666,4.049554083074122,3,15.18,7.64,17.29,12.14,6.45,15.39,6.8,13.27,22.1,38.59,11.99
667,4.049554083074122,3,16.01,7.61,17.29,12.19,6.48,15.45,6.88,13.33,22.22,39.55,11.94
668,4.049554083074122,3,15.18,7.55,17.29,12.1,6.43,15.39,6.77,13.27,22.22,39.06,11.85
669,4.049554083074122,3,15.18,7.58,17.36,12.1,6.45,15.45,6.8,13.33,22.33,42.66,11.99
670,4.049554083074122,3,15.49,7.55,17.43,12.1,6.43,15.45,6.77,13.22,22.33,39.06,11.85
671,4.049554083074122,3,15.56,7.52,17.43,12.05,6.4,15.39,6.74,13.33,22.33,39.06,11.89
672,4.049554083074122,3,15.12,7.46,17.36,12.1,6.38,15.33,6.72,13.22,22.22,38.36,11.89
673,4.049554083074122,3,15.12,7.43,17.43,12.1,6.35,15.33,6.72,13.33,22.45,37.67,12.23
674,4.049554083074122,3,15.62,7.52,17.58,12.14,6.43,15.45,6.77,13.38,22.56,39.06,12.27
675,4.049554083074122,3,15.82,7.46,17.51,12.1,6.4,15.39,6.8,13.33,22.45,37.44,12.18
676,4.049554083074122,3,14.23,6.32,16.3,10.82,5.39,13.84,5.91,12.65,20.7,34.71,10.57
677,4.049554083074122,3,13.56,6.32,16.03,10.74,5.39,13.9,6.15,12.35,21.22,36.57,10.49
678,4.049554083074122,3,14,6.42,16.1,10.82,5.51,14.13,6.3,12.6,20.39,34.31,10.7
679,4.049554083074122,3,13.83,6.37,15.84,10.78,5.44,14.01,6.25,15.12,20.09,33.93,10.57
680,4.049554083074122,3,15.12,7.61,17.14,12.19,6.48,15.71,7.01,15.83,21.88,39.06,11.85
681,4.049554083074122,3,15.06,7.55,17.29,12.14,6.4,15.58,6.77,12.85,22.1,39.06,11.85
682,4.049554083074122,3,15.49,7.55,17.43,12.19,6.45,15.78,6.82,12.96,22.33,39.06,11.99
683,4.049554083074122,3,15.43,7.55,17.43,12.19,6.45,15.71,6.77,13.88,22.33,38.59,12.08
684,4.049554083074122,3,15.49,7.49,17.51,12.19,6.4,15.71,6.74,13.06,22.45,39.06,11.85
685,4.049554083074122,3,15.31,7.43,17.51,12.1,6.4,15.78,6.8,13.11,22.45,38.83,12.18
686,4.049554083074122,3,15.06,7.31,17.29,12,6.27,15.2,6.61,12.91,22.1,38.12,11.75
687,4.049554083074122,3,15.31,7.46,17.58,12.14,6.45,15.45,6.69,13.22,22.45,38.83,11.75
688,4.049554083074122,3,15.31,7.46,17.66,12.19,6.45,15.45,6.74,13.22,22.56,42.38,11.71
689,4.049554083074122,3,15.24,7.43,17.66,12.24,6.43,15.39,6.72,13.22,22.45,39.06,11.66
690,4.049554083074122,3,15.24,7.43,17.73,12.14,6.45,15.39,6.72,13.27,22.68,39.06,11.71
691,4.049554083074122,3,15.18,7.43,17.73,12.14,6.43,15.39,6.72,13.11,22.56,40.29,11.89
692,4.049554083074122,3,15.43,7.43,17.73,12.19,6.45,15.45,6.72,13.27,22.56,39.06,11.94
693,4.049554083074122,3,15.49,7.46,17.88,12.19,6.43,15.52,6.72,13.22,22.68,39.06,11.71
694,4.049554083074122,3,15.56,7.43,17.81,12.19,6.43,15.52,6.66,13.27,22.68,39.06,12.08
695,4.049554083074122,3,13.56,6.21,16.37,10.74,5.34,13.84,5.91,12.5,20.8,34.12,10.57
696,4.049554083074122,3,13.89,6.21,16.17,10.7,5.37,13.84,6.08,12.25,20.49,33.74,10.29
697,4.049554083074122,3,13.94,6.45,16.3,10.91,5.58,14.18,6.3,12.5,21.33,35.51,11.12
698,4.049554083074122,3,15.56,7.49,17.58,12.19,6.48,15.58,6.88,13.17,22.22,38.83,11.94
699,4.049554083074122,3,15.43,7.46,17.58,12.14,6.45,15.58,6.77,13.22,22.33,39.55,11.99
700,4.049554083074122,3,15.62,7.49,17.66,12.19,6.51,15.58,6.72,13.27,22.33,38.36,11.89
701,4.049554083074122,3,15.62,7.49,17.73,12.19,6.48,15.58,6.74,13.22,22.45,39.06,11.99
702,4.049554083074122,3,15.69,7.49,17.81,12.14,6.48,15.58,6.74,13.27,22.56,39.06,12.08
703,4.049554083074122,3,15.62,7.49,17.88,12.19,6.48,15.58,6.72,13.33,22.68,39.06,12.08
704,4.049554083074122,3,15.56,7.46,17.88,12.14,6.48,15.52,6.72,13.27,22.68,39.3,11.99
705,4.049554083074122,3,15.75,7.46,17.96,12.05,6.48,15.52,6.69,13.33,22.68,39.06,11.8
706,4.049554083074122,3,15.69,7.43,17.96,12.1,6.48,15.58,6.69,13.38,22.68,41.84,12.18
707,4.049554083074122,3,15.31,7.4,17.96,12,6.45,15.58,6.69,13.33,22.68,40.29,12.13
708,4.049554083074122,3,15.75,7.46,18.04,12.1,6.48,15.65,6.72,13.44,22.8,41.58,12.13
709,4.049554083074122,3,15.62,7.43,18.04,12,6.51,15.65,6.69,13.38,22.8,40.54,12.18
710,4.049554083074122,3,15.18,7.43,18.04,12.1,6.51,15.58,6.69,13.38,22.8,41.32,12.13
711,4.049554083074122,3,13.61,6.24,16.72,10.65,5.44,13.9,5.77,12.6,21.33,35.72,10.7
712,4.049554083074122,3,13.94,6.24,16.44,10.65,5.46,14.07,6.13,12.6,20.49,34.71,10.74
713,4.049554083074122,3,13.78,6.21,16.37,10.61,5.44,14.18,6.13,12.6,20.29,34.51,10.78
714,4.049554083074122,3,15.18,7.4,17.51,11.95,6.53,15.78,7.13,13.38,22.56,42.94,11.71
715,4.049554083074122,3,15.49,7.43,17.73,12,6.51,15.71,6.8,13.27,22.22,39.3,12.13
716,4.049554083074122,3,15.49,7.4,17.73,11.95,6.53,15.71,6.69,13.17,22.68,39.06,11.8
717,4.049554083074122,3,15.37,7.4,17.81,11.95,6.48,15.97,6.69,13.33,22.33,39.3,12.08
718,4.049554083074122,3,15.18,7.37,17.81,11.95,6.48,15.78,6.66,13.33,22.33,39.06,11.71
719,4.049554083074122,3,15.49,7.43,17.96,12,6.53,15.78,6.69,13.44,22.8,37.67,12.32
720,4.049554083074122,3,13.78,6.34,16.72,10.78,5.53,14.18,5.8,12.4,21.01,35.51,10.95
721,4.122483910931027,3,13.78,6.19,16.51,10.57,5.46,14.24,6.03,12.6,20.39,33.55,10.82
722,4.122483910931027,3,15.18,7.31,18.04,11.81,6.53,15.71,7.13,13.88,22.8,37.9,12.18
723,4.122483910931027,3,15.56,7.52,17.81,12.05,6.59,15.84,6.88,13.27,22.22,38.83,12.23
724,4.122483910931027,3,15.62,7.52,17.96,12.05,6.59,15.84,6.85,13.27,22.33,41.58,12.18
725,4.122483910931027,3,15.56,7.49,18.04,12.05,6.59,15.78,6.8,13.65,22.45,38.83,12.13
726,4.122483910931027,3,15.56,7.46,18.04,12.05,6.56,15.71,6.69,13.38,22.45,37.44,12.13
727,4.122483910931027,3,15.49,7.46,18.11,12,6.53,15.65,6.66,13.6,23.41,39.06,11.71
728,4.122483910931027,3,15.49,7.43,18.11,12,6.51,15.58,6.58,13.44,22.33,40.04,12.03
729,4.122483910931027,3,15.43,7.37,18.11,11.95,6.51,15.58,6.64,13.38,22.33,39.55,11.94
730,4.122483910931027,3,15.43,7.43,18.19,12,6.51,15.65,6.66,13.44,21.99,40.8,12.03
731,4.122483910931027,3,14.06,6.45,16.86,10.91,5.58,14.18,5.84,12.4,20.09,35.72,10.78
732,4.122483910931027,3,13.94,6.32,16.79,10.74,5.53,14.18,6.06,12.7,20.09,35.31,10.82
733,4.122483910931027,3,15.62,7.43,18.04,12.05,6.51,15.78,6.8,13.44,21.12,38.59,11.85
734,4.122483910931027,3,15.12,7.46,18.11,12,6.48,15.71,6.69,13.38,21.66,38.83,11.85
735,4.122483910931027,3,15.37,7.46,18.19,12,6.45,15.71,6.69,13.44,21.12,40.04,11.89
736,4.122483910931027,3,15.06,7.34,18.19,11.9,6.32,15.58,6.58,13.44,17.34,37.9,11.75
737,4.122483910931027,3,15.56,7.43,18.19,12,6.43,15.71,6.77,13.88,23.66,38.59,11.99
738,4.122483910931027,3,15.37,7.46,18.27,12.1,6.4,15.78,6.66,13.49,20.91,38.59,12.03
739,4.122483910931027,3,15.49,7.43,18.27,12,6.43,15.71,6.61,13.49,20.29,38.59,12.03
740,4.122483910931027,3,15.12,7.43,18.35,12,6.4,15.71,6.64,13.49,20.19,39.79,11.94
741,4.122483910931027,3,15.12,7.43,18.35,12,6.4,15.78,6.58,13.33,20.09,38.83,11.99
742,4.122483910931027,3,15.06,7.4,18.35,12.05,6.4,15.65,6.61,13.6,19.9,38.83,11.8
743,4.122483910931027,3,15.37,7.37,18.43,11.95,6.4,15.65,6.61,13.54,19.52,38.59,11.71
744,4.122483910931027,3,15.95,7.37,18.27,11.9,6.38,15.65,6.58,13.65,18.87,39.06,11.99
745,4.122483910931027,3,15.37,7.37,18.35,11.95,6.4,15.65,6.58,13.49,19.42,38.59,11.99
746,4.122483910931027,3,15.43,7.37,18.43,11.95,6.4,15.71,6.61,13.54,19.14,38.59,11.99
747,4.122483910931027,3,15.37,7.37,18.35,11.9,6.38,15.65,6.56,13.49,20.6,39.3,11.99
748,4.122483910931027,3,15.06,7.34,18.35,11.9,6.38,15.65,6.56,13.6,21.55,38.59,11.89
749,4.122483910931027,3,15.31,7.34,18.43,11.95,6.38,15.65,6.56,13.65,20.91,38.59,11.66
750,4.122483910931027,3,14.94,7.34,18.43,11.9,6.38,15.65,6.56,13.38,20.29,38.59,11.71
751,4.122483910931027,3,14.87,7.31,18.51,11.9,6.35,15.65,6.56,13.54,16.87,38.36,11.57
752,4.122483910931027,3,15.18,7.34,18.43,11.9,6.4,15.65,6.56,13.54,20.7,38.59,11.75
753,4.122483910931027,3,14.87,7.34,18.43,11.86,6.38,15.65,6.53,13.54,25.24,39.06,12.08
754,4.122483910931027,3,14.94,7.4,18.51,11.9,6.4,15.65,6.56,13.49,24.69,38.36,12.13
755,4.122483910931027,3,14.94,7.28,18.35,11.81,6.35,15.58,6.51,13.38,24.17,38.36,11.99
756,4.122483910931027,3,14.94,7.34,18.43,11.86,6.38,15.65,6.51,13.49,24.17,38.83,11.57
757,4.122483910931027,3,15.43,7.34,18.43,11.86,6.4,15.65,6.53,13.54,23.66,38.59,11.99
758,4.122483910931027,3,15.31,7.28,18.43,11.76,6.35,15.52,6.46,13.49,23.66,42.38,11.99
759,4.122483910931027,3,15.18,7.28,18.43,11.76,6.32,15.52,6.46,13.82,23.53,38.83,11.8
760,4.122483910931027,3,14.81,7.25,18.51,11.81,6.38,15.58,6.48,13.49,20.29,39.79,11.62
761,4.122483910931027,3,15,7.22,18.51,11.81,6.35,15.58,6.53,13.49,21.12,39.06,11.08
762,4.122483910931027,3,14.81,7.25,18.51,11.86,6.4,15.65,6.46,13.49,20.19,38.36,12.08
763,4.122483910931027,3,14.69,7.22,18.51,11.81,6.35,15.65,6.46,14.51,20,38.12,12.08
764,4.122483910931027,3,15.12,7.22,18.51,11.81,6.38,15.65,6.46,13.33,20.19,37,11.71
765,4.122483910931027,3,14.52,7.22,18.51,11.81,6.35,15.65,6.46,13.33,19.8,38.83,12.13
766,4.122483910931027,3,15.37,7.28,18.51,11.9,6.4,15.65,6.51,14.57,21.12,38.36,12.08
767,4.122483910931027,3,14.75,7.25,18.59,11.86,6.4,15.65,6.46,13.33,21.88,37.9,12.23
768,4.122483910931027,3,15.49,7.25,18.59,11.86,6.4,15.65,6.46,13.38,21.99,37.44,12.18
769,4.122483910931027,3,15.56,7.25,18.59,11.86,6.38,15.65,6.46,13.33,22.22,37.9,11.04
770,4.122483910931027,3,14.87,7.19,18.51,11.81,6.35,15.58,6.43,13.88,21.99,38.59,11.94
771,4.122483910931027,3,15.95,7.22,18.51,11.86,6.35,15.58,6.4,13.33,22.1,38.59,12.13
772,4.122483910931027,3,14.87,7.25,18.59,11.86,6.38,15.65,6.53,13.17,21.77,38.59,11.94
773,4.122483910931027,3,15.12,7.22,18.51,11.81,6.35,15.58,6.43,13.44,21.44,38.59,11.99
774,4.122483910931027,3,15.37,7.22,18.59,11.81,6.32,15.58,6.43,13.49,21.33,40.04,12.03
775,4.122483910931027,3,15.37,7.22,18.59,11.81,6.35,15.58,6.43,13.44,21.12,38.83,12.23
776,4.122483910931027,3,15.69,7.34,18.67,11.95,6.43,15.78,6.48,14.57,20.8,36.78,12.13
777,4.122483910931027,3,15.69,7.31,18.75,11.9,6.43,15.78,6.48,13.88,20.8,37.22,11.94
778,4.122483910931027,3,15.75,7.31,18.75,11.9,6.43,15.78,6.56,13.54,20.29,38.59,11.85
779,4.122483910931027,3,15.69,7.31,18.75,11.9,6.43,15.78,6.46,13.54,19.8,38.59,11.8
780,4.122483910931027,3,15.49,7.34,18.83,11.95,6.48,15.84,6.48,13.6,19.61,38.59,11.85
781,4.257484898736022,3,15.56,7.34,18.83,12,6.48,15.84,6.48,13.54,19.71,38.59,11.89
782,4.257484898736022,3,15.18,7.34,18.91,11.95,6.48,15.84,6.46,13.6,18.69,39.55,11.94
783,4.257484898736022,3,15.56,7.34,18.91,12,6.48,15.84,6.43,13.54,19.23,39.3,12.13
784,4.257484898736022,3,15.49,7.34,18.91,11.95,6.48,15.84,6.46,13.6,18.6,36.78,12.03
785,4.257484898736022,3,15,7.34,18.83,11.95,6.45,15.84,6.46,13.54,19.61,38.83,12.03
786,4.257484898736022,3,14.94,7.37,18.91,12,6.51,15.91,6.46,13.44,19.33,38.36,11.99
787,4.257484898736022,3,14.94,7.25,18.75,11.81,6.4,15.71,6.38,13.93,20,37.44,12.03
788,4.257484898736022,3,15.24,7.25,18.75,11.86,6.38,15.71,6.38,13.54,20.39,38.12,11.85
789,4.257484898736022,3,15.24,7.14,18.67,11.72,6.3,15.52,6.28,13.38,20.19,38.12,11.94
790,4.257484898736022,3,15,7.11,18.59,11.72,6.27,15.52,6.33,13.44,20,38.59,11.94
791,4.257484898736022,3,14.75,7.14,18.67,11.76,6.3,15.58,6.35,13.33,19.23,37.67,11.75
792,4.257484898736022,3,14.81,7.14,18.67,11.67,6.27,15.65,6.33,13.33,20,37.44,12.18
793,4.257484898736022,3,15.12,7.11,18.67,11.67,6.27,15.58,6.3,13.38,18.25,38.83,11.99
794,4.257484898736022,3,13.29,6.06,17.21,10.45,5.28,14.01,5.43,12.35,17.03,32.45,10.87
795,4.257484898736022,3,15.31,7.14,18.59,11.58,6.32,15.71,6.61,13.71,18.6,36.78,11.89
796,4.257484898736022,3,15.31,7.25,18.43,11.76,6.32,15.71,6.38,13.71,18.6,38.83,11.89
797,4.257484898736022,3,13.4,6.14,17.14,10.45,5.3,14.13,5.48,12.21,18,32.99,10.57
798,4.257484898736022,3,15.43,7.22,18.51,11.76,6.35,15.84,6.58,13.33,18.6,37.9,12.03
799,4.257484898736022,3,13.78,6.21,17.43,10.57,5.44,14.3,5.63,12.55,18.43,33.93,10.61
800,4.257484898736022,3,15.37,7.28,18.67,11.9,6.51,16.04,6.46,13.33,19.61,38.12,11.94
801,4.257484898736022,3,15.69,7.28,18.75,11.95,6.48,15.97,6.4,13.33,20,38.12,11.71
802,4.257484898736022,3,15.24,7.19,18.67,11.81,6.38,15.78,6.3,13.22,19.9,38.12,11.89
803,4.257484898736022,3,15.69,7.28,18.67,11.95,6.48,15.91,6.56,13.38,20.29,36.14,11.94
804,4.257484898736022,3,15.43,7.28,18.83,11.95,6.48,15.52,6.43,13.06,20.6,38.59,11.89
805,4.257484898736022,3,15.43,7.16,18.67,11.76,6.35,15.65,6.43,13.17,20.6,37.9,11.89
806,4.257484898736022,3,14.87,6.83,18.11,11.39,6.02,15.14,6.01,12.85,20.19,36.57,11.39
807,4.257484898736022,3,15.37,7.19,18.67,11.86,6.4,15.71,6.35,13.27,20.7,41.05,11.94
808,4.257484898736022,3,15.43,7.19,18.75,11.81,6.35,15.71,6.33,13.27,19.8,36.14,12.03
809,4.257484898736022,3,15.31,7.22,18.67,11.81,6.38,15.78,6.33,13.27,20.39,37.44,11.99
810,4.257484898736022,3,15.49,7.19,18.75,11.76,6.35,15.71,6.38,13.38,20.7,37.44,11.94
811,4.257484898736022,3,15.49,7.25,18.75,11.81,6.35,15.71,6.33,13.33,21.01,37.67,11.94
812,4.257484898736022,3,15.49,7.22,18.67,11.86,6.3,15.71,6.3,13.27,20.91,37.9,11.57
813,4.257484898736022,3,15.69,7.25,18.75,11.81,6.32,15.71,6.3,13.27,21.01,35.72,11.62
814,4.257484898736022,3,15.69,7.19,18.67,11.76,6.3,15.65,6.28,13.27,20.39,37.67,11.89
815,4.257484898736022,3,15.69,7.22,18.75,11.81,6.32,15.71,6.3,13.33,21.12,38.12,11.85
816,4.257484898736022,3,15.62,7.16,18.75,11.76,6.3,15.71,6.28,13.33,21.01,37.67,11.75
817,4.257484898736022,3,15.62,7.19,18.75,11.81,6.35,15.78,6.3,13.38,20.8,38.59,11.52
818,4.257484898736022,3,15,7.22,18.91,11.86,6.38,15.78,6.35,13.27,21.66,38.12,11.62
819,4.257484898736022,3,15.75,7.22,18.83,11.81,6.35,15.78,6.3,13.33,21.55,38.12,11.66
820,4.257484898736022,3,15.49,7.22,18.83,11.81,6.35,15.78,6.3,13.38,21.55,38.12,11.62
821,4.257484898736022,3,15.49,7.25,18.91,11.81,6.38,15.84,6.3,13.49,21.44,38.36,11.62
822,4.257484898736022,3,14.23,6.14,17.51,10.57,5.39,14.3,5.63,13.27,20.19,33.36,10.33
823,4.257484898736022,3,15.62,7.25,18.75,11.86,6.38,16.11,6.51,13.33,21.99,39.06,11.57
824,4.257484898736022,3,15.43,7.25,18.83,11.86,6.38,16.17,6.33,13.38,21.77,38.59,11.62
825,4.257484898736022,3,15.69,7.19,18.75,11.76,6.4,15.71,6.25,13.22,21.77,37.44,11.8
826,4.257484898736022,3,15.31,7.19,18.75,11.76,6.32,15.71,6.25,13.22,21.77,37.9,11.8
827,4.257484898736022,3,13.83,6.06,17.43,10.45,5.32,14.07,5.48,12.5,19.71,32.99,10.49
828,4.257484898736022,3,15.62,7.25,18.75,11.81,6.38,15.84,6.48,13.22,21.66,37.22,11.52
829,4.257484898736022,3,15.31,7.22,18.75,11.81,6.35,16.04,6.28,13.54,21.66,38.36,11.52
830,4.257484898736022,3,15.62,7.19,18.75,11.76,6.38,16.04,6.28,13.11,21.22,40.29,11.52
831,4.257484898736022,3,15.43,7.22,18.83,11.81,6.38,16.17,6.25,13.33,21.33,37.44,11.43
832,4.257484898736022,3,14,6.21,17.58,10.65,5.44,14.24,5.45,12.35,19.42,34.51,10.57
833,4.257484898736022,3,15.69,7.28,18.83,11.86,6.4,15.97,6.35,16.3,20.7,38.36,11.75
834,4.257484898736022,3,15.43,7.28,18.75,11.86,6.4,15.84,6.25,16.36,21.01,38.36,11.8
835,4.257484898736022,3,14,6.32,17.43,10.74,5.46,14.36,5.41,15.25,20,36.14,10.53
836,4.257484898736022,3,14.06,6.16,17.43,10.57,5.41,14.36,5.68,15.69,19.05,33.55,10.61
837,4.257484898736022,3,15.62,7.31,18.67,11.86,6.43,15.91,6.33,16.23,20.6,38.12,11.89
838,4.257484898736022,3,14.23,6.29,17.36,10.7,5.44,14.36,5.48,15.18,19.05,33.93,10.74
839,4.257484898736022,3,15.62,7.28,18.67,11.86,6.38,15.97,6.38,13.17,21.01,37.44,11.89
840,4.257484898736022,3,15.69,7.31,18.83,11.9,6.43,15.97,6.33,13.06,21.01,40.54,11.94
841,4.942929912481451,3,15.75,7.34,18.91,11.95,6.45,15.97,6.33,13.01,20.8,37,11.94
842,4.942929912481451,3,15.75,7.31,18.91,11.9,6.4,15.91,6.25,13.06,20.91,37.22,11.94
843,4.942929912481451,3,15.62,7.31,18.91,11.95,6.4,15.91,6.25,13.11,20.8,37.9,11.94
844,4.942929912481451,3,14.52,6.26,17.58,10.7,5.44,14.3,5.39,12.25,19.33,33.93,10.61
845,4.942929912481451,3,15.62,7.31,18.91,11.9,6.4,15.91,6.25,13.06,20.29,37.67,11.85
846,4.942929912481451,3,14,6.26,17.73,10.7,5.48,14.42,5.59,12.55,18.25,33.93,10.65
847,4.942929912481451,3,15.49,7.43,18.91,12.05,6.45,16.04,6.35,13.33,19.23,37.9,11.99
848,4.942929912481451,3,15.56,7.43,19.07,12.05,6.48,16.04,6.28,13.33,19.05,37.67,11.99
849,4.942929912481451,3,15.62,7.46,19.07,12.05,6.51,16.04,6.3,13.27,19.23,38.12,12.03
850,4.942929912481451,3,15.62,7.43,19.07,12.05,6.4,16.04,6.25,13.38,19.14,36.57,11.89
851,4.942929912481451,3,15.62,7.4,19.16,12.05,6.51,16.04,6.23,13.38,19.23,38.12,11.89
852,4.942929912481451,3,14.23,6.32,17.88,10.78,5.53,14.42,5.45,12.7,17.91,33.93,10.61
853,4.942929912481451,3,15.69,7.4,19.07,12,6.51,16.04,6.28,13.44,19.05,38.12,11.94
854,4.942929912481451,3,15.95,7.37,19.07,12,6.48,15.97,6.23,13.27,19.23,38.12,11.75
855,4.942929912481451,3,15.62,7.43,19.07,12.05,6.51,15.97,6.23,16.09,18.87,38.12,11.89
856,4.942929912481451,3,15.88,7.43,19.16,12.1,6.51,15.97,6.23,13.76,18.69,38.12,11.89
857,4.942929912481451,3,15.62,7.37,19.16,12,6.45,15.84,6.2,13.27,19.05,38.12,11.99
858,4.942929912481451,3,16.15,7.4,19.24,12.05,6.51,15.84,6.2,13.27,19.05,38.12,12.03
859,4.942929912481451,3,15.62,7.4,19.24,12.1,6.51,16.04,6.23,13.38,19.52,38.12,11.85
860,4.942929912481451,3,13.89,6.14,17.73,10.57,5.39,14.24,5.45,12.6,17.67,33.17,10.49
861,4.942929912481451,3,14.06,6.32,17.81,10.74,5.53,14.59,5.73,12.8,17.67,34.12,10.61
862,4.942929912481451,3,15.56,7.4,18.99,12.05,6.48,16.17,6.3,13.49,18.87,36.78,11.8
863,4.942929912481451,3,15.62,7.49,19.16,12.19,6.56,16.24,6.3,13.38,19.05,38.36,11.89
864,4.942929912481451,3,16.21,7.52,19.24,12.19,6.59,16.31,6.28,13.54,19.05,38.36,11.89
865,4.942929912481451,3,15.56,7.43,19.07,12.1,6.51,16.17,6.33,13.49,19.05,37.9,11.85
866,4.942929912481451,3,14.06,6.21,17.73,10.74,5.44,14.36,5.39,12.91,17.83,33.55,10.45
867,4.942929912481451,3,15.56,7.43,18.99,12.1,6.51,16.24,6.38,13.22,18.87,37.9,11.75
868,4.942929912481451,3,13.78,6.19,17.66,10.65,5.41,14.42,5.45,12.7,17.58,32.99,10.37
869,4.942929912481451,3,15.43,7.34,18.91,12.1,6.48,16.31,6.48,13.33,19.05,37.9,11.8
870,4.942929912481451,3,15.49,7.31,18.91,12.1,6.45,16.17,6.23,13.38,19.14,38.59,11.75
871,4.942929912481451,3,15.95,7.34,18.99,12.1,6.51,16.17,6.2,13.38,19.05,38.36,11.85
872,4.942929912481451,3,13.94,6.06,17.51,10.61,5.37,14.42,5.5,12.91,17.58,32.99,10.78
873,4.942929912481451,3,14,6.09,17.51,10.7,5.34,14.47,5.54,12.75,17.42,33.17,10.45
874,4.942929912481451,3,15.37,7.31,18.75,12.1,6.51,16.38,6.51,13.49,18.69,36.35,11.8
875,4.942929912481451,3,15.49,7.34,18.91,12.14,6.48,16.31,6.28,13.27,18.6,38.12,11.94
876,4.942929912481451,3,15.43,7.31,18.91,12.1,6.48,16.31,6.18,13.44,18.51,37.44,11.8
877,4.942929912481451,3,14.23,6.32,17.51,10.95,5.53,14.71,5.3,12.55,17.1,36.35,10.49
878,4.942929912481451,3,15.62,7.31,18.99,12.14,6.48,16.24,6.15,13.22,18.25,37.9,11.43
879,4.942929912481451,3,15.49,7.37,19.07,12.19,6.51,16.31,6.08,13.22,18.43,37.9,11.71
880,4.942929912481451,3,15.62,7.37,19.16,12.19,6.53,16.31,6.06,13.6,18.43,39.06,11.71
881,4.942929912481451,3,15.49,7.4,19.16,12.19,6.56,16.38,6.06,13.44,18.51,38.36,12.27
882,4.942929912481451,3,15.49,7.4,19.24,12.24,6.59,16.38,6.03,13.44,18.43,38.59,12.08
883,4.942929912481451,3,15.49,7.28,19.07,12.1,6.45,16.24,5.91,13.27,18.25,38.59,11.99
884,4.942929912481451,3,15.43,7.43,19.33,12.29,6.59,16.44,6.01,13.54,18.43,38.59,11.94
885,4.942929912481451,3,15.69,7.4,19.24,12.29,6.56,16.38,5.94,13.44,18.78,37.44,11.85
886,4.942929912481451,3,15.82,7.4,19.33,12.29,6.56,16.38,5.94,13.44,18.78,36.57,11.8
887,4.942929912481451,3,15.88,7.4,19.33,12.24,6.59,16.38,5.94,13.49,18.69,38.12,11.85
888,4.942929912481451,3,15.88,7.4,19.41,12.24,6.56,16.38,5.94,13.33,18.6,39.3,11.8
889,4.942929912481451,3,15.88,7.4,19.41,12.29,6.56,16.38,5.94,13.49,18.43,38.59,11.71
890,4.942929912481451,3,15.56,7.37,19.41,12.29,6.56,16.38,5.94,13.49,18.51,39.06,12.32
891,4.942929912481451,3,15.49,7.31,19.33,12.19,6.51,16.31,5.87,13.49,18.43,39.06,12.13
892,4.942929912481451,3,15.43,7.31,19.24,12.19,6.51,16.24,5.89,13.82,18.96,38.12,11.66
893,4.942929912481451,3,15.69,7.25,19.24,12.1,6.45,16.24,5.89,13.44,18.25,37.44,11.3
894,4.942929912481451,3,15.43,7.28,19.24,12.14,6.45,16.24,5.91,13.54,18.34,39.3,11.39
895,4.942929912481451,3,15.43,7.31,19.33,12.14,6.48,16.24,5.91,13.44,18.34,37.9,12.13
896,4.942929912481451,3,15.43,7.37,19.24,12.14,6.48,16.31,5.91,14.1,18.43,37.44,12.03
897,4.942929912481451,3,15.62,7.4,19.24,12.1,6.45,16.24,5.89,13.49,18.17,37.67,11.99
898,4.942929912481451,3,15.62,7.43,19.24,12.14,6.48,16.31,5.89,13.76,18.51,40.54,11.48
899,4.942929912481451,3,15.43,7.43,19.24,12.14,6.45,16.31,5.89,13.54,18.25,37.44,11.89
900,4.942929912481451,3,15.43,7.43,19.33,12.14,6.48,16.31,5.89,13.71,18.08,36.57,11.94
901,5.095707786858631,4,15.43,7.4,19.33,12.14,6.48,16.31,5.87,13.93,18.34,38.83,11.52
902,5.095707786858631,4,13.72,6.14,17.81,10.74,5.41,14.53,5.19,12.85,16.57,32.99,10.49
903,5.095707786858631,4,15.56,7.34,19.16,12.05,6.45,16.38,6.03,13.76,18.34,37.67,12.03
904,5.095707786858631,4,15.62,7.43,19.07,12.19,6.51,16.44,5.96,14.22,18.69,38.12,12.27
905,5.095707786858631,4,15.56,7.43,19.16,12.19,6.51,16.38,5.89,13.49,18.43,41.84,12.23
906,5.095707786858631,4,15.56,7.4,19.16,12.14,6.51,16.38,5.87,13.93,18.96,38.36,11.94
907,5.095707786858631,4,15.37,7.37,19.16,12.14,6.48,16.38,5.96,13.65,20,37.9,11.94
908,5.095707786858631,4,13.78,6.29,17.81,10.82,5.48,14.77,5.23,12.91,18.34,34.71,10.65
909,5.095707786858631,4,15.37,7.31,19.16,12.05,6.45,16.44,6.13,14.05,20.09,37.44,11.52
910,5.095707786858631,4,15.24,7.37,18.99,12.1,6.43,16.38,5.91,13.49,19.8,38.83,11.85
911,5.095707786858631,4,15.37,7.46,19.07,12.19,6.51,16.44,5.89,13.54,20.6,38.59,11.52
912,5.095707786858631,4,15.37,7.43,19.16,12.19,6.51,16.44,5.87,13.54,19.8,39.06,11.99
913,5.095707786858631,4,15.37,7.43,19.24,12.19,6.51,16.44,5.87,13.54,19.71,37.44,11.75
914,5.095707786858631,4,15.49,7.43,19.24,12.24,6.56,16.51,5.87,13.65,20.19,40.04,12.03
915,5.095707786858631,4,15.37,7.37,19.24,12.24,6.51,16.51,5.84,13.76,19.23,37.9,11.71
916,5.095707786858631,4,15.56,7.37,19.24,12.24,6.53,16.51,5.87,13.71,18.87,38.59,11.85
917,5.095707786858631,4,15.31,7.37,19.33,12.24,6.51,16.44,5.82,13.82,18.78,38.36,11.94
918,5.095707786858631,4,15.31,7.37,19.33,12.24,6.53,16.38,5.82,13.54,19.23,38.83,11.75
919,5.095707786858631,4,15.24,7.34,19.33,12.49,6.51,16.38,5.8,13.6,18.87,39.3,11.43
920,5.095707786858631,4,15.69,7.37,19.33,12.44,6.53,16.44,5.82,13.65,18.78,38.59,11.43
921,5.095707786858631,4,15.56,7.4,19.33,12.49,6.53,16.51,5.82,13.49,18.78,38.83,11.99
922,5.095707786858631,4,13.67,6.19,17.96,10.91,5.41,14.65,4.96,12.8,16.95,34.51,10.49
923,5.095707786858631,4,13.78,6.19,17.81,10.91,5.41,14.77,5.13,12.91,16.72,33.36,10.57
924,5.095707786858631,4,15.24,7.31,19.07,12.19,6.43,16.44,6.03,13.76,18.25,38.36,11.48
925,5.095707786858631,4,15.31,7.43,19.07,12.34,6.53,16.51,5.89,13.88,18.25,37.9,12.08
926,5.095707786858631,4,15.49,7.43,19.16,12.34,6.53,16.58,5.84,13.99,18.17,37.9,11.94
927,5.095707786858631,4,15.31,7.4,19.24,12.34,6.51,16.44,5.84,13.6,18.08,37.9,11.48
928,5.095707786858631,4,14.11,6.16,17.73,10.87,5.39,14.53,5.09,13.11,16.49,34.91,10.09
929,5.095707786858631,4,15.31,7.43,19.07,12.39,6.53,16.38,5.96,13.44,17.83,36.35,11.62
930,5.095707786858631,4,15.24,7.46,19.16,12.44,6.56,16.38,5.87,13.54,19.33,37.44,11.85
931,5.095707786858631,4,15.37,7.46,19.24,12.39,6.53,16.38,5.82,13.99,19.14,39.55,11.43
932,5.095707786858631,4,15.43,7.46,19.33,12.44,6.56,16.38,5.82,13.65,18.78,38.36,11.48
933,5.095707786858631,4,14.17,6.21,17.96,11,5.46,14.53,4.98,12.8,17.26,34.12,10.13
934,5.095707786858631,4,15.31,7.43,19.24,12.49,6.56,16.44,5.94,13.71,20.49,38.83,11.89
935,5.095707786858631,4,13.67,6.16,17.81,10.91,5.41,14.59,5.11,13.01,16.87,33.17,10.7
936,5.095707786858631,4,14.17,6.21,17.73,11,5.44,14.71,5.17,13.01,16.72,34.12,10.33
937,5.095707786858631,4,15.56,7.49,19.07,12.49,6.56,16.51,6.03,13.65,18.69,38.59,11.99
938,5.095707786858631,4,13.83,6.24,17.81,11.04,5.46,14.65,5.06,12.75,16.87,33.74,10.57
939,5.095707786858631,4,14.34,6.47,18.11,11.3,5.7,15.08,5.36,13.38,16.95,34.51,10.82
940,5.095707786858631,4,14.17,6.45,17.88,11.22,5.67,15.02,5.34,15.18,16.42,34.31,10.53
941,5.095707786858631,4,14.52,6.32,17.81,11.08,5.51,14.83,5.23,13.01,16.05,34.12,10.37
942,5.095707786858631,4,13.89,6.26,17.66,11,5.48,14.77,5.21,15.25,16.79,33.36,10.78
943,5.095707786858631,4,13.83,6.34,17.66,11.08,5.53,14.83,5.28,15.89,16.87,33.55,10.82
944,5.095707786858631,4,13.94,6.39,17.66,11.08,5.41,14.83,5.28,16.02,20.39,33.74,10.82
945,5.095707786858631,4,13.08,5.55,16.58,10.08,4.66,13.57,4.68,15.5,24.83,30.25,9.78
946,5.095707786858631,4,13.83,6.26,17.36,10.91,5.3,14.65,5.26,16.09,26.09,33.17,10.09
947,5.095707786858631,4,13.78,6.21,17.29,10.87,5.25,14.59,5.21,16.02,31.32,31.74,10.05
948,5.095707786858631,4,14.23,6.29,17.29,10.91,5.32,14.65,5.23,16.02,30.18,33.55,10.13
949,5.095707786858631,4,14.17,6.24,17.43,10.91,5.3,14.65,5.23,16.23,17.91,33.55,10.17
950,5.095707786858631,4,14.17,6.29,17.36,10.95,5.48,14.65,5.26,16.16,24.83,33.55,10.25
951,5.095707786858631,4,13.78,6.32,17.36,10.95,5.51,14.71,5.28,16.23,31.12,33.36,10.41
952,5.095707786858631,4,13.61,6.29,17.29,10.91,5.48,14.65,5.26,16.09,31.91,32.81,10.33
953,5.095707786858631,4,13.56,6.32,17.29,10.95,5.48,14.65,5.23,16.16,32.52,32.99,10.29
954,5.095707786858631,4,13.56,6.26,17.43,10.91,5.32,14.71,5.23,16.23,14.89,33.36,10.45
955,5.095707786858631,4,13.45,6.19,17.29,10.87,5.39,14.59,5.17,16.23,15.22,32.99,10.61
956,5.095707786858631,4,13.4,6.16,17.21,10.74,5.34,14.59,5.19,16.16,14.32,32.99,10.17
957,5.095707786858631,4,13.45,6.19,17.36,10.87,5.39,14.65,5.26,16.16,13.84,33.17,10.7
958,5.095707786858631,4,13.5,6.26,17.29,10.91,5.32,14.71,5.28,16.16,23.91,35.72,10.25
959,5.095707786858631,4,13.5,6.26,17.29,10.91,5.32,14.71,5.3,16.3,24.3,32.99,10.74
960,5.095707786858631,4,13.78,6.29,17.29,11,5.32,14.71,5.26,16.09,23.53,32.81,10.21
961,5.1317081826527025,4,13.56,6.29,17.36,10.95,5.48,14.71,5.28,16.3,19.42,33.55,10.7
962,5.1317081826527025,4,13.83,6.32,17.36,11,5.48,14.77,5.32,16.36,21.55,33.36,10.21
963,5.1317081826527025,4,13.61,6.32,17.36,10.95,5.48,14.77,5.3,16.36,20,33.17,10.49
964,5.1317081826527025,4,13.67,6.29,17.29,10.95,5.34,14.77,5.3,16.64,20.29,33.93,10.78
965,5.1317081826527025,4,13.5,6.32,17.36,10.95,5.32,14.77,5.32,16.57,19.8,33.36,10.49
966,5.1317081826527025,4,13.56,6.32,17.29,10.91,5.32,14.71,5.3,16.3,21.55,33.55,10.41
967,5.1317081826527025,4,13.29,6.26,17.29,10.91,5.28,14.65,5.26,16.23,21.88,33.55,10.33
968,5.1317081826527025,4,13.29,6.32,17.36,10.95,5.32,14.71,5.3,16.36,17.26,31.92,10.41
969,5.1317081826527025,4,13.56,6.32,17.36,10.95,5.32,14.71,5.32,16.23,17.18,33.74,10.37
970,5.1317081826527025,4,13.78,6.34,17.29,10.95,5.32,14.53,5.32,16.3,16.64,33.36,10.65
971,5.1317081826527025,4,13.61,6.34,17.36,10.95,5.32,14.77,5.32,16.36,17.91,33.55,10.65
972,5.1317081826527025,4,13.89,6.42,17.29,11,5.37,14.83,5.34,16.23,24.3,33.17,10.53
973,5.1317081826527025,4,13.5,6.34,17.21,10.87,5.28,14.71,5.26,16.16,21.88,32.99,10.25
974,5.1317081826527025,4,13.72,6.42,17.29,10.95,5.34,14.77,5.32,16.3,22.92,33.74,10.37
975,5.1317081826527025,4,13.67,6.45,17.29,10.95,5.34,14.83,5.3,16.3,22.92,32.99,10.61
976,5.1317081826527025,4,13.83,6.42,17.36,10.95,5.53,14.83,5.3,16.43,22.8,33.74,10.13
977,5.1317081826527025,4,13.89,6.34,17.21,10.91,5.46,14.83,5.32,16.43,22.45,32.63,10.21
978,5.1317081826527025,4,13.67,6.42,17.29,10.95,5.51,14.89,5.32,16.36,22.92,33.74,10.57
979,5.1317081826527025,4,14.46,6.47,17.36,10.95,5.51,15.08,5.3,12.96,22.68,33.55,10.74
980,5.1317081826527025,4,13.78,6.34,17.29,11,5.53,15.08,5.32,15.56,22.33,32.81,10.57
981,5.1317081826527025,4,14.06,6.34,17.36,11,5.53,15.65,5.32,13.22,23.16,33.17,10.65
982,5.1317081826527025,4,13.83,6.32,17.36,11,5.53,15.2,5.3,15.5,23.28,33.17,10.57
983,5.1317081826527025,4,14,6.32,17.36,11,5.51,15.2,5.3,13.11,22.8,33.74,10.45
984,5.1317081826527025,4,14,6.34,17.36,11.04,5.53,15.08,5.32,13.65,23.41,33.36,10.45
985,5.1317081826527025,4,13.72,6.29,17.29,10.95,5.48,14.95,5.26,15.56,23.16,34.12,9.97
986,5.1317081826527025,4,13.56,6.24,17.29,10.91,5.44,14.89,5.23,15.69,22.8,33.74,10.01
987,5.1317081826527025,4,13.5,5.99,17,10.61,5.23,14.53,5.06,15.18,22.22,32.45,10.05
988,5.1317081826527025,4,13.45,5.99,16.93,10.61,5.23,14.83,5.17,15.56,22.33,33.17,9.97
989,5.1317081826527025,4,13.34,5.89,16.79,10.53,5.16,14.3,5.04,15.44,22.45,32.09,10.17
990,5.1317081826527025,4,13.72,6.01,17,10.65,5.28,14.53,5.15,15.63,20.91,31.92,10.17
991,5.1317081826527025,4,13.29,5.89,16.79,10.53,5.16,14.36,5.06,15.44,19.23,32.09,9.7
992,5.1317081826527025,4,13.45,5.99,16.86,10.65,5.25,14.53,5.11,15.5,19.9,31.06,10.29
993,5.1317081826527025,4,13.72,6.14,17.07,10.82,5.34,14.71,5.11,15.56,21.44,32.81,9.97
994,5.1317081826527025,4,13.5,6.04,17,10.7,5.28,14.59,5.09,15.63,17.91,32.81,9.89
995,5.1317081826527025,4,13.83,6.09,17,10.78,5.32,14.65,5.17,15.89,18.87,33.55,10.25
996,5.1317081826527025,4,13.72,6.09,17.14,10.82,5.32,14.65,5.19,15.56,18,32.81,9.89
997,5.1317081826527025,4,13.4,5.99,16.93,10.7,5.25,14.65,5.13,15.56,18.6,32.63,9.89
998,5.1317081826527025,4,13.5,6.06,17,10.78,5.3,14.71,5.17,15.76,18.17,32.27,9.93
999,5.1317081826527025,4,13.56,6.16,17.07,10.91,5.39,14.95,5.21,15.83,18.34,32.81,10.17
1000,5.1317081826527025,4,13.45,6.06,16.93,10.78,5.3,14.71,5.15,15.69,19.23,32.63,9.97
1001,5.1317081826527025,4,13.56,6.19,17.07,10.95,5.39,14.83,5.23,15.76,18.34,32.63,10.21
1002,5.1317081826527025,4,13.72,6.26,17.21,11.04,5.46,14.83,5.28,15.96,18.17,33.17,10.01
1003,5.1317081826527025,4,13.5,6.24,17.21,11,5.44,14.77,5.26,15.89,18.96,33.74,10.45
1004,5.1317081826527025,4,13.5,6.29,17.21,11.04,5.48,14.83,5.28,15.96,20.09,33.17,10.17
1005,5.1317081826527025,4,13.56,6.29,17.21,11.04,5.46,14.83,5.26,15.96,19.61,33.93,10.45
1006,5.1317081826527025,4,13.56,6.11,17,10.82,5.32,14.65,5.15,15.76,19.05,32.45,10.01
1007,5.1317081826527025,4,13.83,6.19,17.07,10.87,5.39,14.65,5.19,15.89,21.66,32.45,10.49
1008,5.1317081826527025,4,13.94,6.24,17.14,10.95,5.44,14.77,5.23,15.89,19.33,32.81,10.45
1009,5.1317081826527025,4,13.67,6.24,17.14,10.95,5.46,14.71,5.19,15.89,19.42,33.55,10.05
1010,5.1317081826527025,4,13.29,6.24,17.14,10.95,5.39,14.71,5.17,15.83,19.71,33.36,10.05
1011,5.1317081826527025,4,13.13,6.24,17.21,10.95,5.37,14.71,5.19,16.02,20,33.36,10.41
1012,5.1317081826527025,4,14.17,6.32,17.29,11,5.44,14.83,5.26,16.09,19.9,33.55,10.09
1013,5.1317081826527025,4,13.61,6.39,17.36,11.13,5.51,14.95,5.28,16.16,20.39,33.36,10.17
1014,5.1317081826527025,4,13.5,6.24,17.21,11,5.37,14.71,5,16.09,20.91,32.63,10.09
1015,5.1317081826527025,4,13.89,6.21,17.21,10.91,5.37,14.71,5.04,16.16,20.8,35.31,9.93
1016,5.1317081826527025,4,13.56,6.21,17.21,10.91,5.32,14.65,5.11,16.09,19.33,32.81,9.97
1017,5.1317081826527025,4,13.5,6.21,17.21,10.91,5.34,14.65,5.09,16.36,20.49,32.45,9.93
1018,5.1317081826527025,4,13.4,6.16,17.21,10.87,5.3,14.59,5.04,16.02,19.71,32.09,9.89
1019,5.1317081826527025,4,13.56,6.21,17.21,10.95,5.34,14.65,5.02,16.5,21.12,32.09,10.21
1020,5.1317081826527025,4,13.78,6.26,17.29,10.95,5.39,14.71,5.02,15.83,21.01,32.45,10.25
1021,5.158727049897808,4,13.08,6.29,17.29,11.08,5.41,14.77,5.06,15.96,21.22,32.09,10.33
1022,5.158727049897808,4,13.4,6.47,17.51,11.26,5.58,15.08,5.13,16.02,21.33,32.99,10.49
1023,5.158727049897808,4,13.29,6.45,17.51,11.17,5.53,14.95,5.04,16.09,21.22,32.81,10.41
1024,5.158727049897808,4,13.5,6.45,17.51,11.17,5.55,14.95,5.02,16.3,21.44,35.51,10.37
1025,5.158727049897808,4,14,6.5,17.58,11.26,5.58,15.02,5.02,16.36,21.12,33.93,10.33
1026,5.158727049897808,4,14.06,6.58,17.66,11.35,5.65,15.08,5,16.3,21.66,32.63,10.57
1027,5.158727049897808,4,14,6.47,17.58,11.22,5.55,14.95,4.8,16.36,21.12,32.99,10.49
1028,5.158727049897808,4,13.72,6.53,17.66,11.3,5.63,15.08,4.76,16.71,21.99,33.17,10.65
1029,5.158727049897808,4,13.72,6.58,17.73,11.35,5.6,15.08,4.72,16.64,21.88,33.17,10.65
1030,5.158727049897808,4,14.23,6.53,17.73,11.26,5.6,15.08,4.66,16.64,21.99,33.74,10.45
1031,5.158727049897808,4,13.78,6.58,17.73,11.35,5.65,15.14,4.68,16.64,22.1,34.71,10.33
1032,5.158727049897808,4,13.89,6.61,17.81,11.35,5.67,15.14,4.68,16.64,22.33,33.93,10.45
1033,5.158727049897808,4,14.75,6.66,17.96,11.49,5.72,15.2,4.66,13.71,22.56,37.22,10.45
1034,5.158727049897808,4,14.87,6.77,18.04,11.58,5.82,15.39,4.72,13.65,23.16,34.71,10.41
1035,5.158727049897808,4,14.34,6.58,17.88,11.39,5.67,15.14,4.58,13.54,22.8,34.51,10.65
1036,5.158727049897808,4,14.17,6.55,17.88,11.35,5.65,15.14,4.56,13.54,23.04,34.51,10.41
1037,5.158727049897808,4,14.23,6.58,17.88,11.39,5.67,15.2,4.58,13.54,23.04,34.12,10.57
1038,5.158727049897808,4,14.23,6.69,18.11,11.53,5.79,15.33,4.64,13.93,22.92,34.51,10.7
1039,5.158727049897808,4,14.06,6.63,18.04,11.44,5.72,15.26,4.6,13.88,22.92,33.93,10.57
1040,5.158727049897808,4,14,6.53,17.96,11.35,5.65,15.08,4.52,13.71,22.1,35.93,10.29
1041,5.158727049897808,4,14.58,6.55,17.96,11.44,5.67,15.14,4.54,13.82,22.56,33.74,10.41
1042,5.158727049897808,4,14.52,6.69,18.11,11.53,5.79,15.33,4.6,13.88,23.04,34.51,10.49
1043,5.158727049897808,4,14.58,6.55,17.96,11.35,5.67,15.14,4.5,13.82,23.04,33.74,10.33
1044,5.158727049897808,4,14.58,6.55,17.96,11.39,5.67,15.2,4.48,13.6,22.92,34.31,10.53
1045,5.158727049897808,4,14.34,6.55,17.96,11.35,5.67,15.14,4.5,14.05,23.04,34.31,10.78
1046,5.158727049897808,4,14.58,6.58,18.04,11.44,5.72,15.2,4.52,13.88,22.92,34.12,10.49
1047,5.158727049897808,4,14,6.58,18.04,11.44,5.72,15.14,4.48,13.76,23.04,34.31,10.61
1048,5.158727049897808,4,14.06,6.53,17.96,11.35,5.65,15.08,4.44,13.76,23.16,34.51,10.65
1049,5.158727049897808,4,14.11,6.5,17.96,11.3,5.65,15.08,4.44,13.71,23.04,33.74,10.21
1050,5.158727049897808,4,14.06,6.53,18.04,11.35,5.65,15.14,4.46,13.76,23.16,34.51,10.57
1051,5.158727049897808,4,14.17,6.58,18.04,11.39,5.7,15.2,4.48,13.82,23.28,32.45,10.57
1052,5.158727049897808,4,13.83,6.47,17.96,11.26,5.6,15.02,4.37,13.88,23.04,33.17,10.25
1053,5.158727049897808,4,14.17,6.5,18.04,11.35,5.63,15.08,4.43,13.82,23.28,35.51,10.37
1054,5.158727049897808,4,13.83,6.45,17.96,11.26,5.58,14.95,4.39,13.71,23.53,33.17,10.45
1055,5.158727049897808,4,13.89,6.45,17.88,11.26,5.58,14.95,4.39,14.51,23.66,33.36,10.21
1056,5.158727049897808,4,13.89,6.45,17.88,11.26,5.58,14.95,4.37,14.57,23.78,33.17,10.49
1057,5.158727049897808,4,13.89,6.45,17.96,11.35,5.58,15.02,4.37,14.81,23.91,32.63,10.41
1058,5.158727049897808,4,14.11,6.5,18.04,11.35,5.6,15.08,4.39,14.87,24.3,34.31,10.41
1059,5.158727049897808,4,14,6.5,18.04,11.35,5.63,15.08,4.39,14.81,24.96,33.74,10.25
1060,5.158727049897808,4,13.89,6.47,18.04,11.39,5.6,15.02,4.37,14.87,24.3,34.12,10.53
1061,5.158727049897808,4,13.94,6.47,17.96,11.3,5.6,15.02,4.37,14.63,23.91,34.12,10.49
1062,5.158727049897808,4,13.72,6.47,17.96,11.3,5.6,15.02,4.37,13.93,24.17,33.55,10.13
1063,5.158727049897808,4,13.56,6.45,18.04,11.3,5.46,15.02,4.35,13.65,24.56,34.91,10.21
1064,5.158727049897808,4,13.61,6.47,18.04,11.35,5.58,15.08,4.33,13.71,24.96,34.12,10.49
1065,5.158727049897808,4,13.56,6.47,18.04,11.35,5.58,15.02,4.33,17,24.96,33.55,10.41
1066,5.158727049897808,4,13.18,6.47,18.04,11.35,5.63,15.14,4.35,16.78,23.78,33.17,10.25
1067,5.158727049897808,4,13.61,6.47,18.11,11.39,5.6,15.08,4.27,13.88,23.78,32.63,10.25
1068,5.158727049897808,4,13.72,6.45,18.19,11.35,5.58,15.08,4.27,13.82,23.91,33.17,10.25
1069,5.158727049897808,4,13.83,6.42,18.19,11.3,5.58,15.02,4.29,13.88,24.43,34.31,10.21
1070,5.158727049897808,4,13.89,6.45,18.19,11.35,5.6,15.02,4.29,14.05,24.3,34.71,10.21
1071,5.158727049897808,4,13.89,6.42,18.19,11.3,5.6,15.02,4.31,14.05,24.43,33.55,10.29
1072,5.158727049897808,4,14.11,6.45,18.19,11.39,5.48,15.08,4.29,13.99,24.43,34.12,10.33
1073,5.158727049897808,4,14,6.39,18.11,11.39,5.55,15.02,4.27,13.82,24.3,34.31,10.53
1074,5.158727049897808,4,14,6.39,18.11,11.39,5.55,15.02,4.27,14.22,24.56,34.91,10.17
1075,5.158727049897808,4,13.78,6.42,18.11,11.44,5.55,15.02,4.29,14.16,24.56,33.36,10.29
1076,5.158727049897808,4,13.83,6.42,18.11,11.49,5.55,15.02,4.31,13.99,24.43,33.36,10.29
1077,5.158727049897808,4,14.06,6.42,18.11,11.49,5.58,15.02,4.29,13.99,24.43,33.74,10.29
1078,5.158727049897808,4,14,6.39,18.11,11.39,5.58,15.02,4.29,13.88,24.17,33.36,10.37
1079,5.158727049897808,4,14,6.42,18.19,11.44,5.58,15.08,4.31,14.05,24.17,33.36,10.29
1080,5.158727049897808,4,14.06,6.47,18.27,11.53,5.63,15.14,4.33,13.93,24.3,34.12,10.33
1081,5.184470594125643,4,13.78,6.42,18.19,11.35,5.58,15.08,4.31,13.99,24.3,33.36,10.53
1082,5.184470594125643,4,14.11,6.45,18.19,11.53,5.58,15.08,4.31,14.05,24.3,33.55,10.25
1083,5.184470594125643,4,14.06,6.47,18.27,11.53,5.63,15.08,4.33,14.33,24.56,33.74,10.33
1084,5.184470594125643,4,14.11,6.45,18.27,11.39,5.6,15.08,4.31,14.22,24.96,33.74,10.37
1085,5.184470594125643,4,14.11,6.45,18.27,11.49,5.55,15.08,4.27,13.99,24.69,33.36,10.37
1086,5.184470594125643,4,14.17,6.45,18.35,11.39,5.53,15.14,4.31,14.05,25.24,33.74,10.37
1087,5.184470594125643,4,14,6.42,18.19,11.35,5.51,15.08,4.27,14.05,25.1,33.74,10.53
1088,5.184470594125643,4,14.34,6.42,18.19,11.35,5.51,15.08,4.29,14.39,25.1,33.93,10.21
1089,5.184470594125643,4,14.11,6.45,18.27,11.39,5.46,15.08,4.31,13.99,24.83,33.74,10.25
1090,5.184470594125643,4,14.11,6.47,18.27,11.44,5.48,15.14,4.31,14.05,24.96,34.12,10.17
1091,5.184470594125643,4,14.11,6.45,18.35,11.44,5.53,15.08,4.31,14.1,24.83,33.93,10.09
1092,5.184470594125643,4,14.17,6.5,18.35,11.49,5.63,15.2,4.33,14.16,24.96,34.71,10.53
1093,5.184470594125643,4,14.06,6.45,18.35,11.44,5.55,15.14,4.31,14.16,25.38,33.74,10.09
1094,5.184470594125643,4,14,6.42,18.27,11.39,5.48,15.08,4.29,14.16,24.96,33.17,10.13
1095,5.184470594125643,4,14.28,6.42,18.27,11.35,5.51,15.02,4.27,14.05,24.83,33.36,10.05
1096,5.184470594125643,4,13.94,6.42,18.27,11.35,5.48,15.02,4.27,13.99,25.24,32.09,10.17
1097,5.184470594125643,4,14,6.45,18.35,11.39,5.46,15.08,4.29,14.05,25.38,33.55,10.17
1098,5.184470594125643,4,13.83,6.47,18.35,11.39,5.53,15.08,4.31,14.05,25.24,33.74,10.53
1099,5.184470594125643,4,14,6.58,18.35,11.44,5.58,15.14,4.39,14.22,25.24,33.74,10.29
1100,5.184470594125643,4,14.11,6.77,18.43,11.53,5.65,15.2,4.44,18.13,25.1,33.55,10.45
1101,5.184470594125643,4,14,6.69,18.35,11.44,5.51,15.08,4.37,17,24.96,33.93,10.29
1102,5.184470594125643,4,14,6.8,18.43,11.44,5.53,15.14,4.39,14.22,25.24,36.57,10.09
1103,5.184470594125643,4,14.11,6.74,18.43,11.49,5.58,15.14,4.41,14.1,25.38,33.93,10.25
1104,5.184470594125643,4,14.06,6.77,18.51,11.49,5.58,15.14,4.41,14.1,25.66,33.93,10.21
1105,5.184470594125643,4,14,6.72,18.43,11.44,5.6,15.14,4.41,14.1,23.91,34.91,10.57
1106,5.184470594125643,4,14,6.74,18.51,11.44,5.58,15.14,4.39,15,23.66,35.31,10.17
1107,5.184470594125643,4,14,6.63,18.43,11.44,5.55,15.08,4.37,14.33,23.41,34.12,10.45
1108,5.184470594125643,4,13.94,6.66,18.51,11.58,5.58,15.14,4.39,14.16,23.28,34.31,10.17
1109,5.184470594125643,4,13.94,6.63,18.43,11.49,5.55,15.08,4.39,14.22,23.16,33.93,10.13
1110,5.184470594125643,4,13.94,6.53,18.43,11.39,5.53,15.02,4.35,14.16,23.04,34.12,10.09
1111,5.184470594125643,4,14.06,6.58,18.51,11.72,5.58,15.08,4.39,14.05,22.8,33.74,10.53
1112,5.184470594125643,4,14.11,6.61,18.59,11.72,5.63,15.2,4.43,14.28,22.56,34.31,10.17
1113,5.184470594125643,4,13.89,6.5,18.51,11.62,5.51,15.02,4.33,14.1,21.88,34.31,10.01
1114,5.184470594125643,4,13.72,6.5,18.43,11.62,5.37,15.02,4.33,15.18,20.91,33.93,10.01
1115,5.184470594125643,4,14.23,6.47,18.43,11.58,5.34,14.95,4.37,14.57,20.6,33.36,9.97
1116,5.184470594125643,4,13.89,6.55,18.51,11.67,5.41,15.08,4.37,14.81,20.7,33.55,10.01
1117,5.184470594125643,4,14.4,6.61,18.67,11.81,5.48,15.2,4.43,14.93,19.71,35.11,10.49
1118,5.184470594125643,4,14.23,6.55,18.59,11.72,5.46,15.08,4.37,14.22,19.71,34.51,10.37
1119,5.184470594125643,4,13.94,6.58,18.67,11.81,5.53,15.14,4.39,14.05,19.33,34.51,10.49
1120,5.184470594125643,4,14.06,6.5,18.59,11.76,5.48,15.08,4.35,14.1,19.33,33.93,9.81
1121,5.184470594125643,4,13.72,6.53,18.59,11.81,5.53,15.08,4.33,13.99,19.23,34.71,10.29
1122,5.184470594125643,4,13.89,6.61,18.67,11.86,5.63,15.14,4.37,14.39,18.96,34.12,10.05
1123,5.184470594125643,4,13.72,6.55,18.67,11.81,5.6,15.08,4.33,14.28,18.87,33.93,10.05
1124,5.184470594125643,4,13.89,6.61,18.67,11.9,5.72,15.2,4.41,14.33,18.87,34.51,10.17
1125,5.184470594125643,4,14.34,6.61,18.75,11.86,5.72,15.14,4.39,14.81,19.33,34.12,10.53
1126,5.184470594125643,4,14.06,6.53,18.67,11.76,5.65,15.08,4.31,14.57,19.71,34.51,10.17
1127,5.184470594125643,4,13.94,6.63,18.91,11.86,5.72,15.2,4.39,14.93,19.61,35.11,10.65
1128,5.184470594125643,4,13.78,6.47,18.67,11.76,5.65,15.08,4.31,14.63,20.29,33.36,10.25
1129,5.184470594125643,4,14.28,6.5,18.75,11.9,5.63,15.14,4.29,14.16,20.49,33.74,10.37
1130,5.184470594125643,4,13.78,6.53,18.67,11.9,5.6,15.14,4.26,14.39,20.91,34.12,10.25
1131,5.184470594125643,4,13.72,6.5,18.75,11.81,5.63,15.08,4.24,14.16,20.91,34.31,10.17
1132,5.184470594125643,4,14.34,6.47,18.75,11.81,5.63,15.08,4.22,14.16,20.6,32.99,10.45
1133,5.184470594125643,4,13.72,6.53,18.75,11.86,5.63,15.08,4.24,14.33,20.49,32.63,10.45
1134,5.184470594125643,4,14.11,6.47,18.75,11.81,5.6,15.08,4.22,14.69,20.39,33.55,10.17
1135,5.184470594125643,4,14.11,6.47,18.67,11.76,5.58,15.02,4.16,14.16,20.49,34.51,10.13
1136,5.184470594125643,4,14.11,6.8,19.16,12.1,5.82,15.45,4.35,14.51,21.01,34.71,10.41
1137,5.184470594125643,4,13.24,6.21,18.11,11.39,5.23,14.53,3.91,13.76,19.9,32.45,9.74
1138,5.184470594125643,4,13.34,6.32,18.51,11.53,5.37,14.77,4.06,14.16,20.39,33.55,10.21
1139,5.184470594125643,4,13.72,6.58,18.83,11.95,5.65,15.2,4.26,14.22,20.8,34.12,10.21
1140,5.184470594125643,4,13.72,6.37,18.67,11.76,5.55,14.95,4.15,14.05,20.6,33.55,9.93
1141,5.213297919138807,4,13.72,6.39,18.75,11.81,5.58,15.02,4.18,14.22,20.39,31.92,10.45
1142,5.213297919138807,4,13.5,6.16,18.43,11.58,5.37,14.77,4.04,14.75,20,33.17,9.89
1143,5.213297919138807,4,14,6.58,19.07,12.1,5.72,15.39,4.35,14.87,20.6,34.71,10.45
1144,5.213297919138807,4,13.89,6.39,18.75,11.86,5.58,15.08,4.18,15.31,20.19,33.93,10.21
1145,5.213297919138807,4,13.72,6.37,18.83,11.9,5.53,15.08,4.18,14.81,20.09,33.74,10.17
1146,5.213297919138807,4,13.67,6.32,18.75,11.9,5.53,15.02,4.15,14.87,20.09,33.74,10.17
1147,5.213297919138807,4,13.83,6.42,18.91,11.95,5.65,15.14,4.22,15.12,20,33.74,10.29
1148,5.213297919138807,4,14,6.47,18.99,12.05,5.67,15.26,4.26,15,19.42,37.44,10.33
1149,5.213297919138807,4,13.67,6.29,18.83,11.86,5.51,15.02,4.15,15.06,19.9,32.63,10.53
1150,5.213297919138807,4,13.78,6.32,18.83,11.9,5.51,15.08,4.15,14.45,19.9,37,10.13
1151,5.213297919138807,4,13.78,6.42,18.91,12.05,5.63,15.2,4.22,15.18,19.52,34.12,10.78
1152,5.213297919138807,4,13.83,6.39,18.91,12,5.6,15.14,4.18,14.51,19.42,34.31,10.49
1153,5.213297919138807,4,13.72,6.37,18.91,12,5.53,15.08,4.16,14.39,19.71,33.74,10.41
1154,5.213297919138807,4,13.67,6.39,18.91,12,5.6,15.14,4.18,14.93,19.71,33.93,10.65
1155,5.213297919138807,4,13.89,6.47,19.07,12.1,5.7,15.26,4.24,14.87,19.71,32.81,10.82
1156,5.213297919138807,4,13.94,6.34,18.91,11.95,5.55,15.08,4.15,15.06,19.61,33.93,10.65
1157,5.213297919138807,4,14,6.34,18.91,11.95,5.55,15.08,4.13,15.06,20.09,33.55,10.33
1158,5.213297919138807,4,13.67,6.37,18.91,12,5.55,15.08,4.15,15.18,19.14,33.93,10.61
1159,5.213297919138807,4,13.67,6.5,18.91,12,5.55,15.08,4.15,15.12,19.14,34.51,10.57
1160,5.213297919138807,4,13.72,6.5,18.99,12,5.6,15.08,4.16,15,19.33,34.31,10.61
1161,5.213297919138807,4,13.61,6.42,18.91,11.9,5.48,14.95,4.11,14.93,19.05,32.63,10.45
1162,5.213297919138807,4,13.56,6.39,18.91,11.86,5.46,14.95,4.09,14.69,19.23,34.31,10.13
1163,5.213297919138807,4,13.56,6.39,18.91,11.86,5.51,14.95,4.11,14.69,19.23,33.74,10.09
1164,5.213297919138807,4,13.45,6.34,18.75,11.81,5.44,14.89,4.04,14.63,19.42,33.55,9.85
1165,5.213297919138807,4,13.13,5.96,18.43,11.39,5.18,14.47,3.88,14.57,18.78,32.27,9.97
1166,5.213297919138807,4,12.77,5.62,18.04,11,4.88,14.01,3.67,14.33,18.34,31.23,9.18
1167,5.213297919138807,4,12.57,5.57,17.96,10.91,4.81,13.96,3.67,14.39,18.34,30.9,9.22
1168,5.213297919138807,4,12.72,5.62,17.88,10.95,4.9,14.07,3.72,14.57,18.17,30.9,9.55
1169,5.213297919138807,4,12.67,5.52,17.96,10.87,4.81,13.96,3.67,14.57,18.34,31.06,9.18
1170,5.213297919138807,4,12.67,5.52,17.73,10.87,4.73,13.96,3.67,14.57,18.08,31.06,9.18
1171,5.213297919138807,4,12.72,5.57,17.81,11,4.77,14.07,3.72,14.1,19.71,31.4,9.26
1172,5.213297919138807,4,13.34,5.62,17.81,11.04,4.85,14.13,3.74,14.33,19.14,33.55,9.62
1173,5.213297919138807,4,12.72,5.55,17.73,10.95,4.85,14.01,3.71,14.22,18.96,31.23,9.59
1174,5.213297919138807,4,12.98,5.55,17.73,11.08,4.83,14.01,3.72,14.22,18.87,31.23,9.7
1175,5.213297919138807,4,12.92,5.6,17.81,11.08,4.94,14.13,3.78,14.16,18.78,30.25,9.66
1176,5.213297919138807,4,12.98,5.6,17.81,11.04,4.92,14.07,3.74,14.22,19.05,30.57,9.59
1177,5.213297919138807,4,12.87,5.52,17.73,11,4.88,14.01,3.71,14.51,18.87,33.36,9.62
1178,5.213297919138807,4,12.82,5.48,17.66,10.95,4.83,13.96,3.69,14.45,18.78,30.9,9.51
1179,5.213297919138807,4,12.87,5.52,17.73,11,4.9,14.01,3.72,13.88,18.78,30.9,9.55
1180,5.213297919138807,4,12.87,5.57,17.73,11,4.92,14.13,3.74,14.1,18.6,31.4,9.29
1181,5.213297919138807,4,12.72,5.57,17.81,11.08,4.94,14.13,3.76,14.33,18.87,31.92,9.55
1182,5.213297919138807,4,12.77,5.6,17.81,11.13,4.96,14.07,3.74,14.33,18.87,32.09,9.22
1183,5.213297919138807,4,12.82,5.67,17.73,11.04,4.9,14.01,3.71,14.22,18.78,30.73,9.33
1184,5.213297919138807,4,12.87,5.62,17.66,10.95,4.85,13.96,3.69,14.1,18.51,29.77,9.55
1185,5.213297919138807,4,12.67,5.57,17.58,10.82,4.79,13.84,3.62,14.16,18.43,30.9,9.04
1186,5.213297919138807,4,12.62,5.38,17.51,10.78,4.73,13.84,3.62,13.99,18.25,29.46,9.4
1187,5.213297919138807,4,12.57,5.45,17.58,10.95,4.79,13.96,3.69,13.99,18.34,30.9,9.51
1188,5.213297919138807,4,12.57,5.45,17.58,10.95,4.79,13.9,3.69,14.69,18.25,30.9,9.51
1189,5.213297919138807,4,12.62,5.41,17.51,10.91,4.75,13.84,3.66,14.05,18.17,29.77,9.44
1190,5.213297919138807,4,12.47,5.43,17.51,10.91,4.77,13.84,3.66,13.76,17.91,30.73,9.44
1191,5.213297919138807,4,12.52,5.43,17.43,10.87,4.75,13.79,3.64,13.88,17.58,30.57,9.4
1192,5.213297919138807,4,12.52,5.52,17.58,10.95,4.79,13.84,3.67,14.45,17.58,31.74,9.11
1193,5.213297919138807,4,12.47,5.41,17.51,10.95,4.79,13.84,3.66,14.39,17.75,30.9,9.44
1194,5.213297919138807,4,12.42,5.32,17.51,10.87,4.75,13.79,3.62,14.28,17.58,30.25,9.29
1195,5.213297919138807,4,12.57,5.41,17.58,11,4.71,13.96,3.69,14.33,17.5,31.06,9.36
1196,5.213297919138807,4,12.42,5.32,17.43,10.87,4.62,13.79,3.62,14.05,17.34,30.57,9.29
1197,5.213297919138807,4,12.62,5.32,17.43,10.91,4.73,13.79,3.66,14.22,16.42,33.17,9.36
1198,5.213297919138807,4,12.37,5.29,17.43,10.87,4.71,13.73,3.61,14.22,16.42,30.57,9.04
1199,5.213297919138807,4,12.47,5.34,17.51,10.95,4.77,13.9,3.66,14.28,16.49,30.57,9.26
1200,5.213297919138807,4,12.67,5.43,17.66,11.13,4.88,14.01,3.72,14.87,16.64,31.06,9.18
1201,5.2269148542287835,4,12.57,5.45,17.58,11.13,4.9,14.07,3.72,14.45,17.5,31.23,9.18
1202,5.2269148542287835,4,12.67,5.43,17.66,11.13,4.9,14.01,3.71,14.63,17.5,33.17,9.55
1203,5.2269148542287835,4,12.77,5.41,17.58,11.13,4.83,13.96,3.67,14.51,17.34,31.74,9.48
1204,5.2269148542287835,4,12.87,5.41,17.66,11.08,4.9,14.01,3.69,14.69,17.18,31.4,9.48
1205,5.2269148542287835,4,12.72,5.32,17.51,11,4.79,13.9,3.62,14.87,17.18,30.9,9.36
1206,5.2269148542287835,4,12.52,5.25,17.43,10.95,4.71,13.84,3.59,14.16,16.72,30.57,9.33
1207,5.2269148542287835,4,12.67,5.27,17.43,11,4.73,13.96,3.62,14.28,16.95,30.9,9.04
1208,5.2269148542287835,4,12.67,5.32,17.51,11.04,4.75,14.24,3.64,14.51,16.87,30.41,9.04
1209,5.2269148542287835,4,12.92,5.32,17.51,11.04,4.64,14.13,3.64,15.18,16.87,30.9,9.36
1210,5.2269148542287835,4,12.82,5.34,17.58,11.08,4.62,14.13,3.66,14.1,17.03,30.57,9.48
1211,5.2269148542287835,4,13.29,5.41,17.58,11.17,4.71,14.18,3.71,14.57,17.1,33.74,9.55
1212,5.2269148542287835,4,13.4,5.43,17.73,11.17,4.73,14.3,3.71,14.81,17.1,31.06,9.59
1213,5.2269148542287835,4,12.92,5.43,17.73,11.22,4.73,14.13,3.71,15,17.18,30.9,9.66
1214,5.2269148542287835,4,13.24,5.34,17.58,11.08,4.66,14.01,3.64,14.69,17.18,30.41,9.55
1215,5.2269148542287835,4,12.82,5.36,17.58,11.13,4.68,14.01,3.64,14.75,17.1,30.09,9.59
1216,5.2269148542287835,4,12.92,5.29,17.58,11.04,4.73,13.96,3.61,14.75,17.03,29,9.33
1217,5.2269148542287835,4,12.72,5.32,17.58,11.08,4.71,13.96,3.62,14.69,17.03,32.81,9.18
1218,5.2269148542287835,4,12.72,5.29,17.58,11.08,4.71,13.96,3.62,15,17.03,30.41,9.29
1219,5.2269148542287835,4,13.13,5.36,17.66,11.17,4.77,14.07,3.67,14.45,17.03,30.73,9.51
1220,5.2269148542287835,4,12.57,5.32,17.58,11.08,4.75,13.96,3.62,14.87,17.03,31.74,9.36
1221,5.2269148542287835,4,12.47,5.29,17.51,11.08,4.68,14.01,3.61,14.33,16.95,30.25,8.97
1222,5.2269148542287835,4,12.72,5.25,17.51,11.04,4.66,13.96,3.59,14.16,16.87,30.25,9.01
1223,5.2269148542287835,4,12.98,5.29,17.58,11.08,4.73,13.96,3.61,14.93,16.95,31.4,9.08
1224,5.2269148542287835,4,12.72,5.27,17.51,11.08,4.73,13.9,3.61,14.63,16.87,32.99,9.51
1225,5.2269148542287835,4,13.34,5.32,17.58,11.13,4.77,13.96,3.64,14.63,16.95,30.9,9.48
1226,5.2269148542287835,4,12.87,5.27,17.51,11.08,4.73,13.84,3.61,14.63,16.79,32.63,9.44
1227,5.2269148542287835,4,12.32,5.25,17.51,11.04,4.64,13.84,3.59,14.63,16.64,30.25,9.36
1228,5.2269148542287835,4,12.72,5.27,17.51,11.08,4.73,13.9,3.59,14.81,16.72,30.41,9.01
1229,5.2269148542287835,4,12.62,5.27,17.51,11.08,4.66,13.9,3.59,14.69,16.57,30.41,9.33
1230,5.2269148542287835,4,12.72,5.25,17.51,11.04,4.73,13.9,3.59,14.05,16.57,30.41,9.4
1231,5.2269148542287835,4,13.08,5.32,17.58,11.13,4.77,13.96,3.61,14.22,16.64,30.73,9.11
1232,5.2269148542287835,4,12.72,5.29,17.58,11.13,4.77,13.96,3.62,14.28,16.64,30.57,9.36
1233,5.2269148542287835,4,12.77,5.29,17.51,11.13,4.75,13.9,3.61,14.28,16.72,30.25,9.36
1234,5.2269148542287835,4,12.77,5.2,17.43,11,4.71,13.73,3.52,14.51,16.57,31.57,9.26
1235,5.2269148542287835,4,12.87,5.16,17.43,10.95,4.64,13.68,3.52,14.16,16.57,30.41,9.22
1236,5.2269148542287835,4,12.82,5.22,17.43,11,4.73,13.79,3.56,14.1,17.58,29.93,9.36
1237,5.2269148542287835,4,12.82,5.18,17.36,10.95,4.64,13.73,3.52,14.05,23.04,29.77,8.93
1238,5.2269148542287835,4,12.92,5.25,17.43,11.04,4.66,13.79,3.59,14.05,21.88,30.73,9.01
1239,5.2269148542287835,4,12.82,5.2,17.36,11,4.64,13.73,3.52,14.22,19.33,30.57,9.04
1240,5.2269148542287835,4,12.42,5.18,17.29,10.95,4.62,13.62,3.51,14.28,23.28,30.09,9.18
1241,5.2269148542287835,4,12.52,5.16,17.29,10.91,4.64,13.62,3.52,14.75,23.66,30.41,9.15
1242,5.2269148542287835,4,12.62,5.22,17.36,11.04,4.71,13.73,3.54,14.28,23.53,29.93,9.26
1243,5.2269148542287835,4,12.72,5.32,17.51,11.13,4.79,13.84,3.59,14.16,22.8,29.93,9.01
1244,5.2269148542287835,4,12.28,5.2,17.36,11,4.68,13.73,3.52,13.93,22.8,29.77,8.9
1245,5.2269148542287835,4,12.67,5.29,17.43,11.08,4.77,13.84,3.57,14.16,22.33,30.25,9.33
1246,5.2269148542287835,4,12.77,5.32,17.51,11.13,4.79,13.84,3.59,14.16,21.77,30.73,9.29
1247,5.2269148542287835,4,12.82,5.34,17.58,11.17,4.77,13.84,3.59,14.16,21.33,30.41,9.4
1248,5.2269148542287835,4,12.82,5.25,17.51,11.04,4.73,13.73,3.56,14.1,20.7,30.25,9.44
1249,5.2269148542287835,4,12.87,5.34,17.66,11.17,4.79,13.84,3.61,14.16,20.49,31.23,9.48
1250,5.2269148542287835,4,12.32,5.2,17.43,10.95,4.68,13.68,3.51,14.1,19.8,30.09,9.18
1251,5.2269148542287835,4,12.42,5.2,17.51,11,4.68,13.68,3.51,14.05,19.8,30.25,8.93
1252,5.2269148542287835,4,12.32,5.27,17.58,11.08,4.73,13.68,3.56,14.16,20,31.06,9.44
1253,5.2269148542287835,4,12.42,5.16,17.36,10.91,4.64,13.57,3.49,14.1,19.8,29.93,9.15
1254,5.2269148542287835,4,12.37,5.2,17.36,11,4.68,13.62,3.51,13.93,19.42,30.25,9.18
1255,5.2269148542287835,4,12.47,5.16,17.43,10.91,4.64,13.51,3.49,13.88,19.14,29.46,9.11
1256,5.2269148542287835,4,12.57,5.29,17.51,11.08,4.73,13.73,3.57,14.81,19.05,30.41,9.29
1257,5.2269148542287835,4,12.77,5.32,17.73,11.13,4.79,13.79,3.57,14.51,19.42,31.06,9.33
1258,5.2269148542287835,4,12.57,5.27,17.51,11.04,4.71,13.68,3.54,15.25,19.33,30.09,9.33
1259,5.2269148542287835,4,12.52,5.34,17.58,11.17,4.75,13.79,3.59,14.81,19.42,31.23,9.26
1260,5.2269148542287835,4,12.52,5.29,17.58,11.08,4.71,13.73,3.56,14.63,19.33,30.25,9.26
1261,5.2316693607181595,4,12.52,5.36,17.66,11.22,4.81,13.79,3.61,14.75,19.42,31.4,9.44
1262,5.2316693607181595,4,12.18,5.25,17.51,11,4.68,13.62,3.52,14.75,19.23,30.09,9.29
1263,5.2316693607181595,4,12.47,5.29,17.58,11.13,4.73,13.73,3.56,14.51,19.23,30.25,9.11
1264,5.2316693607181595,4,12.57,5.29,17.66,11.13,4.73,13.73,3.54,14.57,18.96,30.73,9.15
1265,5.2316693607181595,4,12.42,5.32,17.58,11.17,4.73,13.79,3.56,14.63,19.23,30.25,9.29
1266,5.2316693607181595,4,12.67,5.45,17.73,11.3,4.83,13.96,3.64,14.75,19.33,30.9,9.4
1267,5.2316693607181595,4,12.42,5.32,17.51,11.13,4.73,13.73,3.54,14.57,19.05,30.09,9.18
1268,5.2316693607181595,4,12.47,5.34,17.58,11.13,4.75,13.73,3.54,14.57,18.96,30.09,9.18
1269,5.2316693607181595,4,12.62,5.34,17.58,11.13,4.79,13.73,3.54,14.57,18.87,30.25,9.29
1270,5.2316693607181595,4,12.72,5.45,17.73,11.3,4.85,13.9,3.62,14.63,18.87,30.9,9.44
1271,5.2316693607181595,4,12.52,5.25,17.66,11.13,4.73,13.73,3.54,14.28,18.43,30.57,9.33
1272,5.2316693607181595,4,12.62,5.34,17.66,11.17,4.73,13.73,3.54,14.22,18.25,30.25,9.4
1273,5.2316693607181595,4,12.67,5.38,17.73,11.22,4.79,13.84,3.57,14.22,18.17,31.4,9.48
1274,5.2316693607181595,4,12.82,5.41,17.73,11.17,4.77,13.84,3.57,14.33,19.9,30.73,9.33
1275,5.2316693607181595,4,12.77,5.36,17.66,11.22,4.75,13.73,3.56,14.28,19.71,30.25,9.26
1276,5.2316693607181595,4,12.52,5.29,17.58,11.13,4.71,13.62,3.51,14.33,19.42,29,9.18
1277,5.2316693607181595,4,12.23,5.22,17.58,11.04,4.64,13.57,3.46,14.45,18.87,29.15,8.62
1278,5.2316693607181595,4,12.47,5.25,17.58,11.08,4.66,13.62,3.48,14.33,18.87,29.93,9.22
1279,5.2316693607181595,4,12.47,5.27,17.58,11.08,4.68,13.62,3.49,14.51,18.87,29.46,9.26
1280,5.2316693607181595,4,12.67,5.27,17.58,11.08,4.71,13.62,3.48,14.39,18.78,30.41,9.22
1281,5.2316693607181595,4,12.72,5.29,17.58,11.13,4.71,13.62,3.49,14.39,20,29.77,9.26
1282,5.2316693607181595,4,12.13,5.22,17.58,11,4.64,13.57,3.44,14.39,20.8,29.93,9.11
1283,5.2316693607181595,4,12.28,5.22,17.58,11.13,4.6,13.51,3.46,14.28,20.7,31.4,9.08
1284,5.2316693607181595,4,12.37,5.27,17.66,11.17,4.68,13.57,3.49,14.28,20.7,29.77,9.26
1285,5.2316693607181595,4,12.23,5.25,17.58,11.08,4.66,13.57,3.48,14.57,20.8,29.3,9.26
1286,5.2316693607181595,4,12.18,5.2,17.58,11.04,4.64,13.46,3.46,14.22,20.6,28.85,9.08
1287,5.2316693607181595,4,12.37,5.2,17.58,11.04,4.64,13.62,3.44,14.28,20.6,29.3,9.15
1288,5.2316693607181595,4,12.18,5.27,17.58,11.13,4.71,13.57,3.48,14.51,20.6,30.09,9.15
1289,5.2316693607181595,4,12.28,5.22,17.58,11.08,4.66,13.51,3.46,14.28,20.39,30.57,9.18
1290,5.2316693607181595,4,12.23,5.2,17.58,11,4.64,13.46,3.44,14.16,20.29,29.46,9.15
1291,5.2316693607181595,4,12.28,5.18,17.58,11.04,4.62,13.35,3.44,14.33,20.19,29.46,9.15
1292,5.2316693607181595,4,12.28,5.25,17.66,11.13,4.68,13.35,3.48,14.45,20.09,29.3,9.11
1293,5.2316693607181595,4,12.32,5.22,17.81,11.13,4.64,13.46,3.46,14.75,20,29.61,9.15
1294,5.2316693607181595,4,12.13,5.18,17.58,11.04,4.6,13.46,3.43,14.87,20,29.3,8.9
1295,5.2316693607181595,4,12.28,5.18,17.66,11.04,4.6,13.51,3.43,15.06,20.39,30.25,8.62
1296,5.2316693607181595,4,12.13,5.2,17.66,11.08,4.62,13.51,3.44,15.37,20,29.77,8.9
1297,5.2316693607181595,4,12.13,5.18,17.66,11.08,4.58,13.51,3.43,16.71,19.9,29.77,9.11
1298,5.2316693607181595,4,12.18,5.18,17.66,11.13,4.6,13.51,3.43,16.71,19.8,30.25,9.08
1299,5.2316693607181595,4,12.08,5.2,17.66,11.08,4.6,13.51,3.44,15.96,19.8,29.15,9.08
1300,5.2316693607181595,4,12.62,5.29,17.81,11.22,4.68,13.62,3.49,14.51,20.09,29,9.08
1301,5.2316693607181595,4,12.72,5.38,17.96,11.35,4.77,13.79,3.56,14.39,20.19,30.09,9.33
1302,5.2316693607181595,4,12.18,5.25,17.81,11.22,4.64,13.62,3.48,14.33,20,30.25,9.18
1303,5.2316693607181595,4,12.42,5.36,17.96,11.35,4.77,13.84,3.56,14.51,20.29,30.09,9.26
1304,5.2316693607181595,4,12.32,5.27,17.81,11.22,4.6,13.68,3.48,14.45,20,29.77,9.18
1305,5.2316693607181595,4,12.23,5.25,17.81,11.22,4.66,13.68,3.46,14.45,20,30.25,9.01
1306,5.2316693607181595,4,12.42,5.29,17.88,11.26,4.68,13.68,3.49,14.51,20,29.61,9.15
1307,5.2316693607181595,4,12.23,5.27,17.88,11.22,4.66,13.62,3.48,14.39,20,29.93,9.26
1308,5.2316693607181595,4,12.37,5.29,17.88,11.26,4.68,13.68,3.49,14.33,20.09,29.61,9.18
1309,5.2316693607181595,4,12.23,5.25,17.88,11.22,4.66,13.62,3.48,14.22,20.09,29.46,9.22
1310,5.2316693607181595,4,12.18,5.2,17.81,11.17,4.58,13.57,3.44,14.45,20.09,29.3,9.18
1311,5.2316693607181595,4,12.42,5.27,17.96,11.26,4.66,13.73,3.48,14.57,20.09,30.57,9.22
1312,5.2316693607181595,4,12.32,5.2,17.88,11.17,4.62,13.62,3.43,14.39,20,29.77,9.04
1313,5.2316693607181595,4,12.32,5.25,17.96,11.22,4.68,13.68,3.46,14.45,20,29.15,9.26
1314,5.2316693607181595,4,12.18,5.25,17.88,11.22,4.64,13.62,3.46,14.45,19.9,29,9.18
1315,5.2316693607181595,4,12.32,5.27,17.88,11.26,4.56,13.68,3.46,14.69,19.9,31.57,9.18
1316,5.2316693607181595,4,12.23,5.22,17.88,11.17,4.62,13.62,3.44,14.45,19.8,29.77,9.11
1317,5.2316693607181595,4,12.32,5.36,18.11,11.39,4.75,14.01,3.52,14.81,20,30.41,9.29
1318,5.2316693607181595,4,12.77,5.36,18.04,11.39,4.75,14.13,3.52,14.57,19.9,30.73,9.22
1319,5.2316693607181595,4,12.47,5.38,18.11,11.44,4.77,14.01,3.54,14.75,19.9,30.57,9.29
1320,5.2316693607181595,4,12.23,5.2,17.88,11.17,4.62,13.79,3.46,14.51,19.52,30.25,9.01
1321,5.239673136999486,4,12.18,5.29,18.04,11.3,4.66,13.9,3.49,14.57,19.61,29.93,9.08
1322,5.239673136999486,4,12.28,5.25,17.96,11.26,4.56,13.79,3.46,14.57,19.42,29.61,9.22
1323,5.239673136999486,4,12.28,5.36,18.11,11.39,4.62,14.18,3.52,14.69,19.61,30.09,9.36
1324,5.239673136999486,4,12.42,5.38,18.19,11.44,4.68,13.96,3.54,14.93,19.52,30.41,9.26
1325,5.239673136999486,4,12.23,5.29,18.11,11.26,4.56,13.84,3.46,14.87,19.23,30.09,9.15
1326,5.239673136999486,4,12.52,5.43,18.11,11.3,4.6,13.9,3.48,14.45,19.23,31.92,9.15
1327,5.239673136999486,4,12.23,5.34,18.04,11.26,4.56,13.79,3.44,14.39,19.05,28.85,9.22
1328,5.239673136999486,4,12.18,5.38,18.04,11.3,4.62,13.84,3.48,14.51,19.05,29.93,9.26
1329,5.239673136999486,4,12.23,5.25,18.04,11.22,4.62,13.73,3.43,14.39,18.87,29.15,9.18
1330,5.239673136999486,4,12.52,5.41,18.27,11.44,4.81,14.07,3.56,14.69,19.14,30.09,9.44
1331,5.239673136999486,4,12.42,5.34,18.27,11.44,4.75,14.01,3.52,14.75,19.05,30.57,9.44
1332,5.239673136999486,4,12.37,5.34,18.27,11.44,4.71,13.9,3.51,14.69,18.87,31.06,9.29
1333,5.239673136999486,4,13.5,6.14,19.07,12.49,5.34,14.95,3.97,14.93,20.49,32.45,10.09
1334,5.239673136999486,4,13.56,6.26,19.41,12.64,5.55,15.2,4.06,15.12,20.8,34.31,10.25
1335,5.239673136999486,4,13.72,6.39,19.67,12.85,5.67,15.39,4.13,15.18,20.91,35.11,10.45
1336,5.239673136999486,4,13.89,6.42,19.75,12.9,5.7,15.39,4.13,15.06,21.01,34.12,10.45
1337,5.239673136999486,4,14.23,6.45,19.84,12.9,5.7,15.45,4.15,15.12,20.91,34.71,10.45
1338,5.239673136999486,4,13.94,6.72,19.84,12.9,5.72,15.45,4.15,15,21.01,34.71,10.53
1339,5.239673136999486,4,13.72,6.45,19.84,12.85,5.67,15.39,4.11,15.12,21.01,37,10.33
1340,5.239673136999486,4,13.72,6.45,19.93,12.85,5.67,15.39,4.15,15.25,21.01,34.12,10.49
1341,5.239673136999486,4,14.11,6.42,19.84,12.79,5.65,15.39,4.07,15.31,20.91,34.51,10.45
1342,5.239673136999486,4,14.11,6.37,19.84,12.85,5.7,15.39,4.09,15.31,20.91,33.55,10.41
1343,5.239673136999486,4,12.37,5.2,18.67,11.3,4.71,13.84,3.41,14.45,19.9,29.77,8.97
1344,5.239673136999486,4,12.18,5.13,18.51,11.3,4.64,13.84,3.39,14.39,19.71,29.61,9.15
1345,5.239673136999486,4,13.61,6.19,19.84,12.74,5.6,15.26,4.06,15.31,21.12,34.51,10.33
1346,5.239673136999486,4,13.67,6.19,19.84,12.79,5.63,15.26,4.06,15.31,21.12,33.36,10.41
1347,5.239673136999486,4,12.08,5.02,18.51,11.17,4.6,13.51,3.3,14.16,19.42,29.3,8.86
1348,5.239673136999486,4,12.08,5,18.43,11.17,4.58,13.57,3.32,14.45,19.52,30.09,9.01
1349,5.239673136999486,4,12.13,5.02,18.43,11.17,4.6,13.62,3.35,14.51,19.42,28.55,9.04
1350,5.239673136999486,4,11.99,4.96,18.35,11.13,4.54,13.57,3.32,14.45,19.33,28.41,8.9
1351,5.239673136999486,4,12.08,4.98,18.43,11.13,4.56,13.57,3.35,14.51,19.42,28.85,8.97
1352,5.239673136999486,4,12.08,4.98,18.43,11.13,4.56,13.51,3.33,14.51,19.42,28.55,8.9
1353,5.239673136999486,4,11.99,4.94,18.35,11.04,4.54,13.46,3.3,14.45,19.42,29.77,8.93
1354,5.239673136999486,4,12.04,4.98,18.43,11.13,4.58,13.57,3.33,14.57,19.52,29.46,9.11
1355,5.239673136999486,4,12.08,5,18.43,11.22,4.6,13.62,3.36,14.63,19.42,30.25,8.97
1356,5.239673136999486,4,12.13,5.02,18.43,11.26,4.6,13.68,3.39,14.57,19.42,29.61,9.18
1357,5.239673136999486,4,12.08,5,18.35,11.22,4.54,13.62,3.38,14.57,19.42,29.93,8.93
1358,5.239673136999486,4,12.04,5.02,18.27,11.22,4.58,13.68,3.41,14.57,19.42,29.77,9.18
1359,5.239673136999486,4,11.99,5.02,18.27,11.22,4.52,13.62,3.41,14.57,19.33,31.57,9.01
1360,5.239673136999486,4,12.04,5.11,18.35,11.22,4.6,13.62,3.43,15,19.33,29.93,9.04
1361,5.239673136999486,4,12.04,5.18,18.35,11.22,4.6,13.62,3.44,14.51,19.23,29.93,9.04
1362,5.239673136999486,4,12.08,5.32,18.43,11.3,4.62,13.73,3.48,14.57,19.33,29.46,9.18
1363,5.239673136999486,4,12.13,5.32,18.35,11.26,4.6,13.68,3.44,14.63,19.23,28.85,9.04
1364,5.239673136999486,4,12.08,5.09,18.43,11.3,4.64,13.79,3.44,14.69,19.42,29.93,9.11
1365,5.239673136999486,4,12.23,5.07,18.43,11.39,4.64,13.79,3.43,14.69,19.61,29.77,9.26
1366,5.239673136999486,4,12.18,5.05,18.43,11.35,4.66,13.79,3.41,14.81,19.61,30.9,8.97
1367,5.239673136999486,4,12.13,5.09,18.51,11.44,4.71,13.79,3.44,14.93,19.71,30.09,9.11
1368,5.239673136999486,4,12.13,5.05,18.51,11.39,4.64,13.84,3.44,14.87,19.52,29.93,9.11
1369,5.239673136999486,4,12.13,5.05,18.51,11.44,4.68,13.9,3.43,14.81,19.42,29.3,9.26
1370,5.239673136999486,4,12.08,5.05,18.51,11.39,4.62,13.84,3.43,15,19.42,29.93,9.04
1371,5.239673136999486,4,12.08,5.05,18.43,11.44,4.64,13.9,3.43,15,19.42,30.57,9.18
1372,5.239673136999486,4,12.13,5.02,18.43,11.39,4.66,13.84,3.41,14.69,19.33,29.93,9.08
1373,5.239673136999486,4,12.08,5,18.35,11.3,4.62,13.84,3.36,14.75,19.14,29.61,8.86
1374,5.239673136999486,4,12.08,5.18,18.43,11.35,4.62,13.9,3.38,14.81,19.14,28.12,9.15
1375,5.239673136999486,4,12.04,5.25,18.43,11.44,4.66,13.84,3.38,14.87,19.23,29.46,9.11
1376,5.239673136999486,4,12.04,5.32,18.51,11.39,4.66,13.9,3.39,14.81,19.23,28.12,9.11
1377,5.239673136999486,4,12.08,5.29,18.51,11.39,4.66,13.9,3.39,14.87,19.23,29.77,9.18
1378,5.239673136999486,4,12.13,5.32,18.59,11.39,4.64,13.84,3.38,14.81,19.23,29.61,9.18
1379,5.239673136999486,4,12.13,5.2,18.51,11.39,4.66,13.84,3.39,14.87,19.14,29.61,9.33
1380,5.239673136999486,4,12.08,5.27,18.51,11.39,4.62,13.84,3.38,14.87,19.14,28.41,9.26
1381,5.257494181321206,4,11.99,5.18,18.51,11.35,4.62,13.73,3.36,14.81,18.96,29.46,9.11
1382,5.257494181321206,4,12.04,5.05,18.51,11.35,4.6,13.68,3.36,14.75,18.96,29.93,9.08
1383,5.257494181321206,4,12.08,5,18.51,11.3,4.58,13.62,3.35,14.75,18.96,29.3,9.08
1384,5.257494181321206,4,12.08,5.02,18.51,11.3,4.6,13.62,3.33,14.87,18.87,28.85,9.11
1385,5.257494181321206,4,12.08,5.02,18.51,11.3,4.6,13.62,3.35,14.87,18.87,29.77,9.08
1386,5.257494181321206,4,12.08,4.98,18.51,11.35,4.56,13.68,3.36,14.93,18.78,29.77,9.11
1387,5.257494181321206,4,12.08,4.89,18.59,11.3,4.62,13.73,3.35,14.93,18.78,29.77,8.86
1388,5.257494181321206,4,12.04,4.89,18.59,11.35,4.62,14.07,3.36,14.93,18.78,30.73,8.83
1389,5.257494181321206,4,11.99,4.89,18.67,11.35,4.62,13.79,3.39,14.93,18.6,29.3,8.86
1390,5.257494181321206,4,11.94,4.87,18.51,11.3,4.6,13.73,3.35,14.93,18.51,29.46,8.76
1391,5.257494181321206,4,12.04,4.94,18.59,11.44,4.68,13.84,3.48,16.93,18.43,29.3,9.11
1392,5.257494181321206,4,11.99,4.89,18.51,11.35,4.64,13.84,3.46,16.16,18.34,29.46,9.11
1393,5.257494181321206,4,11.99,4.91,18.59,11.35,4.64,13.84,3.48,16.57,18.34,29.46,9.33
1394,5.257494181321206,4,11.99,4.89,18.51,11.44,4.64,13.84,3.48,16.93,18.6,29.3,9.01
1395,5.257494181321206,4,11.94,4.87,18.51,11.35,4.6,13.9,3.46,17.14,18.6,29,8.97
1396,5.257494181321206,4,11.94,4.87,18.51,11.35,4.62,13.73,3.46,17.07,18.6,29.77,8.93
1397,5.257494181321206,4,11.99,4.89,18.59,11.39,4.66,13.79,3.48,17.22,18.69,28.12,8.83
1398,5.257494181321206,4,12.32,4.87,18.59,11.44,4.58,13.73,3.48,17.14,21.01,29.93,8.86
1399,5.257494181321206,4,11.99,4.85,18.59,11.35,4.52,13.73,3.41,16.78,19.61,29.46,8.52
1400,5.257494181321206,4,11.94,4.85,18.59,11.35,4.54,13.73,3.39,17.07,19.23,29.77,8.97
1401,5.257494181321206,4,11.85,4.81,18.59,11.3,4.46,13.73,3.36,15.63,19.23,29.46,8.9
1402,5.257494181321206,4,11.94,4.85,18.59,11.35,4.52,13.9,3.39,17.22,18.96,29.3,8.86
1403,5.257494181321206,4,11.89,4.81,18.51,11.3,4.52,14.01,3.35,15.18,18.96,29.3,8.66
1404,5.257494181321206,4,11.94,4.83,18.51,11.35,4.54,13.73,3.36,17.59,18.78,28.85,8.59
1405,5.257494181321206,4,11.99,4.83,18.51,11.35,4.48,13.73,3.36,15.63,18.78,29.61,8.93
1406,5.257494181321206,4,11.99,4.79,18.51,11.3,4.5,13.62,3.33,15.31,19.14,28.85,8.83
1407,5.257494181321206,4,12.37,4.81,18.51,11.3,4.52,13.62,3.35,15.25,18.96,29.3,8.9
1408,5.257494181321206,4,12.23,4.81,18.43,11.3,4.54,13.62,3.35,17.89,18.87,29.46,8.9
1409,5.257494181321206,4,12.23,4.81,18.51,11.3,4.54,13.62,3.35,18.05,18.78,29.46,8.97
1410,5.257494181321206,4,12.23,4.83,18.51,11.35,4.58,13.68,3.36,17.82,18.87,27.97,8.9
1411,5.257494181321206,4,11.89,4.81,18.51,11.35,4.52,13.68,3.33,15.31,18.87,29.3,8.9
1412,5.257494181321206,4,11.94,4.81,18.51,11.35,4.5,13.68,3.36,17.97,18.78,28.85,8.83
1413,5.257494181321206,4,11.94,4.85,18.59,11.39,4.54,13.73,3.35,18.21,18.87,27.97,8.73
1414,5.257494181321206,4,11.89,4.83,18.59,11.35,4.56,13.68,3.33,18.05,18.87,28.85,8.9
1415,5.257494181321206,4,11.89,4.81,18.59,11.35,4.54,13.62,3.35,15.5,18.87,28.7,8.83
1416,5.257494181321206,4,11.99,4.85,18.67,11.39,4.58,13.68,3.35,14.93,18.96,28.55,8.73
1417,5.257494181321206,4,11.99,4.94,18.67,11.35,4.56,13.62,3.33,14.87,18.87,30.09,8.76
1418,5.257494181321206,4,12.04,4.94,18.75,11.44,4.58,13.68,3.35,14.93,18.87,29.15,9.08
1419,5.257494181321206,4,12.04,5.11,18.75,11.39,4.56,13.68,3.33,14.87,18.87,29,9.08
1420,5.257494181321206,4,11.94,4.91,18.75,11.39,4.6,13.68,3.33,14.87,18.87,29,9.04
1421,5.257494181321206,4,11.94,5.09,18.75,11.39,4.58,13.68,3.32,14.81,18.87,29.3,8.97
1422,5.257494181321206,4,11.94,5.16,18.83,11.44,4.58,13.73,3.33,15,18.87,29.77,8.76
1423,5.257494181321206,4,11.94,5.16,18.83,11.44,4.58,13.62,3.33,14.93,18.87,28.55,8.86
1424,5.257494181321206,4,11.94,4.89,18.83,11.44,4.62,13.68,3.33,14.93,18.87,28.7,8.86
1425,5.257494181321206,4,11.94,5.13,18.83,11.44,4.6,13.62,3.33,14.87,18.78,28.7,8.8
1426,5.257494181321206,4,11.94,4.83,18.83,11.44,4.58,13.62,3.32,14.81,18.96,30.57,8.66
1427,5.257494181321206,4,11.89,4.81,18.75,11.39,4.56,13.62,3.3,14.81,18.87,28.7,8.83
1428,5.257494181321206,4,11.85,4.76,18.67,11.39,4.54,13.57,3.27,14.93,18.78,27.55,8.83
1429,5.257494181321206,4,12.23,4.85,18.83,11.49,4.6,13.73,3.35,14.87,18.87,29.15,8.93
1430,5.257494181321206,4,11.94,4.85,18.83,11.49,4.62,13.73,3.33,14.75,18.87,29.3,8.97
1431,5.257494181321206,4,12.28,4.89,18.99,11.53,4.64,13.73,3.36,14.69,18.96,29.46,8.97
1432,5.257494181321206,4,11.94,4.85,18.91,11.53,4.62,13.68,3.33,14.69,18.87,29.46,8.62
1433,5.257494181321206,4,12.23,4.87,18.83,11.49,4.62,13.68,3.35,16.71,18.87,29.3,8.9
1434,5.257494181321206,4,11.94,4.89,18.91,11.53,4.64,13.73,3.35,14.81,19.52,29.46,8.8
1435,5.257494181321206,4,11.94,4.91,18.91,11.53,4.62,13.73,3.35,14.81,19.05,29.3,8.93
1436,5.257494181321206,4,11.94,4.98,18.99,11.53,4.64,13.73,3.35,14.75,18.96,29.3,8.93
1437,5.257494181321206,4,11.89,5.05,18.91,11.53,4.64,13.73,3.33,14.87,19.14,30.09,8.69
1438,5.257494181321206,4,12.23,4.89,18.83,11.39,4.62,13.68,3.32,14.87,19.05,28.7,8.59
1439,5.257494181321206,4,11.85,5.07,18.99,11.49,4.62,13.73,3.32,14.87,19.05,28.85,8.66
1440,5.257494181321206,4,11.94,5.07,18.91,11.53,4.62,13.79,3.33,14.93,19.05,29,8.59
1441,5.298932060627791,4,11.85,5.07,18.91,11.53,4.62,13.73,3.35,15,18.96,29.61,8.49
1442,5.298932060627791,4,11.8,5,18.91,11.44,4.6,13.68,3.3,14.81,19.05,29.3,8.49
1443,5.298932060627791,4,12.13,5.05,18.99,11.49,4.62,13.73,3.32,14.93,19.05,29.15,8.59
1444,5.298932060627791,4,12.18,4.94,18.99,11.58,4.66,13.9,3.38,14.87,19.14,30.09,8.62
1445,5.298932060627791,4,11.85,4.89,18.99,11.62,4.66,13.9,3.35,14.87,19.14,29.93,8.56
1446,5.298932060627791,4,12.13,4.85,19.07,11.58,4.64,13.84,3.33,14.87,19.05,29.93,8.52
1447,5.298932060627791,4,11.85,4.83,19.07,11.58,4.66,13.9,3.33,14.87,19.14,29.61,8.52
1448,5.298932060627791,4,11.75,4.76,18.99,11.53,4.58,13.79,3.3,14.81,18.96,29.93,8.46
1449,5.298932060627791,4,11.8,4.81,19.07,11.58,4.64,13.84,3.33,14.93,19.05,29.77,8.59
1450,5.298932060627791,4,12.08,4.74,18.99,11.49,4.62,13.73,3.3,14.87,18.96,29.3,8.59
1451,5.298932060627791,4,11.62,4.7,18.91,11.44,4.56,13.62,3.27,14.69,18.87,31.57,8.32
1452,5.298932060627791,4,11.57,4.72,18.91,11.44,4.58,13.68,3.28,14.75,18.87,28.85,8.52
1453,5.298932060627791,4,11.48,4.7,18.91,11.44,4.58,13.68,3.28,14.63,18.96,28.55,8.49
1454,5.298932060627791,4,11.75,4.7,18.99,11.44,4.6,13.62,3.28,16.57,18.87,28.41,8.56
1455,5.298932060627791,4,11.62,4.72,18.91,11.49,4.62,13.68,3.28,16.43,18.78,29.61,8.52
1456,5.298932060627791,4,11.57,4.66,18.83,11.39,4.58,13.62,3.25,15,18.78,28.41,8.62
1457,5.298932060627791,4,11.71,4.72,18.91,11.49,4.58,13.73,3.28,14.81,19.05,29.3,8.59
1458,5.298932060627791,4,11.89,4.66,18.91,11.44,4.56,13.68,3.27,14.51,18.87,29.46,8.36
1459,5.298932060627791,4,11.48,4.66,18.83,11.39,4.54,13.68,3.25,14.75,18.78,28.85,8.46
1460,5.298932060627791,4,11.85,4.66,18.83,11.39,4.56,13.68,3.27,16.86,18.69,27.83,8.36
1461,5.298932060627791,4,11.8,4.62,18.91,11.39,4.52,13.96,3.24,14.51,18.78,27.97,8.36
1462,5.298932060627791,4,11.53,4.58,18.75,11.3,4.44,13.73,3.21,14.57,18.51,27.41,8.39
1463,5.298932060627791,4,11.66,4.58,18.75,11.3,4.5,13.68,3.22,14.51,18.69,28.12,8.46
1464,5.298932060627791,4,11.71,4.51,18.75,11.26,4.44,13.62,3.19,14.45,18.6,29,8.36
1465,5.298932060627791,4,11.89,4.51,18.75,11.26,4.44,13.41,3.17,15.06,18.51,28.55,8.29
1466,5.298932060627791,4,11.75,4.53,18.67,11.26,4.46,13.41,3.21,15.96,18.43,28.7,8.39
1467,5.298932060627791,4,11.89,4.53,18.83,11.3,4.48,13.35,3.21,14.57,18.43,28.7,8.32
1468,5.298932060627791,4,11.85,4.53,18.83,11.3,4.46,13.35,3.21,14.57,18.43,28.85,8.36
1469,5.298932060627791,4,11.94,4.55,18.91,11.35,4.46,13.35,3.22,14.75,18.34,28.55,8.29
1470,5.298932060627791,4,11.94,4.55,18.91,11.35,4.44,13.3,3.22,14.93,18.34,28.55,8.39
1471,5.298932060627791,4,11.85,4.55,18.99,11.35,4.48,13.3,3.24,14.69,18.25,29.3,8.59
1472,5.298932060627791,4,11.8,4.53,18.91,11.35,4.44,13.25,3.22,14.87,18.17,29,8.39
1473,5.298932060627791,4,11.44,4.53,18.99,11.3,4.42,13.19,3.22,14.63,18.17,28.55,8.42
1474,5.298932060627791,4,11.53,4.51,18.99,11.3,4.42,13.19,3.21,14.57,18.08,28.26,8.39
1475,5.298932060627791,4,11.53,4.51,18.99,11.3,4.44,13.14,3.21,14.63,18,28.85,8.36
1476,5.298932060627791,4,12.04,4.51,18.99,11.26,4.44,13.09,3.21,14.63,17.91,28.7,8.23
1477,5.298932060627791,4,11.99,4.49,18.99,11.26,4.42,13.09,3.19,14.75,17.75,29.15,8.19
1478,5.298932060627791,4,11.71,4.51,18.99,11.3,4.48,13.09,3.22,14.69,17.83,28.12,8.23
1479,5.298932060627791,4,11.39,4.55,19.07,11.3,4.46,13.09,3.22,15.76,18.78,27.14,8.26
1480,5.298932060627791,4,11.26,4.49,19.07,11.3,4.48,13.09,3.21,14.81,17.91,27.41,8.29
1481,5.298932060627791,4,11.3,4.49,19.07,11.26,4.46,13.04,3.21,15.76,17.83,27.97,8.19
1482,5.298932060627791,4,11.44,4.47,19.16,11.26,4.44,13.04,3.19,15,17.75,28.41,8.26
1483,5.298932060627791,4,11.53,4.49,19.16,11.35,4.48,13.04,3.21,15.25,17.75,28.55,8.29
1484,5.298932060627791,4,11.71,4.49,19.16,11.3,4.5,13.04,3.22,16.71,17.58,28.55,8.36
1485,5.298932060627791,4,11.8,4.51,19.24,11.35,4.5,13.04,3.24,15.25,17.67,28.7,8.36
1486,5.298932060627791,4,11.75,4.47,19.16,11.3,4.46,12.98,3.21,15,17.42,28.26,8.23
1487,5.298932060627791,4,12.04,4.47,19.16,11.26,4.48,12.98,3.21,15.12,18.43,28.12,8.16
1488,5.298932060627791,4,11.94,4.47,19.16,11.26,4.44,13.04,3.22,15.12,18,28.12,8.32
1489,5.298932060627791,4,11.75,4.49,19.16,11.3,4.5,12.98,3.22,15.25,18,28.7,8.49
1490,5.298932060627791,4,11.85,4.49,19.16,11.3,4.5,12.98,3.22,15.12,17.91,28.12,8.46
1491,5.298932060627791,4,11.66,4.43,19.16,11.22,4.44,12.93,3.19,15.18,17.83,26.6,8.29
1492,5.298932060627791,4,12.04,4.49,19.16,11.3,4.52,12.98,3.22,15.31,17.83,27.97,8.52
1493,5.298932060627791,4,11.85,4.47,19.24,11.3,4.5,12.98,3.22,15.5,17.83,28.85,8.49
1494,5.298932060627791,4,12.08,4.49,19.16,11.3,4.52,13.04,3.24,15.69,17.83,27.97,8.66
1495,5.298932060627791,4,12.18,4.51,19.24,11.35,4.52,13.09,3.24,15.12,17.18,31.23,8.52
1496,5.298932060627791,4,12.08,4.49,19.16,11.3,4.5,13.04,3.22,15.12,17.26,28.85,8.69
1497,5.298932060627791,4,11.17,4.49,19.16,11.26,4.5,13.51,3.24,15.18,33.8,27.55,8.86
1498,5.298932060627791,4,11.71,4.51,19.33,11.39,4.54,13.25,3.25,15.96,16.95,28.85,8.46
1499,5.298932060627791,4,11.71,4.51,19.33,11.39,4.54,13.19,3.25,15.18,15.84,28.41,8.97
1500,5.298932060627791,4,11.71,4.55,19.33,11.44,4.54,13.25,3.27,16.16,17.75,28.85,9.26
1501,5.412588874668555,4,11.48,4.55,19.41,11.44,4.6,13.25,3.27,15.12,18.51,28.41,9.29
1502,5.412588874668555,4,11.8,4.47,19.33,11.3,4.52,13.09,3.22,15.56,17.83,28.12,9.78
1503,5.412588874668555,4,11.85,4.51,19.33,11.35,4.52,13.14,3.24,15.25,17.5,28.12,9.81
1504,5.412588874668555,4,11.75,4.51,19.33,11.44,4.54,13.14,3.24,15.31,16.95,28.12,9.89
1505,5.412588874668555,4,11.66,4.51,19.33,11.39,4.52,13.09,3.22,15.63,16.95,28.26,9.93
1506,5.412588874668555,4,11.66,4.79,19.41,11.44,4.54,13.14,3.25,15.56,16.64,26.86,9.85
1507,5.412588874668555,4,11.35,4.64,19.24,11.22,4.42,12.88,3.16,15.25,17.67,27.27,9.85
1508,5.412588874668555,4,11.62,4.66,19.24,11.26,4.44,12.93,3.17,15.31,17.42,27.69,9.89
1509,5.412588874668555,4,11.48,4.66,19.16,11.22,4.4,12.88,3.14,15.37,17.03,27.69,9.81
1510,5.412588874668555,4,11.66,4.66,19.24,11.26,4.5,12.98,3.19,15.44,16.87,27.55,9.62
1511,5.412588874668555,4,11.26,4.66,19.16,11.17,4.4,12.88,3.16,17.14,16.95,27.14,10.01
1512,5.412588874668555,4,11.53,4.68,19.16,11.17,4.31,12.83,3.14,16.43,16.95,27.27,9.59
1513,5.412588874668555,4,11.39,4.62,19.16,11.13,4.38,12.78,3.11,16.23,16.95,27.27,9.93
1514,5.412588874668555,4,11.39,4.62,19.16,11.13,4.33,12.73,3.11,15.25,16.79,27.41,9.48
1515,5.412588874668555,4,11.48,4.62,19.16,11.13,4.33,12.78,3.13,15.56,16.79,27.41,9.78
1516,5.412588874668555,4,11.48,4.39,19.16,11.17,4.35,12.78,3.13,15.18,16.79,27.97,9.85
1517,5.412588874668555,4,11.26,4.53,19.16,11.3,4.4,12.83,3.14,16.02,16.79,27.83,9.08
1518,5.412588874668555,4,11.39,4.58,19.16,11.26,4.38,12.93,3.13,15.69,16.87,29.3,8.9
1519,5.412588874668555,4,11.21,4.53,19.07,11.22,4.38,12.78,3.13,16.43,16.79,26.6,8.86
1520,5.412588874668555,4,11.53,4.58,19.07,11.26,4.4,12.83,3.14,16.57,17.03,27.27,8.93
1521,5.412588874668555,4,11.53,4.49,19.07,11.22,4.38,12.83,3.13,16.78,16.79,27.27,8.9
1522,5.412588874668555,4,11.21,4.47,19.07,11.22,4.38,12.88,3.11,17,16.79,26.6,8.66
1523,5.412588874668555,4,11.48,4.43,19.07,11.26,4.35,12.88,3.1,16.36,16.87,26.73,8.62
1524,5.412588874668555,4,11.53,4.47,19.07,11.26,4.33,13.04,3.11,15.44,16.87,27,8.9
1525,5.412588874668555,4,11.53,4.47,19.07,11.22,4.38,13.04,3.13,15.63,16.87,26.86,9.01
1526,5.412588874668555,4,11.48,4.43,19.16,11.26,4.35,12.88,3.11,15.76,16.87,27.14,9.55
1527,5.412588874668555,4,11.21,4.45,19.16,11.26,4.35,12.78,3.13,18.53,17.26,27,9.66
1528,5.412588874668555,4,11.21,4.41,19.16,11.26,4.35,12.78,3.11,15.96,17.03,27.69,9.51
1529,5.412588874668555,4,11.17,4.43,19.16,11.3,4.33,12.83,3.11,15.63,16.79,27.69,9.81
1530,5.412588874668555,4,11.17,4.41,19.16,11.26,4.35,12.78,3.11,15.76,16.64,27.55,10.01
1531,5.412588874668555,4,11.21,4.43,19.16,11.3,4.38,12.78,3.11,15.96,17.18,29.46,8.83
1532,5.412588874668555,4,11.13,4.43,19.16,11.3,4.38,12.78,3.11,16.02,17.1,26.6,8.69
1533,5.412588874668555,4,11.17,4.39,19.16,11.3,4.35,12.73,3.1,15.76,17.1,27.55,8.83
1534,5.412588874668555,4,11.53,4.39,19.07,11.39,4.35,12.78,3.13,15.83,18.69,27,8.76
1535,5.412588874668555,4,11.62,4.45,19.24,11.49,4.42,12.83,3.16,16.64,17.58,27.14,8.86
1536,5.412588874668555,4,11.44,4.39,19.24,11.49,4.35,12.78,3.13,15.76,17.34,26.86,8.9
1537,5.412588874668555,4,11.39,4.43,19.24,11.53,4.38,12.78,3.13,15.76,17.58,27.14,8.86
1538,5.412588874668555,4,11.44,4.41,19.24,11.58,4.38,12.78,3.13,17.36,17.26,27.14,8.86
1539,5.412588874668555,4,11.44,4.37,19.24,11.58,4.35,12.78,3.1,16.09,17.34,26.86,8.76
1540,5.412588874668555,4,11.17,4.37,19.24,11.67,4.35,12.73,3.1,15.83,17.75,27.27,8.69
1541,5.412588874668555,4,11.13,4.39,19.24,11.62,4.31,12.73,3.1,15.96,17.67,27.14,8.62
1542,5.412588874668555,4,11.35,4.35,19.24,11.58,4.33,12.73,3.08,16.02,18.08,27.14,8.62
1543,5.412588874668555,4,11.39,4.39,19.33,11.58,4.35,12.73,3.11,16.23,17.83,27.14,8.62
1544,5.412588874668555,4,11,4.31,19.24,11.53,4.31,12.68,3.07,15.96,17.67,27.27,8.69
1545,5.412588874668555,4,11.26,4.29,19.24,11.53,4.31,12.63,3.07,16.02,17.67,27.27,8.62
1546,5.412588874668555,4,11.3,4.27,19.33,11.58,4.31,12.68,3.07,16.57,17.03,27.14,8.73
1547,5.412588874668555,4,11.3,4.23,19.24,11.17,4.31,12.68,3.07,16.71,18.43,27.27,8.8
1548,5.412588874668555,4,11.26,4.23,19.24,11.17,4.31,12.63,3.07,17.14,17.91,27.27,8.29
1549,5.412588874668555,4,11.13,4.33,19.33,11.17,4.31,12.73,3.08,16.64,17.75,27.55,8.66
1550,5.412588874668555,4,11.04,4.29,19.33,11.17,4.31,12.73,3.07,16.02,17.5,26.2,8.76
1551,5.412588874668555,4,11.3,4.29,19.33,11.17,4.27,12.58,3.05,16.16,17.18,26.86,8.69
1552,5.412588874668555,4,11.35,4.33,19.41,11.22,4.31,12.68,3.08,16.02,17.1,27,8.76
1553,5.412588874668555,4,11.3,4.33,19.41,11.17,4.31,12.68,3.08,16.09,17.1,26.86,8.73
1554,5.412588874668555,4,11.04,4.19,19.41,11.17,4.29,12.53,3.05,16.3,16.95,26.86,8.16
1555,5.412588874668555,4,11.04,4.21,19.41,11.22,4.31,12.58,3.07,16.43,17.26,26.86,8.26
1556,5.412588874668555,4,11.21,4.21,19.49,11.26,4.31,12.53,3.08,16.23,17.18,27,8.73
1557,5.412588874668555,4,11.13,4.23,19.58,11.26,4.35,12.58,3.1,16.16,17.18,26.07,8.8
1558,5.412588874668555,4,11.04,4.25,19.58,11.26,4.38,12.63,3.1,16.16,20.29,26.33,8.66
1559,5.412588874668555,4,11.26,4.25,19.58,11.26,4.35,12.58,3.1,16.16,17.42,27,8.42
1560,5.412588874668555,4,11.3,4.13,19.58,11.22,4.27,12.48,3.05,16.3,17.34,26.73,8.26
1561,5.473782773477036,4,11,4.19,19.67,11.17,4.27,12.43,3.05,16.64,17.5,26.73,8.69
1562,5.473782773477036,4,11.21,4.25,19.67,11.17,4.27,12.43,3.04,16.16,17.5,26.73,8.32
1563,5.473782773477036,4,11.35,4.29,19.58,11.22,4.31,12.48,3.07,16.64,17.75,26.6,8.66
1564,5.473782773477036,4,11.26,4.23,19.58,11.22,4.29,12.43,3.07,16.57,17.1,27.55,8.62
1565,5.473782773477036,4,11.35,4.25,19.58,11.26,4.27,12.43,3.07,16.64,16.87,27.27,8.19
1566,5.473782773477036,4,11.3,4.25,19.58,11.22,4.31,12.43,3.07,16.57,16.87,26.2,8.66
1567,5.473782773477036,4,11.08,4.25,19.49,11.17,4.27,12.33,3.05,16.64,16.72,26.73,8.52
1568,5.473782773477036,4,11.35,4.21,19.67,11.3,4.31,12.43,3.07,16.78,16.79,27,8.62
1569,5.473782773477036,4,11.39,4.17,19.67,11.26,4.27,12.38,3.05,16.43,16.64,26.6,8.49
1570,5.473782773477036,4,11.39,4.17,19.75,11.35,4.29,12.43,3.07,16.3,16.64,27.14,8.62
1571,5.473782773477036,4,11.21,4.15,19.75,11.17,4.29,12.38,3.05,16.16,16.79,26.6,8.52
1572,5.473782773477036,4,11.26,4.11,19.67,10.91,4.24,12.33,3.04,16.02,17.18,26.33,8.62
1573,5.473782773477036,4,11.04,4.07,19.67,10.87,4.24,12.33,3.02,16.23,17.03,26.6,8.49
1574,5.473782773477036,4,11.3,4.11,19.93,10.95,4.27,12.43,3.07,16.57,17.34,26.86,8.49
1575,5.473782773477036,4,11.17,4.13,19.75,10.87,4.27,12.33,3.05,16.23,17.34,26.33,8.59
1576,5.473782773477036,4,11.26,4.13,20.02,10.95,4.31,12.43,3.07,16.57,17.42,27,8.66
1577,5.473782773477036,4,10.95,4.13,20.1,10.91,4.27,12.43,3.07,16.3,17.67,26.6,8.19
1578,5.473782773477036,4,11.26,4.15,20.1,10.95,4.31,12.43,3.08,19.44,17.67,27.27,8.23
1579,5.473782773477036,4,10.91,4.13,20.02,10.91,4.31,12.43,3.07,19.79,17.67,27.55,8.26
1580,5.473782773477036,4,11.3,4.15,20.19,10.95,4.35,12.43,3.1,20.33,18,27.55,8.69
1581,5.473782773477036,4,11.3,4.11,20.1,10.91,4.33,12.38,3.07,19.71,18.25,26.6,8.46
1582,5.473782773477036,4,11.21,4.09,20.1,10.91,4.31,12.38,3.07,19.53,17.75,27.14,8.59
1583,5.473782773477036,4,11.17,4.07,20.1,10.91,4.27,12.33,3.05,16.64,17.67,26.86,8.39
1584,5.473782773477036,4,11.08,4.07,20.02,10.87,4.29,12.33,3.05,16.5,17.5,26.86,8.52
1585,5.473782773477036,4,11.13,4.07,20.02,10.87,4.24,12.33,3.05,16.5,17.58,26.2,8.52
1586,5.473782773477036,4,10.87,4.07,20.1,10.91,4.27,12.28,3.05,16.43,17.5,26.73,8.73
1587,5.473782773477036,4,11.08,4.06,20.1,10.91,4.24,12.28,3.04,16.36,17.5,28.55,8.73
1588,5.473782773477036,4,11.21,4.07,20.1,10.87,4.24,12.33,3.05,16.23,17.42,26.2,8.42
1589,5.473782773477036,4,11.26,4.07,20.19,10.91,4.25,12.33,3.05,16.3,17.5,26.07,8.66
1590,5.473782773477036,4,11,4.06,20.1,10.87,4.24,12.28,3.05,16.3,17.42,25.95,8.62
1591,5.473782773477036,4,11.17,4.04,20.19,10.87,4.24,12.28,3.05,16.36,17.34,26.86,8.56
1592,5.473782773477036,4,10.83,4.06,20.19,10.87,4.25,12.23,3.05,16.3,17.58,25.69,8.36
1593,5.473782773477036,4,11.35,4.07,20.28,10.91,4.27,12.23,3.05,16.36,17.58,27.14,8.39
1594,5.473782773477036,4,11.26,4.07,20.37,10.91,4.27,12.28,3.05,16.43,17.75,25.44,8.69
1595,5.473782773477036,4,11.3,4.07,20.46,10.91,4.25,12.23,3.05,16.36,17.75,27.14,8.62
1596,5.473782773477036,4,11.08,4.07,20.37,10.91,4.24,12.23,3.05,17.07,17.83,26.6,8.56
1597,5.473782773477036,4,11.08,4.09,20.37,10.91,4.25,12.19,3.07,17.07,18,27.97,8.69
1598,5.473782773477036,4,11.13,4.11,20.37,10.91,4.27,12.23,3.07,17.22,18.34,26.86,8.56
1599,5.473782773477036,4,10.78,4.21,20.46,10.91,4.27,12.19,3.05,17,18.51,27,8.49
1600,5.473782773477036,4,11.08,4.19,20.46,10.91,4.27,12.19,3.07,17.36,18.25,26.47,8.59
1601,5.473782773477036,4,10.91,4.19,20.46,10.91,4.25,12.19,3.07,16.86,18.25,28.12,8.59
1602,5.473782773477036,4,10.7,4.25,20.55,10.95,4.29,12.23,3.07,16.57,18.96,25.44,8.26
1603,5.473782773477036,4,11.04,4.17,20.65,11,4.31,12.23,3.1,16.71,18.78,26.2,8.42
1604,5.473782773477036,4,11.08,4.19,20.65,11.04,4.35,12.28,3.11,16.93,18.78,26.2,8.69
1605,5.473782773477036,4,11.17,4.21,20.74,11.08,4.4,12.33,3.14,16.71,19.61,26.6,8.86
1606,5.473782773477036,4,11,4.23,20.74,11.08,4.4,12.33,3.14,16.78,19.23,26.6,8.83
1607,5.473782773477036,4,11.3,4.25,20.83,11.13,4.4,12.33,3.16,16.71,19.23,26.73,8.86
1608,5.473782773477036,4,10.95,4.27,20.74,11.13,4.42,12.33,3.16,18.94,19.14,25.69,9.33
1609,5.473782773477036,4,11.13,4.23,20.65,11,4.33,12.23,3.11,19.19,18.6,25.82,9.22
1610,5.473782773477036,4,11.08,4.31,20.74,10.95,4.33,12.19,3.11,16.71,18.51,26.2,9.15
1611,5.473782773477036,4,10.7,4.23,20.65,10.95,4.29,12.14,3.08,16.71,18,26.33,9.11
1612,5.473782773477036,4,11,4.21,20.55,10.91,4.29,12.14,3.08,16.78,17.75,25.82,9.11
1613,5.473782773477036,4,10.95,4.19,20.65,10.91,4.27,12.09,3.07,16.64,17.67,24.95,8.59
1614,5.473782773477036,4,10.66,4.23,20.74,10.95,4.29,12.14,3.07,16.86,17.75,26.33,8.9
1615,5.473782773477036,4,10.95,4.15,20.65,10.91,4.27,12.14,3.07,16.78,17.58,26.47,9.11
1616,5.473782773477036,4,10.95,4.09,20.65,10.87,4.24,12.09,3.05,16.71,17.5,26.33,8.8
1617,5.473782773477036,4,10.95,4.11,20.74,10.91,4.25,12.14,3.07,16.71,17.75,26.73,8.8
1618,5.473782773477036,4,10.91,4.07,20.65,10.87,4.22,12.04,3.04,16.78,17.75,26.47,9.01
1619,5.473782773477036,4,10.91,4.11,20.74,10.91,4.24,12.09,3.05,16.78,17.75,26.6,8.9
1620,5.473782773477036,4,11,4.11,20.83,10.91,4.27,12.09,3.07,16.86,17.67,27.41,8.8
1621,5.5391314075682505,4,10.95,4.09,20.83,10.91,4.25,12.04,3.05,16.86,17.58,26.47,9.01
1622,5.5391314075682505,4,10.78,4.11,20.74,10.91,4.27,12.09,3.07,16.86,17.58,26.07,9.01
1623,5.5391314075682505,4,10.95,4.13,20.93,10.95,4.31,12.14,3.07,16.93,17.75,26.07,8.97
1624,5.5391314075682505,4,10.95,4.13,20.93,10.95,4.29,12.14,3.07,17,17.58,26.2,8.93
1625,5.5391314075682505,4,10.83,4.09,20.93,10.91,4.25,12.09,3.05,17.07,17.75,26.07,8.9
1626,5.5391314075682505,4,11.13,4.15,21.02,11,4.31,12.14,3.08,17,17.75,26.33,8.97
1627,5.5391314075682505,4,10.74,4.13,21.02,10.91,4.25,12.14,3.07,16.93,17.67,25.82,9.08
1628,5.5391314075682505,4,10.87,4.15,21.02,10.91,4.25,12.23,3.07,17.22,17.58,26.33,9.08
1629,5.5391314075682505,4,10.7,4.21,21.02,10.95,4.27,12.33,3.07,17.14,17.58,26.47,8.8
1630,5.5391314075682505,4,11.13,4.25,21.21,11.04,4.38,12.28,3.11,17.14,17.75,26.33,8.83
1631,5.5391314075682505,4,11.04,4.25,21.11,11,4.31,12.38,3.08,17.14,17.83,29,8.73
1632,5.5391314075682505,4,11,4.27,21.02,10.91,4.33,12.23,3.07,17,17.67,26.2,8.97
1633,5.5391314075682505,4,10.91,4.23,21.02,10.91,4.29,12.19,3.05,17.22,17.58,27.83,8.86
1634,5.5391314075682505,4,10.87,4.23,21.02,10.87,4.27,12.53,3.08,17,17.42,25.95,8.97
1635,5.5391314075682505,4,10.95,4.19,21.02,10.91,4.29,12.19,3.08,17.07,17.42,25.95,9.08
1636,5.5391314075682505,4,10.91,4.23,21.02,10.91,4.31,12.14,3.08,17.07,17.42,26.2,8.97
1637,5.5391314075682505,4,10.66,4.23,21.02,10.87,4.29,12.14,3.05,16.93,17.42,25.82,9.04
1638,5.5391314075682505,4,10.91,4.35,21.11,10.91,4.31,12.19,3.07,17,17.5,26.33,9.11
1639,5.5391314075682505,4,11,4.25,21.11,11,4.31,12.23,3.08,17,17.5,27,9.15
1640,5.5391314075682505,4,10.91,4.17,21.21,10.95,4.31,12.28,3.08,17,17.42,26.47,9.11
1641,5.5391314075682505,4,10.91,4.19,21.11,11,4.35,12.28,3.1,17,17.34,26.33,8.86
1642,5.5391314075682505,4,11,4.19,21.31,11,4.35,12.33,3.11,17.14,17.42,26.33,9.18
1643,5.5391314075682505,4,10.7,4.15,21.02,10.91,4.31,12.28,3.08,17.07,17.26,27.27,9.08
1644,5.5391314075682505,4,10.74,4.17,21.31,10.95,4.33,12.28,3.1,17.07,17.5,26.73,9.15
1645,5.5391314075682505,4,10.91,4.19,21.21,11,4.33,12.28,3.11,18.85,17.34,27,8.93
1646,5.5391314075682505,4,10.95,4.17,21.21,11,4.33,12.23,3.1,17,17.42,26.6,9.11
1647,5.5391314075682505,4,10.91,4.15,21.31,11,4.31,12.19,3.08,17.07,17.5,26.47,9.11
1648,5.5391314075682505,4,10.87,4.17,21.31,11.04,4.35,12.23,3.11,17.07,17.58,26.47,9.04
1649,5.5391314075682505,4,10.91,4.17,21.11,11,4.35,12.19,3.1,17,17.42,26.6,8.97
1650,5.5391314075682505,4,10.91,4.13,21.21,11,4.29,12.33,3.05,17,17.5,26.07,8.8
1651,5.5391314075682505,4,10.78,4.21,21.4,11.17,4.38,12.38,3.13,17.97,17.75,26.33,9.11
1652,5.5391314075682505,4,10.91,4.19,21.31,11.08,4.38,12.33,3.11,17.14,17.5,27.27,9.11
1653,5.5391314075682505,4,11,4.15,21.4,11.08,4.33,12.33,3.08,17,17.5,27.83,9.11
1654,5.5391314075682505,4,10.91,4.15,21.21,11,4.31,12.23,3.07,16.93,17.34,25.95,9.08
1655,5.5391314075682505,4,10.66,4.15,21.4,11.04,4.31,12.33,3.08,16.93,17.42,26.33,9.11
1656,5.5391314075682505,4,11.08,4.25,21.6,11.22,4.38,12.43,3.16,17,17.5,26.2,8.97
1657,5.5391314075682505,4,11,4.23,21.4,11.17,4.35,12.33,3.14,16.93,17.5,25.44,9.01
1658,5.5391314075682505,4,10.95,4.13,21.31,11,4.27,12.04,3.05,16.78,17.34,25.82,9.04
1659,5.5391314075682505,4,10.74,4.15,21.21,10.87,4.2,11.95,3.01,16.71,17.18,25.44,8.86
1660,5.5391314075682505,4,10.74,4.15,21.31,10.91,4.22,11.99,3.02,16.78,17.26,27.14,9.01
1661,5.5391314075682505,4,10.78,4.17,21.4,10.95,4.24,11.99,3.02,16.93,17.34,25.57,8.97
1662,5.5391314075682505,4,10.83,4.13,21.31,10.91,4.24,11.99,3.02,17.14,17.34,25.69,8.86
1663,5.5391314075682505,4,10.78,4.13,21.4,10.91,4.24,12.09,3.02,16.86,17.34,25.44,9.04
1664,5.5391314075682505,4,10.53,4.11,21.31,10.87,4.24,12.19,3.01,16.86,17.34,26.47,8.93
1665,5.5391314075682505,4,10.7,4.06,21.21,10.78,4.18,11.95,2.98,16.64,17.18,25.07,8.83
1666,5.5391314075682505,4,10.66,4.02,21.21,10.78,4.16,12.04,2.96,16.78,17.26,24.48,8.8
1667,5.5391314075682505,4,10.7,4.02,21.21,10.78,4.18,11.9,2.96,16.71,17.18,25.07,8.9
1668,5.5391314075682505,4,10.66,4,21.11,10.74,4.14,11.81,2.96,16.64,17.1,24.95,8.83
1669,5.5391314075682505,4,10.7,3.96,21.11,10.7,4.1,11.81,2.93,16.71,17.26,24.83,8.76
1670,5.5391314075682505,4,10.49,3.94,21.11,10.7,4.1,11.76,2.92,16.64,17.34,24.95,8.73
1671,5.5391314075682505,4,10.53,3.96,21.31,10.7,4.12,11.95,2.92,16.64,17.75,24.95,8.76
1672,5.5391314075682505,4,10.53,3.96,21.31,10.7,4.12,11.81,2.92,16.78,17.34,25.07,8.73
1673,5.5391314075682505,4,10.57,3.96,21.11,10.65,4.08,11.76,2.92,16.64,17.42,24.83,8.62
1674,5.5391314075682505,4,10.49,3.96,21.02,10.65,4.08,11.95,2.9,16.64,17.42,24.01,8.62
1675,5.5391314075682505,4,10.45,4.02,21.11,10.65,4.06,11.76,2.9,16.64,17.5,24.95,8.56
1676,5.5391314075682505,4,10.45,4,21.11,10.65,4.08,11.62,2.9,16.71,17.91,24.83,8.66
1677,5.5391314075682505,4,10.37,4.02,21.02,10.61,4.08,11.62,2.9,16.64,17.5,24.59,8.66
1678,5.5391314075682505,4,10.25,3.96,21.21,10.65,4.08,11.67,2.9,16.71,17.42,24.95,8.52
1679,5.5391314075682505,4,10.49,3.94,21.21,10.65,4.08,11.81,2.89,16.86,17.34,25.07,8.73
1680,5.5391314075682505,4,10.49,3.94,21.31,10.7,4.08,11.71,2.9,16.93,17.34,25.07,8.69
1681,5.6111427069017825,4,10.41,3.92,21.11,10.61,4.08,11.71,2.89,16.86,17.1,24.83,8.66
1682,5.6111427069017825,4,10.57,3.92,21.21,10.65,4.1,11.62,2.9,17,17.18,25.07,8.69
1683,5.6111427069017825,4,10.57,3.92,21.21,10.65,4.08,11.67,2.89,16.93,17.26,25.95,8.62
1684,5.6111427069017825,4,10.41,3.9,21.31,10.65,4.08,11.76,2.89,16.93,17.18,25.95,8.66
1685,5.6111427069017825,4,10.53,3.92,21.4,10.65,4.1,11.99,2.9,17.07,17.34,24.83,8.8
1686,5.6111427069017825,4,10.62,3.92,21.4,10.65,4.1,11.81,2.9,17.07,17.26,25.07,8.8
1687,5.6111427069017825,4,10.49,3.9,21.4,10.65,4.08,11.71,2.89,17.14,17.18,25.95,8.73
1688,5.6111427069017825,4,10.57,3.92,21.4,10.65,4.08,11.67,2.89,17.22,17.18,26.07,8.73
1689,5.6111427069017825,4,10.57,3.94,21.5,10.7,4.1,11.71,2.9,17.36,17.26,25.69,8.8
1690,5.6111427069017825,4,10.66,3.96,21.6,10.78,4.08,11.85,2.92,17.29,17.58,26.33,8.83
1691,5.6111427069017825,4,10.7,3.98,21.6,10.78,4.08,11.85,2.93,17.22,17.5,26.33,8.83
1692,5.6111427069017825,4,10.66,4,21.69,10.78,4.1,11.9,2.93,17.29,17.42,25.2,8.8
1693,5.6111427069017825,4,10.49,4,21.69,10.78,4.1,11.81,2.93,17.29,17.42,25.32,8.8
1694,5.6111427069017825,4,10.62,4.02,21.79,10.82,4.12,11.76,2.93,17.44,17.5,27.83,8.83
1695,5.6111427069017825,4,10.62,4.02,21.69,10.82,4.12,11.81,2.93,17.44,17.67,25.32,8.66
1696,5.6111427069017825,4,10.49,4.04,21.69,10.78,4.12,11.99,2.93,17.51,17.42,25.2,8.76
1697,5.6111427069017825,4,10.37,4.04,21.79,10.78,4.12,11.99,2.93,17.36,17.5,24.71,8.59
1698,5.6111427069017825,4,10.41,4.06,21.99,10.82,4.14,11.99,2.96,17.44,17.42,24.48,8.8
1699,5.6111427069017825,4,10.53,4.07,21.79,10.78,4.14,11.99,2.98,17.36,17.42,25.07,8.83
1700,5.6111427069017825,4,10.53,4.09,21.79,10.78,4.12,11.95,2.98,17.22,17.34,25.44,8.59
1701,5.6111427069017825,4,10.53,4.07,21.69,10.78,4.14,11.95,2.99,17.29,17.58,24.83,8.69
1702,5.6111427069017825,4,10.62,4.07,21.79,10.78,4.14,11.95,2.99,17.29,17.42,24.71,8.83
1703,5.6111427069017825,4,10.41,4.06,21.79,10.78,4.14,11.76,3.01,17.29,17.34,24.83,8.86
1704,5.6111427069017825,4,10.62,4.02,21.79,10.7,4.14,11.71,3.01,17.22,17.5,25.2,8.86
1705,5.6111427069017825,4,10.57,4.04,21.79,10.7,4.14,11.85,3.01,17.36,17.26,25.07,8.83
1706,5.6111427069017825,4,10.49,4,21.79,10.65,4.14,11.76,3.01,17,17.26,24.83,8.59
1707,5.6111427069017825,4,10.29,4,21.79,10.7,4.16,11.9,3.02,17.29,17.58,25.82,8.9
1708,5.6111427069017825,4,10.49,3.98,21.79,10.7,4.14,11.81,3.01,17.22,17.5,24.59,8.86
1709,5.6111427069017825,4,10.57,3.96,21.79,10.7,4.14,11.81,3.01,17.44,17.5,24.95,8.8
1710,5.6111427069017825,4,10.53,3.94,21.79,10.65,4.14,11.71,3.01,17,17.58,24.83,8.76
1711,5.6111427069017825,4,10.45,3.96,21.69,10.7,4.14,11.76,3.01,17.07,17.67,24.95,8.86
1712,5.6111427069017825,4,10.49,3.94,21.79,10.7,4.14,11.81,3.01,17.14,17.5,24.59,8.83
1713,5.6111427069017825,4,10.37,3.96,21.89,10.7,4.14,11.76,3.01,17.07,17.42,24.59,8.73
1714,5.6111427069017825,4,10.45,3.96,21.89,10.7,4.14,11.71,3.02,17.14,17.5,24.83,8.76
1715,5.6111427069017825,4,10.53,3.94,21.89,10.74,4.14,11.71,3.01,17.07,17.58,24.83,8.69
1716,5.6111427069017825,4,10.45,3.92,21.79,10.7,4.12,11.67,2.99,17.22,17.03,24.59,8.69
1717,5.6111427069017825,4,10.33,3.92,21.69,10.65,4.1,11.85,2.99,19.27,17.03,24.36,8.66
1718,5.6111427069017825,4,10.25,3.88,21.69,10.61,4.06,11.67,2.98,17.22,16.87,24.48,8.73
1719,5.6111427069017825,4,10.41,3.9,21.69,10.65,4.1,11.58,2.99,17.29,16.87,24.59,8.8
1720,5.6111427069017825,4,10.45,3.9,21.69,10.74,4.08,11.58,2.98,17.14,16.87,24.59,8.8
1721,5.6111427069017825,4,10.37,3.92,21.69,10.65,4.1,11.58,2.99,17.07,16.95,25.07,8.8
1722,5.6111427069017825,4,10.37,3.94,21.79,10.7,4.12,11.58,3.01,17.44,17.03,25.44,8.49
1723,5.6111427069017825,4,10.29,3.9,21.6,10.61,4.1,11.53,2.99,17.22,16.95,24.83,8.83
1724,5.6111427069017825,4,10.45,3.94,21.79,10.74,4.14,11.62,3.01,17.36,16.95,24.83,8.93
1725,5.6111427069017825,4,10.33,3.92,21.69,10.61,4.14,11.53,2.99,17.67,16.95,24.48,8.9
1726,5.6111427069017825,4,10.45,3.9,21.69,10.65,4.12,11.53,2.99,17.44,16.87,24.59,8.66
1727,5.6111427069017825,4,10.41,3.92,21.69,10.65,4.12,11.53,2.99,17.74,16.79,24.13,8.66
1728,5.6111427069017825,4,10.41,3.92,21.6,10.57,4.04,11.53,2.99,17.51,16.79,24.59,8.62
1729,5.6111427069017825,4,10.21,3.92,21.69,10.65,4.1,11.53,2.99,17,16.72,24.83,8.62
1730,5.6111427069017825,4,10.29,3.9,21.5,10.57,4.08,11.49,2.98,16.86,16.72,24.59,8.97
1731,5.6111427069017825,4,10.29,3.9,21.6,10.57,4.08,11.49,2.98,17,16.72,24.83,8.9
1732,5.6111427069017825,4,10.09,3.9,21.5,10.53,4.1,11.44,2.98,16.93,16.57,24.59,8.83
1733,5.6111427069017825,4,10.13,3.9,21.5,10.57,4.08,11.44,2.98,17,16.57,24.83,8.56
1734,5.6111427069017825,4,10.25,3.92,21.6,10.61,4.1,11.49,2.99,17,16.79,24.71,8.93
1735,5.6111427069017825,4,10.13,3.94,21.69,10.61,4.08,11.49,2.98,16.93,16.64,24.71,8.93
1736,5.6111427069017825,4,10.29,4,21.79,10.74,4.12,11.58,3.02,17,16.72,24.83,8.86
1737,5.6111427069017825,4,10.17,3.98,21.4,10.61,4.06,11.44,2.96,16.93,16.57,24.71,8.69
1738,5.6111427069017825,4,10.17,3.98,21.4,10.61,4.06,11.44,2.96,17.89,16.42,24.83,8.73
1739,5.6111427069017825,4,10.25,4.04,21.69,10.7,4.08,11.49,2.98,17,16.72,25.82,8.69
1740,5.6111427069017825,4,10.21,4.02,21.5,10.65,4.08,11.44,2.96,16.86,16.49,24.95,8.73
1741,5.636574515923481,4,10.25,4.06,21.5,10.65,4.08,11.44,2.99,17.14,16.34,25.2,8.76
1742,5.636574515923481,4,10.13,4.07,21.5,10.74,4.12,11.44,2.99,20.89,16.42,25.07,8.76
1743,5.636574515923481,4,10.09,4.02,21.4,10.7,4.12,11.4,2.99,20.8,16.34,25.32,8.73
1744,5.636574515923481,4,10.17,4.02,21.4,10.7,4.12,11.35,2.99,20.99,16.27,25.07,8.73
1745,5.636574515923481,4,10.01,4,21.5,10.7,4.1,11.35,2.98,21.37,16.27,26.2,8.69
1746,5.636574515923481,4,10.33,4.02,21.69,10.74,4.12,11.4,3.01,21.67,16.49,27,8.76
1747,5.636574515923481,4,9.97,4.04,21.69,10.78,4.1,11.35,2.99,21.57,16.49,25.44,8.73
1748,5.636574515923481,4,10.45,4.04,21.79,10.65,4.12,11.4,3.01,20.99,16.49,25.07,8.76
1749,5.636574515923481,4,10.45,4.06,21.89,10.7,4.14,11.4,3.02,17.67,16.57,25.2,8.8
1750,5.636574515923481,4,10.37,4.09,21.99,10.7,4.12,11.4,3.01,17.44,16.49,24.83,8.76
1751,5.636574515923481,4,10.33,4.07,21.99,10.7,4.06,11.4,2.99,18.29,16.49,24.83,8.69
1752,5.636574515923481,4,10.33,4.09,22.09,10.7,4.1,11.44,2.99,18.13,16.64,24.83,8.42
1753,5.636574515923481,4,10.49,4.06,21.89,10.65,4.12,11.4,2.99,20.61,16.64,24.83,8.8
1754,5.636574515923481,4,10.37,4.02,21.89,10.74,4.08,11.4,2.98,17.67,16.72,24.71,8.8
1755,5.636574515923481,4,10.21,4.02,21.99,10.74,4.08,11.4,2.98,17.29,16.64,24.71,8.66
1756,5.636574515923481,4,10.37,4.04,21.89,10.65,4.1,11.4,2.99,17.14,16.64,24.48,8.83
1757,5.636574515923481,4,10.33,4.06,21.99,10.65,4.12,11.44,2.99,17.14,16.64,24.71,8.8
1758,5.636574515923481,4,10.25,4.06,21.99,10.74,4.1,11.4,2.99,17.44,16.57,25.07,8.83
1759,5.636574515923481,4,10.05,4.07,21.89,10.74,4.1,11.35,2.99,17.59,16.49,24.36,8.8
1760,5.636574515923481,4,10.37,4.07,21.89,10.65,4.1,11.4,3.01,18.61,16.57,24.83,8.76
1761,5.636574515923481,4,10.25,4.04,21.79,10.61,4.08,11.31,2.99,19.88,16.49,24.71,8.83
1762,5.636574515923481,4,10.25,3.96,21.89,10.65,4.1,11.35,2.99,17.97,16.57,25.32,8.73
1763,5.636574515923481,4,10.25,3.92,21.79,10.65,4.1,11.35,2.99,17.89,16.49,25.2,8.83
1764,5.636574515923481,4,10.09,3.92,21.89,10.65,4.1,11.35,2.98,17.67,16.49,26.2,8.8
1765,5.636574515923481,4,10.29,3.9,21.79,10.61,4.08,11.31,2.98,17.59,16.42,25.69,8.8
1766,5.636574515923481,4,10.29,3.88,21.99,10.61,4.08,11.31,2.96,17.97,16.34,25.82,8.76
1767,5.636574515923481,4,10.25,3.9,21.89,10.7,4.1,11.35,2.98,17.97,16.42,25.69,8.86
1768,5.636574515923481,4,10.05,3.88,21.89,10.65,4.08,11.35,2.98,17.89,16.42,25.57,8.83
1769,5.636574515923481,4,10.17,3.9,21.89,10.65,4.1,11.35,2.99,17.97,16.49,25.32,8.86
1770,5.636574515923481,4,10.29,3.9,21.99,10.7,4.12,11.4,2.99,18.05,16.49,25.44,8.83
1771,5.636574515923481,4,10.29,3.94,22.09,10.74,4.14,11.44,3.02,17.44,16.57,24.95,8.8
1772,5.636574515923481,4,10.29,3.96,21.99,10.65,4.08,11.4,2.99,17.22,16.42,24.59,8.69
1773,5.636574515923481,4,10.33,3.9,22.09,10.7,4.1,11.44,3.01,17.29,16.49,26.6,8.69
1774,5.636574515923481,4,10.29,3.92,22.09,10.74,4.12,11.44,3.02,17.22,16.49,24.13,8.8
1775,5.636574515923481,4,10.33,3.9,21.99,10.7,4.1,11.44,2.99,17.22,16.49,25.95,8.56
1776,5.636574515923481,4,10.33,3.88,21.99,10.7,4.08,11.4,2.99,17.36,18.43,25.44,8.69
1777,5.636574515923481,4,10.37,3.92,21.99,10.74,4.12,11.44,3.02,19.71,18,25.57,8.73
1778,5.636574515923481,4,10.17,3.92,22.09,10.74,4.14,11.44,3.01,17.22,18.25,24.59,8.76
1779,5.636574515923481,4,10.25,3.88,21.79,10.74,4.1,11.35,2.99,17,18.25,24.48,8.69
1780,5.636574515923481,4,10.05,3.9,21.99,10.7,4.12,11.44,2.99,17.14,18.17,26.33,8.69
1781,5.636574515923481,4,10.25,3.9,21.89,10.7,4.1,11.44,2.99,17.07,17.91,24.71,8.76
1782,5.636574515923481,4,10.25,3.92,21.99,10.74,4.14,11.53,3.01,17.07,18,24.95,8.83
1783,5.636574515923481,4,10.37,3.92,22.19,10.78,4.16,11.49,3.02,17.22,17.83,25.2,8.8
1784,5.636574515923481,4,10.33,3.92,22.19,10.78,4.1,11.44,3.01,17.36,17.83,25.2,8.8
1785,5.636574515923481,4,10.09,3.92,22.09,10.78,4.14,11.49,3.01,17.29,17.75,25.69,8.8
1786,5.636574515923481,4,10.17,3.9,21.99,10.7,4.12,11.44,2.99,17.14,17.58,24.95,8.76
1787,5.636574515923481,4,10.37,3.94,21.99,10.78,4.16,11.49,3.02,17.14,17.58,24.83,8.73
1788,5.636574515923481,4,10.21,3.94,21.99,10.78,4.16,11.49,3.02,17.07,17.5,23.56,8.76
1789,5.636574515923481,4,10.29,3.94,21.89,10.78,4.14,11.49,3.01,16.93,17.5,24.59,8.8
1790,5.636574515923481,4,10.25,3.92,21.89,10.74,4.06,11.44,2.99,17,17.42,24.36,8.8
1791,5.636574515923481,4,10.29,3.94,21.99,10.87,4.14,11.53,3.02,17,17.34,24.01,8.8
1792,5.636574515923481,4,10.33,3.96,21.99,10.87,4.1,11.53,3.02,17.14,17.26,24.24,8.8
1793,5.636574515923481,4,10.09,3.94,21.99,10.87,4.12,11.49,3.02,17.14,17.5,24.59,8.66
1794,5.636574515923481,4,10.29,3.94,21.89,10.82,4.12,11.4,3.02,17,17.26,24.36,8.69
1795,5.636574515923481,4,10.25,3.92,21.89,10.74,4.12,11.4,3.01,16.93,17.03,24.48,8.8
1796,5.636574515923481,4,10.33,3.96,21.89,10.78,4.16,11.58,3.04,17.14,17.26,24.95,8.83
1797,5.636574515923481,4,10.33,3.98,21.99,10.82,4.18,11.53,3.04,17.14,17.1,24.83,8.83
1798,5.636574515923481,4,10.37,3.96,21.99,10.87,4.18,11.4,3.04,17.07,17.18,24.95,8.69
1799,5.636574515923481,4,10.21,3.85,21.79,10.61,4.06,11.22,2.95,17.59,16.87,24.59,8.42
1800,5.636574515923481,4,10.17,3.81,21.79,10.57,4.02,11.35,2.9,16.93,16.79,25.07,8.42
1801,5.644984905269979,4,10.09,3.79,21.79,10.53,4,11.13,2.9,16.93,16.64,24.13,8.46
1802,5.644984905269979,4,10.01,3.77,21.69,10.49,3.98,11.09,2.89,16.86,16.72,23.78,8.52
1803,5.644984905269979,4,10.13,3.79,21.79,10.53,3.96,11.09,2.9,17.07,16.49,24.24,8.69
1804,5.644984905269979,4,10.13,3.79,21.79,10.53,4,11.09,2.9,16.93,16.72,23.78,8.66
1805,5.644984905269979,4,10.09,3.77,21.69,10.49,4,11.09,2.9,17.07,16.79,23.67,8.59
1806,5.644984905269979,4,10.05,3.77,21.69,10.49,3.98,11.13,2.89,17.07,16.79,22.8,8.52
1807,5.644984905269979,4,10.01,3.75,21.6,10.45,3.98,11.09,2.87,17,16.72,24.01,8.56
1808,5.644984905269979,4,10.01,3.75,21.5,10.45,3.96,11.09,2.87,16.93,16.64,22.8,8.52
1809,5.644984905269979,4,10.01,3.75,21.69,10.49,3.96,11.22,2.87,17,16.87,23.56,8.26
1810,5.644984905269979,4,10.01,3.73,21.69,10.45,3.96,11.09,2.87,16.93,16.79,23.56,8.56
1811,5.644984905269979,4,10.01,3.73,21.6,10.41,3.94,11.09,2.87,16.93,16.79,23.56,8.29
1812,5.644984905269979,4,10.01,3.75,21.6,10.45,3.79,11.04,2.87,16.86,16.72,23.56,8.49
1813,5.644984905269979,4,9.97,3.73,21.6,10.45,3.91,11.04,2.87,17,16.72,23.34,8.32
1814,5.644984905269979,4,10.01,3.73,21.5,10.45,3.93,11,2.87,16.86,16.72,23.56,8.49
1815,5.644984905269979,4,10.05,3.75,21.6,10.49,3.94,11.04,2.87,17,16.79,23.45,8.39
1816,5.644984905269979,4,9.97,3.75,21.69,10.49,3.94,11.04,2.87,17,16.79,23.9,8.32
1817,5.644984905269979,4,9.97,3.73,21.5,10.45,3.94,11.04,2.87,16.86,16.72,24.13,8.36
1818,5.644984905269979,4,9.97,3.75,21.69,10.49,3.96,11.04,2.89,17,16.72,23.78,8.49
1819,5.644984905269979,4,10.01,3.75,21.6,10.49,3.96,11.22,2.87,16.93,16.72,24.01,8.46
1820,5.644984905269979,4,9.89,3.73,21.6,10.49,3.96,11.09,2.87,16.86,16.72,24.01,8.49
1821,5.644984905269979,4,10.01,3.75,21.6,10.49,3.98,11,2.87,16.86,16.72,23.78,8.26
1822,5.644984905269979,4,10.17,3.75,21.69,10.49,3.98,11.04,2.89,16.93,16.79,24.01,8.52
1823,5.644984905269979,4,10.09,3.73,21.6,10.45,3.96,11,2.87,16.86,16.64,23.78,8.26
1824,5.644984905269979,4,10.01,3.75,21.6,10.49,3.98,11,2.87,16.86,16.72,23.9,8.52
1825,5.644984905269979,4,10.05,3.75,21.69,10.53,3.98,11.04,2.89,16.93,16.79,24.36,8.29
1826,5.644984905269979,4,10.05,3.75,21.6,10.57,3.96,10.96,2.87,16.86,16.72,23.9,8.42
1827,5.644984905269979,4,10.01,3.75,21.5,10.57,3.96,10.96,2.87,16.86,16.64,23.12,8.49
1828,5.644984905269979,4,10.01,3.75,21.5,10.57,3.98,10.96,2.87,16.71,16.64,24.01,8.46
1829,5.644984905269979,4,9.89,3.73,21.11,10.49,3.94,10.83,2.86,16.5,16.34,23.56,8.36
1830,5.644984905269979,4,9.97,3.73,21.4,10.57,3.96,10.91,2.87,16.71,16.57,23.9,8.39
1831,5.644984905269979,4,10.01,3.75,21.6,10.57,3.96,10.96,2.89,16.93,16.79,24.01,8.46
1832,5.644984905269979,4,10.05,3.77,21.69,10.65,3.98,11,2.89,17,16.87,24.36,8.46
1833,5.644984905269979,4,10.01,3.75,21.69,10.65,3.96,11,2.89,17,16.95,24.01,8.46
1834,5.644984905269979,4,10.09,3.77,21.69,10.65,3.98,11,2.9,17,16.95,24.01,8.49
1835,5.644984905269979,4,10.01,3.75,21.69,10.61,3.98,10.96,2.89,16.93,16.87,23.78,8.56
1836,5.644984905269979,4,10.01,3.77,21.6,10.61,3.98,10.96,2.89,16.86,16.79,23.34,8.56
1837,5.644984905269979,4,10.01,3.77,21.69,10.65,4,11,2.9,17,16.87,24.13,8.56
1838,5.644984905269979,4,10.09,3.81,21.79,10.74,4.04,11.09,2.92,17.07,16.95,24.24,8.39
1839,5.644984905269979,4,10.17,3.83,21.89,10.78,4.06,11.09,2.93,17,17.03,23.9,8.59
1840,5.644984905269979,4,10.01,3.83,21.79,10.74,4.08,11.09,2.93,17.14,16.95,24.01,8.52
1841,5.644984905269979,4,10.21,3.85,21.79,10.78,4.08,11.13,2.95,17.07,16.95,24.01,8.62
1842,5.644984905269979,4,10.13,3.87,21.79,10.82,4.08,11.17,2.96,17.14,17.03,24.71,8.62
1843,5.644984905269979,4,10.17,3.9,21.89,10.87,4.14,11.44,2.99,17.22,17.1,24.36,8.62
1844,5.644984905269979,4,10.29,3.92,21.89,10.91,4.16,11.4,3.01,17.14,17.18,25.95,8.66
1845,5.644984905269979,4,10.25,3.92,22.09,10.95,4.16,11.62,3.01,17.29,17.26,24.59,8.73
1846,5.644984905269979,4,10.37,3.96,21.99,11,4.2,11.35,3.02,17.36,17.26,24.36,8.73
1847,5.644984905269979,4,10.33,3.96,21.99,10.95,4.18,11.4,3.02,17.36,17.26,24.83,8.66
1848,5.644984905269979,4,10.41,3.92,21.99,10.95,4.14,11.44,3.01,17.36,17.18,24.48,8.66
1849,5.644984905269979,4,10.66,3.96,21.89,10.91,4.2,11.35,3.02,19.53,17.1,24.24,8.59
1850,5.644984905269979,4,10.37,3.98,22.19,11,4.18,11.35,3.04,17.44,17.34,24.24,8.62
1851,5.644984905269979,4,10.21,3.94,22.09,10.91,4.14,11.35,3.01,17.36,17.26,24.59,8.8
1852,5.644984905269979,4,10.29,3.96,22.19,10.91,4.18,11.4,3.02,17.51,17.34,24.83,8.8
1853,5.644984905269979,4,10.33,3.94,22.19,10.95,4.18,11.4,3.01,17.29,17.34,24.71,8.73
1854,5.644984905269979,4,10.37,3.98,22.19,11.04,4.22,11.53,3.04,19.62,17.34,24.83,8.8
1855,5.644984905269979,4,10.13,3.98,22.19,11.04,4.18,11.49,3.04,17.44,17.34,24.83,8.73
1856,5.644984905269979,4,10.33,3.96,22.19,11.04,4.2,11.44,3.04,17.51,17.34,24.71,8.8
1857,5.644984905269979,4,10.41,3.98,22.3,11.04,4.22,11.44,3.04,17.44,17.34,25.32,8.8
1858,5.644984905269979,4,10.41,4.02,22.3,11.08,4.24,11.58,3.07,17.51,17.42,25.57,8.8
1859,5.644984905269979,4,10.33,3.98,22.3,11.04,4.2,11.53,3.04,17.36,17.34,24.71,8.66
1860,5.644984905269979,4,10.57,4.06,22.4,11.17,4.27,11.58,3.1,17.51,17.42,25.07,8.76
1861,5.65997489713184,4,10.45,4.06,22.3,11.17,4.27,11.58,3.08,17.67,17.42,24.95,8.9
1862,5.65997489713184,4,10.57,4.11,22.4,11.26,4.33,11.67,3.14,17.51,17.5,25.2,8.93
1863,5.65997489713184,4,10.37,4.02,22.3,11.13,4.24,11.53,3.05,17.29,17.42,24.83,8.86
1864,5.65997489713184,4,10.62,4.11,22.4,11.26,4.33,11.62,3.13,17.44,17.5,25.32,9.01
1865,5.65997489713184,4,10.29,3.9,22.09,10.91,4.12,11.31,2.98,17.82,17.34,24.24,8.66
1866,5.65997489713184,4,10.09,3.92,22.09,10.95,4.12,11.35,2.99,17.22,17.18,24.36,8.83
1867,5.65997489713184,4,10.17,3.9,22.09,10.91,4.12,11.31,2.98,17.14,17.18,24.24,8.66
1868,5.65997489713184,4,10.25,3.88,22.09,10.91,4.12,11.31,2.96,17.22,17.18,23.9,8.73
1869,5.65997489713184,4,10.09,3.88,22.09,10.91,4.1,11.31,2.96,17.22,17.18,24.36,8.66
1870,5.65997489713184,4,10.21,3.88,22.09,10.91,4.1,11.35,2.96,17.36,17.18,24.48,8.69
1871,5.65997489713184,4,10.25,3.87,22.09,10.91,4.08,11.26,2.95,17.44,17.1,24.13,8.56
1872,5.65997489713184,4,10.17,3.87,22.19,10.91,4.08,11.31,2.95,17.67,17.26,24.59,8.69
1873,5.65997489713184,4,10.29,3.87,22.3,10.91,4.08,11.35,2.95,17.51,17.26,24.36,8.69
1874,5.65997489713184,4,10.05,3.85,22.09,10.87,4.06,11.26,2.95,17.44,17.1,23.9,8.73
1875,5.65997489713184,4,10.17,3.87,22.19,10.91,4.06,11.31,2.95,17.74,17.26,24.24,8.76
1876,5.65997489713184,4,10.17,3.85,22.3,10.91,4.06,11.31,2.95,17.44,17.26,25.82,8.76
1877,5.65997489713184,4,10.09,3.85,22.4,10.91,4.08,11.35,2.95,19.44,17.34,24.24,8.52
1878,5.65997489713184,4,10.17,3.87,22.5,11,4.08,11.35,2.96,17.74,17.34,23.9,8.76
1879,5.65997489713184,4,9.97,3.87,22.5,11,4.1,11.35,2.96,17.82,17.42,24.59,8.83
1880,5.65997489713184,4,10.21,3.85,22.5,10.91,4.08,11.31,2.95,17.74,17.34,24.48,8.73
1881,5.65997489713184,4,10.17,3.85,22.5,10.95,4.08,11.35,2.95,17.82,17.42,25.07,8.66
1882,5.65997489713184,4,10.21,3.87,22.5,10.95,4.06,11.35,2.96,17.82,17.34,26.07,8.73
1883,5.65997489713184,4,10.17,3.85,22.19,10.91,3.96,11.26,2.96,17.59,17.18,24.71,8.69
1884,5.65997489713184,4,10.09,3.9,22.4,11.04,4.14,11.35,2.98,17.82,17.26,24.36,8.59
1885,5.65997489713184,4,10.25,3.94,22.3,11.08,4.16,11.4,3.01,17.67,17.34,25.07,8.86
1886,5.65997489713184,4,10.13,3.88,22.19,10.95,4.1,11.26,2.96,17.51,17.18,25.69,8.8
1887,5.65997489713184,4,10.01,3.85,22.19,10.91,4.08,11.31,2.95,17.59,17.18,25.44,8.83
1888,5.65997489713184,4,10.09,3.87,22.19,10.95,4.1,11.31,2.96,20.8,17.26,24.48,8.8
1889,5.65997489713184,4,9.93,3.87,22.3,10.95,4.1,11.31,2.96,20.89,17.42,25.44,8.49
1890,5.65997489713184,4,10.21,3.85,22.19,10.91,4.08,11.26,2.93,20.8,17.1,25.07,8.66
1891,5.65997489713184,4,10.17,3.85,22.19,10.91,4.08,11.31,2.95,20.7,17.26,25.07,8.73
1892,5.65997489713184,4,10.05,3.77,22.19,10.82,4,11.17,2.89,17.59,17.18,24.95,8.62
1893,5.65997489713184,4,10.05,3.79,22.3,10.87,4.02,11.26,2.9,17.67,17.34,25.07,8.42
1894,5.65997489713184,4,10.17,3.83,22.3,10.91,4.06,11.31,2.93,17.74,17.26,24.13,8.69
1895,5.65997489713184,4,10.17,3.85,22.4,10.95,4.08,11.4,2.95,17.74,17.34,24.95,8.83
1896,5.65997489713184,4,10.21,3.85,22.4,11,4.1,11.4,2.95,17.67,17.34,24.01,8.86
1897,5.65997489713184,4,10.29,3.88,22.4,11.04,4.12,11.4,2.96,17.67,17.67,24.24,8.66
1898,5.65997489713184,4,9.86,3.81,22.3,10.91,4.02,11.31,2.92,17.44,17.5,24.01,8.69
1899,5.65997489713184,4,10.01,3.85,22.4,11,4.06,11.35,2.95,17.44,17.58,25.69,8.83
1900,5.65997489713184,4,10.01,3.88,22.5,11,4.1,11.44,2.98,17.59,17.91,23.56,8.86
1901,5.65997489713184,4,10.05,3.87,22.4,10.95,4.1,11.4,2.96,17.51,17.58,24.36,8.49
1902,5.65997489713184,4,10.09,3.9,22.4,11,4.12,11.49,2.98,20.15,17.42,24.36,8.66
1903,5.65997489713184,4,10.29,3.88,22.4,11,4.14,11.44,2.98,19.71,17.42,24.24,8.97
1904,5.65997489713184,4,10.17,3.88,22.4,11,4.12,11.44,2.96,17.82,17.5,24.36,8.76
1905,5.65997489713184,4,10.25,3.88,22.5,11.04,4.14,11.44,2.96,17.74,17.67,24.13,8.76
1906,5.65997489713184,4,10.09,3.88,22.5,11.08,4.12,11.4,2.96,17.74,17.67,24.36,8.73
1907,5.65997489713184,4,10.13,3.88,22.5,11.13,4.12,11.44,2.96,17.74,17.58,24.36,8.62
1908,5.65997489713184,4,10.13,3.88,22.4,11.13,4.12,11.44,2.96,17.82,17.67,24.71,8.69
1909,5.65997489713184,4,10.13,3.85,22.4,11.08,4.1,11.4,2.93,17.74,17.58,24.83,8.49
1910,5.65997489713184,4,10.33,3.85,22.4,11.08,4.1,11.4,2.95,17.59,17.42,25.32,8.62
1911,5.65997489713184,4,10.29,3.85,22.4,11.08,4.1,11.4,2.95,17.59,17.34,24.36,8.62
1912,5.65997489713184,4,10.29,3.85,22.4,11.08,4.1,11.4,2.93,17.97,17.34,25.32,8.76
1913,5.65997489713184,4,10.29,3.87,22.3,11.08,4.1,11.44,2.95,20.33,17.18,25.07,8.76
1914,5.65997489713184,4,10.25,3.85,22.4,11.08,4.08,11.4,2.93,18.21,17.26,23.9,8.73
1915,5.65997489713184,4,10.29,3.87,22.4,11.08,4.1,11.4,2.95,18.13,17.26,25.44,8.73
1916,5.65997489713184,4,10.17,3.85,22.4,11.04,4.06,11.4,2.95,18.13,17.18,24.36,8.8
1917,5.65997489713184,4,10.21,3.85,22.4,11.04,4.1,11.4,2.93,18.29,17.18,24.24,8.86
1918,5.65997489713184,4,10.21,3.87,22.4,11.04,4.1,11.4,2.95,18.29,17.34,25.2,8.83
1919,5.65997489713184,4,10.25,3.85,22.4,11.04,4.06,11.44,2.95,18.13,17.42,25.07,8.86
1920,5.65997489713184,4,10.21,3.87,22.4,11.04,4.08,11.35,2.95,18.21,17.42,24.13,8.69
1921,5.683538089942097,4,10.25,3.85,22.4,11,4.08,11.26,2.93,18.13,17.5,25.57,8.8
1922,5.683538089942097,4,10.13,3.87,22.5,11.08,4.02,11.31,2.95,18.13,17.5,26.86,8.9
1923,5.683538089942097,4,10.09,3.85,22.4,11.04,4.04,11.31,2.93,17.97,17.42,25.69,8.97
1924,5.683538089942097,4,10.21,3.85,22.4,11.04,4.06,11.26,2.93,17.97,17.34,24.59,8.93
1925,5.683538089942097,4,10.21,3.87,22.5,11.08,4.08,11.31,2.95,17.97,17.5,25.57,8.9
1926,5.683538089942097,4,10.25,3.87,22.4,11.13,4.08,11.26,2.95,18.05,17.5,25.32,8.93
1927,5.683538089942097,4,10.25,3.85,22.4,11.13,4.08,11.31,2.93,17.97,17.58,25.95,8.76
1928,5.683538089942097,4,10.21,3.87,22.5,11.17,4.06,11.31,2.93,18.05,17.5,25.07,8.93
1929,5.683538089942097,4,10.25,3.87,22.4,11.13,3.96,11.31,2.95,17.97,17.42,26.47,8.62
1930,5.683538089942097,4,10.25,3.87,22.4,11.22,4.04,11.26,2.93,18.13,17.34,24.59,8.76
1931,5.683538089942097,4,10.13,3.87,22.4,11.17,4.06,11.26,2.93,17.97,17.34,24.59,8.9
1932,5.683538089942097,4,10.17,3.88,22.4,11.17,4.08,11.26,2.93,18.13,17.42,24.71,8.69
1933,5.683538089942097,4,10.33,3.9,22.4,11.17,4.1,11.31,2.96,18.05,17.58,24.71,8.73
1934,5.683538089942097,4,10.37,3.9,22.5,11.22,4.12,11.31,2.96,18.29,17.42,24.83,8.8
1935,5.683538089942097,4,10.21,3.88,22.4,11.17,4.1,11.26,2.95,18.29,17.5,24.24,8.83
1936,5.683538089942097,4,10.33,3.88,22.4,11.17,4.08,11.26,2.95,17.89,17.34,24.24,9.01
1937,5.683538089942097,4,10.29,3.88,22.3,11.17,4.1,11.31,2.95,17.97,17.34,24.59,8.97
1938,5.683538089942097,4,10.09,3.87,22.3,11.13,4.08,11.26,2.93,18.05,17.42,24.13,8.9
1939,5.683538089942097,4,10.09,3.85,22.3,11.13,4.04,11.31,2.92,18.69,17.42,24.13,8.76
1940,5.683538089942097,4,10.21,3.83,22.3,11.08,4.04,11.26,2.9,17.89,17.26,24.36,8.66
1941,5.683538089942097,4,10.05,3.85,22.4,11.13,4.06,11.31,2.92,18.05,17.34,24.59,8.86
1942,5.683538089942097,4,10.21,3.83,22.3,11.08,4.04,11.26,2.92,17.82,17.26,24.24,8.73
1943,5.683538089942097,4,10.17,3.83,22.3,11.08,4.02,11.26,2.9,17.82,17.34,24.36,8.86
1944,5.683538089942097,4,10.13,3.85,22.3,11.08,4.04,11.22,2.9,17.74,17.34,23.34,8.93
1945,5.683538089942097,4,10.17,3.87,22.3,11.08,4.04,11.22,2.9,17.59,17.42,24.24,8.9
1946,5.683538089942097,4,10.17,3.87,22.4,11.13,4.06,11.22,2.9,17.67,17.58,24.24,8.56
1947,5.683538089942097,4,10.05,3.88,22.19,11.13,4.08,11.17,2.92,18.05,17.42,23.12,8.86
1948,5.683538089942097,4,10.17,3.9,22.3,11.13,4.08,11.22,2.92,17.82,17.5,24.24,8.8
1949,5.683538089942097,4,10.13,3.92,22.3,11.17,4.08,11.17,2.9,17.97,17.42,24.13,8.86
1950,5.683538089942097,4,10.17,3.96,22.3,11.17,4.06,11.22,2.9,17.97,17.67,24.13,8.56
1951,5.683538089942097,4,10.21,3.96,22.3,11.17,4.1,11.22,2.9,17.89,17.5,23.34,8.97
1952,5.683538089942097,4,10.21,3.94,22.3,11.17,4.08,11.22,2.9,17.89,17.5,24.24,8.86
1953,5.683538089942097,4,10.25,3.96,22.3,11.22,4.14,11.26,2.92,17.89,17.75,24.36,8.76
1954,5.683538089942097,4,10.29,3.96,22.3,11.22,4.16,11.26,2.93,17.97,17.67,24.48,8.8
1955,5.683538089942097,4,10.25,3.92,22.3,11.17,4.14,11.26,2.9,17.74,17.67,23.9,8.76
1956,5.683538089942097,4,10.21,3.96,22.4,11.22,4.18,11.31,2.93,17.89,17.83,24.01,8.93
1957,5.683538089942097,4,10.13,3.94,22.3,11.22,4.2,11.26,2.92,17.74,17.83,24.24,8.52
1958,5.683538089942097,4,10.09,3.92,22.3,11.22,4.2,11.26,2.92,17.82,17.75,24.36,8.76
1959,5.683538089942097,4,10.25,3.94,22.5,11.22,4.2,11.31,2.92,18.05,17.75,24.13,8.73
1960,5.683538089942097,4,10.17,3.9,22.3,11.22,4.14,11.26,2.9,17.89,17.75,24.71,8.56
1961,5.683538089942097,4,10.13,3.9,22.3,11.17,4.18,11.26,2.9,17.82,17.67,24.48,8.8
1962,5.683538089942097,4,10.17,3.92,22.3,11.26,4.2,11.26,2.92,17.89,17.83,24.36,8.8
1963,5.683538089942097,4,10.21,3.94,22.3,11.3,4.22,11.31,2.93,17.82,18.51,24.83,8.9
1964,5.683538089942097,4,10.21,3.94,22.3,11.26,4.18,11.31,2.92,17.89,18.34,24.48,8.93
1965,5.683538089942097,4,10.05,3.94,22.3,11.26,4.12,11.31,2.92,18.13,18.43,26.07,8.83
1966,5.683538089942097,4,10.17,3.94,22.19,11.3,4.06,11.26,2.9,17.89,18.43,25.69,8.86
1967,5.683538089942097,4,10.13,3.92,22.3,11.3,4.06,11.26,2.9,17.82,18.34,25.95,8.73
1968,5.683538089942097,4,10.09,3.9,21.89,11.22,4.02,11.17,2.89,17.59,17.75,24.59,8.69
1969,5.683538089942097,4,10.13,3.88,22.09,11.22,4.04,11.22,2.89,17.82,17.91,25.82,8.52
1970,5.683538089942097,4,10.09,3.88,21.89,11.17,4.02,11.17,2.89,17.74,17.75,24.48,8.9
1971,5.683538089942097,4,10.13,3.88,22.19,11.26,4.06,11.26,2.89,17.89,17.91,24.83,8.73
1972,5.683538089942097,4,10.13,3.88,22.3,11.3,4.06,11.26,2.89,17.89,18,24.59,8.83
1973,5.683538089942097,4,10.13,3.9,22.4,11.3,4.08,11.35,2.9,18.05,17.58,24.83,8.76
1974,5.683538089942097,4,10.01,3.88,22.19,11.26,4.06,11.31,2.89,18.05,17.5,24.83,8.73
1975,5.683538089942097,4,10.13,3.87,22.19,11.26,4.16,11.13,2.89,17.82,17.91,25.95,8.62
1976,5.683538089942097,4,10.05,3.85,22.19,11.22,4.06,11.09,2.87,17.82,17.75,25.44,8.62
1977,5.683538089942097,4,10.01,3.85,22.19,11.17,4.06,11.13,2.86,17.97,17.91,25.2,8.69
1978,5.683538089942097,4,10.01,3.83,22.19,11.17,4.1,11.13,2.84,17.74,17.83,25.2,8.73
1979,5.683538089942097,4,9.97,3.83,22.19,11.17,4.14,11.17,2.86,17.67,17.67,25.32,8.69
1980,5.683538089942097,4,10.01,3.83,22.19,11.17,4.14,11.09,2.86,17.82,17.67,26.33,8.73
1981,5.723414046731876,4,10.05,3.85,22.09,11.22,4.14,11.22,2.86,20.61,17.67,24.71,8.52
1982,5.723414046731876,4,10.09,3.87,22.19,11.26,4.18,11.35,2.9,17.82,17.67,24.71,8.73
1983,5.723414046731876,4,10.13,3.87,22.3,11.13,4.18,11.44,2.89,18.13,17.67,27.14,8.66
1984,5.723414046731876,4,10.13,3.9,22.3,11.22,4.2,11.44,2.92,17.97,17.58,25.32,8.59
1985,5.723414046731876,4,10.13,3.88,22.19,11.17,4.22,11.4,2.9,17.97,20.29,25.2,8.76
1986,5.723414046731876,4,10.09,3.92,22.19,11.22,4.25,11.35,2.92,18.13,19.23,26.86,8.86
1987,5.723414046731876,4,10.13,3.88,22.19,11.13,4.2,11.31,2.89,17.82,18.87,25.57,8.76
1988,5.723414046731876,4,10.13,3.9,22.19,11.22,4.18,11.31,2.92,17.82,19.52,25.32,8.66
1989,5.723414046731876,4,10.25,3.92,22.3,11.22,4.24,11.44,2.92,18.13,19.33,26.07,8.66
1990,5.723414046731876,4,10.21,3.9,22.19,11.17,4.25,11.31,2.9,18.13,19.14,25.95,8.66
1991,5.723414046731876,4,10.13,3.9,22.19,11.22,4.25,11.26,2.92,18.13,19.23,25.69,8.76
1992,5.723414046731876,4,10.17,3.9,22.3,11.22,4.24,11.22,2.92,18.13,18.96,25.69,8.73
1993,5.723414046731876,4,10.13,3.9,22.19,11.22,4.25,11.17,2.92,17.97,19.71,25.32,9.01
1994,5.723414046731876,4,10.21,3.9,22.19,11.22,4.22,11.09,2.92,17.97,19.33,26.2,8.8
1995,5.723414046731876,4,10.21,3.92,22.3,11.26,4.24,11.17,2.93,18.13,19.33,26.07,8.83
1996,5.723414046731876,4,10.17,3.9,22.19,11.22,4.24,11.13,2.92,18.05,20,26.07,8.83
1997,5.723414046731876,4,10.25,3.92,22.3,11.3,4.29,11.22,2.95,18.21,19.8,25.95,8.97
1998,5.723414046731876,4,10.17,3.9,22.19,11.26,4.2,11.13,2.92,17.97,19.14,26.2,8.42
1999,5.723414046731876,4,10.21,3.88,22.19,11.22,4.27,11.13,2.92,18.05,18.69,25.07,8.62
2000,5.723414046731876,4,10.17,3.9,22.19,11.22,4.24,11.17,2.92,17.89,18.6,24.95,8.8
2001,5.723414046731876,4,10.01,3.9,22.3,11.26,4.27,11.22,2.93,18.13,18.43,24.13,9.08
2002,5.723414046731876,4,10.13,3.87,22.19,11.22,4.25,11.13,2.9,19.44,18.34,24.83,8.93
2003,5.723414046731876,4,10.13,3.88,22.19,11.22,4.2,11.17,2.92,18.13,18.43,25.32,8.83
2004,5.723414046731876,4,10.21,3.88,22.19,11.26,4.27,11.17,2.92,18.13,18.34,24.71,8.83
2005,5.723414046731876,4,10.17,3.88,22.19,11.3,4.25,11.17,2.92,18.21,18.34,24.71,8.86
2006,5.723414046731876,4,10.09,3.87,21.79,11.17,4.24,11.09,2.89,17.89,17.91,24.48,8.83
2007,5.723414046731876,4,10.17,3.87,21.79,11.22,4.25,11.09,2.9,17.89,17.83,24.24,8.9
2008,5.723414046731876,4,10.09,3.87,21.89,11.26,4.25,11.13,2.9,17.82,17.83,24.48,8.62
2009,5.723414046731876,4,10.13,3.9,21.89,11.3,4.29,11.13,2.92,18.13,17.75,24.48,8.76
2010,5.723414046731876,4,10.09,3.88,21.89,11.26,4.27,11.09,2.9,18.05,17.75,24.95,8.59
2011,5.723414046731876,4,10.25,3.88,22.09,11.3,4.27,11.17,2.92,18.13,17.83,24.01,8.73
2012,5.723414046731876,4,10.21,3.9,22.09,11.35,4.29,11.22,2.93,18.13,18,24.48,9.04
2013,5.723414046731876,4,10.17,3.88,22.09,11.35,4.22,11.26,2.92,18.05,18,24.71,8.73
2014,5.723414046731876,4,10.21,3.9,22.19,11.35,4.25,11.35,2.93,18.13,17.83,25.2,8.73
2015,5.723414046731876,4,10.17,3.88,22.09,11.3,4.16,11.4,2.92,18.13,17.75,24.71,9.11
2016,5.723414046731876,4,10.25,3.9,22.19,11.3,4.24,11.4,2.92,18.13,17.42,24.59,8.76
2017,5.723414046731876,4,10.09,3.88,22.19,11.35,4.24,11.44,2.92,18.21,17.5,26.47,8.73
2018,5.723414046731876,4,10.25,3.9,22.19,11.35,4.29,11.4,2.93,18.29,17.42,24.83,8.76
2019,5.723414046731876,4,10.25,3.9,22.19,11.44,4.27,11.4,2.93,18.21,17.42,24.83,8.83
2020,5.723414046731876,4,10.21,3.9,22.19,11.35,4.29,11.4,2.92,18.21,17.5,24.59,9.11
2021,5.723414046731876,4,10.21,3.9,22.19,11.35,4.24,11.4,2.93,18.13,17.42,24.83,8.93
2022,5.723414046731876,4,10.25,3.92,22.19,11.39,4.27,11.44,2.95,18.13,17.5,25.2,8.73
2023,5.723414046731876,4,10.25,3.92,22.3,11.44,4.27,11.4,2.95,18.13,17.5,25.32,8.76
2024,5.723414046731876,4,10.25,3.9,22.09,11.39,4.25,11.4,2.93,18.13,17.42,25.2,8.97
2025,5.723414046731876,4,10.21,3.92,22.19,11.39,4.27,11.4,2.95,18.13,17.42,25.32,8.76
2026,5.723414046731876,4,10.25,3.94,22.19,11.44,4.29,11.4,2.96,18.21,17.42,25.2,8.83
2027,5.723414046731876,4,10.09,3.94,22.19,11.44,4.27,11.44,2.95,18.05,17.34,25.95,8.9
2028,5.723414046731876,4,10.17,3.92,22.09,11.39,4.29,11.4,2.93,18.05,17.26,25.57,8.8
2029,5.723414046731876,4,10.29,3.94,22.19,11.49,4.29,11.44,2.96,18.21,17.34,26.33,8.9
2030,5.723414046731876,4,10.25,3.92,22.19,11.44,4.31,11.4,2.95,18.21,17.34,26.73,8.52
2031,5.723414046731876,4,10.21,3.92,22.19,11.44,4.33,11.4,2.95,18.29,17.34,25.44,8.8
2032,5.723414046731876,4,10.25,3.94,22.19,11.44,4.35,11.44,2.96,18.05,17.34,25.69,8.86
2033,5.723414046731876,4,10.25,3.92,22.09,11.39,4.31,11.4,2.95,18.13,17.34,25.57,8.86
2034,5.723414046731876,4,10.25,3.94,22.19,11.44,4.33,11.4,2.95,18.45,17.34,27.27,8.69
2035,5.723414046731876,4,10.25,3.96,22.19,11.44,4.38,11.44,2.96,18.77,17.34,25.69,8.86
2036,5.723414046731876,4,10.29,3.96,22.19,11.49,4.38,11.44,2.96,18.61,17.26,25.69,8.9
2037,5.723414046731876,4,10.29,3.96,22.09,11.44,4.33,11.4,2.95,18.29,17.5,25.2,8.86
2038,5.723414046731876,4,10.25,3.96,22.19,11.44,4.38,11.44,2.96,18.45,17.42,25.2,8.73
2039,5.723414046731876,4,10.25,3.96,22.09,11.44,4.27,11.4,2.98,19.1,17.5,25.82,8.83
2040,5.723414046731876,4,10.33,3.98,22.09,11.49,4.35,11.4,2.98,18.53,17.42,25.57,8.9
2041,5.731030382283858,4,10.29,3.96,22.19,11.44,4.35,11.4,2.96,18.05,17.34,25.57,9.04
2042,5.731030382283858,4,10.25,3.94,22.19,11.44,4.38,11.35,2.95,18.13,17.34,27.14,8.66
2043,5.731030382283858,4,10.17,3.92,22.09,11.44,4.27,11.35,2.95,18.05,17.26,24.59,8.69
2044,5.731030382283858,4,10.21,3.94,22.09,11.44,4.31,11.35,2.95,17.97,17.34,25.44,8.73
2045,5.731030382283858,4,10.25,3.94,22.09,11.39,4.35,11.35,2.95,18.05,17.26,25.57,8.69
2046,5.731030382283858,4,10.25,3.94,22.09,11.44,4.35,11.4,2.96,18.05,17.26,24.24,8.76
2047,5.731030382283858,4,10.25,3.94,22.09,11.44,4.44,11.35,2.95,18.05,17.75,25.2,8.83
2048,5.731030382283858,4,10.25,3.94,21.99,11.39,4.24,11.35,2.95,18.05,17.75,25.07,8.59
2049,5.731030382283858,4,10.21,3.94,22.09,11.44,4.25,11.31,2.95,17.89,17.91,25.32,8.83
2050,5.731030382283858,4,10.29,3.96,22.09,11.35,4.24,11.35,2.95,17.89,17.75,25.07,8.8
2051,5.731030382283858,4,10.25,3.94,22.09,11.35,4.24,11.35,2.95,17.82,17.58,25.2,8.69
2052,5.731030382283858,4,10.25,3.94,22.09,11.35,4.24,11.4,2.95,17.82,17.75,25.44,8.73
2053,5.731030382283858,4,10.29,3.96,22.09,11.39,4.25,11.4,2.95,18.37,17.75,25.07,8.83
2054,5.731030382283858,4,10.25,3.94,22.09,11.39,4.27,11.31,2.95,18.45,17.67,25.07,8.8
2055,5.731030382283858,4,10.25,3.94,22.09,11.35,4.33,11.31,2.93,18.37,17.58,24.71,8.59
2056,5.731030382283858,4,10.25,3.94,22.09,11.35,4.38,11.26,2.95,19.27,17.58,24.95,8.9
2057,5.731030382283858,4,10.21,3.92,21.99,11.35,4.27,11.26,2.93,17.67,17.5,25.07,8.66
2058,5.731030382283858,4,10.21,3.92,21.99,11.39,4.25,11.26,2.93,17.82,17.42,25.07,8.86
2059,5.731030382283858,4,10.21,3.9,21.99,11.35,4.24,11.17,2.92,17.82,17.42,25.44,9.04
2060,5.731030382283858,4,10.17,3.9,21.99,11.44,4.24,11.22,2.92,17.89,17.34,24.71,8.83
2061,5.731030382283858,4,10.13,3.92,22.09,11.39,4.29,11.26,2.93,17.97,17.34,24.83,8.8
2062,5.731030382283858,4,10.13,3.88,21.89,11.3,4.25,11.22,2.9,17.82,17.26,24.71,8.83
2063,5.731030382283858,4,10.17,3.88,21.89,11.35,4.27,11.26,2.9,17.74,17.26,24.59,8.69
2064,5.731030382283858,4,10.21,3.9,21.89,11.35,4.27,11.26,2.9,17.74,17.18,26.33,8.83
2065,5.731030382283858,4,10.17,3.9,21.99,11.35,4.18,11.26,2.92,17.74,17.26,25.07,8.8
2066,5.731030382283858,4,10.21,3.9,21.99,11.39,4.2,11.31,2.92,17.74,17.26,24.95,8.83
2067,5.731030382283858,4,10.13,3.87,21.89,11.3,4.16,11.17,2.89,17.59,17.18,24.71,8.8
2068,5.731030382283858,4,10.21,3.9,21.99,11.35,4.2,11.26,2.92,17.74,17.26,24.95,8.97
2069,5.731030382283858,4,10.21,3.9,21.99,11.39,4.14,11.31,2.92,17.74,17.34,24.95,8.93
2070,5.731030382283858,4,10.21,3.9,22.09,11.39,4.18,11.26,2.92,17.74,17.34,24.95,8.8
2071,5.731030382283858,4,10.21,3.9,21.99,11.39,4.2,11.26,2.92,17.89,17.26,24.24,8.8
2072,5.731030382283858,4,10.21,3.9,21.99,11.39,4.16,11.26,2.93,17.89,17.34,24.95,8.76
2073,5.731030382283858,4,10.21,3.9,21.99,11.39,4.2,11.31,2.92,17.89,17.26,24.95,8.8
2074,5.731030382283858,4,10.21,3.9,22.09,11.39,4.18,11.31,2.92,17.67,17.34,25.07,8.86
2075,5.731030382283858,4,10.17,3.9,22.09,11.39,4.16,11.26,2.92,17.74,17.26,24.83,8.56
2076,5.731030382283858,4,10.21,3.9,22.09,11.39,4.2,11.26,2.92,17.89,17.18,25.07,8.9
2077,5.731030382283858,4,10.21,3.9,22.09,11.39,4.18,11.26,2.92,17.74,17.18,25.07,8.86
2078,5.731030382283858,4,10.13,3.85,21.99,11.3,4.14,11.22,2.87,17.67,17.1,25.32,8.62
2079,5.731030382283858,4,10.21,3.9,22.09,11.39,4.18,11.26,2.92,17.74,17.1,25.07,8.76
2080,5.731030382283858,4,10.25,3.9,22.19,11.44,4.16,11.31,2.92,17.74,17.18,26.6,8.76
2081,5.731030382283858,4,10.25,3.9,22.09,11.39,4.18,11.26,2.92,17.82,17.1,25.69,8.73
2082,5.731030382283858,4,10.25,3.9,22.09,11.44,4.22,11.31,2.92,17.89,17.03,25.44,8.86
2083,5.731030382283858,4,10.25,3.9,22.09,11.49,4.22,11.26,2.92,17.89,17.03,27.69,8.73
2084,5.731030382283858,4,10.25,3.9,22.09,11.39,4.24,11.31,2.92,17.97,17.03,25.95,8.83
2085,5.731030382283858,4,10.25,3.9,22.09,11.39,4.2,11.26,2.92,17.97,17.03,25.44,8.8
2086,5.731030382283858,4,10.13,3.9,22.09,11.39,4.2,11.26,2.92,17.97,16.95,24.83,8.66
2087,5.731030382283858,4,10.25,3.92,22.09,11.39,4.22,11.26,2.92,17.89,16.95,26.47,8.76
2088,5.731030382283858,4,10.29,3.92,22.19,11.44,4.18,11.26,2.92,17.89,17.03,24.36,8.86
2089,5.731030382283858,4,10.25,3.9,22.09,11.39,4.18,11.26,2.92,17.97,16.95,25.2,8.73
2090,5.731030382283858,4,10.25,3.9,22.09,11.39,4.16,11.26,2.92,17.74,16.87,25.07,8.56
2091,5.731030382283858,4,10.21,3.87,21.89,11.35,4.18,11.17,2.89,17.74,16.87,25.2,8.8
2092,5.731030382283858,4,10.21,3.9,22.09,11.44,4.18,11.26,2.92,17.67,16.87,26.47,8.86
2093,5.731030382283858,4,10.25,3.92,22.09,11.39,4.2,11.26,2.92,17.67,16.79,25.57,8.86
2094,5.731030382283858,4,10.21,3.9,21.99,11.39,4.22,11.26,2.92,17.74,16.72,25.07,8.76
2095,5.731030382283858,4,10.21,3.9,21.99,11.39,4.2,11.26,2.92,17.82,16.72,25.32,8.8
2096,5.731030382283858,4,10.25,3.92,21.99,11.44,4.22,11.26,2.92,17.89,16.72,25.32,8.8
2097,5.731030382283858,4,10.21,3.9,21.99,11.39,4.18,11.22,2.9,17.82,16.79,24.48,8.62
2098,5.731030382283858,4,10.25,3.94,21.89,11.44,4.25,11.26,2.93,17.82,24.83,25.44,8.97
2099,5.731030382283858,4,10.25,3.94,21.89,11.44,4.22,11.26,2.93,17.74,26.69,25.32,8.66
2100,5.731030382283858,4,10.25,3.94,21.89,11.44,4.18,11.26,2.93,17.82,26.09,25.57,8.8
2101,5.746957728968659,4,10.29,3.94,21.89,11.44,4.18,11.26,2.93,17.82,24.3,25.2,8.69
2102,5.746957728968659,4,10.25,3.92,21.89,11.39,4.2,11.26,2.92,17.67,23.66,24.95,8.76
2103,5.746957728968659,4,10.29,3.94,21.89,11.44,4.22,11.31,2.93,17.89,22.45,25.07,8.76
2104,5.746957728968659,4,10.25,3.94,21.99,11.44,4.2,11.31,2.93,17.89,23.28,26.6,8.9
2105,5.746957728968659,4,10.29,3.94,21.99,11.44,4.22,11.31,2.93,17.82,23.28,26.33,8.76
2106,5.746957728968659,4,10.25,3.94,21.89,11.44,4.12,11.26,2.92,17.74,23.41,26.73,8.73
2107,5.746957728968659,4,10.25,3.94,21.89,11.44,4.2,11.26,2.93,17.82,21.77,25.95,8.76
2108,5.746957728968659,4,10.25,3.94,21.89,11.44,4.2,11.26,2.93,17.82,21.99,25.82,8.76
2109,5.746957728968659,4,10.25,3.94,21.89,11.44,4.2,11.26,2.93,17.82,21.55,25.69,8.73
2110,5.746957728968659,4,10.17,3.94,21.89,11.44,4.18,11.26,2.93,18.94,21.44,25.82,8.73
2111,5.746957728968659,4,10.17,3.9,21.79,11.39,4.14,11.17,2.9,18.85,21.01,25.44,8.66
2112,5.746957728968659,4,10.25,3.94,21.89,11.44,4.18,11.22,2.93,18.94,20.91,25.69,8.73
2113,5.746957728968659,4,10.29,3.94,21.89,11.44,4.18,11.26,2.95,18.94,20.8,25.57,8.83
2114,5.746957728968659,4,10.29,3.94,21.89,11.44,4.16,11.22,2.92,19.1,20.6,25.57,8.76
2115,5.746957728968659,4,10.29,3.94,21.89,11.44,4.18,11.22,2.93,19.1,20.7,25.57,8.8
2116,5.746957728968659,4,10.29,3.94,21.99,11.44,4.2,11.22,2.95,19.27,20.39,24.83,8.83
2117,5.746957728968659,4,10.29,3.94,21.99,11.49,4.2,11.26,2.95,19.27,20.49,24.71,8.8
2118,5.746957728968659,4,10.29,3.96,21.89,11.49,4.22,11.26,2.95,19.19,20.49,25.07,8.8
2119,5.746957728968659,4,10.29,3.96,21.89,11.49,4.18,11.26,2.95,19.19,20.91,25.32,8.56
2120,5.746957728968659,4,10.33,3.94,21.89,11.49,4.2,11.26,2.95,19.27,20.7,25.44,8.9
2121,5.746957728968659,4,10.29,3.92,21.89,11.44,4.14,11.22,2.93,19.19,20.39,26.73,8.83
2122,5.746957728968659,4,10.25,3.92,21.69,11.39,4.16,11.17,2.93,19.02,20,24.48,8.86
2123,5.746957728968659,4,10.17,3.94,21.69,11.39,4.18,11.22,2.95,19.19,20.09,24.48,8.97
2124,5.746957728968659,4,10.29,3.96,21.69,11.44,4.16,11.22,2.95,19.1,20.19,25.2,9.11
2125,5.746957728968659,4,10.29,3.96,21.89,11.49,4.18,11.35,2.95,19.36,16.64,24.48,8.97
2126,5.746957728968659,4,10.33,3.96,21.89,11.49,4.16,11.35,2.95,19.44,16.64,24.95,9.15
2127,5.746957728968659,4,10.33,3.96,21.99,11.49,4.16,11.31,2.95,19.36,16.64,24.83,8.86
2128,5.746957728968659,4,10.29,3.94,21.89,11.49,4.16,11.35,2.95,19.27,16.64,24.83,8.93
2129,5.746957728968659,4,10.29,3.94,21.89,11.44,4.14,11.31,2.95,19.27,16.57,24.83,9.04
2130,5.746957728968659,4,10.33,3.94,21.99,11.49,4.18,11.31,2.95,19.27,16.72,24.95,9.01
2131,5.746957728968659,4,10.29,3.92,21.99,11.44,4.14,11.26,2.93,19.19,16.64,24.95,8.97
2132,5.746957728968659,4,10.29,3.94,21.99,11.49,4.18,11.31,2.95,19.36,16.64,25.07,9.01
2133,5.746957728968659,4,10.33,3.94,21.99,11.49,4.2,11.26,2.95,19.36,16.64,24.95,8.9
2134,5.746957728968659,4,10.33,3.94,21.99,11.53,4.18,11.26,2.95,19.27,16.64,24.83,9.01
2135,5.746957728968659,4,10.33,3.98,21.89,11.49,4.24,11.26,2.98,19.27,31.32,25.07,9.01
2136,5.746957728968659,4,10.37,3.96,22.09,11.53,4.2,11.26,2.95,19.36,16.79,25.32,9.04
2137,5.746957728968659,4,10.33,3.94,21.99,11.53,4.2,11.26,2.95,19.27,16.64,25.44,8.9
2138,5.746957728968659,4,10.33,3.94,21.89,11.49,4.16,11.22,2.95,19.19,16.64,24.95,8.97
2139,5.746957728968659,4,10.29,3.92,21.89,11.49,4.16,11.22,2.93,19.02,16.57,26.33,8.86
2140,5.746957728968659,4,10.33,3.94,21.89,11.49,4.2,11.26,2.95,19.36,16.64,25.57,8.86
2141,5.746957728968659,4,10.25,3.92,21.69,11.44,4.16,11.17,2.93,19.19,16.57,24.71,8.93
2142,5.746957728968659,4,10.29,3.92,21.89,11.44,4.16,11.22,2.93,19.19,16.57,25.2,9.01
2143,5.746957728968659,4,10.25,3.92,21.89,11.44,4.14,11.17,2.92,19.19,16.49,25.57,8.97
2144,5.746957728968659,4,10.29,3.92,21.89,11.49,4.16,11.17,2.93,19.36,16.57,25.2,9.04
2145,5.746957728968659,4,10.29,3.92,21.99,11.49,4.18,11.22,2.93,19.02,16.64,25.95,9.11
2146,5.746957728968659,4,10.33,3.92,21.99,11.49,4.2,11.26,2.93,19.27,16.64,25.57,8.9
2147,5.746957728968659,4,10.29,3.92,21.89,11.44,4.18,11.22,2.92,19.19,16.57,25.2,8.76
2148,5.746957728968659,4,10.29,3.92,21.89,11.49,4.16,11.22,2.93,19.02,16.57,26.6,8.8
2149,5.746957728968659,4,10.29,3.92,21.89,11.49,4.2,11.22,2.93,19.19,16.57,25.57,8.83
2150,5.746957728968659,4,10.29,3.92,21.89,11.49,4.18,11.22,2.93,19.1,16.57,25.69,8.8
2151,5.746957728968659,4,10.29,3.94,21.99,11.53,4.2,11.22,2.95,19.71,16.57,24.95,8.83
2152,5.746957728968659,4,10.29,3.94,21.99,11.49,4.2,11.22,2.95,19.19,16.64,25.57,8.83
2153,5.746957728968659,4,10.29,3.94,21.99,11.53,4.22,11.26,2.87,19.19,16.64,25.57,8.9
2154,5.746957728968659,4,10.29,3.92,21.99,11.49,4.18,11.22,2.93,19.1,16.57,25.44,8.83
2155,5.746957728968659,4,10.33,3.92,21.99,11.49,4.18,11.22,2.95,19.19,16.64,25.57,8.9
2156,5.746957728968659,4,10.33,3.94,21.99,11.49,4.16,11.22,2.95,19.02,16.64,25.69,8.86
2157,5.746957728968659,4,10.29,3.92,21.99,11.49,4.14,11.22,2.93,19.1,16.57,25.44,8.93
2158,5.746957728968659,4,10.33,3.94,21.99,11.53,4.14,11.22,2.95,19.19,16.57,25.32,9.01
2159,5.746957728968659,4,10.25,3.9,21.89,11.49,4.14,11.17,2.93,19.02,16.64,25.32,8.97
2160,5.746957728968659,4,10.29,3.92,21.89,11.53,4.16,11.22,2.95,19.27,16.57,25.07,8.9
2161,5.75803314653214,4,10.37,3.98,22.09,11.58,4.22,11.26,2.96,19.19,16.64,25.69,8.93
2162,5.75803314653214,4,10.45,4.02,22.09,11.67,4.24,11.35,3.01,19.27,16.72,25.57,8.73
2163,5.75803314653214,4,10.45,4.02,22.09,11.67,4.25,11.35,3.01,19.44,16.72,25.82,8.9
2164,5.75803314653214,4,10.41,4.02,21.99,11.67,4.24,11.35,2.99,19.1,16.57,26.2,8.93
2165,5.75803314653214,4,10.37,4,21.99,11.62,4.25,11.31,2.99,19.19,16.57,25.32,8.93
2166,5.75803314653214,4,10.33,3.98,21.99,11.58,4.22,11.31,2.98,19.27,16.57,25.44,8.86
2167,5.75803314653214,4,10.25,3.94,21.89,11.58,4.22,11.26,2.96,19.27,16.57,25.44,8.83
2168,5.75803314653214,4,10.33,3.96,21.89,11.58,4.24,11.31,2.96,19.19,16.57,26.07,8.93
2169,5.75803314653214,4,10.29,3.94,21.89,11.58,4.22,11.26,2.95,19.19,16.57,25.95,8.76
2170,5.75803314653214,4,10.29,3.96,21.89,11.58,4.24,11.31,2.96,19.19,16.57,25.32,8.76
2171,5.75803314653214,4,10.17,3.96,21.89,11.58,4.24,11.26,2.96,19.19,16.57,25.57,8.8
2172,5.75803314653214,4,10.29,3.96,21.89,11.58,4.2,11.31,2.96,19.27,16.57,25.57,8.8
2173,5.75803314653214,4,10.29,3.96,21.89,11.58,4.2,11.44,2.96,19.27,16.57,25.69,8.86
2174,5.75803314653214,4,10.37,3.98,21.99,11.62,4.24,11.4,2.98,19.44,16.57,25.44,8.93
2175,5.75803314653214,4,10.33,3.98,21.89,11.67,4.27,11.4,2.98,19.27,16.57,25.69,8.97
2176,5.75803314653214,4,10.29,4,21.99,11.67,4.25,11.4,2.98,19.19,16.57,25.82,9.15
2177,5.75803314653214,4,10.37,3.98,21.99,11.62,4.27,11.4,2.99,19.19,16.57,25.69,9.01
2178,5.75803314653214,4,10.33,3.98,21.89,11.62,4.27,11.4,2.98,19.1,16.49,25.07,8.9
2179,5.75803314653214,4,10.87,4.02,21.89,11.67,4.27,11.4,2.99,19.27,16.49,25.82,8.93
2180,5.75803314653214,4,10.37,4.02,21.79,11.62,4.29,11.35,2.99,18.94,24.3,25.69,9.01
2181,5.75803314653214,4,10.29,3.96,21.79,11.62,4.25,11.26,2.96,18.85,16.57,25.82,8.9
2182,5.75803314653214,4,10.29,3.96,21.99,11.58,4.25,11.26,2.96,18.94,16.57,24.71,8.8
2183,5.75803314653214,4,10.29,3.96,21.79,11.67,4.25,11.26,2.96,18.77,16.49,25.95,9.04
2184,5.75803314653214,4,10.41,4.04,21.79,11.67,4.35,11.35,3.02,19.1,31.12,25.95,9.29
2185,5.75803314653214,4,10.37,4.02,21.79,11.67,4.33,11.31,3.02,18.77,34.25,25.44,8.93
2186,5.75803314653214,4,10.37,4,21.89,11.67,4.27,11.31,2.98,19.02,16.49,25.69,9.01
2187,5.75803314653214,4,10.37,4,21.99,11.72,4.29,11.31,2.99,19.02,16.49,25.82,9.18
2188,5.75803314653214,4,10.37,4,21.89,11.81,4.31,11.35,2.99,19.02,16.42,25.82,9.04
2189,5.75803314653214,4,10.37,4,21.89,11.72,4.29,11.31,2.99,19.44,16.34,25.69,9.04
2190,5.75803314653214,4,10.41,4.02,21.89,11.76,4.38,11.35,3.01,19.44,16.49,25.95,9.04
2191,5.75803314653214,4,10.41,4.02,21.89,11.76,4.33,11.35,3.01,18.94,16.42,25.32,9.08
2192,5.75803314653214,4,10.41,4.02,21.89,11.72,4.33,11.31,2.99,19.36,16.42,26.07,8.97
2193,5.75803314653214,4,10.41,4.02,21.99,11.76,4.33,11.35,3.01,19.19,16.42,26.47,8.97
2194,5.75803314653214,4,10.45,4.06,22.09,11.86,4.38,11.4,3.04,19.36,16.49,26.2,9.01
2195,5.75803314653214,4,10.41,4.07,22.09,11.86,4.4,11.4,3.04,19.44,16.49,26.2,8.97
2196,5.75803314653214,4,10.29,4,21.89,11.72,4.33,11.31,2.99,19.53,16.27,25.82,8.93
2197,5.75803314653214,4,10.41,4.02,21.99,11.81,4.33,11.35,3.01,19.27,16.34,25.69,9.01
2198,5.75803314653214,4,10.41,4.02,21.99,11.81,4.33,11.35,3.01,19.1,16.27,25.82,8.8
2199,5.75803314653214,4,10.49,4.09,21.99,11.9,4.4,11.4,3.05,19.44,16.27,25.95,9.22
2200,5.75803314653214,4,10.41,4.07,21.69,11.81,4.38,11.31,3.04,19.1,16.05,25.69,9.15
2201,5.75803314653214,4,10.45,4.07,21.89,11.86,4.42,11.4,3.05,19.27,16.27,25.95,9.04
2202,5.75803314653214,4,10.45,4.11,21.89,11.9,4.4,11.4,3.07,19.36,16.2,26.47,9.04
2203,5.75803314653214,4,10.57,4.15,21.99,12.05,4.48,11.49,3.1,19.44,16.27,26.2,9.04
2204,5.75803314653214,4,10.53,4.13,21.99,12,4.46,11.44,3.08,19.36,16.27,26.2,9.11
2205,5.75803314653214,4,10.53,4.15,21.89,12.05,4.5,11.49,3.1,19.44,16.2,26.07,9.04
2206,5.75803314653214,4,10.49,4.13,21.89,12.05,4.44,11.44,3.08,19.27,16.2,26.33,9.01
2207,5.75803314653214,4,10.53,4.13,21.89,12.1,4.44,11.44,3.08,19.19,16.2,26.33,9.11
2208,5.75803314653214,4,10.53,4.15,21.89,12.1,4.46,11.49,3.08,19.19,16.12,26.2,8.9
2209,5.75803314653214,4,10.49,4.11,21.89,12.05,4.44,11.44,3.07,19.19,16.05,26.2,8.97
2210,5.75803314653214,4,10.49,4.11,21.89,12.1,4.44,11.4,3.05,19.19,16.05,26.07,9.04
2211,5.75803314653214,4,10.49,4.13,21.79,12.1,4.44,11.4,3.07,19.27,18,26.2,9.33
2212,5.75803314653214,4,10.53,4.15,21.89,12.29,4.48,11.49,3.1,19.36,18.78,26.33,9.29
2213,5.75803314653214,4,10.49,4.11,21.89,12.29,4.42,11.44,3.05,19.27,17.34,25.95,9.08
2214,5.75803314653214,4,10.41,4.07,21.79,12.19,4.35,11.35,3.04,19.02,17.1,26.2,9.04
2215,5.75803314653214,4,10.45,4.09,21.79,11.72,4.42,11.4,3.05,19.1,17.26,26.07,9.15
2216,5.75803314653214,4,10.49,4.11,21.89,11.9,4.46,11.44,3.07,19.1,17.1,26.2,8.97
2217,5.75803314653214,4,10.45,4.07,21.79,11.81,4.42,11.35,3.05,19.1,17.03,25.95,9.01
2218,5.75803314653214,4,10.49,4.11,21.89,11.9,4.42,11.44,3.05,19.1,16.95,26.2,9.15
2219,5.75803314653214,4,10.45,4.07,21.79,11.81,4.42,11.35,3.04,19.02,16.87,27.41,9.01
2220,5.75803314653214,4,10.45,4.09,21.69,11.9,4.42,11.35,3.04,19.02,16.79,26.47,8.97
