Minute,TVC,Label,MQ135,MQ136,MQ137,MQ138,MQ2,MQ3,MQ4,MQ5,MQ6,MQ8,MQ9
1,1.87589,1,11.66,15.58,9.52,17.5,10.27,26.26,8.05,10.3,15.98,40.54,11.89
2,1.87589,1,11.35,15.45,9.12,17.27,10.03,25.75,7.98,9.83,15.56,37.9,11.66
3,1.87589,1,11.04,14.01,8.77,16.19,9.06,24.3,7.38,9.57,15.15,39.3,10.99
4,1.87589,1,10.7,13.41,8.6,15.72,8.81,23.84,7.15,9.45,14.89,38.36,10.74
5,1.87589,1,11.04,13.41,8.6,15.65,8.81,24.18,7.1,9.34,14.83,37,10.7
6,1.87589,1,10.29,13.14,8.53,15.46,8.54,23.51,7.04,9.42,14.7,36.35,10.57
7,1.87589,1,10.7,13.14,8.53,15.46,8.54,23.62,7.07,9.34,14.7,36.57,10.57
8,1.87589,1,10.33,13.09,8.56,15.46,8.57,23.62,7.07,9.24,14.7,38.12,10.53
9,1.87589,1,10.45,13.14,8.6,15.46,8.57,23.51,7.1,9.31,14.7,36.57,10.57
10,1.87589,1,10.45,13.09,8.6,15.46,8.61,23.51,7.13,9.16,14.7,37,10.53
11,1.87589,1,10.83,13.09,8.6,15.46,8.57,23.51,7.21,9.16,14.76,36.78,10.61
12,1.87589,1,10.41,13.04,8.6,15.39,8.57,23.84,7.1,9.16,14.51,37.9,10.61
13,1.87589,1,10.41,13.09,8.63,15.39,8.57,23.84,7.15,9.13,14.57,37.44,10.61
14,1.87589,1,10.45,13.14,8.67,15.46,8.57,23.51,7.15,9.13,14.63,35.31,10.65
15,1.87589,1,10.57,13.36,8.77,15.72,8.78,23.84,7.32,9.09,14.7,37.67,10.78
16,1.87589,1,11.89,15.84,9.75,17.8,10.47,26.52,8.73,9.87,15.84,41.84,12.18
17,1.87589,1,11.75,15.77,9.63,17.57,10.35,26.26,8.7,9.6,15.63,39.55,12.03
18,1.87589,1,11.85,15.97,9.71,17.73,10.47,26.39,8.87,9.68,15.7,40.04,12.13
19,1.87589,1,11.26,14.83,9.3,16.76,9.72,25.13,8.24,9.31,15.15,39.3,11.48
20,1.87589,1,11.13,14.59,9.19,16.61,9.53,25.01,8.17,9.24,15.09,37.44,11.39
21,1.87589,1,10.37,12.94,8.87,15.39,8.41,23.62,7.47,8.95,14.57,37.22,10.57
22,1.87589,1,10.41,12.89,8.91,15.46,8.41,23.51,7.24,9.02,14.63,37.44,10.61
23,1.87589,1,10.33,12.83,8.91,15.46,8.37,23.4,7.21,9.02,14.57,36.35,10.57
24,1.87589,1,10.41,12.89,8.98,15.46,8.41,23.4,7.21,9.06,14.63,37.22,10.61
25,1.87589,1,10.33,12.78,8.91,15.39,8.28,23.29,7.1,8.95,14.57,37,10.57
26,1.87589,1,10.57,12.68,8.91,15.33,8.18,23.51,7.13,9.02,14.57,37,10.57
27,1.87589,1,10.17,12.68,8.94,15.33,8.21,23.29,7.13,9.06,14.57,36.57,10.53
28,1.87589,1,10.17,12.68,8.98,15.33,8.21,23.29,7.07,8.99,14.63,39.06,10.53
29,1.87589,1,10.17,12.63,9.01,15.33,8.21,23.07,7.1,9.27,14.57,37.22,10.53
30,1.87589,1,10.17,12.53,9.01,15.26,8.18,23.07,7.04,9.06,14.57,40.29,10.49
31,1.87589,1,10.13,12.48,8.98,15.26,8.15,23.29,7.07,9.06,14.51,36.57,10.49
32,1.87589,1,11.71,12.48,9.01,15.26,8.21,23.29,7.01,9.02,14.51,37,10.41
33,1.87589,1,10.13,12.48,9.05,15.33,8.15,23.29,7.07,9.13,14.51,36.35,10.45
34,1.87589,1,10.17,12.43,9.05,15.26,8.11,23.07,7.01,9.13,14.57,36.57,10.41
35,1.87589,1,10.13,12.24,9.19,15.2,8.05,22.96,6.9,9.16,14.57,38.36,10.45
36,1.87589,1,10.09,12.19,9.19,15.2,8.05,22.86,6.93,9.2,14.57,36.78,10.53
37,1.87589,1,10.05,12.14,9.23,15.2,8.11,22.86,6.9,9.24,14.51,37.67,10.53
38,1.87589,1,10.05,12.14,9.34,15.2,8.08,22.96,6.9,9.27,14.57,38.12,10.53
39,1.87589,1,10.01,12.09,9.26,15.2,8.05,22.86,6.82,9.16,14.63,37.67,10.53
40,1.87589,1,11.17,12.09,9.3,15.2,8.11,22.96,6.85,9.24,14.57,37.44,10.57
41,1.87589,1,11.13,12,9.26,15.14,8.05,22.86,6.8,9.27,14.57,37.44,10.49
42,1.87589,1,11.13,11.95,9.3,15.14,7.99,22.75,6.8,9.24,14.63,37,10.45
43,1.87589,1,10.95,11.95,9.34,15.2,8.05,22.75,6.8,9.13,14.57,37.22,10.45
44,1.87589,1,10.83,11.95,9.34,15.14,8.02,22.75,6.85,9.24,14.63,37.67,10.53
45,1.87589,1,10.87,11.9,9.37,15.14,8.05,22.86,6.85,9.31,14.63,36.14,10.49
46,1.87589,1,10.78,11.86,9.41,15.14,8.08,22.75,6.85,9.31,14.63,36.57,10.45
47,1.87589,1,10.49,11.67,9.52,15.07,7.92,22.44,6.88,9.42,14.7,36.78,10.49
48,1.87589,1,11.08,11.63,9.56,15.14,7.95,22.64,6.82,9.38,14.63,37.67,10.53
49,1.87589,1,9.78,11.31,9.67,15.01,7.8,22.33,6.74,9.42,14.7,38.36,10.53
50,1.87589,1,10.37,11.4,9.71,15.01,7.8,22.44,6.77,9.45,14.76,37,10.53
51,1.87589,1,10.29,11.27,9.67,15.07,7.8,22.33,6.77,9.42,14.7,37,10.49
52,1.87589,1,10.29,11.31,9.79,15.01,7.83,22.44,6.8,9.31,14.76,37.44,10.49
53,1.87589,1,10.29,11.27,9.82,15.01,7.83,22.33,6.77,9.49,14.76,37.9,10.57
54,1.87589,1,10.17,11.18,9.79,14.95,7.77,22.23,6.66,9.42,14.7,37.67,10.49
55,1.87589,1,10.17,11.22,9.98,15.07,7.83,22.44,6.8,9.57,14.76,37.22,10.53
56,1.87589,1,9.93,11.22,9.86,15.01,7.8,22.54,6.8,9.53,14.76,35.93,10.61
57,1.87589,1,10.17,11.18,9.9,15.07,7.83,22.33,6.8,9.53,14.83,37,10.65
58,1.87589,1,10.21,11.18,9.94,15.07,7.83,22.13,6.82,9.53,14.83,37.44,10.65
59,1.87589,1,9.89,11.14,9.98,15.07,7.83,22.13,6.82,9.49,14.83,38.36,10.7
60,1.87589,1,10.21,11.09,9.98,15.07,7.8,22.13,6.8,9.57,14.83,38.83,10.65
61,2.14988,1,10.37,11.09,10.02,15.07,7.83,22.54,6.82,9.6,14.89,35.93,10.57
62,2.14988,1,10.05,11.09,10.1,15.07,7.8,22.54,6.88,9.57,14.89,39.06,10.49
63,2.14988,1,10.25,11.09,10.14,15.14,7.83,22.44,6.85,9.6,14.96,38.12,10.7
64,2.14988,1,10.09,10.83,10.02,14.95,7.68,21.93,6.74,9.87,14.83,39.3,10.49
65,2.14988,1,10.17,10.96,10.1,15.07,7.77,21.93,6.8,9.75,14.83,39.06,10.57
66,2.14988,1,10.17,11.05,10.22,15.14,7.83,22.13,6.9,9.72,14.96,37.9,10.7
67,2.14988,1,10.17,10.79,10.1,14.95,7.68,21.73,6.74,9.6,14.76,38.12,10.57
68,2.14988,1,9.82,10.83,10.14,14.95,7.68,21.63,6.77,9.57,14.83,38.83,10.61
69,2.14988,1,10.17,10.92,10.3,15.14,7.8,22.33,6.88,9.75,15.09,37.22,10.74
70,2.14988,1,10.17,11.01,10.34,15.2,7.83,22.03,6.9,9.64,15.02,38.36,10.74
71,2.14988,1,10.09,10.96,10.22,15.14,7.83,21.93,6.88,9.57,14.89,40.54,10.65
72,2.14988,1,10.95,12.73,11.13,17.05,9.2,24.3,8.11,10.34,15.7,40.04,11.71
73,2.14988,1,10.53,11.86,10.71,15.99,8.47,22.86,7.47,9.83,15.35,40.8,11.3
74,2.14988,1,10.49,11.77,10.71,15.99,8.37,22.75,7.41,9.64,15.35,40.54,11.21
75,2.14988,1,10.33,11.22,10.54,15.52,8.05,22.23,7.15,9.72,15.22,37.9,10.95
76,2.14988,1,10.33,11.14,10.66,15.46,8.02,22.54,7.13,9.79,15.29,36.57,10.91
77,2.14988,1,9.89,10.62,10.42,15.07,7.68,21.63,6.88,9.64,14.96,37.44,10.57
78,2.14988,1,10.17,11.01,10.62,15.33,7.95,22.13,7.01,9.64,15.15,39.55,10.82
79,2.14988,1,11.53,12.63,11.63,17.05,9.2,24.3,8.17,10.63,16.34,40.29,12.03
80,2.14988,1,11.13,12.05,11.22,16.54,8.88,23.51,7.8,10.22,15.98,43.78,11.71
81,2.14988,1,11.04,12.14,11.05,16.47,8.81,23.29,7.8,9.95,15.63,40.8,11.62
82,2.14988,1,10.29,10.71,10.62,15.14,7.77,22.13,6.96,9.72,15.22,39.79,10.65
83,2.14988,1,10.7,11.4,11.13,15.99,8.41,23.07,7.47,10.18,15.7,39.3,11.34
84,2.14988,1,10.57,11.31,10.88,15.78,8.21,22.64,7.32,9.83,15.42,38.12,11.17
85,2.14988,1,11.04,11.9,11.53,16.47,8.74,23.62,7.86,10.47,16.12,41.05,11.85
86,2.14988,1,9.93,10.34,10.88,15.01,7.55,21.53,6.88,9.68,15.22,39.3,10.65
87,2.14988,1,9.97,10.3,10.88,15.01,7.58,21.83,6.88,9.75,15.15,37.22,10.7
88,2.14988,1,11.66,10.34,10.88,15.01,7.62,21.43,6.85,9.75,15.15,37.44,10.74
89,2.14988,1,11.75,10.26,10.92,15.01,7.55,21.43,6.85,9.72,15.15,37.44,10.74
90,2.14988,1,11.89,10.22,10.92,14.95,7.55,21.43,6.82,9.75,15.15,38.12,10.7
91,2.14988,1,11.66,10.18,10.96,14.95,7.55,21.53,6.82,9.75,15.22,37.67,10.74
92,2.14988,1,11.44,10.14,10.92,14.95,7.52,21.53,6.9,9.79,15.22,39.06,10.7
93,2.14988,1,11.08,10.1,10.96,14.95,7.52,21.53,6.77,9.75,15.15,37.9,10.7
94,2.14988,1,9.66,10.02,10.96,14.89,7.46,21.43,6.72,9.75,15.22,37.9,10.65
95,2.14988,1,10.21,9.94,10.96,14.82,7.43,21.43,6.8,9.83,15.22,35.93,10.65
96,2.14988,1,10.41,9.9,11,14.82,7.46,21.33,6.72,9.72,15.22,37.44,10.57
97,2.14988,1,10.29,9.86,11,14.76,7.41,21.33,6.66,9.83,15.15,38.12,10.61
98,2.14988,1,10.25,9.79,11.05,14.76,7.38,21.33,6.64,9.79,15.22,38.12,10.57
99,2.14988,1,10.21,9.75,11,14.76,7.38,21.24,6.64,9.79,15.22,38.83,10.57
100,2.14988,1,10.17,9.75,11.05,14.7,7.38,21.24,6.64,9.91,15.22,38.59,10.57
101,2.14988,1,10.13,9.67,11.09,14.76,7.38,21.24,6.61,9.91,15.29,37.9,10.57
102,2.14988,1,10.09,9.63,11.09,14.7,7.35,21.24,6.61,10.03,15.22,38.36,10.57
103,2.14988,1,10.09,9.63,11.13,14.7,7.32,21.14,6.61,9.95,15.35,38.36,10.57
104,2.14988,1,10.01,9.6,11.13,14.64,7.38,21.05,6.61,9.95,15.22,38.12,10.61
105,2.14988,1,10.05,9.56,11.13,14.7,7.46,21.05,6.61,9.95,15.22,37.67,10.65
106,2.14988,1,9.97,9.48,11.18,14.64,7.38,20.95,6.53,9.99,15.22,37.67,10.53
107,2.14988,1,9.97,9.48,11.18,14.58,7.35,21.14,6.58,9.95,15.22,39.79,10.57
108,2.14988,1,9.97,9.45,11.18,14.64,7.32,21.05,6.56,9.95,15.35,38.12,10.57
109,2.14988,1,9.97,9.3,11.22,14.46,7.29,20.77,6.48,9.91,15.15,38.36,10.49
110,2.14988,1,9.93,9.26,11.18,14.46,7.26,20.77,6.48,9.95,15.15,37.22,10.45
111,2.14988,1,9.89,9.19,11.18,14.4,7.23,20.67,6.43,10.06,15.15,37.44,10.45
112,2.14988,1,11.3,9.19,11.18,14.4,7.26,20.86,6.46,9.87,15.22,37.22,10.45
113,2.14988,1,11.35,9.26,11.4,14.46,7.32,20.95,6.51,9.95,15.22,40.29,10.61
114,2.14988,1,11.26,9.26,11.27,14.46,7.43,20.77,6.53,10.06,15.29,36.78,10.61
115,2.14988,1,11.08,9.19,11.27,14.4,7.03,20.67,6.51,10.03,15.29,36.78,10.49
116,2.14988,1,10.01,9.05,11.27,14.34,6.97,20.49,6.4,9.95,15.22,38.59,10.49
117,2.14988,1,9.86,8.98,11.27,14.28,6.89,20.4,6.38,10.03,15.22,37.67,10.41
118,2.14988,1,9.97,8.94,11.27,14.22,6.94,20.4,6.35,10.06,15.22,37.67,10.41
119,2.14988,1,9.93,8.87,11.27,14.22,6.94,20.31,6.3,10.03,15.22,35.31,10.33
120,2.14988,1,9.93,8.84,11.27,14.22,7.09,20.22,6.33,10.06,15.22,35.93,10.37
121,2.40975,1,10.25,8.84,11.31,14.16,7.14,20.31,6.33,10.14,15.35,40.54,10.41
122,2.40975,1,10.21,8.8,11.31,14.16,7.11,20.31,6.3,10.18,15.22,35.93,10.33
123,2.40975,1,10.09,8.74,11.27,14.05,7.06,20.58,6.23,10.06,15.15,37.67,10.33
124,2.40975,1,9.93,8.6,11.27,13.99,6.97,20.04,6.15,10.1,15.15,35.51,10.17
125,2.40975,1,10.25,8.63,11.49,14.05,7.06,20.22,6.25,10.14,15.29,37,10.17
126,2.40975,1,9.97,8.6,11.44,14.05,7.06,20.49,6.43,10.26,15.22,37.44,10.49
127,2.40975,1,10.25,8.57,11.49,14.05,7.06,20.13,6.28,10.18,15.35,37.44,10.33
128,2.40975,1,10.05,8.57,11.49,13.99,7.06,20.13,6.25,10.51,15.29,40.29,10.61
129,2.40975,1,9.78,8.53,11.53,13.99,7.03,20.13,6.25,10.14,15.29,37.22,10.33
130,2.40975,1,10.33,8.53,11.53,13.99,7.06,19.95,6.38,10.18,15.35,36.78,10.33
131,2.40975,1,10.21,8.5,11.67,13.99,7.03,19.95,6.28,10.14,15.35,37.67,10.33
132,2.40975,1,10.09,8.47,11.63,13.93,7.03,19.95,6.25,10.18,15.35,37.22,10.33
133,2.40975,1,10.09,8.43,11.63,13.93,7,19.95,6.28,10.18,15.35,37.67,10.37
134,2.40975,1,10.01,8.43,11.58,13.93,6.97,19.86,6.25,10.18,15.42,36.35,10.37
135,2.40975,1,10.01,8.37,11.58,13.88,6.78,19.77,6.23,10.14,15.35,35.11,10.33
136,2.40975,1,10.05,8.37,11.63,13.88,6.97,20.13,6.25,10.22,15.42,37.67,10.29
137,2.40975,1,10.05,8.37,11.67,13.88,6.97,19.77,6.25,10.1,15.56,37,10.37
138,2.40975,1,10.09,8.33,11.67,13.88,6.94,19.77,6.23,10.22,15.42,35.31,10.21
139,2.40975,1,10.09,8.3,11.67,13.82,6.94,19.69,6.23,10.22,15.42,37.22,10.29
140,2.40975,1,10.09,8.3,11.72,13.99,6.94,19.69,6.23,10.22,15.42,37.22,10.53
141,2.40975,1,9.97,8.27,11.72,13.82,6.92,19.69,6.28,10.26,15.42,36.57,10.65
142,2.40975,1,11.21,8.27,11.76,13.76,6.92,19.6,6.23,10.14,15.35,37.22,10.37
143,2.40975,1,10.09,8.23,11.72,13.82,6.89,19.6,6.2,10.26,15.49,35.93,10.37
144,2.40975,1,10.05,8.2,11.76,13.76,6.89,19.51,6.23,10.26,15.42,37.44,10.65
145,2.40975,1,10.01,8.17,11.76,13.76,6.89,19.51,6.23,10.3,15.49,36.78,10.37
146,2.40975,1,9.93,8.17,11.81,13.88,6.89,19.51,6.3,10.3,15.49,37,10.33
147,2.40975,1,9.97,8.14,11.81,13.71,6.89,19.51,6.2,10.3,15.49,36.35,10.25
148,2.40975,1,10.01,8.11,11.81,13.76,6.86,19.51,6.18,10.3,15.49,38.12,10.37
149,2.40975,1,9.93,8.11,11.86,13.71,6.86,19.51,6.18,10.26,15.56,36.78,10.21
150,2.40975,1,9.89,8.07,11.86,13.71,6.83,19.43,6.15,10.3,15.49,37.44,10.29
151,2.40975,1,9.66,8.04,11.86,13.71,6.83,19.43,6.15,10.39,15.56,38.83,10.29
152,2.40975,1,9.89,8.01,11.9,13.65,6.81,19.43,6.13,10.3,15.56,37.44,10.25
153,2.40975,1,9.89,8.01,11.9,13.6,6.81,19.34,6.15,10.43,15.56,37.44,10.33
154,2.40975,1,9.89,7.98,11.9,13.6,6.78,19.34,6.13,10.43,15.56,37.22,10.33
155,2.40975,1,9.86,7.85,12,13.54,6.78,19.18,6.13,10.34,15.63,38.36,10.41
156,2.40975,1,9.86,7.82,12,13.49,6.75,19.09,6.11,10.47,15.63,37.9,10.33
157,2.40975,1,9.86,7.82,12,13.49,6.75,19.18,6.13,10.34,15.63,37,10.25
158,2.40975,1,9.86,7.79,12,13.43,6.75,19.09,6.11,10.43,15.63,36.78,10.25
159,2.40975,1,9.82,7.76,12.05,13.43,6.72,19.43,6.11,10.3,15.63,36.78,10.25
160,2.40975,1,9.55,7.73,12.05,13.43,6.7,19.09,6.08,10.18,15.63,37.9,10.25
161,2.40975,1,9.55,7.7,12.05,13.38,6.7,19.18,6.06,10.3,15.63,37,10.25
162,2.40975,1,9.86,7.73,12.09,13.38,6.72,19.43,6.11,10.39,15.63,38.36,10.45
163,2.40975,1,9.86,7.7,12.09,13.43,6.7,19.34,6.11,10.34,15.7,38.36,10.25
164,2.40975,1,9.82,7.67,12.09,13.32,6.67,19.34,6.08,10.43,15.7,36.57,10.29
165,2.40975,1,9.86,7.67,12.19,13.32,6.67,19.34,6.08,10.3,15.7,37.22,10.21
166,2.40975,1,9.82,7.64,12.14,13.32,6.64,19.34,6.08,10.34,15.7,38.59,10.21
167,2.40975,1,9.78,7.61,12.14,13.27,6.7,19.34,6.08,10.34,15.7,39.55,10.25
168,2.40975,1,9.82,7.61,12.19,13.43,6.64,19.26,6.06,10.43,15.7,37.9,10.29
169,2.40975,1,9.82,7.58,12.29,13.21,6.64,19.26,6.06,10.43,15.7,37.44,10.33
170,2.40975,1,9.86,7.58,12.19,13.27,6.7,19.18,6.08,10.63,15.77,37,10.37
171,2.40975,1,9.82,7.58,12.19,13.27,6.64,19.18,6.08,10.51,15.77,37.44,10.29
172,2.40975,1,9.82,7.55,12.24,13.21,6.64,19.18,6.08,10.76,15.7,36.57,10.33
173,2.40975,1,9.78,7.52,12.24,13.21,6.72,19.09,6.06,10.43,15.77,36.57,10.29
174,2.40975,1,9.74,7.52,12.24,13.16,6.61,19.09,6.03,10.43,15.77,36.57,10.21
175,2.40975,1,9.78,7.49,12.29,13.16,6.64,19.09,6.06,10.43,15.77,38.59,10.29
176,2.40975,1,9.78,7.49,12.29,13.16,6.59,19.09,6.06,10.39,15.77,38.36,10.25
177,2.40975,1,9.74,7.46,12.29,13.16,6.59,19.01,6.2,10.43,15.84,37.22,10.25
178,2.40975,1,9.74,7.43,12.33,13.11,6.61,19.01,6.06,10.34,15.77,42.66,10.21
179,2.40975,1,9.74,7.43,12.33,13.11,6.45,19.01,6.06,10.39,15.84,35.51,10.21
180,2.40975,1,9.74,7.4,12.29,13.06,6.4,19.01,6.08,10.39,15.84,36.78,10.25
181,2.65592,1,9.7,7.4,12.38,13,6.45,19.01,6.08,10.43,15.84,37.67,10.21
182,2.65592,1,9.82,7.37,12.38,13.06,6.38,19.01,6.06,10.22,15.84,37,10.25
183,2.65592,1,9.82,7.37,12.38,13.06,6.4,19.01,6.06,10.34,15.91,38.12,10.29
184,2.65592,1,9.78,7.37,12.38,13,6.32,19.01,6.06,10.39,15.91,38.59,10.25
185,2.65592,1,9.89,7.34,12.43,13,6.32,19.01,6.03,10.51,15.91,37.9,10.13
186,2.65592,1,9.93,7.31,12.43,13,6.35,19.01,6.03,10.43,15.91,38.36,10.09
187,2.65592,1,9.93,7.31,12.43,13,6.35,19.01,6.06,10.34,15.91,38.12,10.17
188,2.65592,1,9.97,7.31,12.53,12.95,6.35,18.93,6.03,10.43,15.98,36.35,10.09
189,2.65592,1,9.93,7.28,12.48,12.95,6.32,18.93,6.08,10.43,15.98,37,10.05
190,2.65592,1,9.89,7.28,12.48,12.9,6.35,18.93,6.03,10.39,15.98,37,10.13
191,2.65592,1,9.89,7.25,12.53,13,6.32,18.84,6.03,10.39,15.98,38.12,10.09
192,2.65592,1,9.89,7.22,12.53,12.9,6.32,18.84,5.98,10.51,15.98,37.67,10.25
193,2.65592,1,9.89,7.22,12.68,12.85,6.32,18.84,6.03,10.43,15.98,37,10.21
194,2.65592,1,9.89,7.22,12.58,12.85,6.27,18.84,6.03,10.43,16.05,37.67,10.25
195,2.65592,1,9.89,7.19,12.58,12.79,6.25,18.76,6.01,10.43,16.05,36.57,10.17
196,2.65592,1,9.59,7.16,12.58,12.79,6.25,18.76,6.01,10.43,16.12,37,10.21
197,2.65592,1,9.97,7.16,12.63,12.79,6.09,18.76,6.03,10.43,16.05,38.12,10.21
198,2.65592,1,10.01,7.16,12.63,12.79,6.17,18.76,6.01,10.43,16.05,38.12,10.25
199,2.65592,1,10.01,7.14,12.63,12.74,6.17,18.76,6.03,10.47,16.12,36.35,10.33
200,2.65592,1,9.97,7.14,12.68,12.74,6.19,18.76,6.03,10.43,16.05,38.12,10.21
201,2.65592,1,9.86,7.05,12.63,12.64,6.09,18.6,5.96,10.63,16.12,37.67,10.13
202,2.65592,1,9.93,7.05,12.68,12.64,6.12,18.68,5.98,10.51,16.12,37.44,10.17
203,2.65592,1,9.93,7.02,12.68,12.59,6.12,18.68,5.98,10.47,16.12,36.57,10.21
204,2.65592,1,9.97,7.02,12.68,12.59,6.07,18.6,5.96,10.51,16.05,37,10.13
205,2.65592,1,10.01,7.02,12.68,12.54,6.02,18.6,5.98,10.51,16.2,38.59,10.13
206,2.65592,1,9.97,6.99,12.73,12.54,6.04,18.6,5.98,10.47,16.12,37.9,10.13
207,2.65592,1,9.97,6.99,12.73,12.54,6.04,18.6,5.98,10.47,16.12,37.22,10.13
208,2.65592,1,9.86,6.97,12.73,12.49,6.04,18.52,5.96,10.43,16.2,37.44,10.25
209,2.65592,1,9.97,6.97,12.88,12.49,6.02,18.52,5.98,10.63,16.2,36.78,10.13
210,2.65592,1,9.93,6.94,12.78,12.49,6.02,18.52,5.96,10.43,16.2,37.44,10.05
211,2.65592,1,9.86,6.94,12.78,12.44,5.99,18.52,5.98,10.51,16.2,36.57,10.21
212,2.65592,1,9.93,6.94,12.78,12.44,5.99,18.52,6.01,10.55,16.2,37.44,10.29
213,2.65592,1,9.86,6.91,12.83,12.44,5.97,18.44,5.96,10.59,16.2,41.05,10.25
214,2.65592,1,9.93,6.88,12.83,12.39,5.97,18.52,5.96,10.59,16.27,38.36,10.21
215,2.65592,1,9.82,6.83,12.78,12.29,5.89,18.36,5.91,10.55,16.12,37.44,10.01
216,2.65592,1,9.78,6.74,12.78,12.19,5.82,18.28,5.84,10.55,16.12,38.59,10.01
217,2.65592,1,9.74,6.74,12.78,12.19,5.87,18.2,5.84,10.84,16.12,36.35,9.74
218,2.65592,1,9.78,6.74,12.78,12.19,5.87,18.2,5.87,10.59,16.12,35.51,10.05
219,2.65592,1,9.74,6.74,12.83,12.19,5.87,18.2,5.89,10.67,16.2,38.12,10.13
220,2.65592,1,9.78,6.72,12.83,12.14,5.87,18.2,5.82,10.59,16.12,37.22,10.09
221,2.65592,1,9.63,6.61,12.73,12,5.77,18.05,5.8,10.55,16.05,36.57,9.97
222,2.65592,1,9.7,6.58,12.73,11.95,5.75,18.05,5.77,10.51,16.05,36.78,9.97
223,2.65592,1,9.74,6.55,12.78,11.95,5.75,17.97,5.75,10.51,16.05,37.22,10.05
224,2.65592,1,9.74,6.55,12.83,11.9,5.75,17.97,5.75,10.47,16.05,37,9.89
225,2.65592,1,9.66,6.53,12.78,11.9,5.75,17.89,5.73,10.55,16.05,35.51,9.97
226,2.65592,1,9.7,6.53,12.78,11.86,5.75,17.97,5.75,10.34,16.2,38.12,9.97
227,2.65592,1,9.74,6.58,12.88,11.9,5.82,17.97,5.82,10.55,16.2,36.57,10.05
228,2.65592,1,9.74,6.58,12.88,11.9,5.77,17.97,5.8,10.63,16.2,36.57,10.05
229,2.65592,1,9.74,6.55,12.94,11.9,5.79,17.97,5.87,10.59,16.2,37,10.01
230,2.65592,1,9.66,6.5,12.88,11.81,5.72,17.82,5.75,10.55,16.2,36.35,10.05
231,2.65592,1,9.63,6.47,12.88,11.76,5.72,17.89,5.73,10.51,16.2,37.44,10.05
232,2.65592,1,9.66,6.58,12.99,11.9,5.79,18.05,5.96,10.63,16.27,38.83,10.17
233,2.65592,1,9.82,6.58,12.99,11.9,5.82,18.05,5.84,10.84,16.34,36.57,10.21
234,2.65592,1,9.82,6.53,12.99,11.76,5.77,17.97,5.82,10.59,16.27,37,10.13
235,2.65592,1,9.78,6.53,13.04,11.81,5.77,17.97,5.84,10.59,16.34,37.22,10.13
236,2.65592,1,9.97,6.63,13.09,11.95,5.84,18.13,5.91,10.63,16.42,37.9,10.21
237,2.65592,1,9.97,6.61,13.14,11.9,5.89,18.13,5.94,10.67,16.79,36.14,10.13
238,2.65592,1,10.01,6.61,13.14,11.9,5.84,18.13,5.94,10.67,16.49,37.9,10.17
239,2.65592,1,9.97,6.61,13.14,11.9,5.84,18.13,5.94,11.23,16.49,37.9,10.17
240,2.65592,1,9.74,6.45,13.04,11.67,5.67,17.82,5.77,11.55,16.34,36.57,10.09
241,2.88881,1,9.78,6.55,13.2,11.81,5.82,18.05,5.89,10.67,16.57,37.9,10.09
242,2.88881,1,9.86,6.55,13.2,11.81,5.79,18.05,5.91,10.72,16.57,36.57,10.21
243,2.88881,1,9.86,6.55,13.2,11.76,5.82,18.05,5.91,10.51,16.57,36.78,10.09
244,2.88881,1,9.89,6.55,13.25,11.76,5.82,18.05,5.94,10.67,16.57,37.44,10.17
245,2.88881,1,9.82,6.53,13.25,11.76,5.79,18.05,5.91,10.67,16.57,40.54,10.17
246,2.88881,1,9.86,6.53,13.25,11.76,5.79,18.05,5.94,10.67,16.64,37.44,10.21
247,2.88881,1,9.82,6.5,13.25,11.72,5.79,18.05,5.91,10.8,16.57,37.67,10.13
248,2.88881,1,9.82,6.5,13.41,11.72,5.77,17.97,5.94,10.93,16.64,37.22,10.17
249,2.88881,1,9.78,6.47,13.3,11.67,5.77,17.97,5.91,10.76,16.57,37.22,10.13
250,2.88881,1,9.66,6.47,13.36,11.62,5.79,17.97,5.91,10.8,16.64,35.31,10.21
251,2.88881,1,9.74,6.45,13.36,11.62,5.75,17.89,5.91,10.67,16.64,37.44,10.13
252,2.88881,1,9.74,6.45,13.36,11.62,5.77,17.89,5.91,10.76,16.64,37.44,10.13
253,2.88881,1,9.78,6.45,13.41,11.62,5.77,17.97,5.94,10.72,16.72,40.04,10.21
254,2.88881,1,9.74,6.42,13.41,11.58,5.75,17.89,5.91,10.84,16.64,38.12,10.13
255,2.88881,1,9.74,6.39,13.41,11.58,5.75,17.97,5.91,10.72,16.72,37,10.25
256,2.88881,1,9.74,6.42,13.41,11.58,5.79,17.89,5.91,10.97,16.72,38.12,10.29
257,2.88881,1,9.74,6.42,13.46,11.58,5.79,17.89,5.94,10.84,16.72,38.83,10.17
258,2.88881,1,9.74,6.42,13.46,11.53,5.82,17.89,5.96,10.76,16.79,38.83,10.17
259,2.88881,1,9.78,6.39,13.52,11.53,5.79,17.89,5.91,10.76,16.79,38.12,9.97
260,2.88881,1,9.82,6.37,13.52,11.49,5.79,17.89,5.94,10.72,16.79,39.3,10.17
261,2.88881,1,9.82,6.39,13.52,11.49,5.82,17.89,5.94,10.67,16.87,37.67,9.7
262,2.88881,1,9.82,6.37,13.52,11.49,5.79,17.89,5.96,10.76,16.79,40.8,9.81
263,2.88881,1,9.82,6.37,13.57,11.44,5.79,17.89,5.94,11.06,16.87,37.44,9.89
264,2.88881,1,9.86,6.34,13.57,11.44,5.77,17.89,5.94,10.8,16.87,38.36,9.93
265,2.88881,1,9.86,6.37,13.63,11.44,5.79,17.97,5.94,10.72,16.87,37.67,9.93
266,2.88881,1,9.86,6.34,13.63,11.39,5.79,17.89,5.94,10.8,16.79,37.9,10.13
267,2.88881,1,9.86,6.34,13.63,11.39,5.77,17.89,5.94,10.8,17.03,38.12,10.05
268,2.88881,1,9.93,6.32,13.63,11.35,5.77,17.89,5.94,10.89,16.95,38.12,10.21
269,2.88881,1,9.89,6.32,13.68,11.35,5.75,17.89,5.91,10.89,17.03,37.9,10.05
270,2.88881,1,10.01,6.32,13.68,11.35,5.77,17.82,5.94,10.84,17.03,38.12,10.25
271,2.88881,1,9.93,6.29,13.68,11.3,5.75,17.82,5.94,10.84,16.95,37.9,10.21
272,2.88881,1,9.89,6.29,13.68,11.26,5.77,17.67,5.94,10.59,17.03,37.67,10.13
273,2.88881,1,9.82,6.26,13.74,11.26,5.75,17.67,5.91,10.8,17.03,37.9,10.01
274,2.88881,1,9.78,6.26,13.74,11.22,5.72,17.67,5.91,10.72,17.03,37.9,10.05
275,2.88881,1,9.74,6.26,13.74,11.22,5.75,17.67,5.91,10.8,17.03,38.12,10.13
276,2.88881,1,9.74,6.26,13.74,11.22,5.72,17.67,5.91,11.73,17.03,38.36,10.09
277,2.88881,1,9.7,6.24,13.79,11.17,5.77,17.67,5.91,10.72,17.1,37.67,10.05
278,2.88881,1,9.63,6.24,13.85,11.17,5.72,17.59,5.91,10.76,17.1,37.67,9.97
279,2.88881,1,9.66,6.21,13.74,11.13,5.72,17.59,5.91,10.76,17.1,37.44,10.13
280,2.88881,1,9.7,6.21,13.85,11.13,5.7,17.59,5.91,10.76,17.1,38.12,10.13
281,2.88881,1,9.66,6.21,13.79,11.08,5.7,17.59,5.91,10.84,17.1,37.44,10.17
282,2.88881,1,9.63,6.16,13.85,11.08,5.67,17.52,5.87,11.15,17.1,38.36,10.09
283,2.88881,1,9.63,6.16,13.85,11.13,5.65,17.52,5.89,10.72,17.1,37,10.25
284,2.88881,1,9.55,6.16,13.85,11.04,5.65,17.44,5.96,10.76,17.1,36.78,10.17
285,2.88881,1,9.59,6.14,13.85,10.95,5.63,17.44,5.94,10.76,17.1,36.57,10.17
286,2.88881,1,9.44,6.11,13.85,10.95,5.63,17.44,5.84,10.8,17.1,38.12,10.29
287,2.88881,1,9.48,6.01,13.79,10.82,5.55,17.22,5.77,10.84,17.1,39.06,10.05
288,2.88881,1,9.55,6.14,13.9,10.95,5.65,17.44,5.89,11.06,17.18,38.36,10.25
289,2.88881,1,9.59,6.14,13.9,10.91,5.63,17.44,5.87,11.19,17.18,37.9,10.41
290,2.88881,1,9.59,6.14,13.96,10.91,5.65,17.44,5.87,11.32,17.18,37.9,10.41
291,2.88881,1,9.59,6.11,13.96,10.91,5.65,17.44,5.87,11.19,17.26,37.9,10.61
292,2.88881,1,9.33,6.11,13.96,10.82,5.63,17.37,5.84,11.1,17.26,37.67,10.13
293,2.88881,1,9.63,6.09,14.01,10.82,5.63,17.37,5.87,11.23,17.26,37.9,9.48
294,2.88881,1,9.63,6.11,13.96,10.82,5.63,17.37,5.87,11.19,17.26,37,10.29
295,2.88881,1,9.63,6.09,14.01,10.82,5.63,17.44,5.82,11.46,17.26,36.14,10.37
296,2.88881,1,9.59,6.09,14.07,10.78,5.6,17.44,5.84,11.28,17.26,37.22,9.48
297,2.88881,1,9.63,6.09,14.01,10.78,5.63,17.44,5.8,11.23,17.34,37.67,10.61
298,2.88881,1,9.63,6.06,14.01,10.74,5.63,17.44,5.84,11.28,17.34,37.22,10.09
299,2.88881,1,9.66,6.06,14.07,10.74,5.65,17.37,5.91,11.28,17.34,37.67,9.44
300,2.88881,1,9.63,6.06,14.18,10.7,5.6,17.37,5.84,11.32,17.34,37,10.78
301,3.10884,2,9.63,6.06,14.07,10.7,5.6,17.37,5.82,11.41,17.34,36.57,9.97
302,3.10884,2,9.55,6.04,14.07,10.65,5.6,17.37,5.84,11.59,17.34,37.44,9.85
303,3.10884,2,9.63,6.04,14.18,10.61,5.6,17.3,5.84,11.41,17.34,37.44,9.97
304,3.10884,2,9.63,6.01,14.13,10.61,5.58,17.37,5.84,11.06,17.34,36.14,9.78
305,3.10884,2,9.59,6.01,14.13,10.61,5.58,17.3,5.84,10.8,17.42,38.12,9.66
306,3.10884,2,9.55,6.01,14.18,10.57,5.58,17.3,5.82,10.93,17.42,38.12,9.48
307,3.10884,2,9.29,5.99,14.18,10.57,5.58,17.15,5.77,10.93,17.5,39.79,9.51
308,3.10884,2,9.66,5.99,14.24,10.53,5.58,17.22,5.84,10.89,17.5,36.14,10.13
309,3.10884,2,9.59,5.99,14.24,10.49,5.58,17.15,5.77,10.89,17.58,37.9,10.25
310,3.10884,2,9.51,5.99,14.24,10.53,5.58,17.15,5.82,11.01,17.5,37.9,10.57
311,3.10884,2,9.55,5.99,14.24,10.53,5.6,17.15,5.84,10.89,17.5,39.3,10.41
312,3.10884,2,9.59,5.96,14.24,10.57,5.58,17.15,5.82,10.89,17.58,39.06,9.48
313,3.10884,2,9.63,5.96,14.24,10.49,5.58,17.22,5.84,10.89,17.58,39.55,10.7
314,3.10884,2,9.63,5.96,14.24,10.49,5.58,17.15,5.82,10.84,17.5,39.3,9.74
315,3.10884,2,9.55,5.89,14.24,10.37,5.53,17.08,5.77,10.8,17.5,38.12,9.85
316,3.10884,2,9.55,5.91,14.3,10.37,5.55,17.08,5.8,10.8,17.5,38.59,10.25
317,3.10884,2,9.51,5.94,14.3,10.37,5.55,17.08,5.82,10.93,17.5,38.36,10.37
318,3.10884,2,9.44,5.94,14.36,10.41,5.58,17.08,5.82,11.1,17.5,38.12,10.65
319,3.10884,2,9.7,5.91,14.36,10.37,5.58,17.08,5.82,10.93,17.5,38.36,10.01
320,3.10884,2,9.48,5.91,14.36,10.37,5.55,17.08,5.82,10.89,17.58,38.59,9.81
321,3.10884,2,9.66,5.94,14.42,10.32,5.58,17.08,5.82,10.84,17.58,39.06,10.65
322,3.10884,2,9.66,5.94,14.42,10.28,5.58,17.08,5.82,10.89,17.67,38.36,10.57
323,3.10884,2,9.37,5.91,14.53,10.24,5.55,17.08,5.82,10.93,17.58,37.9,10.05
324,3.10884,2,9.63,5.91,14.42,10.24,5.55,17.08,5.89,10.89,17.58,37.67,10.21
325,3.10884,2,9.55,5.89,14.42,10.2,5.55,17.08,5.8,10.93,17.58,38.12,9.89
326,3.10884,2,9.59,5.89,14.42,10.24,5.6,17.08,5.82,10.89,17.58,38.12,10.49
327,3.10884,2,9.55,5.86,14.47,10.2,5.55,17.01,5.77,10.93,17.67,37.9,9.97
328,3.10884,2,9.48,5.86,14.47,10.16,5.55,17.01,5.8,10.84,17.67,38.36,10.25
329,3.10884,2,9.59,5.86,14.53,10.12,5.53,17.01,5.8,10.97,17.75,37.9,9.85
330,3.10884,2,9.55,5.84,14.47,10.12,5.53,16.93,5.8,10.84,17.75,37.67,9.97
331,3.10884,2,9.55,5.81,14.53,10.08,5.53,16.93,5.77,10.89,17.75,39.06,9.89
332,3.10884,2,9.51,5.81,14.47,10.01,5.53,16.93,5.77,10.93,17.83,37.9,10.17
333,3.10884,2,9.44,5.79,14.53,9.93,5.51,16.86,5.75,10.97,17.75,38.59,9.97
334,3.10884,2,9.44,5.81,14.53,9.93,5.51,16.86,5.82,10.97,17.67,37.44,9.59
335,3.10884,2,9.48,5.81,14.53,9.93,5.53,16.86,5.77,10.93,17.75,39.06,10.25
336,3.10884,2,9.51,5.81,14.53,9.93,5.53,16.86,5.77,10.89,17.75,37.22,10.78
337,3.10884,2,9.48,5.79,14.53,9.89,5.51,16.86,5.73,10.93,17.75,39.3,10.53
338,3.10884,2,9.44,5.79,14.53,9.89,5.48,16.86,5.75,10.93,17.75,39.3,10.37
339,3.10884,2,9.51,5.79,14.53,9.89,5.51,16.93,5.77,10.93,17.75,38.12,10.21
340,3.10884,2,9.51,5.79,14.59,9.89,5.53,16.93,5.75,10.89,17.75,37.44,10.05
341,3.10884,2,9.51,5.79,14.59,9.89,5.53,16.93,5.75,10.93,17.75,37.9,10.21
342,3.10884,2,9.51,5.79,14.65,9.81,5.51,16.93,5.82,10.89,17.75,37.9,9.51
343,3.10884,2,9.51,5.76,14.71,9.81,5.53,16.93,5.75,11.01,17.67,36.35,9.4
344,3.10884,2,9.44,5.76,14.65,9.81,5.53,16.93,5.73,11.06,17.75,37.9,9.36
345,3.10884,2,9.48,5.79,14.65,9.77,5.53,16.86,5.75,11.06,17.67,37,10.25
346,3.10884,2,9.44,5.74,14.65,9.73,5.51,16.86,5.7,11.06,17.75,37.44,9.93
347,3.10884,2,9.4,5.72,14.59,9.7,5.51,16.79,5.7,10.93,17.67,36.78,9.36
348,3.10884,2,9.4,5.72,14.65,9.7,5.48,16.79,5.7,11.1,17.75,38.36,10.17
349,3.10884,2,9.4,5.72,14.59,9.77,5.48,16.79,5.7,11.01,17.67,37.67,9.4
350,3.10884,2,9.44,5.72,14.77,9.81,5.51,16.79,5.7,10.93,17.67,36.78,10.09
351,3.10884,2,10.37,5.74,14.65,9.81,5.51,16.79,5.73,11.23,17.67,36.78,9.81
352,3.10884,2,10.37,5.74,14.71,9.77,5.53,16.79,5.73,10.97,17.67,36.78,9.97
353,3.10884,2,9.15,5.72,14.77,9.81,5.53,16.79,5.77,10.97,17.75,37.67,10.01
354,3.10884,2,9.37,5.72,14.77,9.81,5.51,16.79,5.73,11.01,17.75,37.9,9.97
355,3.10884,2,9.44,5.72,14.77,9.77,5.48,16.72,5.7,10.97,17.75,38.12,9.89
356,3.10884,2,11.71,5.74,14.77,9.66,5.51,16.72,5.75,10.97,17.67,41.58,9.85
357,3.10884,2,11.17,5.72,14.77,9.73,5.53,16.72,5.75,10.93,17.67,38.12,9.93
358,3.10884,2,9.37,5.69,14.83,9.66,5.48,16.72,5.73,11.01,17.75,37.22,9.89
359,3.10884,2,9.37,5.69,14.83,9.73,5.51,16.72,5.73,11.06,17.75,38.12,9.85
360,3.10884,2,9.33,5.69,14.89,9.73,5.51,16.65,5.68,10.97,17.75,38.12,9.78
361,3.31643,2,9.37,5.72,14.83,9.73,5.48,16.65,5.73,10.89,17.75,37.9,9.85
362,3.31643,2,9.37,5.69,14.83,9.73,5.48,16.65,5.7,10.97,17.83,38.36,9.85
363,3.31643,2,9.37,5.69,14.89,9.73,5.48,16.65,5.7,11.06,17.75,38.36,9.89
364,3.31643,2,9.4,5.72,14.89,9.77,5.51,16.65,5.73,11.1,18.25,37.67,9.93
365,3.31643,2,9.37,5.72,14.89,9.73,5.51,16.65,5.73,11.28,17.75,38.12,9.93
366,3.31643,2,9.37,5.72,14.95,9.7,5.51,16.65,5.75,11.06,17.75,37.67,10.01
367,3.31643,2,9.37,5.69,14.95,9.7,5.51,16.65,5.8,10.97,17.75,38.36,9.85
368,3.31643,2,9.37,5.57,14.89,9.58,5.53,16.65,5.73,11.01,17.83,50.6,9.74
369,3.31643,2,9.33,5.69,14.95,9.7,5.51,16.65,5.73,11.15,17.75,38.12,10.01
370,3.31643,2,9.29,5.64,14.95,9.62,5.46,16.58,5.7,10.93,17.75,37.67,9.81
371,3.31643,2,9.18,5.62,14.95,9.62,5.46,16.51,5.68,11.06,17.75,35.72,9.85
372,3.31643,2,9.18,5.62,14.95,9.58,5.48,16.51,5.68,11.19,17.75,37.22,9.85
373,3.31643,2,9.18,5.62,14.95,9.58,5.46,16.51,5.66,11.06,17.75,39.06,9.81
374,3.31643,2,9.11,5.6,14.95,9.55,5.46,16.44,5.66,11.1,17.75,37.44,9.81
375,3.31643,2,9.15,5.6,14.95,9.55,5.51,16.51,5.66,11.15,17.75,38.12,9.93
376,3.31643,2,9.15,5.6,14.95,9.58,5.44,16.44,5.63,11.06,17.75,38.12,9.93
377,3.31643,2,9.15,5.6,14.95,9.51,5.37,16.44,5.66,11.41,17.75,37.9,9.93
378,3.31643,2,9.18,5.6,15.01,9.55,5.39,16.44,5.66,11.46,17.75,37.44,9.89
379,3.31643,2,9.15,5.6,14.95,9.51,5.41,16.44,5.66,11.06,17.75,38.12,9.81
380,3.31643,2,9.15,5.6,15.01,9.51,5.41,16.44,5.66,11.06,17.75,37.67,9.93
381,3.31643,2,9.15,5.6,15.01,9.51,5.44,16.44,5.66,10.97,17.75,38.12,9.85
382,3.31643,2,9.11,5.57,15.01,9.51,5.41,16.38,5.63,11.01,17.75,36.14,9.93
383,3.31643,2,9.11,5.57,15.01,9.51,5.39,16.38,5.63,11.1,17.75,39.79,9.93
384,3.31643,2,9.08,5.55,15.01,9.47,5.39,16.38,5.61,11.1,17.75,37.44,9.97
385,3.31643,2,9.08,5.55,15.01,9.51,5.39,16.38,5.63,10.97,17.75,38.12,9.93
386,3.31643,2,9.11,5.55,15.08,9.51,5.41,16.38,5.63,11.1,17.75,37.67,9.89
387,3.31643,2,9.11,5.55,15.08,9.47,5.41,16.31,5.63,11.1,17.75,38.36,9.97
388,3.31643,2,9.18,5.57,15.08,9.47,5.41,16.38,5.63,11.06,17.91,37.44,10.09
389,3.31643,2,9.15,5.55,15.08,9.47,5.39,16.31,5.66,11.19,17.75,38.12,9.97
390,3.31643,2,9.15,5.55,15.08,9.43,5.39,16.31,5.63,11.15,17.75,38.36,10.45
391,3.31643,2,9.15,5.55,15.08,9.47,5.39,16.31,5.63,11.15,17.75,37.9,9.89
392,3.31643,2,9.11,5.55,15.08,9.43,5.39,16.31,5.61,11.19,17.75,38.83,9.93
393,3.31643,2,9.15,5.52,15.14,9.43,5.39,16.31,5.61,11.19,17.75,37.44,9.93
394,3.31643,2,9.15,5.55,15.14,9.4,5.39,16.31,5.61,11.28,17.83,38.12,9.97
395,3.31643,2,9.11,5.52,15.14,9.43,5.39,16.31,5.63,11.19,17.75,35.31,9.81
396,3.31643,2,9.08,5.52,15.14,9.4,5.39,16.31,5.59,11.28,17.75,36.14,9.89
397,3.31643,2,9.11,5.52,15.2,9.4,5.37,16.31,5.61,11.41,17.75,39.79,9.97
398,3.31643,2,9.08,5.52,15.26,9.4,5.39,16.31,5.63,11.46,17.75,36.14,9.93
399,3.31643,2,9.11,5.52,15.2,9.4,5.37,16.24,5.61,11.28,17.75,37.67,9.97
400,3.31643,2,9.11,5.52,15.2,9.4,5.39,16.24,5.61,11.28,17.83,37.9,9.93
401,3.31643,2,9.15,5.52,15.2,9.36,5.39,16.24,5.61,11.32,17.75,37.9,9.89
402,3.31643,2,9.15,5.52,15.2,9.36,5.39,16.24,5.61,11.28,17.75,37.22,9.85
403,3.31643,2,9.15,5.52,15.2,9.4,5.41,16.24,5.61,11.28,17.75,38.12,9.93
404,3.31643,2,9.15,5.52,15.26,9.36,5.39,16.24,5.61,11.28,17.75,37.9,9.97
405,3.31643,2,9.11,5.52,15.26,9.36,5.41,16.24,5.63,11.28,17.83,35.11,9.89
406,3.31643,2,9.08,5.52,15.26,9.36,5.39,16.24,5.61,11.28,17.83,37,9.93
407,3.31643,2,9.08,5.5,15.26,9.32,5.39,16.24,5.61,11.23,17.75,37.44,10.05
408,3.31643,2,9.11,5.5,15.26,9.32,5.39,16.24,5.61,11.32,17.83,37.22,9.89
409,3.31643,2,9.11,5.5,15.26,9.32,5.37,16.24,5.61,11.23,17.83,37.67,9.93
410,3.31643,2,9.15,5.55,15.32,9.36,5.41,16.31,5.63,11.41,17.83,37.44,10.01
411,3.31643,2,9.11,5.52,15.32,9.36,5.44,16.24,5.63,11.23,17.91,37.44,9.97
412,3.31643,2,10.45,5.55,15.32,9.43,5.44,16.24,5.63,11.46,17.83,38.83,9.93
413,3.31643,2,9.04,5.52,15.39,9.32,5.44,16.24,5.61,11.69,17.83,37.9,9.97
414,3.31643,2,9.15,5.5,15.39,9.32,5.41,16.24,5.61,11.37,17.83,36.14,9.97
415,3.31643,2,9.15,5.5,15.39,9.32,5.41,16.17,5.73,11.78,17.83,39.06,9.93
416,3.31643,2,9.15,5.52,15.39,9.32,5.44,16.24,5.63,11.82,17.83,37.44,10.25
417,3.31643,2,9.11,5.5,15.39,9.32,5.44,16.17,5.63,11.37,17.83,37.9,9.89
418,3.31643,2,9.11,5.52,15.39,9.32,5.44,16.17,5.63,11.46,17.83,37.22,10.05
419,3.31643,2,9.11,5.5,15.58,9.29,5.44,16.17,5.61,11.41,17.83,38.59,10.13
420,3.31643,2,9.15,5.5,15.45,9.29,5.44,16.17,5.61,11.41,17.83,36.78,9.97
421,3.943121396628808,2,9.11,5.5,15.45,9.29,5.41,16.17,5.61,11.41,17.83,39.55,9.85
422,3.943121396628808,2,9.15,5.5,15.45,9.25,5.41,16.17,5.61,11.41,17.83,38.83,9.93
423,3.943121396628808,2,9.08,5.5,15.45,9.25,5.41,16.17,5.61,11.37,17.83,39.3,9.93
424,3.943121396628808,2,8.83,5.48,15.45,9.25,5.41,16.11,5.59,11.46,17.83,37.9,9.93
425,3.943121396628808,2,9.01,5.45,15.45,9.22,5.39,16.11,5.59,11.37,17.83,38.36,9.89
426,3.943121396628808,2,9.08,5.48,15.51,9.25,5.46,16.17,5.59,11.55,17.83,37.9,10.09
427,3.943121396628808,2,9.04,5.48,15.51,9.25,5.41,16.11,5.59,11.73,17.91,38.12,9.85
428,3.943121396628808,2,9.01,5.48,15.51,9.25,5.41,16.11,5.63,11.69,17.91,37,9.97
429,3.943121396628808,2,9.04,5.45,15.51,9.22,5.41,16.11,5.59,11.59,17.83,37.44,9.97
430,3.943121396628808,2,9.04,5.45,15.51,9.25,5.39,16.11,5.57,11.59,17.83,41.58,10.09
431,3.943121396628808,2,9.08,5.48,15.51,9.22,5.41,16.11,5.63,11.5,17.83,35.51,10.09
432,3.943121396628808,2,9.04,5.48,15.51,9.22,5.37,16.11,5.59,11.5,17.83,42.38,10.13
433,3.943121396628808,2,9.04,5.45,15.58,9.18,5.39,16.04,5.57,11.5,17.83,39.06,10.09
434,3.943121396628808,2,9.08,5.48,15.58,9.18,5.41,16.11,5.59,11.55,17.83,37.44,10.09
435,3.943121396628808,2,8.97,5.45,15.51,9.18,5.41,16.04,5.59,11.55,17.83,37,10.05
436,3.943121396628808,2,9.04,5.45,15.58,9.18,5.39,16.04,5.59,11.5,17.83,37.44,10.13
437,3.943121396628808,2,9.04,5.43,15.51,9.18,5.39,16.04,5.57,11.46,17.83,37.67,9.97
438,3.943121396628808,2,9.01,5.43,15.58,9.14,5.39,15.97,5.57,11.55,17.75,37,10.17
439,3.943121396628808,2,9.04,5.43,15.58,9.11,5.37,15.97,5.54,11.97,17.75,37.67,12.92
440,3.943121396628808,2,9.04,5.41,15.58,9.11,5.37,15.97,5.54,11.64,17.83,38.12,13.03
441,3.943121396628808,2,8.97,5.41,15.64,9.11,5.37,15.97,5.52,11.5,17.91,37.9,13.24
442,3.943121396628808,2,9.01,5.38,15.64,9.07,5.34,15.97,5.52,11.5,17.83,41.84,13.29
443,3.943121396628808,2,8.97,5.41,15.58,9.11,5.37,15.97,5.54,11.59,17.83,39.06,13.56
444,3.943121396628808,2,9.04,5.41,15.64,9.07,5.37,15.97,5.54,11.64,17.83,37.44,13.56
445,3.943121396628808,2,8.97,5.41,15.71,9.11,5.34,15.97,5.54,11.55,17.83,37.9,13.78
446,3.943121396628808,2,8.97,5.38,15.58,9.07,5.32,15.91,5.52,11.59,17.83,38.36,13.56
447,3.943121396628808,2,8.9,5.38,15.64,9.04,5.37,15.91,5.52,11.59,17.83,37.44,13.56
448,3.943121396628808,2,8.97,5.41,15.64,9.04,5.37,15.91,5.52,11.64,17.83,37.9,13.72
449,3.943121396628808,2,8.97,5.38,15.64,9.07,5.34,15.91,5.52,11.69,17.91,38.83,13.78
450,3.943121396628808,2,8.97,5.38,15.71,9.04,5.37,15.91,5.54,11.69,17.83,37.9,13.78
451,3.943121396628808,2,8.97,5.38,15.71,9.04,5.37,15.91,5.54,11.64,17.91,37.22,14.06
452,3.943121396628808,2,8.97,5.38,15.64,9.04,5.37,15.91,5.52,11.73,17.83,38.59,13.94
453,3.943121396628808,2,8.97,5.38,15.71,9,5.37,15.91,5.52,11.69,17.91,40.54,13.94
454,3.943121396628808,2,8.94,5.36,15.71,9,5.23,15.91,5.52,11.69,17.91,39.79,13.83
455,3.943121396628808,2,8.97,5.36,15.71,9,5.21,15.84,5.5,11.69,17.83,37.44,13.78
456,3.943121396628808,2,8.9,5.34,15.71,9,5.21,15.78,5.5,11.73,17.83,37.9,13.83
457,3.943121396628808,2,8.83,5.36,15.71,8.97,5.18,15.84,5.5,11.92,17.83,36.14,14
458,3.943121396628808,2,8.9,5.36,15.71,8.97,5.18,15.78,5.52,11.97,17.83,42.11,13.83
459,3.943121396628808,2,8.9,5.36,15.71,9,5.21,15.78,5.52,11.82,17.83,37.9,13.72
460,3.943121396628808,2,8.94,5.36,15.77,9,5.21,15.78,5.5,11.87,17.91,38.83,13.89
461,3.943121396628808,2,8.9,5.38,15.77,8.97,5.23,15.71,5.54,11.87,17.83,38.83,13.89
462,3.943121396628808,2,8.94,5.38,15.71,8.97,5.23,15.78,5.52,11.92,17.83,37.9,13.89
463,3.943121396628808,2,8.94,5.38,15.77,9,5.25,15.78,5.52,11.82,17.91,36.35,13.83
464,3.943121396628808,2,8.9,5.38,15.77,8.97,5.23,15.78,5.54,11.78,17.83,37.67,14.17
465,3.943121396628808,2,8.87,5.38,15.77,8.97,5.23,15.78,5.52,12.25,17.91,36.78,14.23
466,3.943121396628808,2,8.94,5.38,15.77,8.97,5.23,15.78,5.52,12.06,17.58,36.35,13.83
467,3.943121396628808,2,8.9,5.38,15.77,8.97,5.23,15.84,5.52,12.16,17.91,37.67,13.83
468,3.943121396628808,2,8.8,5.38,15.84,8.97,5.25,15.84,5.52,12.06,17.91,38.12,13.94
469,3.943121396628808,2,8.9,5.38,15.84,8.97,5.25,15.84,5.52,12.16,17.91,38.12,13.89
470,3.943121396628808,2,8.87,5.36,15.77,8.93,5.25,15.78,5.52,12.11,17.83,37.22,13.94
471,3.943121396628808,2,9.01,5.38,15.84,8.97,5.25,15.78,5.52,12.25,17.91,37.9,13.72
472,3.943121396628808,2,9.01,5.38,15.84,8.97,5.25,15.78,5.54,12.21,17.91,38.59,13.94
473,3.943121396628808,2,9.11,5.38,15.9,8.97,5.28,15.78,5.57,12.25,17.91,38.12,14
474,3.943121396628808,2,9.01,5.38,15.9,9,5.28,15.78,5.52,12.3,17.91,37.44,13.89
475,3.943121396628808,2,9.04,5.36,15.9,8.93,5.28,15.71,5.52,12.25,17.91,37.67,14
476,3.943121396628808,2,8.94,5.36,15.9,8.93,5.28,15.71,5.52,12.3,17.91,40.54,13.78
477,3.943121396628808,2,8.94,5.36,15.9,8.93,5.3,15.65,5.5,12.16,17.91,38.36,14
478,3.943121396628808,2,8.94,5.36,15.9,8.93,5.28,15.71,5.52,12.25,17.91,38.36,14
479,3.943121396628808,2,8.94,5.36,16.03,8.9,5.28,15.65,5.52,12.25,17.91,38.59,14
480,3.943121396628808,2,8.97,5.36,15.9,8.93,5.28,15.84,5.48,12.35,17.91,38.12,14.06
481,3.9544586377939432,2,8.97,5.34,15.9,8.9,5.28,15.65,5.5,12.11,17.91,38.83,14.06
482,3.9544586377939432,2,8.9,5.34,15.84,8.86,5.3,15.58,5.48,11.78,17.75,38.36,13.89
483,3.9544586377939432,2,8.97,5.34,15.84,8.9,5.32,15.65,5.48,11.82,17.83,38.12,14
484,3.9544586377939432,2,8.97,5.34,15.9,8.9,5.32,15.65,5.5,11.82,17.83,37.67,13.78
485,3.9544586377939432,2,8.97,5.34,15.9,8.9,5.32,15.65,5.52,11.92,17.91,38.12,14.11
486,3.9544586377939432,2,8.97,5.34,15.97,8.9,5.32,15.65,5.5,12.16,17.91,38.59,14.06
487,3.9544586377939432,2,8.97,5.34,15.9,8.86,5.32,15.65,5.48,11.87,17.83,37.44,14.06
488,3.9544586377939432,2,8.94,5.34,15.9,8.86,5.32,15.65,5.48,11.87,17.83,37.22,14
489,3.9544586377939432,2,8.97,5.34,15.9,8.86,5.3,15.65,5.48,11.87,17.83,37.9,14.06
490,3.9544586377939432,2,8.94,5.34,15.9,8.86,5.3,15.71,5.43,12.3,17.83,37.22,14.17
491,3.9544586377939432,2,8.97,5.34,16.03,8.86,5.3,15.78,5.48,11.92,17.91,37.22,14.11
492,3.9544586377939432,2,8.94,5.34,16.03,8.86,5.3,15.78,5.48,11.92,17.91,36.57,14.17
493,3.9544586377939432,2,8.9,5.34,15.97,8.86,5.3,15.78,5.48,12.06,17.91,38.12,14
494,3.9544586377939432,2,8.9,5.34,15.97,8.86,5.32,16.11,5.48,12.01,17.91,37.67,14.23
495,3.9544586377939432,2,8.87,5.34,16.03,8.86,5.3,15.78,5.48,12.01,17.91,38.12,14.17
496,3.9544586377939432,2,8.9,5.34,16.03,8.86,5.3,15.78,5.48,12.11,17.91,39.06,14.06
497,3.9544586377939432,2,8.94,5.32,16.03,8.83,5.3,15.71,5.45,12.11,17.91,38.59,14.64
498,3.9544586377939432,2,8.9,5.32,16.03,8.83,5.3,15.71,5.48,12.01,17.91,39.06,14.11
499,3.9544586377939432,2,8.94,5.32,16.03,8.83,5.3,15.71,5.48,11.97,17.91,36.78,14
500,3.9544586377939432,2,8.9,5.34,16.03,8.83,5.3,15.71,5.48,11.97,17.91,37.22,14.17
501,3.9544586377939432,2,8.9,5.34,16.03,8.83,5.39,15.71,5.45,11.97,17.91,37.44,14.52
502,3.9544586377939432,2,8.8,5.32,15.9,8.79,5.3,15.65,5.41,11.97,17.75,37,14.94
503,3.9544586377939432,2,8.83,5.32,16.03,8.79,5.32,15.71,5.45,12.01,17.83,38.36,14.7
504,3.9544586377939432,2,8.83,5.32,15.97,8.79,5.32,15.65,5.45,11.97,17.83,38.36,15
505,3.9544586377939432,2,8.83,5.29,16.03,8.79,5.28,15.71,5.48,12.06,17.83,37.9,14.94
506,3.9544586377939432,2,8.83,5.29,16.1,8.79,5.32,15.71,5.43,11.97,17.83,36.57,14.94
507,3.9544586377939432,2,8.8,5.29,16.03,8.79,5.3,15.65,5.43,12.01,17.91,38.59,14.88
508,3.9544586377939432,2,8.9,5.32,16.03,8.79,5.32,15.71,5.43,11.97,17.91,37.44,14.94
509,3.9544586377939432,2,8.83,5.27,15.97,8.73,5.28,15.58,5.41,11.97,17.75,37.67,14.34
510,3.9544586377939432,2,8.8,5.25,15.97,8.69,5.25,15.52,5.39,12.01,17.75,37.44,14.4
511,3.9544586377939432,2,8.83,5.27,16.03,8.73,5.28,15.58,5.39,12.11,17.83,38.59,14.4
512,3.9544586377939432,2,8.83,5.25,16.03,8.73,5.28,15.58,5.39,12.35,17.83,38.12,14.46
513,3.9544586377939432,2,8.83,5.25,16.03,8.69,5.28,15.58,5.41,12.16,17.83,37.22,14.46
514,3.9544586377939432,2,8.83,5.25,16.03,8.73,5.25,15.58,5.39,12.06,17.83,38.59,14.46
515,3.9544586377939432,2,8.83,5.25,16.03,8.73,5.28,15.58,5.41,12.06,17.83,38.36,14.52
516,3.9544586377939432,2,8.83,5.27,16.03,8.73,5.28,15.58,5.41,12.11,17.83,36.57,14.46
517,3.9544586377939432,2,8.83,5.27,16.03,8.73,5.28,15.58,5.41,12.21,17.83,37.67,14.34
518,3.9544586377939432,2,8.8,5.25,16.1,8.69,5.25,15.52,5.39,12.01,17.83,40.54,14.29
519,3.9544586377939432,2,8.8,5.25,16.03,8.69,5.28,15.52,5.39,12.06,17.83,37.67,15
520,3.9544586377939432,2,8.8,5.25,16.03,8.69,5.28,15.58,5.39,12.11,17.83,39.79,14.52
521,3.9544586377939432,2,8.76,5.25,16.03,8.69,5.28,15.52,5.39,12.11,17.83,38.59,14.46
522,3.9544586377939432,2,8.8,5.27,16.1,8.69,5.28,15.58,5.39,12.11,17.83,37.44,14.23
523,3.9544586377939432,2,8.76,5.27,16.1,8.69,5.28,15.58,5.39,12.16,17.83,38.36,14.58
524,3.9544586377939432,2,8.73,5.27,16.1,8.69,5.28,15.58,5.39,12.16,17.83,36.57,15.18
525,3.9544586377939432,2,8.73,5.27,16.03,8.76,5.32,15.58,5.41,12.11,17.83,37.67,14.58
526,3.9544586377939432,2,8.73,5.25,16.1,8.69,5.28,15.58,5.34,12.21,17.83,36.78,14.88
527,3.9544586377939432,2,8.8,5.27,16.03,8.69,5.3,15.58,5.39,12.25,17.83,36.57,14.52
528,3.9544586377939432,2,8.76,5.27,16.03,8.69,5.3,15.52,5.34,12.35,17.83,37.67,14.64
529,3.9544586377939432,2,8.76,5.27,16.17,8.69,5.3,15.58,5.36,12.25,17.83,37.67,14.58
530,3.9544586377939432,2,8.76,5.27,16.1,8.69,5.28,15.52,5.36,12.16,17.83,35.93,14.52
531,3.9544586377939432,2,8.76,5.25,16.1,8.66,5.28,15.52,5.34,12.21,17.83,38.12,14.4
532,3.9544586377939432,2,8.76,5.25,16.17,8.69,5.28,15.52,5.34,12.25,17.83,37.9,14.58
533,3.9544586377939432,2,8.8,5.27,16.1,8.66,5.28,15.52,5.36,12.21,17.83,37.44,14.82
534,3.9544586377939432,2,8.69,5.25,16.1,8.66,5.28,15.52,5.36,12.21,17.83,37.9,14.4
535,3.9544586377939432,2,8.63,5.25,16.1,8.66,5.25,15.45,5.34,12.21,17.83,37.44,14.58
536,3.9544586377939432,2,8.73,5.25,16.17,8.69,5.25,15.52,5.36,12.3,17.83,37.44,14.52
537,3.9544586377939432,2,8.83,5.29,16.17,8.69,5.3,15.58,5.34,12.5,17.83,37.67,14.82
538,3.9544586377939432,2,8.8,5.27,16.1,8.69,5.32,15.58,5.36,12.25,17.91,35.72,14.82
539,3.9544586377939432,2,8.8,5.27,16.17,8.66,5.28,15.58,5.36,12.25,17.83,37,14.76
540,3.9544586377939432,2,8.73,5.27,16.17,8.66,5.3,15.52,5.36,12.55,17.83,36.78,14.76
541,3.993666323564176,2,8.76,5.29,16.17,8.69,5.32,15.58,5.39,12.25,17.91,37.67,14.7
542,3.993666323564176,2,8.69,5.25,16.1,8.62,5.25,15.52,5.32,12.45,17.83,39.06,14.76
543,3.993666323564176,2,8.69,5.27,16.1,8.66,5.28,15.52,5.34,12.4,17.83,37.67,15.18
544,3.993666323564176,2,8.69,5.27,16.1,8.66,5.28,15.52,5.34,12.35,17.75,37.67,15.12
545,3.993666323564176,2,8.73,5.25,16.1,8.62,5.28,15.45,5.34,12.4,17.75,43.22,14.64
546,3.993666323564176,2,8.69,5.25,16.1,8.66,5.28,15.52,5.34,12.4,17.83,38.36,15.06
547,3.993666323564176,2,8.46,5.25,16.1,8.62,5.28,15.52,5.39,12.45,17.75,37.22,14.88
548,3.993666323564176,2,8.69,5.29,16.17,8.69,5.3,15.58,5.36,12.4,17.83,36.57,14.76
549,3.993666323564176,2,8.69,5.25,16.17,8.62,5.3,15.52,5.34,12.45,17.75,37.9,14.76
550,3.993666323564176,2,8.69,5.25,16.3,8.62,5.28,15.52,5.32,12.3,17.83,37.67,14.88
551,3.993666323564176,2,8.63,5.22,15.97,8.56,5.25,15.39,5.3,12.21,17.58,36.78,14.52
552,3.993666323564176,2,8.63,5.25,15.97,8.59,5.28,15.39,5.32,12.25,17.58,36.35,14.46
553,3.993666323564176,2,8.63,5.22,15.9,8.59,5.25,15.33,5.34,12.21,17.58,35.51,14.52
554,3.993666323564176,2,8.69,5.22,15.9,8.56,5.25,15.33,5.3,12.25,17.58,36.14,14.4
555,3.993666323564176,2,8.66,5.22,15.9,8.56,5.25,15.33,5.3,12.21,17.5,36.14,14.4
556,3.993666323564176,2,8.66,5.22,16.03,8.59,5.28,15.39,5.32,12.65,17.67,37.22,14.46
557,3.993666323564176,2,8.66,5.22,15.97,8.52,5.25,15.33,5.3,12.35,17.5,37,14.17
558,3.993666323564176,2,8.76,5.27,16.24,8.62,5.3,15.52,5.34,12.55,17.83,37.22,14.4
559,3.993666323564176,2,8.69,5.27,16.17,8.62,5.3,15.52,5.34,12.55,17.83,37.22,14.29
560,3.993666323564176,2,8.63,5.25,16.1,8.62,5.3,15.45,5.32,12.5,17.75,37.22,14.4
561,3.993666323564176,2,8.69,5.25,16.17,8.59,5.28,15.45,5.3,12.75,17.75,38.59,14.4
562,3.993666323564176,2,8.69,5.27,16.24,8.66,5.32,15.52,5.34,12.45,17.83,37.22,14.58
563,3.993666323564176,2,8.73,5.27,16.24,8.66,5.3,15.52,5.19,12.55,17.83,38.12,14.46
564,3.993666323564176,2,8.66,5.25,16.17,8.62,5.3,15.45,5.23,12.6,17.83,37.44,14.34
565,3.993666323564176,2,8.63,5.25,16.24,8.62,5.3,15.52,5.28,12.65,17.83,37,14.46
566,3.993666323564176,2,8.66,5.25,16.17,8.59,5.3,15.45,5.23,12.5,17.83,37.22,14.52
567,3.993666323564176,2,8.69,5.27,16.24,8.62,5.3,15.52,5.3,12.75,17.83,37.22,14.88
568,3.993666323564176,2,8.66,5.25,16.24,8.62,5.28,15.52,5.28,12.5,17.91,37.67,14.88
569,3.993666323564176,2,8.69,5.25,16.24,8.62,5.3,15.52,5.28,12.65,17.91,36.14,14.29
570,3.993666323564176,2,8.66,5.25,16.24,8.62,5.28,15.52,5.28,12.35,17.91,37,14.7
571,3.993666323564176,2,8.63,5.25,16.3,8.59,5.28,15.52,5.28,12.5,17.91,39.06,14.58
572,3.993666323564176,2,8.63,5.25,16.24,8.62,5.28,15.52,5.3,12.5,17.91,40.29,14.4
573,3.993666323564176,2,8.46,5.25,16.24,8.62,5.28,15.52,5.3,12.45,17.91,37.44,14.46
574,3.993666323564176,2,8.66,5.25,16.24,8.62,5.25,15.52,5.3,12.45,17.91,37.22,14.64
575,3.993666323564176,2,8.63,5.25,16.24,8.62,5.28,15.45,5.28,12.4,17.91,37.9,14.29
576,3.993666323564176,2,8.66,5.25,16.24,8.62,5.28,15.52,5.19,12.45,17.91,37.67,14.46
577,3.993666323564176,2,8.63,5.25,16.3,8.59,5.28,15.45,5.21,12.5,17.91,38.59,14.52
578,3.993666323564176,2,8.59,5.25,16.24,8.62,5.28,15.45,5.23,12.6,17.91,37.9,14.64
579,3.993666323564176,2,8.66,5.27,16.24,8.62,5.3,15.52,5.26,12.55,17.83,37,14.46
580,3.993666323564176,2,8.59,5.25,16.24,8.62,5.3,15.45,5.26,12.5,17.91,37.67,14.4
581,3.993666323564176,2,8.66,5.25,16.3,8.62,5.28,15.45,5.23,12.45,18,42.38,14.76
582,3.993666323564176,2,8.66,5.27,16.24,8.62,5.3,15.45,5.26,12.45,17.91,37.22,14.88
583,3.993666323564176,2,8.63,5.27,16.17,8.62,5.3,15.45,5.28,12.45,17.91,37.22,14.76
584,3.993666323564176,2,8.59,5.27,16.24,8.62,5.3,15.45,5.26,12.45,17.91,37.22,14.7
585,3.993666323564176,2,8.59,5.27,16.24,8.62,5.3,15.45,5.26,12.45,17.83,37.44,14.64
586,3.993666323564176,2,8.63,5.27,16.24,8.62,5.3,15.45,5.32,12.45,17.83,37,14.76
587,3.993666323564176,2,8.63,5.27,16.24,8.62,5.32,15.45,5.26,12.55,17.83,37.22,14.64
588,3.993666323564176,2,8.59,5.27,16.24,8.62,5.3,15.45,5.26,12.5,17.83,39.79,14.7
589,3.993666323564176,2,8.59,5.27,16.24,8.62,5.3,15.45,5.23,12.6,17.83,38.12,14.64
590,3.993666323564176,2,8.52,5.25,16.24,8.59,5.28,15.39,5.21,12.55,17.83,38.12,14.7
591,3.993666323564176,2,8.56,5.27,16.3,8.66,5.32,15.45,5.21,12.65,17.83,36.57,14.76
592,3.993666323564176,2,8.56,5.25,16.24,8.59,5.3,15.39,5.23,13.06,17.91,38.36,14.76
593,3.993666323564176,2,8.63,5.27,16.24,8.62,5.32,15.39,5.26,12.55,17.83,36.78,14.76
594,3.993666323564176,2,8.59,5.27,16.24,8.62,5.3,15.39,5.26,12.6,17.83,37.44,14.82
595,3.993666323564176,2,8.63,5.27,16.17,8.62,5.32,15.39,5.23,12.55,17.83,37,14.7
596,3.993666323564176,2,8.66,5.29,16.24,8.62,5.32,15.39,5.23,12.55,17.83,38.12,14.7
597,3.993666323564176,2,8.46,5.27,16.24,8.62,5.32,15.33,5.21,12.35,17.83,37,14.7
598,3.993666323564176,2,8.59,5.27,16.24,8.62,5.32,15.39,5.21,12.6,17.83,35.93,14.7
599,3.993666323564176,2,8.46,5.27,16.24,8.62,5.32,15.33,5.21,12.55,17.83,35.72,14.7
600,3.993666323564176,2,8.59,5.27,16.24,8.59,5.3,15.33,5.19,12.6,17.83,38.36,14.64
601,3.9997581174861336,2,8.52,5.25,16.17,8.59,5.3,15.33,5.19,12.6,17.83,37.44,14.58
602,3.9997581174861336,2,8.63,5.27,16.24,8.62,5.32,15.39,5.21,12.6,17.91,37.22,15.62
603,3.9997581174861336,2,8.52,5.27,16.24,8.59,5.3,15.33,5.21,12.65,17.91,38.59,14.7
604,3.9997581174861336,2,8.52,5.27,16.3,8.62,5.3,15.33,5.19,12.6,17.83,37.44,14.64
605,3.9997581174861336,2,8.56,5.27,16.24,8.62,5.32,15.33,5.21,12.5,17.83,42.94,14.52
606,3.9997581174861336,2,8.56,5.27,16.24,8.62,5.3,15.33,5.17,12.65,17.83,37.67,14.46
607,3.9997581174861336,2,8.52,5.27,16.17,8.62,5.3,15.33,5.19,12.6,17.83,37.9,14.64
608,3.9997581174861336,2,8.56,5.27,16.24,8.62,5.3,15.26,5.19,12.65,17.83,37.67,14.4
609,3.9997581174861336,2,8.52,5.25,16.17,8.59,5.28,15.2,5.17,12.55,17.75,37.9,14.64
610,3.9997581174861336,2,8.52,5.25,16.17,8.59,5.3,15.2,5.17,12.65,17.75,35.11,14.58
611,3.9997581174861336,2,8.56,5.27,16.24,8.59,5.3,15.26,5.17,12.65,17.75,37.44,14.82
612,3.9997581174861336,2,8.56,5.27,16.24,8.62,5.3,15.26,5.17,12.7,17.83,37.44,14.46
613,3.9997581174861336,2,8.46,5.27,16.24,8.59,5.3,15.26,5.19,12.7,17.83,37,14.52
614,3.9997581174861336,2,8.56,5.27,16.24,8.62,5.32,15.26,5.19,12.65,17.83,35.93,14.64
615,3.9997581174861336,2,8.56,5.27,16.24,8.62,5.3,15.26,5.15,12.85,17.83,37.22,14.46
616,3.9997581174861336,2,8.52,5.27,16.24,8.62,5.3,15.26,5.15,12.7,17.75,37.44,14.64
617,3.9997581174861336,2,8.56,5.25,16.24,8.59,5.3,15.26,5.15,12.7,17.75,38.12,14.64
618,3.9997581174861336,2,8.56,5.25,16.24,8.59,5.3,15.26,5.15,12.7,17.83,37.9,14.58
619,3.9997581174861336,2,8.56,5.25,16.24,8.56,5.34,15.2,5.13,12.7,17.83,37.44,14.52
620,3.9997581174861336,2,8.52,5.25,16.17,8.56,5.37,15.2,5.15,12.7,17.75,37,14.4
621,3.9997581174861336,2,8.52,5.25,16.24,8.59,5.32,15.08,5.15,12.6,17.75,38.12,14.52
622,3.9997581174861336,2,8.49,5.22,16.24,8.56,5.32,15.2,5.13,12.7,17.75,38.12,14.46
623,3.9997581174861336,2,8.46,5.25,16.17,8.56,5.32,15.26,5.13,12.75,17.75,38.59,14.46
624,3.9997581174861336,2,8.46,5.27,16.24,8.59,5.34,15.33,5.21,12.7,17.75,37,14.46
625,3.9997581174861336,2,8.52,5.25,16.24,8.59,5.34,15.33,5.13,12.7,17.83,38.12,14.46
626,3.9997581174861336,2,8.49,5.27,16.24,8.59,5.37,15.33,5.15,12.75,17.83,38.36,14.52
627,3.9997581174861336,2,8.52,5.29,16.24,8.62,5.37,15.39,5.17,12.91,17.83,36.57,14.52
628,3.9997581174861336,2,8.49,5.27,16.3,8.59,5.37,15.33,5.15,12.91,17.83,37.44,14.82
629,3.9997581174861336,2,8.52,5.27,16.24,8.62,5.34,15.33,5.13,12.75,17.83,38.12,14.82
630,3.9997581174861336,2,8.52,5.27,16.24,8.62,5.37,15.33,5.15,12.65,17.83,40.29,14.76
631,3.9997581174861336,2,8.59,5.34,16.37,8.66,5.44,15.45,5.19,12.85,17.91,37.9,14.82
632,3.9997581174861336,2,8.52,5.27,16.24,8.59,5.34,15.33,5.11,12.8,17.75,37.22,14.7
633,3.9997581174861336,2,8.69,5.27,16.24,8.59,5.34,15.33,5.11,12.85,17.75,37.22,14.64
634,3.9997581174861336,2,8.59,5.29,16.3,8.62,5.37,15.33,5.15,12.75,17.83,38.12,14.64
635,3.9997581174861336,2,8.59,5.27,16.24,8.62,5.37,15.33,5.13,12.75,17.75,37,14.64
636,3.9997581174861336,2,8.49,5.27,16.24,8.59,5.32,15.33,5.13,12.85,17.75,37.44,14.76
637,3.9997581174861336,2,8.56,5.27,16.24,8.59,5.32,15.33,5.15,12.85,17.83,37,14.64
638,3.9997581174861336,2,8.59,5.29,16.24,8.62,5.32,15.33,5.13,12.96,17.83,37.44,14.76
639,3.9997581174861336,2,8.56,5.27,16.24,8.62,5.32,15.33,5.11,13.01,17.75,37.44,14.7
640,3.9997581174861336,2,8.56,5.27,16.24,8.59,5.32,15.26,5.09,12.91,17.83,36.35,14.58
641,3.9997581174861336,2,8.56,5.27,16.24,8.59,5.3,15.26,5.13,12.75,17.75,36.35,14.76
642,3.9997581174861336,2,8.59,5.27,16.24,8.59,5.32,15.26,5.13,13.27,17.75,37.9,14.29
643,3.9997581174861336,2,8.56,5.25,16.24,8.59,5.3,15.26,5.09,12.91,17.75,38.59,14.76
644,3.9997581174861336,2,8.59,5.27,16.24,8.59,5.3,15.26,5.09,12.65,17.75,39.06,14.64
645,3.9997581174861336,2,8.56,5.27,16.24,8.59,5.3,15.26,5.09,12.91,17.75,36.57,14.58
646,3.9997581174861336,2,8.52,5.25,16.17,8.59,5.3,15.2,5.09,12.91,17.75,37.22,14.58
647,3.9997581174861336,2,8.49,5.29,16.3,8.62,5.32,15.33,5.09,13.22,17.75,36.14,14.64
648,3.9997581174861336,2,8.46,5.25,16.24,8.56,5.28,15.2,5.09,13.01,17.75,37.67,14.94
649,3.9997581174861336,2,8.52,5.25,16.24,8.56,5.28,15.26,5.13,12.91,17.75,35.93,14.64
650,3.9997581174861336,2,8.56,5.25,16.24,8.56,5.3,15.26,5.09,12.85,17.75,36.14,14.76
651,3.9997581174861336,2,8.56,5.27,16.24,8.59,5.3,15.26,5.06,12.91,17.75,37.22,14.76
652,3.9997581174861336,2,8.56,5.27,16.3,8.59,5.32,15.26,5.09,13.01,17.75,37.9,14.52
653,3.9997581174861336,2,8.56,5.27,16.3,8.59,5.3,15.26,5.09,13.01,17.75,37.67,14.82
654,3.9997581174861336,2,8.52,5.29,16.24,8.62,5.3,15.26,5.09,13.01,17.83,37,14.88
655,3.9997581174861336,2,8.52,5.29,16.24,8.62,5.32,15.26,5.06,13.11,17.75,36.14,15
656,3.9997581174861336,2,8.52,5.29,16.3,8.62,5.32,15.26,5.09,12.91,17.75,36.35,15
657,3.9997581174861336,2,8.52,5.29,16.3,8.62,5.34,15.26,5.09,13.01,17.75,36.35,14.58
658,3.9997581174861336,2,8.52,5.29,16.3,8.62,5.32,15.26,5.04,13.01,17.75,36.57,14.64
659,3.9997581174861336,2,8.56,5.29,16.3,8.62,5.34,15.26,5.06,13.06,17.75,36.57,14.64
660,3.9997581174861336,2,8.59,5.36,16.44,8.69,5.41,15.33,5.15,13.11,17.83,37.22,15.18
661,4.049554083074122,3,8.52,5.29,16.3,8.62,5.32,15.26,5.09,13.01,17.83,37.22,14.7
662,4.049554083074122,3,8.52,5.36,16.37,8.62,5.34,15.26,5.06,13.17,17.83,34.91,14.76
663,4.049554083074122,3,8.52,5.29,16.37,8.62,5.34,15.26,5.06,13.11,17.83,36.78,14.58
664,4.049554083074122,3,8.56,5.29,16.37,8.66,5.34,15.26,5.04,13.06,17.83,36.35,14.52
665,4.049554083074122,3,8.56,5.29,16.37,8.62,5.32,15.26,5.06,13.06,17.83,37.44,14.82
666,4.049554083074122,3,8.56,5.32,16.37,8.66,5.34,15.26,5.06,13.01,17.83,37,14.82
667,4.049554083074122,3,8.52,5.29,16.37,8.62,5.39,15.2,5.04,13.11,17.83,37,14.76
668,4.049554083074122,3,8.56,5.29,16.37,8.66,5.39,15.26,5.04,13.17,17.83,37.22,14.88
669,4.049554083074122,3,8.56,5.29,16.37,8.62,5.39,15.26,5.06,13.11,17.83,38.83,14.7
670,4.049554083074122,3,8.56,5.27,16.37,8.62,5.37,15.2,5.04,13.27,17.75,37.22,14.82
671,4.049554083074122,3,8.56,5.32,16.37,8.66,5.39,15.26,5.06,13.33,17.83,34.51,14.94
672,4.049554083074122,3,8.59,5.32,16.37,8.66,5.41,15.26,5.06,13.06,17.83,36.57,14.94
673,4.049554083074122,3,8.56,5.27,16.3,8.59,5.37,15.2,5.02,13.06,17.75,36.78,14.76
674,4.049554083074122,3,8.49,5.25,16.3,8.59,5.34,15.14,5.02,13.01,17.75,36.78,14.7
675,4.049554083074122,3,8.49,5.25,16.3,8.59,5.34,15.14,5.02,13.06,17.75,37,14.76
676,4.049554083074122,3,8.52,5.27,16.37,8.59,5.37,15.14,5.02,13.11,17.75,37.44,14.76
677,4.049554083074122,3,8.56,5.29,16.44,8.62,5.37,15.2,5,13.11,17.75,35.31,14.82
678,4.049554083074122,3,8.49,5.27,16.3,8.59,5.34,15.14,4.96,13.99,17.75,36.78,14.7
679,4.049554083074122,3,8.49,5.25,16.37,8.59,5.32,15.14,5,13.17,17.83,37,14.7
680,4.049554083074122,3,8.49,5.25,16.37,8.59,5.32,15.14,4.94,13.17,17.75,37.22,14.64
681,4.049554083074122,3,8.52,5.29,16.37,8.62,5.39,15.2,5,13.27,17.75,37,14.88
682,4.049554083074122,3,8.49,5.29,16.37,8.66,5.37,15.2,5,13.27,17.75,36.57,14.88
683,4.049554083074122,3,8.49,5.27,16.3,8.62,5.34,15.14,5,13.22,17.75,36.35,14.82
684,4.049554083074122,3,8.39,5.27,16.44,8.59,5.34,15.14,4.96,13.38,17.75,36.35,14.82
685,4.049554083074122,3,8.46,5.25,16.37,8.59,5.34,15.14,4.98,13.49,17.67,36.35,14.82
686,4.049554083074122,3,8.46,5.27,16.37,8.59,5.34,15.08,4.96,13.27,17.67,34.71,14.82
687,4.049554083074122,3,8.39,5.27,16.37,8.59,5.34,15.14,4.96,13.27,17.75,37,14.82
688,4.049554083074122,3,8.46,5.29,16.37,8.62,5.37,15.14,4.96,13.38,17.75,37,14.64
689,4.049554083074122,3,8.49,5.27,16.37,8.62,5.37,15.2,4.98,13.33,17.75,36.57,14.76
690,4.049554083074122,3,8.49,5.27,16.44,8.62,5.34,15.2,4.98,13.27,17.75,37.22,14.76
691,4.049554083074122,3,8.49,5.27,16.37,8.59,5.34,15.2,4.96,13.33,17.75,39.79,14.82
692,4.049554083074122,3,8.42,5.27,16.44,8.62,5.37,15.2,4.98,13.44,17.75,37.44,14.82
693,4.049554083074122,3,8.49,5.27,16.44,8.59,5.34,15.2,4.92,13.33,17.75,38.36,14.64
694,4.049554083074122,3,8.49,5.29,16.44,8.62,5.37,15.2,4.96,13.33,18,35.51,14.76
695,4.049554083074122,3,8.49,5.29,16.44,8.62,5.37,15.2,4.96,13.49,17.91,36.57,14.64
696,4.049554083074122,3,8.97,5.29,16.44,8.62,5.34,15.2,4.96,13.38,17.91,37.67,14.88
697,4.049554083074122,3,8.83,5.29,16.44,8.62,5.37,15.14,4.94,13.44,19.23,37,14.82
698,4.049554083074122,3,8.73,5.29,16.44,8.62,5.28,15.14,4.9,13.38,19.05,36.14,14.58
699,4.049554083074122,3,8.76,5.27,16.44,8.59,5.34,15.14,4.9,13.38,18.78,37.22,14.76
700,4.049554083074122,3,8.76,5.27,16.44,8.59,5.32,15.14,4.9,13.22,18.69,37,14.4
701,4.049554083074122,3,8.56,5.27,16.51,8.59,5.32,15.14,4.92,13.38,18.6,40.54,14.88
702,4.049554083074122,3,8.56,5.27,16.44,8.59,5.32,15.14,4.92,13.44,18.43,36.14,14.7
703,4.049554083074122,3,8.59,5.34,16.51,8.73,5.44,15.26,5,13.65,18.51,38.59,15.06
704,4.049554083074122,3,8.49,5.27,16.44,8.59,5.37,15.14,4.94,13.27,18.43,34.51,14.94
705,4.049554083074122,3,8.49,5.27,16.44,8.62,5.37,15.14,4.92,13.38,18.17,35.93,14.58
706,4.049554083074122,3,8.46,5.27,16.44,8.62,5.37,15.14,4.92,13.38,18.17,34.51,14.88
707,4.049554083074122,3,8.49,5.27,16.51,8.62,5.37,15.14,4.92,13.44,18.17,37,14.94
708,4.049554083074122,3,8.42,5.27,16.44,8.59,5.37,15.08,4.9,13.44,18.17,36.14,14.88
709,4.049554083074122,3,8.46,5.25,16.44,8.59,5.34,15.08,4.86,13.49,18.08,34.51,14.88
710,4.049554083074122,3,8.46,5.25,16.44,8.59,5.34,15.08,4.86,13.54,18.17,38.59,14.88
711,4.049554083074122,3,8.46,5.27,16.44,8.59,5.34,15.08,4.88,13.49,18.08,35.93,15
712,4.049554083074122,3,8.46,5.27,16.44,8.59,5.37,15.08,4.88,13.49,18.08,35.93,14.94
713,4.049554083074122,3,8.49,5.25,16.44,8.56,5.32,15.08,4.88,13.49,18.08,34.51,14.76
714,4.049554083074122,3,8.42,5.25,16.51,8.56,5.34,15.08,4.84,13.49,18.08,37.44,14.88
715,4.049554083074122,3,9.22,5.27,16.44,8.59,5.37,15.08,4.88,13.49,18.08,36.35,14.82
716,4.049554083074122,3,8.46,5.27,16.51,8.59,5.37,15.08,4.88,13.44,18,37.44,14.76
717,4.049554083074122,3,8.46,5.32,16.58,8.66,5.41,15.14,4.9,13.54,18.08,37,15
718,4.049554083074122,3,8.36,5.25,16.51,8.56,5.34,15.02,4.86,13.49,18,36.14,14.88
719,4.049554083074122,3,8.36,5.25,16.44,8.52,5.32,15.02,4.8,13.49,18,36.35,14.76
720,4.049554083074122,3,8.36,5.22,16.44,8.56,5.32,14.95,4.8,13.54,18,36.14,14.7
721,4.122483910931027,3,8.39,5.25,16.51,8.56,5.34,15.02,4.82,13.54,18.08,37,14.82
722,4.122483910931027,3,8.36,5.27,16.51,8.56,5.37,15.02,4.84,13.93,18.08,37.9,14.94
723,4.122483910931027,3,8.39,5.27,16.58,8.59,5.37,14.89,4.86,13.65,18.08,36.57,14.82
724,4.122483910931027,3,8.42,5.27,16.58,8.59,5.37,15.08,4.88,13.6,18.08,36.57,14.76
725,4.122483910931027,3,8.49,5.27,16.58,8.59,5.37,15.08,4.88,13.6,18.08,36.35,14.88
726,4.122483910931027,3,8.42,5.27,16.58,8.66,5.39,15.02,4.86,13.65,18.08,36.78,14.82
727,4.122483910931027,3,8.39,5.25,16.58,8.56,5.37,15.02,4.84,13.6,18.08,41.58,14.88
728,4.122483910931027,3,8.39,5.27,16.58,8.59,5.37,15.02,4.86,13.65,18.08,35.51,14.76
729,4.122483910931027,3,8.39,5.27,16.58,8.56,5.37,15.02,4.88,13.54,18.08,35.72,14.88
730,4.122483910931027,3,8.39,5.27,16.65,8.56,5.37,15.02,4.82,13.71,18.08,36.57,14.82
731,4.122483910931027,3,8.36,5.25,16.58,8.56,5.34,15.02,4.84,13.65,18.08,36.78,14.82
732,4.122483910931027,3,8.39,5.25,16.65,8.56,5.34,14.95,4.82,13.65,18.08,37.9,14.94
733,4.122483910931027,3,8.39,5.25,16.65,8.56,5.34,14.95,4.86,13.71,18,37.67,14.76
734,4.122483910931027,3,8.39,5.25,16.58,8.56,5.34,14.95,4.8,13.76,18.43,38.83,15
735,4.122483910931027,3,8.36,5.25,16.65,8.56,5.34,14.95,4.82,13.71,18.43,38.12,15
736,4.122483910931027,3,8.36,5.25,16.65,8.52,5.34,14.95,4.82,13.76,18.34,37,15
737,4.122483910931027,3,8.49,5.29,16.79,8.62,5.41,15.08,4.88,13.76,18.51,37.67,15.06
738,4.122483910931027,3,8.23,5.29,16.72,8.59,5.39,15.02,4.86,13.76,18.08,37.22,15
739,4.122483910931027,3,8.49,5.32,16.72,8.59,5.39,15.02,4.86,13.76,18.08,39.06,15.12
740,4.122483910931027,3,8.49,5.32,16.79,8.62,5.41,15.02,4.88,13.76,18.08,36.57,15
741,4.122483910931027,3,8.46,5.32,16.79,8.59,5.41,15.02,4.82,13.82,18.08,37,15.12
742,4.122483910931027,3,8.46,5.34,16.79,8.62,5.41,15.02,4.86,13.82,17.91,36.35,15.12
743,4.122483910931027,3,8.46,5.34,16.79,8.62,5.44,15.08,4.86,13.88,18,36.57,15.12
744,4.122483910931027,3,8.42,5.32,16.79,8.62,5.41,15.02,4.84,13.76,17.91,35.51,15.12
745,4.122483910931027,3,8.42,5.34,16.86,8.62,5.41,15.08,4.86,13.88,17.91,33.74,15.12
746,4.122483910931027,3,8.46,5.34,16.86,8.62,5.39,15.02,4.86,14.05,17.91,35.93,15.12
747,4.122483910931027,3,8.39,5.27,16.79,8.56,5.37,14.95,4.78,13.82,17.91,36.14,15
748,4.122483910931027,3,8.42,5.27,16.79,8.56,5.37,14.89,4.8,13.82,17.83,35.72,14.94
749,4.122483910931027,3,8.39,5.27,16.79,8.56,5.37,14.89,4.8,13.82,17.83,37,14.94
750,4.122483910931027,3,8.46,5.32,16.86,8.59,5.41,15.02,4.8,13.93,17.83,37.44,15.12
751,4.122483910931027,3,8.46,5.32,16.79,8.59,5.41,14.95,4.82,13.93,17.91,35.72,15
752,4.122483910931027,3,8.46,5.32,16.86,8.59,5.41,15.02,4.84,13.93,17.91,35.93,15
753,4.122483910931027,3,8.39,5.29,16.86,8.56,5.37,14.95,4.8,13.88,17.91,36.57,14.94
754,4.122483910931027,3,8.42,5.27,16.79,8.52,5.37,14.89,4.76,13.88,17.75,35.72,14.52
755,4.122483910931027,3,8.42,5.27,16.79,8.52,5.37,14.89,4.8,13.76,17.83,34.91,15
756,4.122483910931027,3,8.39,5.25,16.79,8.52,5.34,14.83,4.76,14.93,17.83,36.57,14.76
757,4.122483910931027,3,8.39,5.27,16.79,8.52,5.39,14.89,4.78,14.33,17.83,36.35,14.82
758,4.122483910931027,3,8.39,5.25,16.79,8.56,5.34,14.77,4.76,13.88,17.83,39.06,14.94
759,4.122483910931027,3,8.42,5.27,16.79,8.52,5.37,14.77,4.8,13.88,17.83,35.51,15
760,4.122483910931027,3,8.46,5.27,16.79,8.49,5.37,14.77,4.78,13.88,17.83,36.35,15
761,4.122483910931027,3,8.46,5.27,16.86,8.52,5.37,14.83,4.76,13.93,17.83,36.57,14.7
762,4.122483910931027,3,8.49,5.29,16.86,8.52,5.32,14.83,4.78,13.99,18,36.78,15
763,4.122483910931027,3,8.59,5.34,16.93,8.59,5.41,14.89,4.82,14.05,17.91,37.44,15.06
764,4.122483910931027,3,8.56,5.29,16.86,8.59,5.39,14.95,4.78,13.99,17.83,36.14,15
765,4.122483910931027,3,8.49,5.25,16.86,8.52,5.34,14.83,4.76,14.22,17.83,39.3,14.94
766,4.122483910931027,3,8.49,5.27,16.86,8.52,5.37,14.83,4.78,13.99,17.83,37,14.94
767,4.122483910931027,3,8.52,5.29,16.86,8.56,5.39,14.83,4.82,13.93,17.83,35.72,14.94
768,4.122483910931027,3,8.52,5.29,16.93,8.56,5.39,14.83,4.8,13.88,17.83,35.51,14.76
769,4.122483910931027,3,8.46,5.25,16.86,8.52,5.34,14.77,4.74,13.93,17.75,34.91,14.82
770,4.122483910931027,3,8.42,5.27,16.86,8.52,5.37,14.77,4.76,14.05,17.75,35.93,14.94
771,4.122483910931027,3,8.49,5.27,16.86,8.49,5.34,14.77,4.74,14.16,17.75,36.35,14.58
772,4.122483910931027,3,8.49,5.27,16.86,8.52,5.3,14.83,4.74,14.05,17.75,35.11,14.7
773,4.122483910931027,3,8.49,5.25,16.86,8.49,5.34,14.83,4.74,13.99,17.75,36.14,14.82
774,4.122483910931027,3,8.49,5.25,16.86,8.49,5.34,14.77,4.74,13.99,17.75,35.72,14.76
775,4.122483910931027,3,8.63,5.38,17.07,8.62,5.48,14.95,4.84,14.1,17.91,34.91,15.12
776,4.122483910931027,3,8.46,5.27,16.86,8.49,5.37,14.77,4.72,14.05,17.83,34.12,14.82
777,4.122483910931027,3,8.42,5.22,16.79,8.46,5.34,14.71,4.7,13.93,17.75,35.31,15
778,4.122483910931027,3,8.39,5.2,16.79,8.42,5.32,14.65,4.7,13.93,17.67,35.72,14.94
779,4.122483910931027,3,8.56,5.22,16.86,8.49,5.32,14.71,4.72,14.05,17.67,35.31,14.88
780,4.122483910931027,3,8.59,5.25,16.93,8.49,5.34,14.77,4.72,14.28,17.75,35.11,15
781,4.257484898736022,3,8.63,5.25,16.93,8.49,5.34,14.77,4.72,14.05,17.75,35.31,14.94
782,4.257484898736022,3,8.56,5.25,16.93,8.49,5.34,14.77,4.72,14.51,17.75,34.91,14.76
783,4.257484898736022,3,8.49,5.25,17,8.49,5.37,14.77,4.72,14.05,17.75,38.36,14.94
784,4.257484898736022,3,8.59,5.27,16.93,8.52,5.37,14.77,4.72,13.93,17.67,35.11,14.94
785,4.257484898736022,3,8.52,5.27,17,8.52,5.37,14.77,4.72,14.1,17.83,36.57,14.88
786,4.257484898736022,3,8.63,5.27,17.07,8.52,5.39,14.83,4.74,14.22,17.83,33.55,14.94
787,4.257484898736022,3,8.56,5.27,17.07,8.52,5.37,14.77,4.74,14.16,17.83,35.11,14.94
788,4.257484898736022,3,8.56,5.27,17,8.56,5.39,14.77,4.74,14.16,17.83,34.91,14.88
789,4.257484898736022,3,8.63,5.27,17,8.52,5.37,14.77,4.7,14.22,17.83,35.51,15
790,4.257484898736022,3,8.39,5.25,17,8.49,5.34,14.77,4.7,14.28,17.83,37,15
791,4.257484898736022,3,8.56,5.25,17,8.49,5.37,14.71,4.68,14.16,17.83,37.22,14.94
792,4.257484898736022,3,8.56,5.27,16.93,8.52,5.37,14.77,4.72,14.16,17.83,35.93,15.06
793,4.257484898736022,3,8.66,5.27,17,8.49,5.34,14.77,4.72,14.39,17.83,35.31,14.94
794,4.257484898736022,3,8.76,5.27,17,8.52,5.37,14.77,4.72,14.33,17.83,34.91,14.94
795,4.257484898736022,3,8.94,5.27,17,8.52,5.34,14.77,4.68,14.45,17.75,36.14,15.06
796,4.257484898736022,3,8.59,5.25,17,8.52,5.34,14.71,4.7,14.33,17.83,35.11,15
797,4.257484898736022,3,8.56,5.25,17,8.52,5.34,14.71,4.7,14.33,17.83,34.91,14.58
798,4.257484898736022,3,8.52,5.25,17,8.49,5.34,14.71,4.68,14.33,17.83,35.31,14.94
799,4.257484898736022,3,8.52,5.22,17,8.49,5.34,14.71,4.66,14.45,17.83,37,14.29
800,4.257484898736022,3,8.66,5.25,17,8.49,5.32,14.71,4.66,14.28,17.75,35.72,15
801,4.257484898736022,3,8.52,5.25,17,8.49,5.32,14.71,4.68,14.39,17.83,35.93,15
802,4.257484898736022,3,8.52,5.27,17.07,8.52,5.34,14.71,4.7,16.02,17.75,34.71,14.94
803,4.257484898736022,3,8.49,5.25,17.07,8.49,5.34,14.71,4.68,14.05,17.75,34.91,14.94
804,4.257484898736022,3,8.46,5.25,17.07,8.49,5.34,14.71,4.66,14.22,17.75,35.51,14.76
805,4.257484898736022,3,8.49,5.22,17.07,8.49,5.34,14.65,4.66,13.88,17.75,35.11,14.88
806,4.257484898736022,3,8.49,5.22,17.07,8.49,5.34,14.65,4.66,14.22,17.75,35.93,14.88
807,4.257484898736022,3,8.46,5.25,17.07,8.49,5.32,14.71,4.66,15.89,17.75,37.44,14.88
808,4.257484898736022,3,8.46,5.2,17.07,8.46,5.3,14.65,4.64,13.99,17.75,37,15
809,4.257484898736022,3,8.46,5.22,17.07,8.46,5.34,14.65,4.66,13.88,17.75,36.35,14.82
810,4.257484898736022,3,8.46,5.22,17.07,8.46,5.32,14.65,4.64,14.16,17.75,35.51,14.82
811,4.257484898736022,3,8.46,5.22,17.07,8.46,5.32,14.59,4.64,14.1,17.67,33.55,14.82
812,4.257484898736022,3,8.49,5.27,17.07,8.49,5.37,14.65,4.66,14.45,17.75,34.91,14.88
813,4.257484898736022,3,8.52,5.29,17.14,8.49,5.37,14.71,4.7,14.22,17.75,36.57,14.64
814,4.257484898736022,3,8.46,5.25,17.07,8.49,5.34,14.65,4.68,14.22,17.67,35.51,14.88
815,4.257484898736022,3,8.46,5.27,17.14,8.49,5.34,14.65,4.68,14.22,17.67,39.55,14.88
816,4.257484898736022,3,8.42,5.27,17.14,8.46,5.34,14.59,4.66,14.22,17.67,36.57,15
817,4.257484898736022,3,9.33,5.27,17.14,8.49,5.23,14.59,4.66,14.16,17.67,37.67,14.94
818,4.257484898736022,3,8.39,5.25,17.07,8.42,5.3,14.59,4.6,14.22,17.58,34.12,14.82
819,4.257484898736022,3,8.36,5.25,17.07,8.42,5.3,14.59,4.62,14.28,17.58,34.91,14.94
820,4.257484898736022,3,8.36,5.18,17.07,8.42,5.28,14.53,4.64,14.22,17.58,35.93,14.94
821,4.257484898736022,3,8.36,5.16,17.07,8.42,5.28,14.53,4.62,14.28,17.67,35.11,14.7
822,4.257484898736022,3,8.36,5.16,17.21,8.42,5.3,14.53,4.62,14.22,17.58,33.17,14.7
823,4.257484898736022,3,8.39,5.18,17.14,8.46,5.3,14.59,4.6,14.05,17.67,36.78,14.76
824,4.257484898736022,3,8.36,5.16,17.07,8.39,5.28,14.47,4.6,14.22,17.58,34.12,14.7
825,4.257484898736022,3,8.36,5.16,17.07,8.39,5.28,14.47,4.6,14.16,17.58,35.31,14.7
826,4.257484898736022,3,8.29,5.16,17.07,8.42,5.25,14.47,4.6,14.22,17.58,34.71,14.64
827,4.257484898736022,3,8.36,5.18,17.07,8.39,5.28,14.47,4.6,14.22,17.58,34.51,14.7
828,4.257484898736022,3,8.36,5.16,17.07,8.39,5.28,14.47,4.56,14.28,17.58,34.31,14.88
829,4.257484898736022,3,8.36,5.13,17.14,8.39,5.28,14.47,4.56,14.28,17.58,34.31,14.82
830,4.257484898736022,3,8.36,5.13,17.07,8.39,5.23,14.47,4.56,14.22,17.58,36.78,14.82
831,4.257484898736022,3,8.36,5.13,17.14,8.42,5.3,14.47,4.6,14.22,17.58,33.93,15.88
832,4.257484898736022,3,8.33,5.16,17.07,8.42,5.3,14.47,4.6,14.28,17.58,35.72,14.88
833,4.257484898736022,3,8.36,5.13,17.07,8.39,5.28,14.42,4.58,14.33,17.58,33.55,14.88
834,4.257484898736022,3,8.39,5.13,17.07,8.39,5.28,14.47,4.58,14.22,17.58,34.51,14.88
835,4.257484898736022,3,8.36,5.13,17.07,8.39,5.28,14.47,4.58,14.1,17.58,34.12,14.76
836,4.257484898736022,3,8.39,5.13,17.14,8.39,5.3,14.47,4.58,14.28,17.58,34.31,14.94
837,4.257484898736022,3,8.39,5.13,17.07,8.39,5.28,14.42,4.58,14.16,17.58,33.93,14.94
838,4.257484898736022,3,8.46,5.13,17.07,8.39,5.28,14.42,4.54,14.22,17.58,33.74,15.06
839,4.257484898736022,3,8.52,5.13,17.07,8.39,5.28,14.42,4.56,14.28,17.5,34.51,14.88
840,4.257484898736022,3,8.46,5.16,17.07,8.39,5.28,14.42,4.58,14.33,17.58,34.51,14.64
841,4.942929912481451,3,8.42,5.13,17.14,8.39,5.25,14.42,4.56,14.45,17.5,36.14,14.52
842,4.942929912481451,3,8.46,5.13,17.14,8.42,5.28,14.47,4.6,14.28,17.58,34.51,14.64
843,4.942929912481451,3,8.46,5.13,17.14,8.39,5.3,14.47,4.56,14.28,17.58,35.11,14.82
844,4.942929912481451,3,8.46,5.16,17.14,8.42,5.3,14.42,4.58,14.33,17.5,33.93,14.88
845,4.942929912481451,3,8.49,5.13,17.14,8.42,5.3,14.42,4.58,14.33,17.5,34.31,14.88
846,4.942929912481451,3,8.46,5.13,17.14,8.42,5.28,14.42,4.58,14.22,17.5,34.51,14.82
847,4.942929912481451,3,8.46,5.13,17.14,8.42,5.28,14.36,4.58,14.22,17.5,34.51,14.58
848,4.942929912481451,3,8.42,5.13,17.14,8.42,5.28,14.36,4.56,14.28,17.5,34.91,14.7
849,4.942929912481451,3,8.42,5.13,17.14,8.39,5.28,14.36,4.56,14.1,17.5,34.91,14.52
850,4.942929912481451,3,8.52,5.22,17.21,8.49,5.34,14.47,4.6,14.39,17.58,34.51,14.94
851,4.942929912481451,3,8.83,5.48,17.66,8.83,5.63,15.02,4.82,14.81,17.91,34.31,15.25
852,4.942929912481451,3,8.56,5.13,17.29,8.52,5.39,14.59,4.64,14.51,17.58,35.31,14.94
853,4.942929912481451,3,8.42,5.16,17.14,8.42,5.3,14.42,4.56,14.45,17.42,34.12,14.64
854,4.942929912481451,3,8.46,5.16,17.14,8.42,5.3,14.42,4.56,14.39,17.5,34.51,14.82
855,4.942929912481451,3,8.42,5.16,17.21,8.42,5.25,14.42,4.56,14.33,17.5,32.81,14.34
856,4.942929912481451,3,8.46,5.16,17.14,8.42,5.28,14.42,4.56,14.57,17.5,35.31,14.76
857,4.942929912481451,3,8.42,5.13,17.21,8.42,5.28,14.42,4.56,14.33,17.42,33.36,14.82
858,4.942929912481451,3,8.46,5.16,17.14,8.42,5.32,14.42,4.54,14.33,17.5,33.17,14.88
859,4.942929912481451,3,8.46,5.13,17.14,8.49,5.32,14.42,4.56,14.33,17.5,34.31,14.76
860,4.942929912481451,3,8.42,5.13,17.14,8.42,5.3,14.42,4.56,14.51,17.5,35.11,14.82
861,4.942929912481451,3,8.42,5.13,17.14,8.42,5.3,14.42,4.54,14.51,17.42,34.12,14.64
862,4.942929912481451,3,8.42,5.13,17.14,8.42,5.3,14.42,4.54,14.39,17.5,34.12,14.94
863,4.942929912481451,3,8.42,5.13,17.21,8.42,5.3,14.42,4.56,14.33,17.5,34.71,14.94
864,4.942929912481451,3,8.39,5.13,17.14,8.42,5.3,14.42,4.54,14.51,17.5,33.55,14.7
865,4.942929912481451,3,8.39,5.13,17.21,8.42,5.3,14.42,4.58,14.28,17.5,34.71,14.76
866,4.942929912481451,3,8.42,5.16,17.21,8.46,5.3,14.42,4.54,14.33,17.5,34.71,15
867,4.942929912481451,3,8.46,5.16,17.14,8.42,5.3,14.36,4.56,14.33,17.58,34.71,14.94
868,4.942929912481451,3,8.42,5.16,17.21,8.46,5.3,14.42,4.56,14.33,17.5,34.31,14.94
869,4.942929912481451,3,8.42,5.13,17.14,8.42,5.3,14.42,4.54,14.33,17.5,33.74,14.88
870,4.942929912481451,3,8.46,5.16,17.21,8.42,5.32,14.42,4.54,14.28,17.42,34.12,14.88
871,4.942929912481451,3,8.46,5.16,17.21,8.46,5.32,14.42,4.56,14.28,17.5,34.91,14.7
872,4.942929912481451,3,8.46,5.16,17.21,8.46,5.32,14.42,4.54,14.33,17.42,34.12,14.76
873,4.942929912481451,3,8.46,5.16,17.21,8.46,5.32,14.42,4.52,14.39,17.5,34.12,14.82
874,4.942929912481451,3,8.42,5.16,17.21,8.46,5.32,14.42,4.54,14.51,17.5,34.91,14.76
875,4.942929912481451,3,8.46,5.18,17.14,8.42,5.32,14.42,4.56,14.39,17.42,33.74,14.82
876,4.942929912481451,3,8.46,5.16,17.21,8.46,5.32,14.42,4.56,14.33,17.5,34.51,14.7
877,4.942929912481451,3,8.46,5.18,17.21,8.49,5.34,14.42,4.54,14.33,17.5,34.31,14.82
878,4.942929912481451,3,8.42,5.2,17.29,8.49,5.37,14.47,4.56,14.51,17.5,34.31,14.82
879,4.942929912481451,3,8.49,5.2,17.21,8.49,5.37,14.47,4.56,14.33,17.5,33.17,14.64
880,4.942929912481451,3,8.52,5.22,17.29,8.52,5.37,14.47,4.58,15.56,17.34,33.55,14.64
881,4.942929912481451,3,8.49,5.2,17.29,8.52,5.37,14.47,4.58,14.33,17.5,34.12,14.7
882,4.942929912481451,3,8.49,5.2,17.29,8.49,5.37,14.47,4.58,14.33,17.58,34.31,14.76
883,4.942929912481451,3,8.49,5.2,17.29,8.49,5.37,14.47,4.54,14.39,17.5,33.93,14.7
884,4.942929912481451,3,8.49,5.22,17.29,8.52,5.37,14.47,4.56,14.39,17.5,33.74,14.88
885,4.942929912481451,3,8.49,5.18,17.29,8.52,5.37,14.53,4.56,14.39,17.5,35.11,14.82
886,4.942929912481451,3,8.52,5.18,17.21,8.52,5.39,14.42,4.56,14.51,17.5,33.74,14.88
887,4.942929912481451,3,8.49,5.18,17.29,8.52,5.37,14.42,4.56,14.45,17.5,34.31,14.88
888,4.942929912481451,3,8.49,5.18,17.29,8.52,5.37,14.42,4.58,14.39,17.58,34.91,14.76
889,4.942929912481451,3,8.52,5.18,17.29,8.52,5.39,14.42,4.6,14.51,17.58,33.93,14.82
890,4.942929912481451,3,8.52,5.2,17.29,8.52,5.39,14.42,4.6,15.12,17.5,33.17,14.82
891,4.942929912481451,3,8.52,5.18,17.29,8.52,5.34,14.42,4.56,14.45,17.75,35.51,14.7
892,4.942929912481451,3,8.52,5.18,17.29,8.52,5.37,14.42,4.54,14.33,17.67,34.31,14.76
893,4.942929912481451,3,8.49,5.2,17.36,8.52,5.39,14.47,4.58,14.39,17.75,34.91,14.94
894,4.942929912481451,3,8.52,5.2,17.29,8.52,5.39,14.42,4.58,14.39,17.67,34.71,14.82
895,4.942929912481451,3,8.49,5.18,17.36,8.52,5.37,14.42,4.54,14.51,17.67,35.31,14.94
896,4.942929912481451,3,8.52,5.2,17.36,8.52,5.39,14.47,4.56,14.51,17.67,33.55,15.06
897,4.942929912481451,3,8.52,5.18,17.36,8.52,5.37,14.42,4.56,14.51,17.67,33.55,14.88
898,4.942929912481451,3,8.49,5.18,17.36,8.52,5.37,14.42,4.54,14.45,17.67,36.57,15.5
899,4.942929912481451,3,8.49,5.18,17.36,8.56,5.37,14.42,4.56,14.45,17.67,33.55,15.69
900,4.942929912481451,3,8.49,5.18,17.29,8.52,5.37,14.42,4.56,14.45,17.67,33.74,14.88
901,5.095707786858631,4,8.49,5.18,17.29,8.52,5.37,14.42,4.56,14.39,17.67,34.12,14.82
902,5.095707786858631,4,8.49,5.18,17.29,8.52,5.34,14.42,4.6,14.45,17.67,34.51,14.76
903,5.095707786858631,4,8.49,5.18,17.43,8.56,5.37,14.47,4.56,14.45,17.67,34.31,14.58
904,5.095707786858631,4,8.49,5.18,17.36,8.52,5.34,14.42,4.56,14.51,17.67,33.93,14.52
905,5.095707786858631,4,8.46,5.16,17.29,8.49,5.34,14.42,4.54,14.39,17.58,34.31,14.52
906,5.095707786858631,4,8.46,5.18,17.29,8.52,5.34,14.42,4.54,14.39,17.67,33.36,14.4
907,5.095707786858631,4,8.52,5.18,17.29,8.52,5.3,14.53,4.52,14.51,17.58,34.71,14.4
908,5.095707786858631,4,8.46,5.16,17.36,8.52,5.3,14.42,4.52,14.39,17.58,33.74,14.4
909,5.095707786858631,4,8.49,5.18,17.36,8.49,5.34,14.42,4.54,14.51,17.58,33.74,14.58
910,5.095707786858631,4,8.46,5.18,17.29,8.52,5.34,14.36,4.54,14.57,17.58,33.36,14.7
911,5.095707786858631,4,8.52,5.18,17.36,8.52,5.34,14.53,4.54,14.51,17.58,33.93,14.58
912,5.095707786858631,4,8.46,5.16,17.29,8.52,5.32,14.42,4.54,14.51,17.58,34.12,14.4
913,5.095707786858631,4,8.46,5.16,17.36,8.52,5.34,14.36,4.54,14.39,17.58,36.14,14.76
914,5.095707786858631,4,8.46,5.16,17.36,8.52,5.32,14.42,4.54,14.45,17.58,34.51,14.52
915,5.095707786858631,4,8.49,5.16,17.29,8.52,5.34,14.36,4.54,14.57,17.58,35.11,14.64
916,5.095707786858631,4,8.56,5.18,17.36,8.52,5.34,14.47,4.54,14.57,17.5,34.71,14.4
917,5.095707786858631,4,8.49,5.18,17.36,8.52,5.34,14.47,4.54,14.45,17.58,34.12,14.82
918,5.095707786858631,4,8.56,5.18,17.29,8.52,5.34,14.42,4.56,14.57,17.58,33.55,14.76
919,5.095707786858631,4,8.46,5.16,17.29,8.49,5.32,14.36,4.5,14.51,17.58,34.31,14.58
920,5.095707786858631,4,8.46,5.18,17.36,8.52,5.34,14.42,4.52,14.45,17.58,33.55,14.88
921,5.095707786858631,4,8.49,5.18,17.36,8.52,5.34,14.36,4.54,14.45,17.58,33.93,14.76
922,5.095707786858631,4,8.52,5.18,17.29,8.52,5.34,14.42,4.52,14.39,17.5,33.55,14.76
923,5.095707786858631,4,8.49,5.18,17.36,8.52,5.34,14.42,4.54,14.39,17.58,33.36,14.88
924,5.095707786858631,4,8.52,5.18,17.36,8.52,5.34,14.42,4.54,14.45,17.58,33.93,14.7
925,5.095707786858631,4,8.46,5.18,17.36,8.52,5.34,14.36,4.54,14.57,17.58,32.81,14.34
926,5.095707786858631,4,8.46,5.18,17.36,8.52,5.34,14.36,4.54,14.51,17.67,33.55,14.94
927,5.095707786858631,4,8.46,5.18,17.36,8.52,5.34,14.36,4.54,14.51,17.67,34.12,14.88
928,5.095707786858631,4,8.36,5.16,17.29,8.52,5.32,14.36,4.52,14.39,17.58,35.11,14.94
929,5.095707786858631,4,8.59,5.18,17.36,8.52,5.34,14.47,4.48,14.45,17.58,33.93,15
930,5.095707786858631,4,8.52,5.2,17.36,8.52,5.34,14.36,4.54,14.45,17.67,34.12,14.94
931,5.095707786858631,4,8.46,5.2,17.36,8.52,5.3,14.36,4.52,14.45,17.58,33.17,14.88
932,5.095707786858631,4,8.49,5.2,17.36,8.56,5.32,14.42,4.5,14.45,17.58,36.14,14.88
933,5.095707786858631,4,8.42,5.18,17.29,8.52,5.3,14.47,4.5,14.39,17.58,33.36,14.76
934,5.095707786858631,4,8.42,5.2,17.36,8.56,5.3,14.42,4.52,14.45,17.67,32.99,14.88
935,5.095707786858631,4,8.46,5.18,17.36,8.59,5.3,14.36,4.52,14.45,17.58,34.12,14.88
936,5.095707786858631,4,8.46,5.2,17.36,8.56,5.32,14.36,4.52,14.51,17.58,33.93,14.88
937,5.095707786858631,4,8.46,5.18,17.36,8.56,5.3,14.42,4.52,14.51,17.58,33.55,14.82
938,5.095707786858631,4,8.42,5.18,17.29,8.52,5.3,14.36,4.52,14.51,17.58,36.35,14.82
939,5.095707786858631,4,8.46,5.18,17.29,8.52,5.3,14.36,4.5,14.51,17.58,34.51,14.7
940,5.095707786858631,4,8.42,5.16,17.29,8.52,5.3,14.36,4.5,14.39,17.58,33.74,14.76
941,5.095707786858631,4,8.49,5.2,17.36,8.56,5.32,14.36,4.54,14.57,17.58,33.74,14.82
942,5.095707786858631,4,8.56,5.2,17.36,8.56,5.32,14.36,4.54,14.51,17.58,33.36,14.94
943,5.095707786858631,4,8.49,5.2,17.36,8.56,5.3,14.36,4.54,14.51,17.58,34.12,15
944,5.095707786858631,4,8.49,5.18,17.36,8.56,5.3,14.36,4.52,14.39,17.5,33.17,15
945,5.095707786858631,4,8.49,5.2,17.36,8.56,5.3,14.36,4.5,14.57,17.58,32.45,14.94
946,5.095707786858631,4,8.49,5.2,17.29,8.56,5.32,14.36,4.5,14.57,17.5,33.55,14.94
947,5.095707786858631,4,8.46,5.22,17.36,8.59,5.32,14.36,4.54,14.57,17.58,32.81,14.7
948,5.095707786858631,4,8.49,5.27,17.43,8.62,5.37,14.47,4.46,14.75,17.67,32.99,14.88
949,5.095707786858631,4,8.49,5.25,17.36,8.62,5.34,14.42,4.5,14.81,17.67,32.99,15.06
950,5.095707786858631,4,8.52,5.25,17.36,8.62,5.34,14.47,4.52,14.75,17.67,33.74,15
951,5.095707786858631,4,8.46,5.25,17.43,8.59,5.34,14.47,4.52,14.69,17.58,33.74,14.58
952,5.095707786858631,4,8.46,5.25,17.36,8.59,5.34,14.47,4.52,14.75,17.58,33.74,14.88
953,5.095707786858631,4,8.49,5.25,17.43,8.62,5.37,14.47,4.52,14.69,17.58,33.36,14.82
954,5.095707786858631,4,8.49,5.25,17.43,8.59,5.25,14.47,4.52,14.63,17.58,34.31,14.94
955,5.095707786858631,4,8.49,5.27,17.36,8.59,5.23,14.47,4.54,14.63,17.58,33.36,14.7
956,5.095707786858631,4,8.49,5.27,17.43,8.62,5.23,14.47,4.52,14.69,17.67,33.74,14.64
957,5.095707786858631,4,8.49,5.25,17.43,8.59,5.21,14.42,4.52,14.63,17.58,34.12,14.88
958,5.095707786858631,4,8.49,5.27,17.36,8.59,5.21,14.36,4.52,14.57,17.58,33.55,14.64
959,5.095707786858631,4,8.83,5.55,17.88,8.97,5.48,14.89,4.74,15,18,33.17,15.31
960,5.095707786858631,4,8.52,5.29,17.43,8.66,5.25,14.53,4.52,14.63,17.58,34.31,14.7
961,5.1317081826527025,4,8.66,5.38,17.58,8.76,5.32,14.65,4.6,14.69,17.75,34.91,14.82
962,5.1317081826527025,4,8.69,5.38,17.58,8.79,5.32,14.71,4.62,14.81,17.75,34.51,15
963,5.1317081826527025,4,8.63,5.36,17.58,8.76,5.32,14.65,4.6,14.69,17.75,34.12,14.88
964,5.1317081826527025,4,8.63,5.38,17.58,8.76,5.32,14.65,4.62,15.12,17.75,33.93,14.76
965,5.1317081826527025,4,8.63,5.38,17.58,8.76,5.34,14.71,4.62,14.69,17.75,35.72,15.18
966,5.1317081826527025,4,8.59,5.36,17.51,8.76,5.3,14.65,4.62,14.63,17.75,34.31,15
967,5.1317081826527025,4,8.63,5.36,17.58,8.76,5.3,14.65,4.62,14.63,17.75,33.36,15.06
968,5.1317081826527025,4,8.59,5.36,17.58,8.76,5.3,14.65,4.66,14.69,17.75,33.55,15.06
969,5.1317081826527025,4,8.59,5.36,17.58,8.73,5.3,14.65,4.62,14.63,17.75,34.12,15.18
970,5.1317081826527025,4,8.59,5.34,17.51,8.76,5.3,14.65,4.6,14.57,17.75,33.74,15
971,5.1317081826527025,4,8.59,5.34,17.51,8.73,5.3,14.65,4.6,14.63,17.67,34.12,15.12
972,5.1317081826527025,4,8.56,5.34,17.58,8.73,5.3,14.65,4.6,14.63,17.75,34.31,15.06
973,5.1317081826527025,4,8.56,5.36,17.51,8.76,5.32,14.71,4.62,14.87,17.75,32.81,15
974,5.1317081826527025,4,8.59,5.36,17.58,8.76,5.34,14.65,4.62,14.63,17.75,33.74,15
975,5.1317081826527025,4,8.56,5.34,17.51,8.76,5.32,14.65,4.6,14.63,17.75,34.12,15.12
976,5.1317081826527025,4,8.59,5.36,17.51,8.76,5.32,14.65,4.6,14.63,17.75,35.11,15
977,5.1317081826527025,4,8.59,5.34,17.58,8.76,5.32,14.65,4.6,14.57,17.75,34.51,15.12
978,5.1317081826527025,4,8.56,5.34,17.51,8.73,5.3,14.59,4.6,14.51,17.67,33.55,15.06
979,5.1317081826527025,4,8.56,5.34,17.51,8.73,5.3,14.59,4.56,14.57,17.67,34.12,15.12
980,5.1317081826527025,4,8.46,5.22,17.36,8.59,5.18,14.42,4.5,14.45,17.5,31.92,14.88
981,5.1317081826527025,4,8.49,5.29,17.43,8.69,5.28,14.47,4.56,14.51,17.67,32.27,14.94
982,5.1317081826527025,4,8.52,5.34,17.58,8.73,5.3,14.59,4.6,14.51,17.67,33.55,14.64
983,5.1317081826527025,4,8.56,5.34,17.51,8.76,5.32,14.59,4.62,14.39,17.67,34.31,14.88
984,5.1317081826527025,4,8.59,5.34,17.51,8.76,5.34,14.59,4.58,14.51,17.75,32.99,15.37
985,5.1317081826527025,4,8.52,5.34,17.51,8.73,5.32,14.53,4.58,14.51,17.75,37.9,15.25
986,5.1317081826527025,4,8.59,5.36,17.51,8.76,5.32,14.65,4.62,14.75,17.75,33.55,15.37
987,5.1317081826527025,4,8.56,5.36,17.51,8.76,5.32,14.65,4.58,14.63,17.75,33.74,15.25
988,5.1317081826527025,4,8.59,5.34,17.51,8.76,5.32,14.65,4.58,14.57,17.67,33.36,15.12
989,5.1317081826527025,4,8.59,5.32,17.43,8.73,5.3,14.59,4.56,14.33,17.67,34.12,15.12
990,5.1317081826527025,4,8.52,5.32,17.51,8.73,5.32,14.53,4.58,14.51,17.75,33.55,15.18
991,5.1317081826527025,4,8.49,5.29,17.43,8.69,5.3,14.47,4.58,14.57,17.67,32.99,15.06
992,5.1317081826527025,4,8.49,5.32,17.51,8.73,5.3,14.53,4.58,14.57,17.67,34.12,15.12
993,5.1317081826527025,4,8.49,5.29,17.43,8.69,5.3,14.47,4.58,14.63,17.67,33.55,15.18
994,5.1317081826527025,4,8.49,5.29,17.43,8.69,5.3,14.47,4.56,14.45,17.67,32.99,15.12
995,5.1317081826527025,4,8.49,5.32,17.51,8.73,5.32,14.53,4.58,14.33,17.67,33.74,15.18
996,5.1317081826527025,4,8.52,5.32,17.51,8.73,5.32,14.53,4.58,14.51,17.67,33.93,15
997,5.1317081826527025,4,8.52,5.36,17.43,8.76,5.34,14.59,4.6,14.51,17.67,34.12,10.01
998,5.1317081826527025,4,8.56,5.36,17.43,8.76,5.34,14.59,4.58,14.51,17.67,33.36,10.05
999,5.1317081826527025,4,8.56,5.38,17.43,8.76,5.37,14.65,4.6,14.45,17.67,33.36,10.05
1000,5.1317081826527025,4,8.56,5.38,17.51,8.79,5.37,14.65,4.6,14.51,17.67,34.71,10.01
1001,5.1317081826527025,4,8.56,5.36,17.43,8.79,5.34,14.65,4.58,14.57,17.67,33.17,10.21
1002,5.1317081826527025,4,8.52,5.34,17.36,8.76,5.32,14.59,4.56,14.51,17.58,32.81,10.17
1003,5.1317081826527025,4,8.52,5.34,17.43,8.76,5.34,14.59,4.6,14.39,17.58,33.93,10.13
1004,5.1317081826527025,4,8.49,5.32,17.43,8.73,5.32,14.59,4.56,14.57,17.58,32.99,14.46
1005,5.1317081826527025,4,8.52,5.32,17.43,8.73,5.34,14.59,4.56,14.45,17.58,32.63,14.29
1006,5.1317081826527025,4,8.52,5.34,17.43,8.76,5.32,14.59,4.52,14.75,17.67,32.99,14.82
1007,5.1317081826527025,4,8.49,5.32,17.43,8.76,5.32,14.59,4.54,14.57,17.67,32.99,14.82
1008,5.1317081826527025,4,8.49,5.32,17.43,8.76,5.32,14.59,4.56,14.57,17.67,32.81,14.94
1009,5.1317081826527025,4,8.49,5.32,17.43,8.73,5.3,14.59,4.56,14.51,17.67,32.99,15
1010,5.1317081826527025,4,8.52,5.29,17.43,8.73,5.32,14.59,4.56,14.57,17.67,34.71,15.06
1011,5.1317081826527025,4,8.52,5.32,17.43,8.76,5.3,14.59,4.56,14.57,17.67,33.74,15.06
1012,5.1317081826527025,4,8.52,5.32,17.51,8.76,5.3,14.65,4.58,14.63,17.67,35.51,15.12
1013,5.1317081826527025,4,8.56,5.32,17.43,8.73,5.3,14.59,4.56,14.33,17.58,32.81,15.12
1014,5.1317081826527025,4,8.56,5.34,17.51,8.76,5.34,14.65,4.6,14.57,17.67,34.31,15.12
1015,5.1317081826527025,4,8.49,5.29,17.43,8.73,5.32,14.53,4.54,14.57,17.58,31.57,15.06
1016,5.1317081826527025,4,8.52,5.29,17.43,8.73,5.3,14.53,4.56,14.51,17.58,33.36,15.06
1017,5.1317081826527025,4,8.52,5.32,17.51,8.79,5.37,14.65,4.58,14.57,17.67,35.93,15.12
1018,5.1317081826527025,4,8.63,5.43,17.58,8.9,5.46,14.77,4.64,14.75,17.75,33.17,15.31
1019,5.1317081826527025,4,8.56,5.36,17.51,8.83,5.41,14.65,4.6,14.93,17.67,34.91,15.25
1020,5.1317081826527025,4,8.59,5.38,17.58,8.86,5.39,14.65,4.62,14.63,17.75,33.74,15.25
1021,5.158727049897808,4,8.66,5.45,17.66,8.93,5.46,14.77,4.68,14.69,17.75,34.12,15.25
1022,5.158727049897808,4,8.56,5.5,17.66,9,5.53,14.83,4.72,14.69,17.91,34.12,15.06
1023,5.158727049897808,4,8.46,5.27,17.43,8.73,5.3,14.47,4.54,14.45,17.58,34.31,14.82
1024,5.158727049897808,4,8.52,5.29,17.43,8.76,5.34,14.53,4.58,14.63,17.58,33.36,14.88
1025,5.158727049897808,4,8.59,5.36,17.51,8.83,5.39,14.59,4.62,14.51,17.67,33.74,14.82
1026,5.158727049897808,4,8.59,5.38,17.58,8.86,5.44,14.71,4.64,14.63,17.83,34.31,14.82
1027,5.158727049897808,4,8.56,5.36,17.51,8.83,5.39,14.59,4.6,15.63,17.67,33.74,15
1028,5.158727049897808,4,8.73,5.52,17.66,9,5.58,14.89,4.74,15.56,17.83,34.51,15.37
1029,5.158727049897808,4,8.76,5.52,17.73,9.04,5.58,14.95,4.72,14.57,17.83,34.12,15.25
1030,5.158727049897808,4,8.76,5.55,17.66,9.04,5.6,14.95,4.72,14.75,17.91,35.31,15.31
1031,5.158727049897808,4,8.76,5.52,17.73,9.07,5.6,14.95,4.72,14.81,17.91,35.93,15.43
1032,5.158727049897808,4,8.36,5.2,17.29,8.69,5.23,14.36,4.48,14.28,17.42,33.36,14.7
1033,5.158727049897808,4,8.36,5.16,17.21,8.62,5.21,14.3,4.41,14.16,17.34,33.93,14.94
1034,5.158727049897808,4,8.29,5.11,17.21,8.56,5.18,14.24,4.44,14.28,17.34,33.93,14.94
1035,5.158727049897808,4,8.29,5.13,17.21,8.56,5.21,14.24,4.43,14.28,17.34,31.92,14.7
1036,5.158727049897808,4,8.29,5.13,17.21,8.56,5.18,14.24,4.44,14.28,17.67,31.92,14.94
1037,5.158727049897808,4,8.33,5.11,17.14,8.56,5.21,14.24,4.46,14.22,17.42,33.17,14.94
1038,5.158727049897808,4,8.29,5.13,17.21,8.59,5.23,14.3,4.48,14.28,17.42,32.09,14.94
1039,5.158727049897808,4,8.26,5.13,17.29,8.59,5.23,14.3,4.44,14.16,17.42,30.41,15
1040,5.158727049897808,4,8.33,5.13,17.29,8.59,5.23,14.24,4.44,14.1,17.42,32.27,14.94
1041,5.158727049897808,4,8.26,5.13,17.14,8.59,5.23,14.24,4.44,14.1,17.34,32.09,15
1042,5.158727049897808,4,8.36,5.13,17.21,8.59,5.28,14.36,4.44,14.1,16.95,30.41,14.94
1043,5.158727049897808,4,8.26,5.13,17.14,8.59,5.28,14.24,4.43,14.22,16.79,31.57,14.94
1044,5.158727049897808,4,8.33,5.13,17.14,8.59,5.28,14.24,4.43,14.16,16.87,31.74,14.88
1045,5.158727049897808,4,8.26,5.13,17.14,8.59,5.28,14.24,4.43,14.16,16.79,34.51,14.94
1046,5.158727049897808,4,8.23,5.13,17.14,8.62,5.28,14.24,4.39,14.33,16.87,32.45,14.94
1047,5.158727049897808,4,8.26,5.13,17.14,8.59,5.28,14.24,4.39,14.22,16.79,32.45,14.88
1048,5.158727049897808,4,8.29,5.13,17.14,8.59,5.28,14.3,4.43,14.22,16.87,32.99,14.88
1049,5.158727049897808,4,8.26,5.13,17.07,8.62,5.3,14.24,4.43,14.22,16.79,31.92,14.82
1050,5.158727049897808,4,8.29,5.13,17.14,8.62,5.28,14.24,4.44,14.1,16.79,32.63,14.82
1051,5.158727049897808,4,8.26,5.13,17.14,8.62,5.3,14.24,4.46,14.28,16.87,32.09,14.58
1052,5.158727049897808,4,8.33,5.13,17.14,8.62,5.3,14.3,4.44,14.22,16.79,32.09,14.82
1053,5.158727049897808,4,8.26,5.13,17.07,8.59,5.28,14.24,4.44,13.99,16.79,30.57,14.76
1054,5.158727049897808,4,8.26,5.13,17.14,8.62,5.3,14.42,4.43,14.1,16.79,32.81,14.88
1055,5.158727049897808,4,8.23,5.13,17.14,8.62,5.3,14.3,4.44,14.1,16.79,32.27,14.82
1056,5.158727049897808,4,8.26,5.13,17.07,8.62,5.3,14.3,4.46,14.16,16.79,32.09,14.82
1057,5.158727049897808,4,8.26,5.16,17.07,8.62,5.28,14.3,4.44,14.16,16.87,31.4,14.82
1058,5.158727049897808,4,8.29,5.16,17.07,8.66,5.3,14.3,4.46,14.16,16.79,32.09,14.82
1059,5.158727049897808,4,8.29,5.16,17,8.62,5.32,14.3,4.46,14.05,16.87,32.27,14.88
1060,5.158727049897808,4,8.33,5.16,17.21,8.66,5.3,14.3,4.44,14.16,16.79,31.23,14.82
1061,5.158727049897808,4,8.29,5.16,17.07,8.62,5.3,14.3,4.44,13.99,16.79,32.27,14.94
1062,5.158727049897808,4,8.26,5.16,17.21,8.66,5.32,14.3,4.44,14.1,17.26,31.92,14.94
1063,5.158727049897808,4,8.29,5.16,17.07,8.66,5.3,14.3,4.44,14.1,16.79,31.92,14.94
1064,5.158727049897808,4,8.29,5.16,17.07,8.62,5.3,14.3,4.44,14.22,16.79,32.63,14.88
1065,5.158727049897808,4,8.29,5.16,17.07,8.66,5.3,14.3,4.46,14.1,16.79,30.73,14.88
1066,5.158727049897808,4,8.26,5.16,17.07,8.66,5.3,14.3,4.44,14.05,16.87,32.81,14.88
1067,5.158727049897808,4,8.29,5.16,17.14,8.66,5.3,14.3,4.44,14.69,16.79,32.45,14.88
1068,5.158727049897808,4,8.26,5.18,17.07,8.66,5.3,14.3,4.48,14.69,16.79,32.63,14.88
1069,5.158727049897808,4,8.29,5.18,17.07,8.66,5.28,14.3,4.46,14.81,16.87,32.09,14.88
1070,5.158727049897808,4,8.29,5.18,17.07,8.69,5.32,14.3,4.46,14.81,16.87,32.63,14.82
1071,5.158727049897808,4,8.26,5.18,17.07,8.66,5.32,14.3,4.48,14.69,16.79,32.81,14.64
1072,5.158727049897808,4,8.26,5.18,17,8.66,5.3,14.3,4.44,14.1,16.79,32.45,14.4
1073,5.158727049897808,4,9.08,5.18,16.93,8.66,5.32,14.24,4.46,14.16,16.72,31.74,14.34
1074,5.158727049897808,4,9.59,5.2,17,8.66,5.32,14.3,4.46,14.33,16.72,32.99,14.58
1075,5.158727049897808,4,8.23,5.16,17,8.66,5.3,14.3,4.44,13.99,16.72,32.81,14.46
1076,5.158727049897808,4,8.29,5.18,17.07,8.66,5.3,14.24,4.46,14.1,16.79,33.17,14.64
1077,5.158727049897808,4,8.29,5.18,17,8.66,5.32,14.3,4.46,14.05,16.79,32.63,14.7
1078,5.158727049897808,4,8.36,5.18,17,8.66,5.32,14.3,4.46,13.99,16.79,30.57,14.46
1079,5.158727049897808,4,8.29,5.18,17,8.66,5.32,14.3,4.48,14.05,16.79,32.63,14.52
1080,5.158727049897808,4,8.33,5.2,17,8.69,5.32,14.3,4.48,13.93,16.79,31.92,14.82
1081,5.184470594125643,4,8.33,5.2,17,8.69,5.3,14.3,4.46,14.05,16.79,32.99,14.94
1082,5.184470594125643,4,8.26,5.18,16.93,8.66,5.3,14.24,4.46,13.99,16.72,32.27,14.82
1083,5.184470594125643,4,8.33,5.2,17,8.69,5.34,14.3,4.48,13.93,16.79,32.81,14.76
1084,5.184470594125643,4,8.26,5.2,17,8.69,5.32,14.3,4.46,13.99,16.87,33.17,14.7
1085,5.184470594125643,4,8.26,5.18,17,8.66,5.3,14.3,4.44,13.99,16.79,32.45,14.64
1086,5.184470594125643,4,8.26,5.2,16.93,8.66,5.3,14.3,4.44,13.99,16.79,32.27,14.76
1087,5.184470594125643,4,8.33,5.2,17,8.69,5.32,14.3,4.46,13.99,16.79,32.27,14.82
1088,5.184470594125643,4,8.29,5.2,17,8.69,5.32,14.42,4.48,13.93,16.79,31.74,14.94
1089,5.184470594125643,4,8.26,5.2,17,8.69,5.32,14.3,4.44,14.33,16.79,33.74,14.88
1090,5.184470594125643,4,8.26,5.2,17,8.69,5.32,14.3,4.46,13.93,16.87,33.36,14.52
1091,5.184470594125643,4,8.26,5.22,17,8.69,5.32,14.3,4.46,14.1,16.79,33.36,14.76
1092,5.184470594125643,4,8.26,5.22,17,8.69,5.32,14.42,4.46,14.1,16.79,32.99,14.76
1093,5.184470594125643,4,8.26,5.22,17,8.69,5.34,14.36,4.48,13.99,16.79,32.63,14.64
1094,5.184470594125643,4,8.29,5.22,17,8.69,5.32,14.36,4.46,14.33,16.79,32.27,14.7
1095,5.184470594125643,4,8.26,5.22,17,8.69,5.32,14.36,4.48,13.99,16.79,32.45,14.7
1096,5.184470594125643,4,8.26,5.22,17,8.69,5.32,14.3,4.48,14.05,16.79,32.99,14.64
1097,5.184470594125643,4,8.33,5.2,16.79,8.66,5.3,14.24,4.46,13.76,16.64,32.09,14.52
1098,5.184470594125643,4,8.26,5.25,17,8.73,5.34,14.36,4.5,13.99,16.79,32.09,14.7
1099,5.184470594125643,4,8.26,5.22,17,8.66,5.32,14.36,4.48,13.99,16.79,32.63,14.52
1100,5.184470594125643,4,8.33,5.25,16.93,8.69,5.34,14.36,4.5,14.05,16.72,32.09,14.76
1101,5.184470594125643,4,8.26,5.25,17,8.69,5.32,14.42,4.5,13.99,16.79,32.81,14.76
1102,5.184470594125643,4,8.29,5.27,17,8.73,5.34,14.42,4.5,15.37,16.79,33.36,14.7
1103,5.184470594125643,4,8.33,5.27,16.93,8.73,5.34,14.36,4.5,15.89,16.79,32.63,14.88
1104,5.184470594125643,4,8.33,5.25,16.93,8.76,5.32,14.42,4.5,16.36,16.79,32.63,14.88
1105,5.184470594125643,4,8.29,5.25,16.93,8.73,5.34,14.36,4.5,15.5,16.79,31.74,14.76
1106,5.184470594125643,4,8.26,5.25,16.93,8.73,5.3,14.36,4.5,13.88,16.79,34.71,14.76
1107,5.184470594125643,4,8.26,5.22,16.93,8.69,5.34,14.36,4.48,13.82,16.79,32.63,14.76
1108,5.184470594125643,4,8.29,5.22,16.93,8.69,5.32,14.36,4.5,13.82,16.79,32.63,14.82
1109,5.184470594125643,4,8.29,5.25,16.93,8.73,5.34,14.42,4.48,13.88,16.79,32.27,14.82
1110,5.184470594125643,4,8.33,5.27,16.93,8.76,5.34,14.42,4.48,13.93,16.79,32.63,14.82
1111,5.184470594125643,4,8.29,5.27,16.93,8.76,5.34,14.42,4.52,13.88,16.79,32.09,14.82
1112,5.184470594125643,4,8.29,5.27,16.93,8.76,5.37,14.42,4.5,13.99,16.79,32.63,14.76
1113,5.184470594125643,4,8.33,5.27,16.93,8.76,5.34,14.42,4.5,13.93,16.79,32.27,14.82
1114,5.184470594125643,4,8.29,5.29,16.93,8.76,5.37,14.42,4.52,15,16.79,32.81,14.82
1115,5.184470594125643,4,8.29,5.27,16.93,8.73,5.34,14.42,4.52,13.76,16.79,32.63,14.76
1116,5.184470594125643,4,8.26,5.27,16.93,8.76,5.34,14.42,4.5,13.88,16.79,31.92,14.76
1117,5.184470594125643,4,8.26,5.27,17,8.76,5.34,14.42,4.5,13.82,16.87,32.81,14.88
1118,5.184470594125643,4,8.33,5.29,16.93,8.76,5.37,14.42,4.52,13.93,16.79,32.27,14.82
1119,5.184470594125643,4,8.29,5.29,16.93,8.79,5.37,14.42,4.54,15.06,16.79,31.74,14.7
1120,5.184470594125643,4,8.26,5.29,16.93,8.79,5.37,14.42,4.52,14.57,16.79,32.09,14.82
1121,5.184470594125643,4,8.29,5.29,16.93,8.79,5.37,14.42,4.54,14.51,16.79,32.99,14.76
1122,5.184470594125643,4,8.36,5.29,16.93,8.79,5.37,14.42,4.54,14.51,16.79,32.27,14.82
1123,5.184470594125643,4,8.33,5.29,16.93,8.79,5.37,14.47,4.54,14.45,16.79,31.23,14.64
1124,5.184470594125643,4,8.26,5.29,16.86,8.79,5.37,14.47,4.48,13.99,16.79,32.63,14.7
1125,5.184470594125643,4,8.29,5.29,16.93,8.79,5.37,14.47,4.52,14.05,16.72,32.09,14.94
1126,5.184470594125643,4,8.29,5.29,16.93,8.79,5.37,14.47,4.52,14.39,16.72,31.74,14.94
1127,5.184470594125643,4,8.33,5.29,16.93,8.76,5.37,14.47,4.52,13.93,16.72,32.63,14.82
1128,5.184470594125643,4,8.36,5.29,16.93,8.83,5.37,14.47,4.52,13.99,16.79,32.27,14.88
1129,5.184470594125643,4,8.33,5.29,16.86,8.83,5.39,14.47,4.54,13.88,16.72,32.63,13.29
1130,5.184470594125643,4,8.33,5.29,16.93,8.83,5.37,14.47,4.52,13.82,16.79,32.63,14.52
1131,5.184470594125643,4,8.36,5.29,16.86,8.86,5.37,14.47,4.58,14.16,16.79,32.45,14.88
1132,5.184470594125643,4,8.29,5.27,16.86,8.83,5.34,14.47,4.48,13.82,16.72,33.55,14.76
1133,5.184470594125643,4,8.29,5.27,16.86,8.83,5.37,14.42,4.5,13.82,16.72,34.12,14.88
1134,5.184470594125643,4,8.33,5.29,16.86,8.83,5.37,14.47,4.52,13.93,16.72,32.63,14.82
1135,5.184470594125643,4,8.33,5.29,16.93,8.83,5.39,14.47,4.52,13.76,16.72,32.81,14.82
1136,5.184470594125643,4,8.36,5.29,16.86,8.86,5.37,14.47,4.54,13.93,16.72,32.81,14.7
1137,5.184470594125643,4,8.36,5.27,16.86,8.83,5.37,14.47,4.5,13.88,16.72,34.12,14.82
1138,5.184470594125643,4,8.33,5.29,16.86,8.86,5.37,14.47,4.52,13.99,16.72,32.09,14.88
1139,5.184470594125643,4,8.33,5.29,16.86,8.86,5.37,14.53,4.52,14.05,16.72,32.63,14.88
1140,5.184470594125643,4,8.36,5.29,16.86,8.86,5.39,14.47,4.52,14.16,16.72,32.81,14.94
1141,5.213297919138807,4,8.33,5.29,16.86,8.86,5.37,14.53,4.5,14.33,16.72,30.73,14.64
1142,5.213297919138807,4,8.29,5.29,16.86,8.86,5.37,14.53,4.52,14.05,16.72,32.81,14.7
1143,5.213297919138807,4,8.33,5.29,16.86,8.9,5.37,14.53,4.52,13.88,16.72,32.27,14.7
1144,5.213297919138807,4,8.33,5.29,16.86,8.86,5.37,14.47,4.52,14.1,16.72,34.91,14.58
1145,5.213297919138807,4,8.33,5.29,16.86,8.9,5.37,14.47,4.52,14.51,16.72,33.93,14.64
1146,5.213297919138807,4,8.33,5.29,16.86,8.9,5.37,14.47,4.54,14.28,16.72,32.63,14.58
1147,5.213297919138807,4,8.33,5.29,16.86,8.9,5.41,14.47,4.52,13.82,16.72,32.99,14.7
1148,5.213297919138807,4,8.33,5.32,16.86,8.9,5.39,14.47,4.54,13.99,16.72,32.45,14.7
1149,5.213297919138807,4,8.33,5.32,16.86,8.9,5.39,14.47,4.54,13.76,16.72,31.92,14.7
1150,5.213297919138807,4,8.33,5.32,16.86,8.9,5.39,14.47,4.54,13.82,16.64,34.71,14.76
1151,5.213297919138807,4,8.29,5.32,16.86,8.9,5.39,14.53,4.54,13.88,16.72,32.63,14.64
1152,5.213297919138807,4,8.39,5.32,16.79,8.9,5.39,14.47,4.54,13.88,16.64,31.74,14.76
1153,5.213297919138807,4,8.33,5.29,16.79,8.9,5.39,14.47,4.52,13.88,16.64,31.06,14.64
1154,5.213297919138807,4,8.33,5.32,16.79,8.9,5.39,14.53,4.54,13.93,16.64,32.27,14.7
1155,5.213297919138807,4,8.33,5.32,16.86,8.9,5.39,14.53,4.54,13.93,16.64,30.73,14.64
1156,5.213297919138807,4,8.33,5.32,16.79,8.9,5.39,14.53,4.54,13.88,16.64,32.63,14.7
1157,5.213297919138807,4,8.39,5.32,16.79,8.93,5.39,14.53,4.52,13.93,16.72,32.63,14.58
1158,5.213297919138807,4,8.33,5.32,16.86,8.93,5.39,14.53,4.52,13.93,16.64,32.99,14.58
1159,5.213297919138807,4,8.39,5.32,16.79,8.93,5.39,14.53,4.54,13.93,16.64,34.91,14.76
1160,5.213297919138807,4,8.33,5.34,16.86,8.9,5.39,14.53,4.52,13.93,16.64,32.27,14.7
1161,5.213297919138807,4,8.33,5.34,16.86,8.93,5.39,14.53,4.54,13.88,16.64,32.63,14.58
1162,5.213297919138807,4,8.33,5.32,16.79,8.93,5.39,14.53,4.54,13.93,16.64,32.99,14.82
1163,5.213297919138807,4,8.36,5.32,16.79,8.93,5.39,14.53,4.54,13.93,16.72,32.63,14.88
1164,5.213297919138807,4,8.33,5.32,16.79,8.93,5.39,14.59,4.54,13.88,16.64,31.92,14.76
1165,5.213297919138807,4,8.33,5.32,16.79,8.93,5.39,14.53,4.54,13.88,16.64,33.36,14.82
1166,5.213297919138807,4,8.36,5.32,16.79,8.9,5.39,14.53,4.54,13.93,16.64,32.81,14.82
1167,5.213297919138807,4,8.39,5.32,16.79,8.93,5.39,14.53,4.54,14.39,16.64,32.63,14.82
1168,5.213297919138807,4,8.33,5.34,16.79,8.93,5.41,14.59,4.56,13.93,16.64,32.45,14.82
1169,5.213297919138807,4,8.33,5.34,16.86,8.93,5.39,14.59,4.52,13.99,16.64,31.4,14.82
1170,5.213297919138807,4,8.36,5.34,16.86,8.97,5.41,14.59,4.54,13.93,16.64,32.09,14.82
1171,5.213297919138807,4,8.33,5.34,16.79,8.97,5.41,14.59,4.54,15.89,16.64,32.81,14.7
1172,5.213297919138807,4,8.36,5.32,16.86,8.97,5.39,14.59,4.54,13.93,16.64,34.51,14.88
1173,5.213297919138807,4,8.36,5.32,16.79,8.97,5.41,14.59,4.54,13.71,16.64,32.45,14.88
1174,5.213297919138807,4,8.39,5.32,16.79,8.97,5.41,14.59,4.54,13.82,16.72,34.12,14.82
1175,5.213297919138807,4,8.36,5.32,16.79,8.97,5.41,14.59,4.52,13.88,16.64,32.63,14.94
1176,5.213297919138807,4,8.36,5.34,16.79,9,5.41,14.59,4.52,13.82,16.57,32.09,14.88
1177,5.213297919138807,4,8.42,5.32,16.79,8.97,5.39,14.59,4.54,13.82,16.64,33.74,14.7
1178,5.213297919138807,4,8.39,5.32,16.79,8.97,5.39,14.59,4.54,13.82,16.57,31.74,14.64
1179,5.213297919138807,4,8.29,5.32,16.79,8.97,5.39,14.53,4.54,13.82,16.64,31.4,14.7
1180,5.213297919138807,4,8.33,5.34,16.79,8.97,5.41,14.59,4.54,14.05,16.64,32.81,14.58
1181,5.213297919138807,4,8.29,5.32,16.79,8.97,5.39,14.59,4.54,13.82,16.64,34.51,14.76
1182,5.213297919138807,4,8.29,5.32,16.79,9,5.41,14.59,4.54,13.71,16.64,32.99,14.76
1183,5.213297919138807,4,8.33,5.34,16.79,8.97,5.41,14.59,4.56,13.82,16.64,32.63,14.46
1184,5.213297919138807,4,8.29,5.32,16.79,8.97,5.39,14.59,4.54,13.76,16.57,33.36,14.64
1185,5.213297919138807,4,8.29,5.32,16.79,8.97,5.39,14.59,4.54,13.71,16.57,33.17,14.76
1186,5.213297919138807,4,8.29,5.34,16.79,8.97,5.39,14.59,4.56,13.82,16.57,32.81,14.76
1187,5.213297919138807,4,8.33,5.32,16.79,8.93,5.39,14.59,4.56,13.71,16.34,32.81,14.76
1188,5.213297919138807,4,8.29,5.32,16.79,8.97,5.39,14.59,4.56,13.76,16.42,32.27,14.76
1189,5.213297919138807,4,8.29,5.32,16.79,8.93,5.41,14.59,4.54,13.65,16.34,32.81,14.76
1190,5.213297919138807,4,8.29,5.32,16.79,8.97,5.39,14.59,4.48,13.76,16.42,32.99,14.64
1191,5.213297919138807,4,8.29,5.32,16.79,8.97,5.41,14.59,4.52,13.65,15.7,33.36,14.64
1192,5.213297919138807,4,8.29,5.34,16.79,8.97,5.39,14.59,4.54,13.88,16.27,32.09,14.7
1193,5.213297919138807,4,8.29,5.34,16.79,8.97,5.39,14.59,4.54,13.76,16.42,32.09,14.7
1194,5.213297919138807,4,8.29,5.32,16.72,8.97,5.39,14.59,4.54,13.76,16.2,33.17,14.7
1195,5.213297919138807,4,8.33,5.34,16.79,8.97,5.41,14.59,4.56,13.82,16.2,32.45,14.7
1196,5.213297919138807,4,8.36,5.32,16.79,8.97,5.39,14.59,4.54,13.76,16.2,33.17,14.46
1197,5.213297919138807,4,8.33,5.32,16.79,8.97,5.39,14.59,4.56,13.6,16.2,32.99,14.76
1198,5.213297919138807,4,8.26,5.32,16.72,8.97,5.39,14.59,4.54,13.71,16.12,32.99,14.58
1199,5.213297919138807,4,8.26,5.34,16.79,8.97,5.41,14.59,4.56,13.76,16.2,33.17,14.52
1200,5.213297919138807,4,8.29,5.34,16.79,8.97,5.41,14.59,4.56,13.71,16.12,32.45,14.82
1201,5.2269148542287835,4,8.33,5.34,16.72,8.97,5.41,14.59,4.56,13.71,16.57,32.63,14.82
1202,5.2269148542287835,4,8.33,5.36,16.72,8.97,5.44,14.59,4.58,15.96,16.34,33.17,14.82
1203,5.2269148542287835,4,8.33,5.34,16.72,8.97,5.39,14.59,4.56,13.93,16.2,32.63,14.64
1204,5.2269148542287835,4,8.36,5.36,16.72,9.04,5.44,14.59,4.58,16.02,15.91,34.12,14.7
1205,5.2269148542287835,4,8.29,5.32,16.79,8.97,5.39,14.59,4.56,13.71,15.98,32.45,14.76
1206,5.2269148542287835,4,8.33,5.34,16.72,9.04,5.39,14.59,4.56,13.65,15.91,33.17,14.88
1207,5.2269148542287835,4,8.33,5.34,16.79,8.97,5.44,14.65,4.56,13.54,15.91,32.99,14.94
1208,5.2269148542287835,4,8.33,5.34,16.79,8.97,5.41,14.65,4.58,13.71,16.2,34.12,14.88
1209,5.2269148542287835,4,8.33,5.34,16.79,9.04,5.39,14.65,4.56,13.65,15.91,34.12,14.7
1210,5.2269148542287835,4,8.33,5.34,16.79,9,5.41,14.65,4.58,13.71,15.91,32.63,14.76
1211,5.2269148542287835,4,8.42,5.36,16.72,9.04,5.41,14.65,4.58,13.71,15.91,32.45,14.82
1212,5.2269148542287835,4,8.39,5.34,16.72,9.04,5.41,14.59,4.56,13.65,15.84,33.17,14.58
1213,5.2269148542287835,4,8.36,5.34,16.79,9.04,5.41,14.65,4.56,13.49,16.57,33.74,14.76
1214,5.2269148542287835,4,8.33,5.34,16.72,9.04,5.41,14.65,4.56,13.65,16.27,32.99,13.5
1215,5.2269148542287835,4,8.36,5.34,16.72,9.04,5.41,14.65,4.56,13.6,15.84,33.17,13.78
1216,5.2269148542287835,4,8.42,5.34,16.72,9,5.41,14.65,4.54,13.71,15.91,35.93,14.17
1217,5.2269148542287835,4,8.42,5.36,16.72,9.04,5.41,14.71,4.56,13.99,15.91,33.17,14.4
1218,5.2269148542287835,4,8.39,5.36,16.79,9.04,5.44,14.65,4.6,13.76,16.12,32.27,14.7
1219,5.2269148542287835,4,8.36,5.34,16.72,9.07,5.44,14.65,4.56,13.65,16.27,33.36,14.7
1220,5.2269148542287835,4,8.36,5.36,16.72,9.11,5.44,14.71,4.56,13.71,15.77,32.27,14.82
1221,5.2269148542287835,4,8.36,5.36,16.72,9.07,5.44,14.71,4.56,13.71,15.77,31.57,14.94
1222,5.2269148542287835,4,8.36,5.36,16.72,9.11,5.44,14.71,4.58,13.71,15.77,32.27,14.82
1223,5.2269148542287835,4,8.36,5.36,16.72,9.11,5.41,14.71,4.6,13.71,15.77,32.99,14.82
1224,5.2269148542287835,4,8.36,5.36,16.72,9.11,5.44,14.71,4.58,13.76,15.77,32.09,14.64
1225,5.2269148542287835,4,8.33,5.36,16.72,9.11,5.44,14.71,4.58,13.71,15.77,32.81,14.82
1226,5.2269148542287835,4,8.03,5.34,16.72,9.11,5.41,14.71,4.54,13.65,15.77,33.17,14.94
1227,5.2269148542287835,4,8.36,5.36,16.72,9.11,5.41,14.71,4.56,13.65,15.77,33.93,14.82
1228,5.2269148542287835,4,8.36,5.36,16.72,9.11,5.41,14.71,4.56,13.76,15.77,32.63,14.94
1229,5.2269148542287835,4,8.36,5.36,16.72,9.11,5.44,14.71,4.58,13.71,15.84,32.27,14.82
1230,5.2269148542287835,4,8.39,5.36,16.72,9.11,5.44,14.71,4.58,13.6,15.7,32.45,15
1231,5.2269148542287835,4,8.42,5.36,16.72,9.11,5.44,14.71,4.6,13.65,15.77,34.51,14.94
1232,5.2269148542287835,4,8.36,5.36,16.72,9.11,5.41,14.71,4.56,13.65,15.7,34.31,14.82
1233,5.2269148542287835,4,8.33,5.34,16.65,9.11,5.39,14.71,4.54,13.71,15.7,32.81,14.88
1234,5.2269148542287835,4,8.36,5.36,16.72,9.11,5.41,14.71,4.56,13.71,15.7,32.45,14.76
1235,5.2269148542287835,4,8.33,5.34,16.65,9.11,5.41,14.65,4.56,13.71,15.63,32.99,14.76
1236,5.2269148542287835,4,8.33,5.36,16.65,9.11,5.41,14.71,4.6,13.71,16.42,32.63,14.82
1237,5.2269148542287835,4,8.36,5.36,16.65,9.11,5.41,14.71,4.58,13.76,16.72,32.09,14.82
1238,5.2269148542287835,4,8.36,5.36,16.65,9.14,5.41,14.71,4.56,13.76,16.49,32.45,14.7
1239,5.2269148542287835,4,8.36,5.36,16.65,9.14,5.41,14.71,4.56,13.76,16.49,31.57,14.94
1240,5.2269148542287835,4,8.26,5.36,16.65,9.11,5.41,14.71,4.54,13.71,16.42,32.09,14.94
1241,5.2269148542287835,4,8.36,5.36,16.65,9.11,5.41,14.71,4.56,13.65,16.34,32.63,14.88
1242,5.2269148542287835,4,8.36,5.36,16.72,9.11,5.41,14.71,4.56,13.65,16.34,32.45,14.94
1243,5.2269148542287835,4,8.33,5.38,16.65,9.14,5.44,14.71,4.58,15.44,16.34,32.27,14.76
1244,5.2269148542287835,4,8.36,5.38,16.65,9.14,5.44,14.71,4.58,15.89,16.27,31.4,14.94
1245,5.2269148542287835,4,8.33,5.36,16.65,9.11,5.41,14.71,4.56,13.71,16.34,33.74,14.82
1246,5.2269148542287835,4,8.36,5.36,16.65,9.11,5.44,14.71,4.56,13.54,16.27,31.74,14.94
1247,5.2269148542287835,4,8.36,5.36,16.65,9.14,5.44,14.71,4.56,13.6,16.34,32.81,14.88
1248,5.2269148542287835,4,9.55,5.38,16.65,9.14,5.44,14.71,4.56,13.82,16.27,32.81,14.94
1249,5.2269148542287835,4,8.52,5.36,16.58,9.11,5.44,14.71,4.48,13.99,16.27,31.92,14.88
1250,5.2269148542287835,4,8.59,5.36,16.65,9.14,5.44,14.71,4.52,13.76,16.27,32.63,14.88
1251,5.2269148542287835,4,8.49,5.36,16.65,9.11,5.44,14.71,4.54,13.71,16.27,32.09,14.88
1252,5.2269148542287835,4,8.46,5.36,16.72,9.14,5.46,14.71,4.54,13.71,16.27,31.74,14.76
1253,5.2269148542287835,4,8.42,5.36,16.65,9.14,5.44,14.71,4.56,13.65,16.27,32.81,14.82
1254,5.2269148542287835,4,8.69,5.34,16.65,9.14,5.41,14.71,4.54,13.76,16.27,33.55,14.88
1255,5.2269148542287835,4,8.52,5.36,16.65,9.14,5.41,14.71,4.54,13.71,16.2,32.81,14.82
1256,5.2269148542287835,4,8.49,5.36,16.65,9.14,5.41,14.71,4.56,13.65,16.2,32.63,14.82
1257,5.2269148542287835,4,8.66,5.34,16.65,9.14,5.41,14.71,4.54,13.71,16.2,32.45,14.76
1258,5.2269148542287835,4,8.73,5.34,16.65,9.11,5.41,14.71,4.54,13.65,16.2,33.93,14.76
1259,5.2269148542287835,4,8.56,5.32,16.58,9.11,5.39,14.71,4.5,13.71,16.2,31.57,14.7
1260,5.2269148542287835,4,8.56,5.34,16.58,9.14,5.39,14.71,4.52,13.71,16.12,31.74,14.58
1261,5.2316693607181595,4,8.56,5.34,16.58,9.14,5.39,14.71,4.52,13.71,16.12,32.45,14.23
1262,5.2316693607181595,4,8.59,5.32,16.65,9.11,5.39,14.71,4.52,13.71,16.2,31.92,13.45
1263,5.2316693607181595,4,8.59,5.32,16.65,9.14,5.39,14.71,4.54,14.05,16.05,31.57,13.5
1264,5.2316693607181595,4,8.52,5.32,16.65,9.11,5.39,14.71,4.52,13.54,16.2,32.63,13.94
1265,5.2316693607181595,4,8.63,5.32,16.58,9.14,5.39,14.65,4.52,13.76,16.12,34.91,13.61
1266,5.2316693607181595,4,8.52,5.32,16.58,9.11,5.39,14.65,4.52,13.6,16.05,32.09,13.67
1267,5.2316693607181595,4,8.42,5.34,16.65,9.14,5.39,14.71,4.54,13.54,16.05,32.45,13.67
1268,5.2316693607181595,4,8.42,5.32,16.58,9.14,5.39,14.77,4.52,13.88,16.05,32.81,13.67
1269,5.2316693607181595,4,8.42,5.34,16.65,9.14,5.39,14.71,4.54,13.6,16.05,32.63,13.67
1270,5.2316693607181595,4,8.42,5.32,16.58,9.14,5.39,14.71,4.54,13.65,16.05,32.45,13.72
1271,5.2316693607181595,4,8.49,5.34,16.58,9.14,5.39,14.71,4.54,13.6,16.05,31.92,13.67
1272,5.2316693607181595,4,8.46,5.32,16.58,9.14,5.37,14.71,4.52,13.6,16.12,33.55,13.67
1273,5.2316693607181595,4,8.49,5.32,16.58,9.14,5.37,14.71,4.52,13.65,16.05,33.17,15.12
1274,5.2316693607181595,4,8.69,5.32,16.58,9.14,5.37,14.71,4.52,13.71,16.12,33.17,13.61
1275,5.2316693607181595,4,8.63,5.32,16.58,9.14,5.39,14.71,4.48,13.71,16.12,32.45,15.12
1276,5.2316693607181595,4,8.56,5.32,16.58,9.14,5.39,14.71,4.5,13.71,16.12,32.81,13.67
1277,5.2316693607181595,4,8.56,5.32,16.58,9.14,5.39,14.71,4.52,13.71,16.12,32.27,13.72
1278,5.2316693607181595,4,8.66,5.32,16.58,9.18,5.39,14.71,4.52,13.71,16.12,33.17,13.67
1279,5.2316693607181595,4,8.73,5.32,16.58,9.18,5.39,14.71,4.52,14.05,16.12,31.92,13.67
1280,5.2316693607181595,4,8.59,5.34,16.58,9.18,5.39,14.71,4.52,14.22,16.05,32.45,15
1281,5.2316693607181595,4,8.69,5.34,16.58,9.18,5.41,14.71,4.52,13.99,16.12,32.09,13.61
1282,5.2316693607181595,4,8.63,5.34,16.58,9.18,5.41,14.71,4.54,13.93,16.12,31.92,13.67
1283,5.2316693607181595,4,8.69,5.34,16.58,9.18,5.41,14.71,4.54,13.88,16.12,33.17,13.61
1284,5.2316693607181595,4,8.56,5.34,16.58,9.18,5.41,14.71,4.52,13.71,16.12,31.4,14.82
1285,5.2316693607181595,4,8.42,5.34,16.51,9.18,5.44,14.71,4.52,13.82,16.34,31.92,14.76
1286,5.2316693607181595,4,8.46,5.32,16.58,9.18,5.39,14.71,4.56,13.99,16.34,31.57,13.61
1287,5.2316693607181595,4,8.42,5.32,16.58,9.18,5.39,14.71,4.52,13.76,16.34,33.74,14.76
1288,5.2316693607181595,4,8.42,5.32,16.58,9.18,5.39,14.71,4.48,13.88,16.34,35.93,13.61
1289,5.2316693607181595,4,8.46,5.32,16.58,9.18,5.39,14.71,4.5,13.88,16.27,32.09,13.67
1290,5.2316693607181595,4,8.49,5.32,16.58,9.18,5.39,14.71,4.5,13.99,16.27,32.09,13.61
1291,5.2316693607181595,4,8.46,5.32,16.58,9.18,5.39,14.71,4.52,13.88,16.34,31.92,13.67
1292,5.2316693607181595,4,8.49,5.32,16.58,9.22,5.41,14.71,4.52,13.88,16.27,32.27,14.06
1293,5.2316693607181595,4,8.49,5.32,16.58,9.22,5.41,14.77,4.52,13.82,16.05,32.99,13.72
1294,5.2316693607181595,4,8.52,5.32,16.58,9.18,5.39,14.77,4.52,13.82,16.12,32.99,14.11
1295,5.2316693607181595,4,8.49,5.34,16.58,9.22,5.41,14.77,4.48,13.93,16.12,32.09,13.67
1296,5.2316693607181595,4,8.49,5.34,16.58,9.22,5.41,14.77,4.5,13.88,16.12,32.09,13.72
1297,5.2316693607181595,4,8.49,5.34,16.58,9.25,5.41,14.77,4.52,13.93,16.12,33.36,14.17
1298,5.2316693607181595,4,8.49,5.36,16.65,9.25,5.44,14.83,4.54,13.93,16.12,32.27,15.06
1299,5.2316693607181595,4,8.49,5.34,16.72,9.25,5.41,14.83,4.52,13.88,16.2,32.27,13.78
1300,5.2316693607181595,4,8.56,5.36,16.65,9.25,5.44,14.83,4.54,13.88,16.12,32.81,14.29
1301,5.2316693607181595,4,8.59,5.36,16.65,9.32,5.44,14.83,4.54,13.99,16.12,32.99,14.4
1302,5.2316693607181595,4,8.59,5.36,16.65,9.29,5.44,14.83,4.54,13.76,16.12,32.99,14.58
1303,5.2316693607181595,4,8.69,5.36,16.65,9.25,5.44,14.83,4.56,13.88,16.2,32.45,13.78
1304,5.2316693607181595,4,8.59,5.38,16.72,9.29,5.46,14.89,4.58,13.88,16.12,32.27,13.83
1305,5.2316693607181595,4,8.56,5.38,16.65,9.32,5.46,14.89,4.56,13.88,16.12,32.63,15.06
1306,5.2316693607181595,4,8.49,5.34,16.65,9.25,5.44,14.83,4.54,13.82,16.12,33.17,13.78
1307,5.2316693607181595,4,8.56,5.34,16.65,9.29,5.44,14.83,4.56,13.82,16.12,32.63,13.83
1308,5.2316693607181595,4,8.52,5.34,16.65,9.29,5.44,14.83,4.54,14.16,16.05,32.27,13.83
1309,5.2316693607181595,4,8.52,5.36,16.65,9.29,5.46,14.83,4.56,13.82,16.2,31.06,13.83
1310,5.2316693607181595,4,8.56,5.34,16.65,9.29,5.44,14.83,4.54,13.82,16.12,32.27,13.83
1311,5.2316693607181595,4,8.59,5.36,16.65,9.29,5.46,14.89,4.54,13.88,16.2,32.45,14.88
1312,5.2316693607181595,4,8.56,5.34,16.65,9.29,5.44,14.83,4.54,13.88,16.12,32.81,13.78
1313,5.2316693607181595,4,8.49,5.34,16.65,9.29,5.46,14.89,4.54,13.88,16.12,32.63,13.83
1314,5.2316693607181595,4,8.49,5.34,16.72,9.32,5.44,14.89,4.54,14.1,16.2,32.27,13.78
1315,5.2316693607181595,4,8.49,5.34,16.65,9.29,5.46,14.89,4.54,13.82,16.12,32.81,13.83
1316,5.2316693607181595,4,8.49,5.36,16.65,9.32,5.46,14.89,4.29,14.05,16.12,32.27,13.83
1317,5.2316693607181595,4,8.49,5.34,16.72,9.32,5.46,14.89,4.29,14.93,16.2,32.45,13.89
1318,5.2316693607181595,4,8.49,5.34,16.72,9.29,5.46,14.89,4.35,14.87,16.2,32.63,14.06
1319,5.2316693607181595,4,8.46,5.32,16.79,9.32,5.46,14.89,4.41,14.22,16.2,32.27,13.89
1320,5.2316693607181595,4,8.49,5.34,16.79,9.32,5.46,14.89,4.43,14.33,16.57,36.78,13.89
1321,5.239673136999486,4,8.49,5.34,16.79,9.32,5.46,14.89,4.46,14.28,16.87,32.45,13.89
1322,5.239673136999486,4,8.49,5.32,16.79,9.29,5.48,14.83,4.44,14.28,16.49,32.81,13.83
1323,5.239673136999486,4,8.49,5.34,16.86,9.32,5.51,14.89,4.48,14.28,16.34,32.45,13.83
1324,5.239673136999486,4,8.49,5.34,16.93,9.32,5.46,14.89,4.48,13.99,16.42,32.81,13.89
1325,5.239673136999486,4,8.46,5.34,16.79,9.36,5.46,14.89,4.5,14.1,16.34,32.81,13.89
1326,5.239673136999486,4,8.49,5.34,16.79,9.32,5.46,14.89,4.5,14.1,16.49,32.63,13.83
1327,5.239673136999486,4,8.46,5.34,16.79,9.32,5.46,14.83,4.5,14.05,16.79,32.99,13.83
1328,5.239673136999486,4,8.46,5.32,16.79,9.32,5.44,14.83,4.48,14.1,16.2,32.99,15.12
1329,5.239673136999486,4,8.46,5.32,16.93,9.32,5.44,14.83,4.48,14.1,16.27,31.06,13.78
1330,5.239673136999486,4,8.42,5.32,16.79,9.29,5.44,14.83,4.48,13.88,16.2,32.81,13.78
1331,5.239673136999486,4,8.46,5.29,16.79,9.29,5.44,14.83,4.48,14.22,16.2,31.92,13.78
1332,5.239673136999486,4,8.46,5.32,16.79,9.32,5.39,14.83,4.48,13.99,16.34,31.57,13.78
1333,5.239673136999486,4,8.46,5.29,16.72,9.29,5.39,14.83,4.48,13.88,16.27,32.63,13.83
1334,5.239673136999486,4,8.46,5.32,16.72,9.32,5.41,14.83,4.48,13.99,16.12,32.09,13.78
1335,5.239673136999486,4,8.46,5.32,16.79,9.32,5.41,14.83,4.48,14.05,16.2,32.09,13.83
1336,5.239673136999486,4,8.46,5.29,16.72,9.29,5.44,14.83,4.48,13.88,16.12,32.09,13.78
1337,5.239673136999486,4,8.46,5.27,16.79,9.29,5.39,14.83,4.46,13.93,16.2,35.93,13.78
1338,5.239673136999486,4,8.29,5.29,16.79,9.32,5.41,14.83,4.48,13.99,16.49,33.17,13.83
1339,5.239673136999486,4,8.49,5.32,16.79,9.32,5.44,14.89,4.5,13.99,15.91,32.63,15.12
1340,5.239673136999486,4,8.49,5.32,16.79,9.32,5.44,14.89,4.5,13.93,16.12,33.17,14.64
1341,5.239673136999486,4,8.52,5.32,16.79,9.36,5.44,14.89,4.5,13.93,16.2,32.99,14.82
1342,5.239673136999486,4,8.56,5.34,16.79,9.36,5.46,14.89,4.5,13.93,16.2,32.45,13.83
1343,5.239673136999486,4,8.52,5.34,16.79,9.36,5.46,14.89,4.5,13.93,16.2,32.63,13.83
1344,5.239673136999486,4,8.46,5.34,16.79,9.36,5.46,14.89,4.5,13.93,16.05,32.99,15.43
1345,5.239673136999486,4,8.33,5.34,16.93,9.36,5.46,14.89,4.5,13.93,16.05,32.81,15.12
1346,5.239673136999486,4,8.46,5.32,16.79,9.36,5.46,14.89,4.5,13.93,16.05,32.09,13.83
1347,5.239673136999486,4,8.46,5.34,16.79,9.36,5.46,14.89,4.5,13.93,15.98,31.74,13.83
1348,5.239673136999486,4,8.49,5.34,16.79,9.4,5.46,14.89,4.54,13.93,16.27,32.81,13.83
1349,5.239673136999486,4,8.52,5.34,16.79,9.36,5.46,14.89,4.48,13.99,16.05,32.81,13.94
1350,5.239673136999486,4,8.56,5.34,16.79,9.4,5.46,14.95,4.5,13.99,16.12,31.06,13.94
1351,5.239673136999486,4,8.42,5.34,16.79,9.4,5.46,14.89,4.5,14.1,15.84,33.36,15.56
1352,5.239673136999486,4,8.46,5.34,16.79,9.4,5.48,14.95,4.52,13.99,15.98,32.63,15.43
1353,5.239673136999486,4,8.42,5.34,16.79,9.4,5.48,14.95,4.5,13.93,15.84,32.81,15.5
1354,5.239673136999486,4,8.42,5.34,16.79,9.4,5.46,14.89,4.5,14.1,15.91,33.36,15.43
1355,5.239673136999486,4,8.42,5.34,16.79,9.4,5.46,14.95,4.52,13.99,15.91,32.63,14.76
1356,5.239673136999486,4,8.39,5.34,16.86,9.4,5.46,14.95,4.5,13.93,15.98,32.99,14.64
1357,5.239673136999486,4,8.42,5.34,16.79,9.4,5.46,14.89,4.5,13.99,15.98,33.17,14.82
1358,5.239673136999486,4,8.42,5.34,16.79,9.4,5.46,14.89,4.52,13.93,15.98,32.45,15.18
1359,5.239673136999486,4,8.46,5.34,16.79,9.4,5.46,14.95,4.5,13.93,15.98,31.74,14.94
1360,5.239673136999486,4,8.39,5.32,16.79,9.4,5.46,14.89,4.5,13.93,15.91,32.63,15.25
1361,5.239673136999486,4,8.42,5.34,16.79,9.4,5.48,14.95,4.52,13.99,15.98,32.45,15.43
1362,5.239673136999486,4,8.39,5.34,16.86,9.47,5.48,14.95,4.52,13.93,15.91,31.92,14.88
1363,5.239673136999486,4,8.42,5.34,16.86,9.43,5.48,14.95,4.52,13.99,15.98,31.74,14.76
1364,5.239673136999486,4,8.39,5.34,16.86,9.4,5.46,14.89,4.5,13.93,15.98,32.09,14.58
1365,5.239673136999486,4,8.39,5.34,16.86,9.43,5.46,14.95,4.5,13.88,15.98,32.45,13.78
1366,5.239673136999486,4,8.36,5.34,16.86,9.43,5.55,14.95,4.5,13.93,15.98,34.12,14.34
1367,5.239673136999486,4,8.42,5.34,16.86,9.4,5.53,14.95,4.52,13.93,15.98,33.74,14.34
1368,5.239673136999486,4,8.42,5.34,16.86,9.43,5.53,14.95,4.52,13.88,15.98,32.99,13.83
1369,5.239673136999486,4,8.42,5.34,16.86,9.51,5.53,14.95,4.52,13.93,15.98,32.81,13.83
1370,5.239673136999486,4,8.39,5.34,16.86,9.43,5.53,14.95,4.52,14.16,15.91,31.92,14.34
1371,5.239673136999486,4,8.42,5.34,16.86,9.43,5.53,14.95,4.5,14.05,15.91,33.93,13.83
1372,5.239673136999486,4,8.42,5.34,16.86,9.43,5.53,14.95,4.52,13.93,15.91,32.27,13.83
1373,5.239673136999486,4,8.42,5.36,16.86,9.47,5.55,14.95,4.52,13.93,15.98,32.81,14.88
1374,5.239673136999486,4,8.42,5.34,16.86,9.43,5.51,14.95,4.5,13.93,15.98,33.55,14.52
1375,5.239673136999486,4,8.39,5.34,16.86,9.43,5.53,14.95,4.5,13.99,15.91,34.12,13.78
1376,5.239673136999486,4,8.42,5.34,16.86,9.43,5.53,14.95,4.5,13.99,15.98,32.27,13.83
1377,5.239673136999486,4,8.39,5.32,16.86,9.43,5.51,14.89,4.5,13.93,15.98,33.36,13.78
1378,5.239673136999486,4,8.42,5.36,16.86,9.47,5.53,14.95,4.52,13.93,15.98,30.73,14.58
1379,5.239673136999486,4,8.39,5.36,16.86,9.47,5.55,14.95,4.54,13.76,15.91,32.45,15.25
1380,5.239673136999486,4,8.39,5.32,16.86,9.4,5.51,14.95,4.5,13.88,15.91,32.27,13.83
1381,5.257494181321206,4,8.36,5.32,16.86,9.43,5.51,14.89,4.48,13.93,15.91,32.99,13.89
1382,5.257494181321206,4,8.39,5.32,16.93,9.43,5.51,14.95,4.5,13.88,15.91,33.17,14.82
1383,5.257494181321206,4,8.39,5.32,16.93,9.43,5.48,14.89,4.5,13.88,15.98,32.99,13.78
1384,5.257494181321206,4,8.39,5.32,16.86,9.43,5.53,14.95,4.48,13.71,15.98,32.27,13.83
1385,5.257494181321206,4,8.39,5.32,16.86,9.43,5.51,14.95,4.5,13.88,15.98,32.63,15.18
1386,5.257494181321206,4,8.42,5.32,16.86,9.47,5.51,14.95,4.5,13.93,15.98,32.45,15.06
1387,5.257494181321206,4,8.42,5.32,16.86,9.43,5.51,14.89,4.5,13.88,15.98,32.27,13.78
1388,5.257494181321206,4,8.42,5.32,16.86,9.43,5.53,14.95,4.5,13.93,15.98,34.12,13.72
1389,5.257494181321206,4,8.39,5.29,16.86,9.43,5.51,14.95,4.54,13.88,15.98,33.55,15.18
1390,5.257494181321206,4,8.39,5.32,16.93,9.43,5.51,15.02,4.5,13.99,15.98,32.63,13.83
1391,5.257494181321206,4,8.42,5.32,17,9.43,5.53,14.89,4.5,13.93,16.05,34.71,14.34
1392,5.257494181321206,4,8.39,5.32,16.93,9.47,5.48,14.89,4.5,14.05,15.98,32.63,13.83
1393,5.257494181321206,4,8.39,5.32,16.93,9.47,5.51,14.89,4.37,14.39,15.98,33.36,15.06
1394,5.257494181321206,4,8.42,5.32,16.93,9.47,5.51,14.89,4.39,14.33,15.98,31.92,13.78
1395,5.257494181321206,4,8.42,5.32,17,9.47,5.51,14.89,4.41,14.93,16.05,32.99,14.58
1396,5.257494181321206,4,8.39,5.32,17,9.47,5.51,15.02,4.44,14.28,15.98,32.09,15.82
1397,5.257494181321206,4,8.39,5.32,17,9.47,5.51,14.83,4.44,14.16,15.98,33.55,15.37
1398,5.257494181321206,4,8.46,5.32,17,9.47,5.51,14.83,4.46,14.22,15.98,32.81,15.31
1399,5.257494181321206,4,8.46,5.32,17,9.47,5.51,14.89,4.46,14.22,15.98,30.73,15.18
1400,5.257494181321206,4,8.46,5.32,17,9.51,5.53,14.89,4.48,14.22,15.98,32.27,15.25
1401,5.257494181321206,4,8.46,5.32,17,9.51,5.51,15.02,4.48,14.16,15.98,32.27,15.31
1402,5.257494181321206,4,8.46,5.32,17,9.51,5.53,14.89,4.48,14.22,15.98,31.57,15.12
1403,5.257494181321206,4,8.46,5.32,17,9.51,5.51,14.89,4.48,14.22,15.98,31.92,14.88
1404,5.257494181321206,4,8.49,5.32,17.07,9.51,5.55,14.89,4.48,14.16,16.05,33.36,15.25
1405,5.257494181321206,4,8.46,5.32,17.07,9.55,5.53,14.89,4.5,14.28,16.05,32.45,13.61
1406,5.257494181321206,4,8.46,5.32,17.07,9.51,5.53,14.89,4.48,14.28,16.05,34.12,15.12
1407,5.257494181321206,4,8.49,5.32,17.07,9.55,5.51,14.89,4.48,14.28,16.05,33.93,13.72
1408,5.257494181321206,4,8.46,5.32,17.07,9.51,5.53,14.95,4.5,14.22,15.98,34.71,15.25
1409,5.257494181321206,4,8.46,5.32,17.07,9.51,5.51,14.89,4.48,14.05,15.98,33.17,15.25
1410,5.257494181321206,4,8.46,5.32,17.07,9.51,5.53,14.95,4.48,14.1,15.98,32.99,15.5
1411,5.257494181321206,4,8.46,5.32,17.07,9.51,5.51,14.89,4.48,14.16,15.98,32.27,13.78
1412,5.257494181321206,4,8.46,5.32,17.07,9.51,5.51,14.89,4.48,14.16,16.05,32.99,13.72
1413,5.257494181321206,4,8.46,5.32,17.07,9.51,5.53,14.95,4.48,14.1,15.98,32.99,14.88
1414,5.257494181321206,4,8.46,5.32,17.07,9.51,5.51,14.95,4.5,14.39,15.98,32.99,13.72
1415,5.257494181321206,4,8.46,5.32,17.07,9.51,5.51,14.95,4.48,14.16,15.98,32.99,13.72
1416,5.257494181321206,4,8.49,5.32,17.07,9.55,5.51,15.02,4.48,14.16,15.98,35.51,13.78
1417,5.257494181321206,4,8.52,5.29,17.07,9.51,5.51,14.95,4.46,14.16,15.98,33.55,14.94
1418,5.257494181321206,4,8.46,5.32,17.07,9.55,5.51,15.02,4.48,14.22,15.98,33.74,13.72
1419,5.257494181321206,4,8.46,5.34,17.07,9.55,5.53,15.02,4.5,14.22,15.98,32.99,13.83
1420,5.257494181321206,4,8.52,5.34,17.14,9.58,5.53,15.02,4.5,14.22,15.98,32.09,13.78
1421,5.257494181321206,4,8.52,5.32,17.14,9.55,5.58,15.02,4.5,14.22,15.98,32.99,13.83
1422,5.257494181321206,4,8.46,5.34,17.14,9.58,5.55,15.02,4.5,14.22,15.98,31.92,15.5
1423,5.257494181321206,4,8.42,5.34,17.14,9.58,5.55,15.02,4.5,14.22,15.98,33.55,14.17
1424,5.257494181321206,4,8.39,5.32,17.14,9.55,5.53,15.02,4.5,14.22,15.98,32.81,14.17
1425,5.257494181321206,4,8.39,5.32,17.14,9.58,5.53,15.02,4.5,14.63,15.98,33.55,14.17
1426,5.257494181321206,4,8.39,5.29,17.14,9.58,5.53,15.08,4.5,14.28,15.98,33.55,14.29
1427,5.257494181321206,4,8.39,5.32,17.14,9.58,5.55,15.02,4.52,14.33,15.98,32.81,14.23
1428,5.257494181321206,4,8.39,5.32,17.14,9.58,5.55,15.02,4.5,14.33,16.42,33.55,15.18
1429,5.257494181321206,4,8.39,5.32,17.14,9.58,5.55,15.02,4.5,14.33,16.42,34.12,14.34
1430,5.257494181321206,4,8.39,5.32,17.14,9.58,5.53,15.02,4.5,14.33,16.42,33.36,14.29
1431,5.257494181321206,4,8.36,5.29,17.14,9.58,5.53,15.02,4.5,14.28,16.42,34.31,14.17
1432,5.257494181321206,4,8.39,5.32,17.14,9.58,5.55,15.02,4.5,14.28,16.34,32.99,14.29
1433,5.257494181321206,4,8.39,5.29,17.21,9.62,5.55,15.02,4.5,14.22,16.34,34.12,15.18
1434,5.257494181321206,4,8.39,5.29,17.21,9.62,5.55,15.02,4.5,14.28,16.42,31.57,14.23
1435,5.257494181321206,4,8.39,5.29,17.21,9.62,5.55,15.02,4.5,14.33,16.42,33.55,14.23
1436,5.257494181321206,4,8.36,5.32,17.29,9.62,5.53,15.02,4.5,14.45,16.42,33.74,14.23
1437,5.257494181321206,4,8.36,5.29,17.14,9.62,5.55,15.02,4.5,14.39,16.42,33.74,14.29
1438,5.257494181321206,4,8.36,5.32,17.21,9.62,5.55,15.02,4.5,14.22,16.42,33.36,14.23
1439,5.257494181321206,4,8.36,5.32,17.21,9.62,5.55,15.02,4.5,14.22,16.34,32.81,14.23
1440,5.257494181321206,4,8.39,5.29,17.14,9.62,5.55,15.02,4.5,14.22,16.27,36.35,14.46
1441,5.298932060627791,4,8.36,5.29,17.21,9.62,5.55,15.02,4.5,14.22,16.34,33.74,13.72
1442,5.298932060627791,4,8.46,5.32,17.21,9.66,5.55,15.02,4.5,14.33,16.34,32.81,14.29
1443,5.298932060627791,4,8.36,5.29,17.21,9.62,5.53,15.08,4.48,14.33,16.27,33.36,14.23
1444,5.298932060627791,4,8.36,5.29,17.21,9.62,5.53,15.02,4.48,14.33,16.34,33.93,14.17
1445,5.298932060627791,4,8.42,5.29,17.21,9.62,5.55,15.02,4.5,14.33,16.34,32.63,14.34
1446,5.298932060627791,4,8.36,5.29,17.21,9.62,5.53,15.02,4.48,14.57,16.27,32.45,15.43
1447,5.298932060627791,4,8.49,5.32,17.21,9.62,5.55,15.08,4.52,14.39,16.27,32.63,14.4
1448,5.298932060627791,4,8.46,5.29,17.21,9.62,5.53,15.08,4.5,14.28,16.27,33.55,13.72
1449,5.298932060627791,4,8.39,5.29,17.29,9.62,5.55,15.08,4.48,14.22,16.27,32.27,14.23
1450,5.298932060627791,4,8.36,5.29,17.29,9.62,5.53,15.14,4.5,14.16,15.98,34.12,14.29
1451,5.298932060627791,4,8.42,5.36,17.21,9.7,5.6,15.14,4.54,14.75,15.91,32.99,9.85
1452,5.298932060627791,4,8.42,5.34,17.21,9.7,5.6,15.14,4.52,14.16,16.27,36.14,9.93
1453,5.298932060627791,4,8.46,5.36,17.21,9.7,5.63,15.14,4.54,15.37,16.27,33.36,9.01
1454,5.298932060627791,4,8.49,5.34,17.21,9.7,5.6,15.14,4.54,14.22,16.27,33.74,9.66
1455,5.298932060627791,4,8.52,5.36,17.21,9.73,5.63,15.14,4.56,14.22,16.2,33.17,9.59
1456,5.298932060627791,4,8.52,5.36,17.29,9.7,5.63,15.14,4.54,14.45,16.27,32.63,9.48
1457,5.298932060627791,4,8.52,5.34,17.29,9.73,5.6,15.14,4.54,14.22,16.2,32.63,9.18
1458,5.298932060627791,4,8.49,5.34,17.29,9.73,5.63,15.14,4.54,14.28,16.27,33.17,9.89
1459,5.298932060627791,4,8.49,5.32,17.29,9.77,5.58,15.14,4.52,14.28,16.27,33.74,13.5
1460,5.298932060627791,4,8.46,5.32,17.36,9.73,5.6,15.14,4.52,14.28,16.27,34.12,14.11
1461,5.298932060627791,4,8.49,5.34,17.36,9.73,5.6,15.14,4.52,14.28,16.27,33.36,13.56
1462,5.298932060627791,4,8.39,5.27,17.29,9.66,5.55,15.08,4.5,14.39,16.2,33.55,13.56
1463,5.298932060627791,4,8.46,5.29,17.29,9.7,5.58,15.08,4.5,14.22,16.34,32.63,14.64
1464,5.298932060627791,4,8.42,5.27,17.29,9.66,5.55,15.08,4.48,14.22,16.2,33.74,13.5
1465,5.298932060627791,4,8.42,5.29,17.29,9.66,5.58,15.08,4.5,14.28,16.2,32.99,14.82
1466,5.298932060627791,4,8.39,5.27,17.29,9.66,5.55,15.08,4.46,14.22,16.2,32.63,13.4
1467,5.298932060627791,4,8.42,5.29,17.29,9.7,5.58,15.08,4.5,14.81,16.2,32.99,13.78
1468,5.298932060627791,4,8.42,5.27,17.29,9.66,5.58,15.02,4.48,14.22,16.27,34.51,13.94
1469,5.298932060627791,4,8.42,5.27,17.36,9.7,5.51,15.08,4.5,14.51,16.2,32.09,13.61
1470,5.298932060627791,4,8.42,5.27,17.36,9.66,5.44,15.02,4.48,14.28,16.27,35.31,13.78
1471,5.298932060627791,4,8.39,5.27,17.36,9.7,5.41,15.02,4.48,14.22,16.2,33.36,13.67
1472,5.298932060627791,4,8.42,5.27,17.36,9.66,5.44,15.02,4.48,14.87,16.2,34.31,15.06
1473,5.298932060627791,4,8.42,5.25,17.36,9.66,5.41,15.02,4.46,14.87,16.2,34.12,13.72
1474,5.298932060627791,4,8.39,5.25,17.36,9.66,5.46,15.02,4.46,14.33,16.27,33.55,13.67
1475,5.298932060627791,4,8.42,5.27,17.36,9.66,5.48,15.02,4.48,14.33,16.27,32.81,13.56
1476,5.298932060627791,4,8.42,5.27,17.36,9.7,5.48,15.02,4.48,14.28,15.91,33.55,13.78
1477,5.298932060627791,4,8.42,5.27,17.36,9.7,5.48,15.02,4.48,14.39,15.98,32.99,14.82
1478,5.298932060627791,4,8.42,5.27,17.36,9.7,5.51,15.02,4.48,14.28,15.98,32.63,14.76
1479,5.298932060627791,4,8.39,5.27,17.36,9.7,5.48,15.02,4.46,14.39,15.98,33.17,14.76
1480,5.298932060627791,4,8.39,5.27,17.36,9.66,5.51,15.02,4.48,14.39,15.91,34.12,14.58
1481,5.298932060627791,4,8.42,5.27,17.36,9.73,5.51,15.02,4.5,14.51,15.91,31.4,15.37
1482,5.298932060627791,4,8.42,5.27,17.43,9.73,5.51,15.02,4.48,14.39,15.91,33.36,15.88
1483,5.298932060627791,4,8.39,5.27,17.43,9.73,5.53,15.08,4.5,14.45,15.98,34.12,15.37
1484,5.298932060627791,4,8.42,5.29,17.36,9.73,5.53,15.02,4.5,14.39,15.98,33.55,15.43
1485,5.298932060627791,4,8.42,5.29,17.43,9.73,5.53,15.02,4.5,14.33,15.98,32.99,15.37
1486,5.298932060627791,4,8.42,5.29,17.43,9.73,5.53,15.02,4.39,14.57,15.98,35.51,15.62
1487,5.298932060627791,4,8.42,5.27,17.51,9.73,5.53,15.02,4.39,14.69,15.91,35.31,15.69
1488,5.298932060627791,4,8.39,5.27,17.43,9.73,5.51,15.02,4.41,14.69,15.91,32.99,14.46
1489,5.298932060627791,4,8.42,5.29,17.43,9.73,5.55,15.02,4.43,17.07,15.91,32.81,13.94
1490,5.298932060627791,4,8.39,5.27,17.43,9.73,5.53,14.95,4.44,14.87,15.91,32.45,15.5
1491,5.298932060627791,4,8.39,5.25,17.51,9.7,5.51,14.95,4.43,14.45,15.98,34.51,13.56
1492,5.298932060627791,4,8.36,5.25,17.43,9.7,5.48,14.95,4.43,14.45,15.91,33.36,15.18
1493,5.298932060627791,4,8.36,5.22,17.43,9.7,5.48,14.89,4.43,14.33,15.84,33.55,14.4
1494,5.298932060627791,4,8.36,5.22,17.43,9.7,5.51,14.89,4.43,14.45,15.91,32.63,13.5
1495,5.298932060627791,4,8.36,5.22,17.43,9.7,5.46,14.89,4.43,14.45,15.91,32.63,14.82
1496,5.298932060627791,4,8.39,5.22,17.51,9.7,5.48,14.95,4.43,14.45,15.91,33.36,14.29
1497,5.298932060627791,4,8.39,5.22,17.51,9.73,5.48,14.95,4.43,14.51,15.91,32.63,13.67
1498,5.298932060627791,4,8.36,5.2,17.51,9.66,5.46,14.89,4.43,14.51,15.91,32.99,13.72
1499,5.298932060627791,4,8.36,5.2,17.51,9.7,5.46,14.95,4.41,14.57,15.91,34.91,13.67
1500,5.298932060627791,4,8.36,5.22,17.51,9.73,5.48,14.95,4.43,14.51,15.91,32.99,15.56
1501,5.412588874668555,4,8.36,5.2,17.43,9.7,5.46,14.89,4.43,14.51,15.91,31.92,13.61
1502,5.412588874668555,4,8.29,5.18,17.51,9.7,5.46,14.89,4.41,14.51,15.91,33.74,14.06
1503,5.412588874668555,4,8.33,5.2,17.51,9.7,5.44,14.89,4.41,14.45,15.91,34.31,13.78
1504,5.412588874668555,4,8.36,5.22,17.51,9.73,5.48,14.95,4.44,14.45,15.91,32.81,15.06
1505,5.412588874668555,4,8.39,5.22,17.51,9.73,5.48,14.95,4.43,14.87,16.2,32.09,14.11
1506,5.412588874668555,4,8.36,5.22,17.51,9.73,5.51,14.95,4.44,14.39,16.12,32.45,15
1507,5.412588874668555,4,8.39,5.25,17.51,9.73,5.51,14.95,4.44,14.45,16.2,32.81,15.31
1508,5.412588874668555,4,8.39,5.25,17.51,9.73,5.51,14.95,4.44,14.51,15.84,32.63,13.78
1509,5.412588874668555,4,8.36,5.25,17.51,9.77,5.51,14.95,4.44,14.51,15.84,32.63,14.17
1510,5.412588874668555,4,8.36,5.25,17.58,9.77,5.51,14.95,4.44,14.87,15.84,33.17,15.18
1511,5.412588874668555,4,8.36,5.25,17.51,9.77,5.51,14.95,4.44,14.51,15.84,32.81,14.17
1512,5.412588874668555,4,8.39,5.25,17.58,9.77,5.51,14.95,4.44,14.63,15.91,33.36,14.06
1513,5.412588874668555,4,8.39,5.25,17.58,9.77,5.51,14.95,4.44,14.57,15.91,33.17,14.94
1514,5.412588874668555,4,8.39,5.25,17.58,9.77,5.51,15.02,4.46,14.63,15.91,32.63,15.18
1515,5.412588874668555,4,8.42,5.25,17.58,9.81,5.51,15.02,4.46,14.81,15.91,33.55,14.7
1516,5.412588874668555,4,8.39,5.25,17.58,9.81,5.53,15.02,4.48,14.87,15.91,33.17,14.7
1517,5.412588874668555,4,8.42,5.27,17.58,9.81,5.51,15.02,4.46,14.81,15.91,33.17,13.89
1518,5.412588874668555,4,8.42,5.29,17.66,9.85,5.55,15.02,4.5,14.75,15.91,33.55,15.75
1519,5.412588874668555,4,8.42,5.27,17.66,9.85,5.53,15.02,4.46,14.63,15.98,34.31,14.29
1520,5.412588874668555,4,8.42,5.27,17.66,9.85,5.53,15.02,4.46,14.39,15.91,32.45,15.37
1521,5.412588874668555,4,8.42,5.27,17.66,9.85,5.53,15.02,4.46,14.69,15.91,33.36,13.83
1522,5.412588874668555,4,8.46,5.27,17.66,9.85,5.55,15.02,4.48,14.69,15.91,33.55,15.12
1523,5.412588874668555,4,8.42,5.22,17.66,9.85,5.53,15.02,4.46,14.75,15.91,33.55,14.11
1524,5.412588874668555,4,8.42,5.27,17.66,9.85,5.53,15.02,4.46,14.63,16.27,33.36,14.17
1525,5.412588874668555,4,8.42,5.25,17.66,9.85,5.55,15.02,4.46,14.69,16.27,33.74,14.29
1526,5.412588874668555,4,8.39,5.22,17.66,9.85,5.51,14.89,4.44,14.63,16.27,32.99,13.78
1527,5.412588874668555,4,8.39,5.22,17.66,9.81,5.51,14.95,4.43,14.63,16.12,33.93,15.12
1528,5.412588874668555,4,8.39,5.22,17.66,9.81,5.51,14.95,4.44,14.69,16.12,34.51,15
1529,5.412588874668555,4,8.39,5.25,17.58,9.81,5.53,15.02,4.44,14.69,16.12,31.23,15.06
1530,5.412588874668555,4,8.39,5.22,17.66,9.81,5.53,14.95,4.44,14.75,16.2,33.74,15.25
1531,5.412588874668555,4,8.39,5.22,17.66,9.81,5.53,14.95,4.43,15,16.12,34.12,15.31
1532,5.412588874668555,4,8.39,5.22,17.66,9.85,5.53,14.95,4.44,14.63,16.12,33.93,15.88
1533,5.412588874668555,4,8.39,5.25,17.66,9.85,5.53,14.95,4.44,14.69,16.2,32.99,15.37
1534,5.412588874668555,4,8.39,5.22,17.66,9.85,5.55,14.95,4.44,14.69,16.2,33.74,15.82
1535,5.412588874668555,4,8.36,5.22,17.66,9.81,5.53,14.95,4.43,14.69,16.2,34.12,15.12
1536,5.412588874668555,4,8.36,5.22,17.66,9.85,5.53,14.95,4.44,14.69,16.34,33.74,14.64
1537,5.412588874668555,4,8.36,5.22,17.66,9.81,5.58,14.95,4.43,14.69,16.49,33.74,14.7
1538,5.412588874668555,4,8.36,5.22,17.66,9.81,5.58,14.95,4.43,14.69,16.57,33.55,13.89
1539,5.412588874668555,4,8.36,5.22,17.66,9.85,5.58,14.95,4.43,14.69,16.34,32.63,14.82
1540,5.412588874668555,4,8.36,5.2,17.66,9.85,5.58,14.95,4.43,14.75,16.34,33.36,14.76
1541,5.412588874668555,4,8.36,5.22,17.66,9.85,5.58,14.95,4.44,14.69,16.27,32.27,14.82
1542,5.412588874668555,4,8.36,5.2,17.66,9.81,5.55,14.95,4.41,14.69,16.2,32.45,14.64
1543,5.412588874668555,4,8.36,5.2,17.66,9.85,5.58,14.95,4.43,14.69,16.2,31.92,14.58
1544,5.412588874668555,4,8.36,5.22,17.66,9.85,5.58,14.95,4.44,14.75,16.2,32.63,15.06
1545,5.412588874668555,4,8.39,5.2,17.66,9.85,5.58,14.95,4.43,15.18,16.12,36.14,14.58
1546,5.412588874668555,4,8.39,5.22,17.73,9.85,5.63,14.95,4.43,14.69,16.2,33.55,14.88
1547,5.412588874668555,4,8.36,5.22,17.73,9.89,5.58,14.95,4.43,14.75,16.2,32.81,14.82
1548,5.412588874668555,4,8.39,5.2,17.73,9.85,5.55,14.95,4.41,14.81,16.12,34.12,13.67
1549,5.412588874668555,4,8.39,5.22,17.73,9.89,5.6,14.95,4.43,14.75,16.12,33.55,14.52
1550,5.412588874668555,4,8.36,5.22,17.73,9.85,5.58,14.95,4.43,15.06,16.12,33.55,14.76
1551,5.412588874668555,4,8.36,5.22,17.88,9.89,5.6,15.02,4.43,14.81,16.12,34.12,14.7
1552,5.412588874668555,4,8.36,5.22,17.73,9.89,5.58,14.95,4.43,14.81,16.12,33.36,14.7
1553,5.412588874668555,4,8.39,5.2,17.73,9.89,5.58,14.95,4.43,14.63,16.05,32.27,14.11
1554,5.412588874668555,4,8.39,5.22,17.73,9.89,5.6,15.02,4.43,14.81,16.05,32.45,14.82
1555,5.412588874668555,4,8.36,5.22,17.81,9.89,5.58,14.95,4.43,14.81,16.12,31.4,14
1556,5.412588874668555,4,8.33,5.2,17.73,9.89,5.58,14.95,4.43,14.81,16.05,32.27,13.83
1557,5.412588874668555,4,8.36,5.22,17.73,9.89,5.58,14.95,4.43,14.87,16.12,33.17,14.46
1558,5.412588874668555,4,8.36,5.2,17.81,9.89,5.58,14.95,4.44,15.06,16.12,33.74,13.56
1559,5.412588874668555,4,8.33,5.2,17.81,9.89,5.55,14.95,4.41,14.81,16.12,34.91,14.76
1560,5.412588874668555,4,8.33,5.2,17.81,9.89,5.55,14.95,4.41,14.93,16.05,34.51,14.58
1561,5.473782773477036,4,8.33,5.18,17.81,9.89,5.55,14.95,4.43,14.93,16.12,33.93,14.64
1562,5.473782773477036,4,8.33,5.18,17.73,9.89,5.55,14.95,4.41,14.87,16.05,33.36,13.67
1563,5.473782773477036,4,8.33,5.18,17.81,9.89,5.55,14.95,4.41,14.87,16.12,32.99,13.72
1564,5.473782773477036,4,8.29,5.2,17.81,9.93,5.58,14.95,4.41,14.81,16.05,32.99,14.88
1565,5.473782773477036,4,8.36,5.2,17.81,9.93,5.58,14.95,4.43,14.87,16.12,32.81,14.34
1566,5.473782773477036,4,8.39,5.2,17.73,9.89,5.58,14.95,4.43,14.87,16.05,32.63,13.94
1567,5.473782773477036,4,8.36,5.2,17.81,9.89,5.58,14.95,4.43,15,16.12,32.45,14.06
1568,5.473782773477036,4,8.33,5.18,17.81,9.89,5.58,14.95,4.41,14.87,16.05,32.81,13.83
1569,5.473782773477036,4,8.36,5.18,17.81,9.89,5.55,14.95,4.39,14.93,15.98,33.17,13.89
1570,5.473782773477036,4,8.33,5.18,17.81,9.89,5.55,14.89,4.39,14.87,15.98,34.51,14.46
1571,5.473782773477036,4,8.33,5.18,17.81,9.89,5.55,14.95,4.39,15,16.05,32.99,13.78
1572,5.473782773477036,4,8.33,5.18,17.88,9.89,5.55,14.95,4.37,15,16.05,33.55,14.06
1573,5.473782773477036,4,8.33,5.18,17.81,9.89,5.55,14.95,4.39,15,15.98,32.99,15.12
1574,5.473782773477036,4,8.33,5.18,17.96,9.85,5.55,14.89,4.39,15,15.98,32.99,15.31
1575,5.473782773477036,4,8.29,5.18,17.81,9.89,5.55,14.95,4.39,14.93,15.98,32.63,14.06
1576,5.473782773477036,4,8.23,5.16,17.88,9.89,5.55,14.95,4.39,15.5,16.05,32.27,13.61
1577,5.473782773477036,4,8.29,5.18,17.88,9.89,5.55,14.95,4.39,15.06,15.98,33.17,14.29
1578,5.473782773477036,4,8.26,5.18,17.88,9.89,5.55,14.89,4.39,15,16.05,32.81,14.11
1579,5.473782773477036,4,8.29,5.18,17.88,9.89,5.55,14.95,4.39,15.25,16.05,32.99,14.64
1580,5.473782773477036,4,8.26,5.16,17.88,9.89,5.55,14.95,4.39,15,16.05,33.55,14.06
1581,5.473782773477036,4,8.29,5.16,17.88,9.89,5.55,14.89,4.39,15,15.98,32.63,14.46
1582,5.473782773477036,4,8.29,5.16,17.81,9.89,5.55,14.89,4.39,15,16.05,32.63,13.61
1583,5.473782773477036,4,8.33,5.18,17.88,9.93,5.55,14.89,4.41,15.06,15.98,32.63,14.7
1584,5.473782773477036,4,8.33,5.16,17.88,9.93,5.55,14.95,4.39,15.06,15.98,33.17,13.56
1585,5.473782773477036,4,8.33,5.16,17.88,9.93,5.55,14.95,4.41,14.87,15.98,33.93,14.06
1586,5.473782773477036,4,8.29,5.16,17.88,9.93,5.55,14.89,4.39,15,15.98,33.74,13.56
1587,5.473782773477036,4,8.29,5.16,17.88,9.89,5.55,14.95,4.39,15.06,15.98,33.17,13.94
1588,5.473782773477036,4,8.29,5.16,17.88,9.89,5.55,14.89,4.39,15.06,15.98,33.36,14.06
1589,5.473782773477036,4,8.33,5.16,17.88,9.93,5.55,14.89,4.39,14.93,15.98,33.17,14.58
1590,5.473782773477036,4,8.29,5.16,17.88,9.93,5.55,14.89,4.41,15.12,15.98,32.99,15.31
1591,5.473782773477036,4,8.33,5.16,17.88,9.93,5.55,14.89,4.39,15.06,15.98,32.81,13.78
1592,5.473782773477036,4,8.29,5.16,17.88,9.93,5.55,14.89,4.41,15,15.98,32.81,15.06
1593,5.473782773477036,4,8.29,5.13,17.88,9.93,5.55,14.89,4.41,15.12,15.98,33.55,14.06
1594,5.473782773477036,4,8.33,5.16,17.88,9.93,5.55,14.89,4.39,15.12,15.98,33.93,13.72
1595,5.473782773477036,4,8.33,5.16,17.88,9.93,5.55,14.89,4.41,15.12,15.98,33.55,14.88
1596,5.473782773477036,4,8.33,5.16,17.88,9.93,5.55,14.89,4.41,15.12,15.98,33.93,14.7
1597,5.473782773477036,4,8.29,5.13,17.88,9.93,5.55,14.83,4.43,15.5,15.98,33.93,14.29
1598,5.473782773477036,4,8.29,5.16,17.88,9.93,5.55,14.83,4.39,15.18,15.91,33.17,14.94
1599,5.473782773477036,4,8.33,5.16,17.96,9.93,5.58,14.89,4.41,15.31,15.98,33.36,14.82
1600,5.473782773477036,4,8.33,5.16,17.96,9.97,5.58,14.89,4.41,15.31,15.98,32.45,15.18
1601,5.473782773477036,4,8.33,5.16,17.96,9.93,5.58,14.83,4.41,15.18,15.98,32.63,13.83
1602,5.473782773477036,4,8.33,5.16,17.96,9.97,5.58,14.83,4.41,15.25,15.98,32.81,13.94
1603,5.473782773477036,4,8.29,5.16,18.04,9.97,5.55,14.89,4.41,15.25,15.98,33.36,15.06
1604,5.473782773477036,4,8.33,5.16,17.96,9.97,5.58,14.89,4.41,15.06,15.98,32.81,14.11
1605,5.473782773477036,4,8.36,5.16,17.96,9.97,5.58,14.89,4.41,15.25,15.98,32.63,14.88
1606,5.473782773477036,4,8.36,5.16,17.96,9.97,5.58,14.89,4.41,15.25,15.98,33.17,14.94
1607,5.473782773477036,4,8.36,5.16,17.96,9.97,5.58,14.89,4.41,15.18,16.05,33.17,13.94
1608,5.473782773477036,4,8.39,5.16,17.96,9.97,5.58,14.95,4.41,16.02,15.98,33.55,14.06
1609,5.473782773477036,4,8.36,5.18,17.96,10.01,5.63,14.95,4.41,16.02,15.98,32.09,15.69
1610,5.473782773477036,4,8.36,5.16,17.96,9.97,5.58,14.89,4.41,16.02,15.98,33.74,14.82
1611,5.473782773477036,4,8.36,5.16,17.96,10.01,5.58,14.89,4.39,16.23,15.98,36.14,13.89
1612,5.473782773477036,4,8.33,5.16,18.04,9.97,5.58,14.89,4.41,15.31,15.98,32.99,15.12
1613,5.473782773477036,4,8.36,5.16,18.04,10.01,5.58,14.95,4.41,15.31,15.98,33.36,13.78
1614,5.473782773477036,4,8.36,5.18,18.11,10.01,5.48,14.95,4.43,15.31,16.05,32.45,13.78
1615,5.473782773477036,4,8.33,5.16,18.04,10.01,5.6,14.95,4.41,15.25,16.05,32.45,14.88
1616,5.473782773477036,4,8.36,5.18,18.04,10.01,5.6,14.95,4.41,15.25,15.98,32.45,15.12
1617,5.473782773477036,4,8.36,5.16,18.19,10.01,5.63,14.95,4.41,15.25,15.98,32.81,14.7
1618,5.473782773477036,4,8.36,5.13,18.04,9.97,5.58,14.95,4.39,15.18,16.05,35.72,13.89
1619,5.473782773477036,4,8.36,5.16,18.04,10.01,5.6,14.95,4.41,15.25,16.05,32.81,14.34
1620,5.473782773477036,4,8.33,5.16,18.04,10.01,5.6,14.95,4.41,15.31,16.05,33.55,14.52
1621,5.5391314075682505,4,8.33,5.13,18.04,10.01,5.58,14.95,4.41,15.44,16.05,34.51,15.31
1622,5.5391314075682505,4,8.36,5.16,18.04,10.01,5.6,14.95,4.41,15.5,16.05,32.99,14.94
1623,5.5391314075682505,4,8.33,5.13,18.11,9.97,5.58,14.89,4.39,15.37,16.05,32.63,13.67
1624,5.5391314075682505,4,8.36,5.16,18.19,10.01,5.58,14.89,4.41,15.31,16.05,31.92,13.94
1625,5.5391314075682505,4,8.36,5.16,18.11,10.01,5.6,14.95,4.41,15.37,16.05,32.99,15.18
1626,5.5391314075682505,4,8.36,5.16,18.11,10.05,5.6,14.89,4.41,15.37,16.05,32.81,14.94
1627,5.5391314075682505,4,8.33,5.16,18.11,10.01,5.58,14.89,4.41,15.37,16.05,32.99,14.7
1628,5.5391314075682505,4,8.33,5.13,18.11,10.01,5.58,14.89,4.41,15.37,15.98,34.12,15.12
1629,5.5391314075682505,4,8.36,5.16,18.11,10.01,5.6,14.95,4.41,15.37,16.05,32.63,15.56
1630,5.5391314075682505,4,8.33,5.13,18.19,10.01,5.6,14.95,4.41,15.44,16.05,32.81,13.78
1631,5.5391314075682505,4,8.33,5.13,18.11,10.01,5.58,14.89,4.41,15.5,16.05,32.81,13.78
1632,5.5391314075682505,4,8.33,5.16,18.11,10.01,5.6,14.95,4.43,15.5,15.98,32.99,15.12
1633,5.5391314075682505,4,8.33,5.13,18.11,10.01,5.58,14.89,4.39,15.44,16.05,35.11,15.25
1634,5.5391314075682505,4,8.33,5.13,18.11,10.01,5.58,14.95,4.41,15.44,16.05,33.17,13.78
1635,5.5391314075682505,4,8.33,5.13,18.11,10.01,5.58,14.89,4.41,15.5,16.05,33.17,15.12
1636,5.5391314075682505,4,8.33,5.13,18.19,10.08,5.58,14.89,4.41,15.5,16.05,33.36,13.89
1637,5.5391314075682505,4,8.33,5.13,18.19,10.05,5.58,14.95,4.41,15.44,16.05,31.74,14.06
1638,5.5391314075682505,4,8.36,5.16,18.19,10.05,5.6,14.89,4.41,15.5,16.05,33.74,14
1639,5.5391314075682505,4,8.33,5.13,18.19,10.05,5.58,14.89,4.41,15.5,16.05,32.27,14.88
1640,5.5391314075682505,4,8.33,5.13,18.19,10.05,5.58,14.89,4.41,15.5,16.05,34.91,15.31
1641,5.5391314075682505,4,8.33,5.13,18.19,10.05,5.58,14.89,4.39,15.69,16.12,32.27,13.83
1642,5.5391314075682505,4,8.33,5.13,18.19,10.05,5.58,14.89,4.41,15.69,16.05,34.51,16.22
1643,5.5391314075682505,4,8.33,5.13,18.19,10.05,5.58,14.83,4.41,15.5,16.05,33.74,14.64
1644,5.5391314075682505,4,8.33,5.11,18.19,10.01,5.58,14.83,4.39,15.83,16.05,34.12,14.76
1645,5.5391314075682505,4,8.33,5.13,18.27,10.08,5.58,14.83,4.41,15.56,16.05,33.74,13.83
1646,5.5391314075682505,4,8.36,5.16,18.27,10.05,5.6,14.83,4.41,15.63,16.05,32.27,15.25
1647,5.5391314075682505,4,8.36,5.13,18.19,10.05,5.6,14.83,4.41,15.63,16.05,34.12,15.31
1648,5.5391314075682505,4,8.36,5.13,18.27,10.05,5.58,14.83,4.39,15.56,16.05,34.12,13.67
1649,5.5391314075682505,4,8.36,5.13,18.19,10.05,5.6,14.83,4.41,15.56,16.05,33.36,14.88
1650,5.5391314075682505,4,8.36,5.16,18.27,10.08,5.6,14.83,4.43,15.63,16.05,33.36,14.94
1651,5.5391314075682505,4,8.36,5.16,18.27,10.08,5.6,14.83,4.41,16.3,16.05,35.93,13.72
1652,5.5391314075682505,4,8.36,5.13,18.27,10.08,5.6,14.77,4.41,15.56,16.05,33.55,15.06
1653,5.5391314075682505,4,8.36,5.13,18.27,10.08,5.6,14.83,4.41,15.56,16.05,33.55,15.75
1654,5.5391314075682505,4,8.36,5.13,18.27,10.08,5.58,14.83,4.41,15.69,16.05,35.93,15.18
1655,5.5391314075682505,4,8.33,5.13,18.35,10.08,5.6,14.83,4.41,15.63,16.05,32.81,13.72
1656,5.5391314075682505,4,8.36,5.13,18.27,10.08,5.6,14.83,4.41,15.96,16.05,33.55,15.43
1657,5.5391314075682505,4,8.33,5.13,18.35,10.08,5.6,14.83,4.41,16.02,16.05,33.17,15.69
1658,5.5391314075682505,4,8.36,5.16,18.35,10.08,5.63,14.83,4.41,15.83,15.98,32.81,15.69
1659,5.5391314075682505,4,8.36,5.13,18.35,10.08,5.6,14.83,4.39,15.63,16.05,33.55,13.67
1660,5.5391314075682505,4,8.39,5.13,18.35,10.08,5.55,14.83,4.41,15.69,15.98,32.99,14.4
1661,5.5391314075682505,4,8.36,5.13,18.27,10.08,5.6,14.89,4.39,15.63,16.05,34.91,14.88
1662,5.5391314075682505,4,8.36,5.13,18.35,10.08,5.6,14.89,4.41,16.36,16.05,32.45,14.7
1663,5.5391314075682505,4,8.36,5.13,18.35,10.08,5.65,14.89,4.39,16.43,16.05,32.81,14.64
1664,5.5391314075682505,4,8.36,5.11,18.35,10.05,5.6,14.83,4.39,16.5,16.05,34.91,14.94
1665,5.5391314075682505,4,8.39,5.13,18.35,10.08,5.63,14.83,4.43,16.5,16.05,33.93,14.06
1666,5.5391314075682505,4,8.33,5.13,18.35,10.08,5.6,14.89,4.39,16.43,16.05,33.17,14.7
1667,5.5391314075682505,4,8.36,5.13,18.35,10.08,5.6,14.89,4.37,16.43,16.05,33.55,15.95
1668,5.5391314075682505,4,8.36,5.13,18.43,10.08,5.6,14.83,4.37,15.83,16.05,31.92,15.31
1669,5.5391314075682505,4,8.36,5.13,18.43,10.12,5.63,14.89,4.39,15.83,16.12,33.55,14.17
1670,5.5391314075682505,4,8.42,5.13,18.43,10.08,5.63,14.89,4.39,15.76,16.05,33.74,15.18
1671,5.5391314075682505,4,8.39,5.13,18.43,10.12,5.6,14.89,4.39,15.76,16.12,36.78,14.11
1672,5.5391314075682505,4,8.39,5.13,18.43,10.12,5.6,14.89,4.39,15.69,16.12,34.12,13.72
1673,5.5391314075682505,4,8.36,5.13,18.43,10.08,5.6,14.89,4.39,15.76,16.05,32.63,15.69
1674,5.5391314075682505,4,8.39,5.11,18.43,10.08,5.6,14.89,4.39,15.76,16.05,34.31,14.82
1675,5.5391314075682505,4,8.36,5.11,18.43,10.08,5.6,14.89,4.37,15.83,16.12,35.31,14.94
1676,5.5391314075682505,4,8.36,5.13,18.43,10.08,5.6,14.89,4.39,15.89,16.05,34.91,14.58
1677,5.5391314075682505,4,8.39,5.13,18.51,10.12,5.6,14.89,4.39,15.69,16.05,33.74,15.82
1678,5.5391314075682505,4,8.36,5.13,18.43,10.12,5.6,14.89,4.37,15.76,16.05,33.74,14.76
1679,5.5391314075682505,4,8.36,5.13,18.43,10.12,5.6,14.89,4.37,15.83,16.05,33.74,14
1680,5.5391314075682505,4,8.36,5.13,18.51,10.16,5.63,14.89,4.41,15.83,16.12,33.74,15.31
1681,5.6111427069017825,4,8.39,5.16,18.51,10.16,5.63,14.89,4.41,16.02,16.12,33.17,15.12
1682,5.6111427069017825,4,8.39,5.16,18.51,10.16,5.63,14.95,4.41,16.02,16.12,33.17,15.25
1683,5.6111427069017825,4,8.36,5.13,18.51,10.12,5.63,14.89,4.41,16.02,16.12,34.12,14.11
1684,5.6111427069017825,4,8.39,5.13,18.43,10.16,5.63,14.89,4.39,16.09,16.12,35.72,14.88
1685,5.6111427069017825,4,8.36,5.16,18.51,10.16,5.63,14.89,4.41,16.09,16.12,33.36,14.94
1686,5.6111427069017825,4,8.36,5.11,18.51,10.16,5.6,14.89,4.39,16.16,16.05,33.55,14.23
1687,5.6111427069017825,4,8.36,5.13,18.43,10.12,5.63,14.89,4.39,16.02,16.05,31.92,15.25
1688,5.6111427069017825,4,8.36,5.13,18.51,10.12,5.6,14.89,4.39,15.89,16.12,33.93,13.94
1689,5.6111427069017825,4,8.33,5.11,18.51,10.12,5.6,14.83,4.39,15.96,16.12,32.99,15.06
1690,5.6111427069017825,4,8.33,5.11,18.43,10.12,5.6,14.89,4.37,15.89,16.12,35.51,15.69
1691,5.6111427069017825,4,8.33,5.11,18.51,10.12,5.6,14.83,4.37,15.96,16.12,35.51,14
1692,5.6111427069017825,4,8.33,5.11,18.51,10.12,5.58,14.83,4.37,15.96,16.12,34.91,13.72
1693,5.6111427069017825,4,8.33,5.09,18.51,10.12,5.6,14.83,4.37,15.89,16.12,34.12,13.72
1694,5.6111427069017825,4,8.29,5.09,18.51,10.12,5.58,14.83,4.35,15.83,16.05,34.91,14.17
1695,5.6111427069017825,4,8.33,5.09,18.51,10.08,5.58,14.83,4.37,15.89,16.12,34.31,14.94
1696,5.6111427069017825,4,8.33,5.09,18.51,10.12,5.58,14.83,4.37,15.89,16.05,33.74,14.88
1697,5.6111427069017825,4,8.33,5.11,18.51,10.12,5.6,14.83,4.37,16.86,16.05,33.17,14.58
1698,5.6111427069017825,4,8.33,5.09,18.51,10.12,5.6,14.83,4.35,17.07,16.05,33.93,13.61
1699,5.6111427069017825,4,8.33,5.09,18.51,10.12,5.6,14.83,4.35,16.93,16.05,34.71,14.58
1700,5.6111427069017825,4,8.36,5.11,18.51,10.12,5.6,14.83,4.37,15.96,16.05,33.93,15
1701,5.6111427069017825,4,8.36,5.09,18.51,10.12,5.6,14.83,4.37,15.89,15.98,33.55,13.72
1702,5.6111427069017825,4,8.33,5.09,18.51,10.12,5.6,14.83,4.37,15.96,16.05,33.36,15
1703,5.6111427069017825,4,8.33,5.09,18.51,10.12,5.58,14.83,4.37,15.89,16.05,35.11,14
1704,5.6111427069017825,4,8.36,5.11,18.59,10.16,5.6,14.83,4.39,15.96,16.05,33.55,14
1705,5.6111427069017825,4,8.39,5.16,18.59,10.2,5.65,14.89,4.41,16.23,16.05,32.81,15.25
1706,5.6111427069017825,4,8.39,5.13,18.59,10.2,5.65,14.89,4.39,16.09,16.05,33.17,13.78
1707,5.6111427069017825,4,8.36,5.11,18.59,10.16,5.63,14.83,4.37,16.02,16.05,32.63,13.72
1708,5.6111427069017825,4,8.36,5.11,18.59,10.16,5.63,14.83,4.37,15.96,16.12,35.11,13.78
1709,5.6111427069017825,4,8.33,5.09,18.59,10.12,5.6,14.83,4.35,16.16,16.05,34.71,13.78
1710,5.6111427069017825,4,8.33,5.09,18.51,10.12,5.58,14.77,4.37,16.02,16.05,33.55,14.11
1711,5.6111427069017825,4,8.33,5.07,18.59,10.12,5.6,14.77,4.35,15.96,16.05,34.12,13.78
1712,5.6111427069017825,4,8.33,5.09,18.59,10.12,5.58,14.77,4.35,16.78,15.98,33.55,13.72
1713,5.6111427069017825,4,8.33,5.07,18.59,10.12,5.55,14.77,4.33,16.23,16.05,34.31,13.78
1714,5.6111427069017825,4,8.33,5.11,18.59,10.16,5.6,14.77,4.37,17.14,16.05,34.51,15
1715,5.6111427069017825,4,8.33,5.09,18.59,10.2,5.6,14.77,4.35,17.14,16.05,33.36,13.83
1716,5.6111427069017825,4,8.33,5.09,18.59,10.12,5.58,14.77,4.35,16.93,16.05,34.71,15.06
1717,5.6111427069017825,4,8.33,5.09,18.59,10.16,5.6,14.77,4.35,17.22,16.05,35.72,15.31
1718,5.6111427069017825,4,8.33,5.09,18.59,10.12,5.58,14.77,4.33,17.14,15.98,33.55,15.37
1719,5.6111427069017825,4,8.29,5.07,18.59,10.12,5.58,14.77,4.33,16.16,15.98,34.71,15.18
1720,5.6111427069017825,4,8.36,5.11,18.75,10.2,5.63,14.89,4.37,16.23,16.12,34.91,15.18
1721,5.6111427069017825,4,8.33,5.07,18.67,10.12,5.58,14.77,4.35,16.36,16.05,34.91,14.11
1722,5.6111427069017825,4,8.26,5.07,18.67,10.12,5.58,14.77,4.31,16.23,15.98,34.12,13.83
1723,5.6111427069017825,4,8.33,5.09,18.59,10.12,5.6,14.77,4.33,16.09,16.05,32.09,15.12
1724,5.6111427069017825,4,8.33,5.07,18.59,10.12,5.58,14.77,4.33,16.02,15.98,33.93,15.56
1725,5.6111427069017825,4,8.33,5.07,18.59,10.16,5.58,14.77,4.33,16.02,15.98,33.17,14.11
1726,5.6111427069017825,4,8.33,5.07,18.59,10.12,5.58,14.71,4.31,16.09,15.98,31.57,14.11
1727,5.6111427069017825,4,8.29,5.07,18.59,10.12,5.58,14.71,4.31,16.09,15.98,34.12,14.11
1728,5.6111427069017825,4,8.29,5.05,18.67,10.12,5.55,14.89,4.31,15.89,15.98,34.12,14
1729,5.6111427069017825,4,8.29,5.05,18.59,10.12,5.55,14.89,4.31,16.02,15.98,34.31,14.34
1730,5.6111427069017825,4,9.01,5.07,18.59,10.12,5.58,14.83,4.31,15.89,15.91,31.74,15.31
1731,5.6111427069017825,4,9.26,5.07,18.59,10.12,5.6,14.89,4.31,16.3,15.98,33.17,16.02
1732,5.6111427069017825,4,8.23,5.05,18.59,10.12,5.55,14.83,4.29,16.02,16.05,35.72,15.12
1733,5.6111427069017825,4,8.33,5.05,18.67,10.12,5.55,14.83,4.31,16.09,16.05,34.12,14.82
1734,5.6111427069017825,4,8.29,5.05,18.67,10.12,5.55,14.89,4.31,16.43,15.98,33.74,15.06
1735,5.6111427069017825,4,8.33,5.05,18.67,10.12,5.58,14.89,4.31,16.3,15.98,32.27,15.25
1736,5.6111427069017825,4,8.33,5.05,18.67,10.12,5.55,14.89,4.31,16.16,16.05,35.31,15.06
1737,5.6111427069017825,4,8.33,5.05,18.67,10.12,5.55,14.83,4.31,16.16,16.05,33.74,14.23
1738,5.6111427069017825,4,8.29,5.05,18.67,10.12,5.55,14.53,4.29,16.16,16.05,34.31,14.06
1739,5.6111427069017825,4,8.33,5.05,18.67,10.16,5.58,14.47,4.31,16.16,15.98,33.74,13.94
1740,5.6111427069017825,4,8.29,5.05,18.67,10.12,5.55,14.47,4.31,16.43,15.98,33.17,13.94
1741,5.636574515923481,4,8.29,5.05,18.75,10.12,5.55,14.47,4.29,16.23,16.05,34.91,15.06
1742,5.636574515923481,4,8.33,5.05,18.67,10.12,5.58,14.47,4.29,16.23,15.98,37.67,15.75
1743,5.636574515923481,4,8.29,5.05,18.67,10.12,5.55,14.47,4.29,16.23,15.98,33.74,13.72
1744,5.636574515923481,4,8.29,5.05,18.67,10.12,5.55,14.42,4.29,16.23,15.98,34.12,14.64
1745,5.636574515923481,4,8.33,5.05,18.75,10.12,5.55,14.42,4.29,16.09,15.98,33.74,15.37
1746,5.636574515923481,4,8.29,5.05,18.75,10.16,5.55,14.42,4.29,16.23,15.98,32.63,13.83
1747,5.636574515923481,4,8.29,5.07,18.75,10.08,5.55,14.47,4.29,16.23,15.98,34.12,14.94
1748,5.636574515923481,4,8.29,5.07,18.75,10.12,5.58,14.47,4.31,16.23,15.98,33.17,15.69
1749,5.636574515923481,4,8.33,5.07,18.75,10.16,5.58,14.65,4.29,16.3,15.98,32.81,13.83
1750,5.636574515923481,4,8.33,5.07,18.75,10.2,5.58,14.42,4.31,16.23,15.98,32.63,15
1751,5.636574515923481,4,8.33,5.09,18.67,10.16,5.58,14.42,4.31,16.86,15.98,35.72,15.25
1752,5.636574515923481,4,8.29,5.07,18.75,10.12,5.55,14.42,4.29,16.36,15.98,34.71,13.94
1753,5.636574515923481,4,8.29,5.09,18.75,10.08,5.55,14.42,4.29,16.3,15.98,34.31,15
1754,5.636574515923481,4,8.29,5.07,18.75,10.12,5.55,14.71,4.29,16.3,15.98,34.91,14.58
1755,5.636574515923481,4,8.33,5.07,18.75,10.12,5.58,14.59,4.29,16.3,15.98,34.71,15.75
1756,5.636574515923481,4,8.29,5.11,18.75,10.12,5.55,14.42,4.29,16.3,15.98,33.74,15.5
1757,5.636574515923481,4,8.29,5.07,18.75,10.12,5.55,14.36,4.27,16.36,15.98,33.93,14.64
1758,5.636574515923481,4,8.29,5.05,18.75,10.12,5.55,14.36,4.27,16.5,15.91,32.99,15.12
1759,5.636574515923481,4,8.29,5.05,18.75,10.08,5.53,14.36,4.27,17.59,15.98,34.71,15.5
1760,5.636574515923481,4,8.29,5.05,18.75,10.12,5.55,14.42,4.27,16.43,15.98,34.12,14.23
1761,5.636574515923481,4,8.29,5.05,18.83,10.12,5.55,14.42,4.27,16.36,15.98,33.74,13.89
1762,5.636574515923481,4,8.29,5.05,18.83,10.12,5.55,14.36,4.29,16.36,15.98,34.71,15.75
1763,5.636574515923481,4,8.29,5.05,18.83,10.12,5.55,14.36,4.27,16.5,15.98,34.51,15.18
1764,5.636574515923481,4,8.29,5.05,18.83,10.12,5.55,14.36,4.27,16.78,16.05,35.72,15.12
1765,5.636574515923481,4,8.29,5.07,18.83,10.16,5.6,14.36,4.29,16.93,15.98,33.17,15.56
1766,5.636574515923481,4,8.33,5.05,18.83,10.12,5.55,14.42,4.27,16.5,15.98,33.55,13.78
1767,5.636574515923481,4,8.29,5.05,18.83,10.12,5.55,14.65,4.27,16.3,15.98,34.51,13.72
1768,5.636574515923481,4,8.33,5.05,18.75,10.12,5.58,14.71,4.27,16.43,15.91,34.51,15.06
1769,5.636574515923481,4,8.33,5.05,18.83,10.12,5.55,14.71,4.27,16.43,15.98,34.51,15.25
1770,5.636574515923481,4,8.36,5.07,18.83,10.16,5.6,14.71,4.27,18.05,15.91,34.91,14.64
1771,5.636574515923481,4,8.33,5.05,18.83,10.12,5.58,14.65,4.27,18.05,15.98,33.74,13.89
1772,5.636574515923481,4,8.33,5.07,18.83,10.16,5.58,14.65,4.27,17.89,15.91,33.17,15.37
1773,5.636574515923481,4,8.33,5.05,18.83,10.16,5.55,14.53,4.27,17.36,15.98,35.11,14.76
1774,5.636574515923481,4,8.29,5.02,18.83,10.12,5.55,14.36,4.27,16.36,15.98,35.11,14.82
1775,5.636574515923481,4,8.33,5.05,18.83,10.16,5.58,14.3,4.27,16.43,15.98,33.17,15.25
1776,5.636574515923481,4,8.33,5.05,18.91,10.12,5.53,14.3,4.26,16.43,15.98,33.55,14.7
1777,5.636574515923481,4,8.33,5.05,18.91,10.12,5.55,14.3,4.26,16.5,15.98,33.55,14.52
1778,5.636574515923481,4,8.29,5.02,18.99,10.12,5.55,14.3,4.24,16.5,15.98,34.71,14.52
1779,5.636574515923481,4,8.29,5.05,18.91,10.12,5.6,14.3,4.26,16.5,15.98,33.74,15
1780,5.636574515923481,4,8.33,5.02,18.91,10.12,5.55,14.3,4.26,16.5,15.98,34.51,14.7
1781,5.636574515923481,4,8.29,5.02,18.91,10.12,5.48,14.24,4.26,16.64,15.98,34.12,15.43
1782,5.636574515923481,4,8.29,5.05,18.91,10.16,5.55,14.3,4.26,16.36,15.91,32.09,15
1783,5.636574515923481,4,8.29,5.05,18.91,10.16,5.51,14.3,4.26,16.5,15.98,33.93,16.02
1784,5.636574515923481,4,8.29,5.02,18.91,10.12,5.51,14.24,4.26,16.5,15.98,36.78,14.29
1785,5.636574515923481,4,8.33,5.05,18.91,10.12,5.48,14.3,4.26,16.5,15.98,33.17,15.25
1786,5.636574515923481,4,8.29,5.05,18.91,10.16,5.51,14.3,4.26,16.57,15.98,33.36,14.4
1787,5.636574515923481,4,8.33,5.05,18.91,10.16,5.51,14.24,4.26,16.57,15.98,32.45,14.76
1788,5.636574515923481,4,8.33,5.05,18.91,10.16,5.51,14.24,4.27,16.57,15.98,32.45,14.11
1789,5.636574515923481,4,8.36,5.05,18.91,10.16,5.51,14.24,4.26,16.57,15.91,33.17,15.82
1790,5.636574515923481,4,8.33,5.05,18.91,10.16,5.51,14.53,4.26,16.57,15.98,33.55,15
1791,5.636574515923481,4,8.33,5.05,18.91,10.16,5.51,14.53,4.26,16.57,15.98,33.36,15.06
1792,5.636574515923481,4,8.33,5.05,18.91,10.16,5.51,14.47,4.26,16.57,15.91,32.99,14.7
1793,5.636574515923481,4,8.29,5.02,18.91,10.2,5.48,14.47,4.24,16.57,15.91,33.55,14.17
1794,5.636574515923481,4,8.29,5.02,18.91,10.16,5.53,14.47,4.26,17.14,15.91,33.55,15.69
1795,5.636574515923481,4,8.29,5.05,18.91,10.16,5.51,14.47,4.26,16.71,15.91,33.93,15.18
1796,5.636574515923481,4,8.29,5.05,18.91,10.16,5.51,14.24,4.26,16.64,15.91,33.74,15.12
1797,5.636574515923481,4,8.29,5.02,18.99,10.16,5.48,14.18,4.26,16.71,15.91,34.12,14.06
1798,5.636574515923481,4,8.33,5.07,18.99,10.2,5.51,14.24,4.26,16.64,15.98,32.99,14.34
1799,5.636574515923481,4,8.33,5.05,18.99,10.16,5.53,14.18,4.26,16.71,15.91,33.74,15.95
1800,5.636574515923481,4,8.33,5.02,18.99,10.16,5.51,14.18,4.24,16.64,15.91,34.31,14.4
1801,5.644984905269979,4,8.33,5.02,18.99,10.16,5.51,14.18,4.24,16.64,15.91,32.81,15
1802,5.644984905269979,4,8.29,5.02,18.99,10.2,5.51,14.13,4.26,17.22,15.91,32.99,15.06
1803,5.644984905269979,4,8.33,5.02,18.99,10.2,5.51,14.13,4.24,16.64,15.91,32.99,14.23
1804,5.644984905269979,4,8.33,5.02,18.99,10.16,5.51,14.18,4.26,16.64,15.91,33.55,15.31
1805,5.644984905269979,4,8.33,5.02,18.99,10.16,5.48,14.13,4.24,16.71,15.91,34.12,15.06
1806,5.644984905269979,4,8.29,5,18.99,10.16,5.48,14.13,4.26,16.57,15.91,37.22,14.88
1807,5.644984905269979,4,8.29,5,18.99,10.16,5.48,14.13,4.24,16.78,15.91,34.71,15.37
1808,5.644984905269979,4,8.29,5,18.99,10.16,5.51,14.13,4.24,16.86,15.91,34.12,14
1809,5.644984905269979,4,8.33,5.02,18.99,10.16,5.51,14.13,4.24,16.86,15.91,33.93,15.18
1810,5.644984905269979,4,8.33,5.02,18.99,10.16,5.53,14.13,4.24,17,15.91,32.99,15
1811,5.644984905269979,4,8.29,5.02,18.99,10.16,5.53,14.13,4.24,16.71,15.91,33.55,15.06
1812,5.644984905269979,4,8.33,5.02,18.99,10.16,5.53,14.13,4.24,17,15.98,33.36,15.43
1813,5.644984905269979,4,8.29,5,19.07,10.16,5.51,14.07,4.24,16.71,15.98,33.74,13.94
1814,5.644984905269979,4,8.29,5.02,18.99,10.16,5.51,14.07,4.24,16.78,15.98,32.45,15.18
1815,5.644984905269979,4,8.29,5.02,18.99,10.16,5.53,14.07,4.24,16.78,15.98,32.81,14.88
1816,5.644984905269979,4,8.29,5,19.07,10.16,5.51,14.07,4.24,16.86,15.98,32.45,14.82
1817,5.644984905269979,4,8.29,5,19.07,10.16,5.55,14.07,4.24,16.78,15.91,32.81,14.76
1818,5.644984905269979,4,8.29,5,19.24,10.16,5.51,14.07,4.22,16.71,15.91,35.51,14.64
1819,5.644984905269979,4,8.29,5,18.99,10.16,5.51,14.07,4.24,16.78,15.91,35.51,15
1820,5.644984905269979,4,8.29,5,18.99,10.16,5.53,14.01,4.24,16.86,15.91,33.93,15.88
1821,5.644984905269979,4,8.26,5,19.07,10.16,5.48,13.96,4.22,16.86,15.98,35.31,14.76
1822,5.644984905269979,4,8.29,5,19.07,10.16,5.51,13.96,4.24,16.86,15.91,33.36,15.37
1823,5.644984905269979,4,8.26,5,18.99,10.16,5.51,13.96,4.22,16.78,15.91,32.81,14.82
1824,5.644984905269979,4,8.29,5,18.99,10.16,5.53,14.24,4.22,17.22,15.84,33.36,15.37
1825,5.644984905269979,4,8.26,5,18.91,10.12,5.53,14.18,4.22,17.36,15.77,31.57,15.12
1826,5.644984905269979,4,8.23,4.98,18.91,10.12,5.53,14.18,4.2,17.22,15.77,33.36,14.58
1827,5.644984905269979,4,8.23,5,18.91,10.12,5.55,14.18,4.2,17.22,15.77,32.45,14.82
1828,5.644984905269979,4,8.26,5,18.91,10.12,5.55,14.18,4.22,17.59,15.77,32.99,15
1829,5.644984905269979,4,8.23,4.98,18.83,10.12,5.53,14.13,4.18,17.07,15.77,34.51,13.78
1830,5.644984905269979,4,8.26,4.98,18.91,10.12,5.55,14.13,4.2,17.14,15.7,33.55,14.7
1831,5.644984905269979,4,8.26,4.98,18.91,10.12,5.55,14.13,4.2,17.36,15.7,33.36,14.64
1832,5.644984905269979,4,8.23,4.98,18.91,10.12,5.53,14.13,4.2,17.67,15.77,33.55,15.06
1833,5.644984905269979,4,8.23,4.98,18.91,10.12,5.53,13.84,4.2,17.36,15.77,33.55,15.18
1834,5.644984905269979,4,8.23,4.98,18.91,10.12,5.55,13.84,4.2,17.29,15.7,32.09,15.43
1835,5.644984905269979,4,8.23,4.98,18.91,10.12,5.55,13.79,4.2,17.44,15.77,33.93,14.52
1836,5.644984905269979,4,8.23,4.98,18.99,10.12,5.55,13.79,4.2,17.36,15.84,32.81,15.06
1837,5.644984905269979,4,8.16,4.96,18.83,10.08,5.53,13.68,4.16,17.07,15.7,32.81,14.7
1838,5.644984905269979,4,8.2,4.94,18.75,10.08,5.51,13.62,4.16,17,15.63,32.99,14.4
1839,5.644984905269979,4,8.16,4.94,18.75,10.05,5.53,13.62,4.16,17.14,15.63,31.06,13.72
1840,5.644984905269979,4,8.16,4.94,18.75,10.05,5.51,13.62,4.16,17.29,15.63,33.93,15
1841,5.644984905269979,4,8.16,4.94,18.75,10.12,5.53,13.62,4.16,17.44,15.7,34.51,14.88
1842,5.644984905269979,4,8.16,4.96,18.75,10.05,5.53,13.62,4.16,17.82,15.63,33.55,15
1843,5.644984905269979,4,8.23,4.96,18.83,10.08,5.55,13.68,4.18,17.67,15.7,32.99,13.61
1844,5.644984905269979,4,8.2,4.96,18.83,10.08,5.55,13.68,4.16,17.82,15.63,33.17,14.94
1845,5.644984905269979,4,8.23,4.98,18.83,10.08,5.55,13.68,4.18,17.74,15.7,32.81,14.4
1846,5.644984905269979,4,8.2,4.98,18.83,10.08,5.55,13.9,4.18,18.05,15.63,33.55,14.34
1847,5.644984905269979,4,8.2,4.96,18.83,10.08,5.55,13.96,4.18,18.05,15.7,33.74,14
1848,5.644984905269979,4,8.23,4.98,18.83,10.08,5.55,13.96,4.18,18.05,15.63,33.55,15.12
1849,5.644984905269979,4,8.2,4.98,18.75,10.08,5.55,13.96,4.18,18.05,15.63,33.55,14.94
1850,5.644984905269979,4,8.2,4.96,18.83,10.08,5.55,13.96,4.2,18.13,15.7,33.36,13.72
1851,5.644984905269979,4,8.2,4.98,18.83,10.12,5.58,13.96,4.18,17.67,15.7,33.55,14.76
1852,5.644984905269979,4,8.23,4.96,18.83,10.08,5.55,13.9,4.18,17.89,15.7,33.93,15.62
1853,5.644984905269979,4,8.2,4.96,18.83,10.08,5.55,13.9,4.18,17.82,15.84,33.93,14.58
1854,5.644984905269979,4,8.2,4.96,18.83,10.08,5.55,13.73,4.16,17.74,15.63,33.93,14.52
1855,5.644984905269979,4,8.23,4.96,18.83,10.08,5.55,13.62,4.16,17.97,15.63,34.31,14.64
1856,5.644984905269979,4,8.23,4.98,18.83,10.08,5.55,13.62,4.18,18.13,15.7,32.81,14.94
1857,5.644984905269979,4,8.2,4.96,18.83,10.08,5.55,13.57,4.16,18.05,15.63,31.23,13.94
1858,5.644984905269979,4,8.2,4.96,18.83,10.08,5.55,13.57,4.16,18.21,15.63,33.93,13.89
1859,5.644984905269979,4,8.2,4.96,18.75,10.08,5.55,13.51,4.16,18.21,15.56,32.81,15.31
1860,5.644984905269979,4,8.16,4.94,18.59,10.05,5.53,13.46,4.15,17.89,15.49,32.63,14.94
1861,5.65997489713184,4,8.16,4.96,18.67,10.05,5.53,13.46,4.15,18.05,15.56,32.63,15.18
1862,5.65997489713184,4,8.2,4.96,18.75,10.08,5.55,13.46,4.16,18.29,15.56,32.63,15.56
1863,5.65997489713184,4,8.16,4.94,18.67,10.05,5.55,13.51,4.15,18.13,15.49,32.27,14.52
1864,5.65997489713184,4,8.16,4.96,18.67,10.05,5.55,13.41,4.15,18.21,15.56,31.92,13.72
1865,5.65997489713184,4,8.2,4.96,18.67,10.05,5.55,13.41,4.16,18.21,15.56,32.99,15.5
1866,5.65997489713184,4,8.2,4.94,18.59,10.05,5.55,13.35,4.15,18.21,15.49,32.45,13.72
1867,5.65997489713184,4,8.2,4.94,18.67,10.05,5.55,13.35,4.15,18.13,15.56,33.36,14.06
1868,5.65997489713184,4,8.2,4.94,18.67,10.05,5.53,13.35,4.13,18.13,15.56,33.55,13.83
1869,5.65997489713184,4,8.2,4.96,18.75,10.05,5.55,13.41,4.16,18.21,15.63,32.45,13.89
1870,5.65997489713184,4,8.23,4.96,18.91,10.08,5.58,13.41,4.16,18.29,15.63,32.27,14.64
1871,5.65997489713184,4,8.23,4.96,18.83,10.08,5.55,13.73,4.15,18.21,15.7,35.11,14.88
1872,5.65997489713184,4,8.26,4.96,18.83,10.08,5.55,13.73,4.15,18.37,15.63,33.36,15.31
1873,5.65997489713184,4,8.29,4.96,18.83,10.08,5.58,13.73,4.16,18.37,15.63,35.51,14.94
1874,5.65997489713184,4,8.23,4.96,18.83,10.08,5.58,13.73,4.16,18.77,15.63,34.12,14.06
1875,5.65997489713184,4,8.2,4.96,18.75,10.05,5.58,13.68,4.15,18.69,15.56,32.81,14.94
1876,5.65997489713184,4,8.16,4.91,18.75,10.01,5.55,13.62,4.13,18.29,15.56,33.36,13.83
1877,5.65997489713184,4,8.23,4.91,18.75,10.05,5.55,13.62,4.13,18.29,15.63,34.91,13.83
1878,5.65997489713184,4,8.23,4.96,18.91,10.08,5.58,13.41,4.15,18.37,15.7,33.93,13.89
1879,5.65997489713184,4,8.26,4.96,18.91,10.08,5.58,13.41,4.16,18.45,15.7,33.93,15.31
1880,5.65997489713184,4,8.26,4.96,18.91,10.08,5.6,13.41,4.16,18.45,15.7,33.36,14.4
1881,5.65997489713184,4,8.26,4.96,18.91,10.08,5.51,13.41,4.16,18.37,15.7,33.36,14.06
1882,5.65997489713184,4,8.26,4.96,18.91,10.08,5.6,13.41,4.16,18.53,15.7,33.55,14.88
1883,5.65997489713184,4,8.33,4.96,18.91,10.08,5.6,13.35,4.16,18.45,15.7,33.93,14.7
1884,5.65997489713184,4,8.29,4.96,18.91,10.08,5.58,13.35,4.16,18.61,15.63,33.55,14
1885,5.65997489713184,4,8.26,4.96,18.83,10.08,5.58,13.3,4.15,18.29,15.63,32.99,13.67
1886,5.65997489713184,4,8.26,4.96,18.75,10.08,5.58,13.62,4.16,18.45,15.56,32.63,13.89
1887,5.65997489713184,4,8.26,4.96,18.91,10.08,5.58,13.62,4.16,18.45,15.56,32.45,14.58
1888,5.65997489713184,4,8.26,4.96,18.91,10.08,5.6,13.68,4.16,18.61,15.56,35.72,15.12
1889,5.65997489713184,4,8.26,4.96,18.83,10.08,5.58,13.68,4.15,18.61,15.56,32.99,14.29
1890,5.65997489713184,4,8.26,4.96,18.83,10.08,5.58,13.62,4.15,18.45,15.49,32.99,15.18
1891,5.65997489713184,4,8.26,4.96,18.83,10.08,5.58,13.62,4.16,18.53,15.56,33.36,14.58
1892,5.65997489713184,4,8.23,4.96,18.99,10.08,5.58,13.62,4.15,17.89,15.56,32.99,13.94
1893,5.65997489713184,4,8.29,4.96,18.91,10.08,5.58,13.62,4.15,17.82,15.56,33.36,14.94
1894,5.65997489713184,4,8.29,4.96,18.91,10.08,5.58,13.62,4.15,18.05,15.56,33.74,15.12
1895,5.65997489713184,4,8.26,4.96,18.91,10.08,5.6,13.62,4.15,18.13,15.63,34.12,14.7
1896,5.65997489713184,4,8.26,4.96,18.91,10.08,5.58,13.62,4.15,18.21,15.63,34.71,13.61
1897,5.65997489713184,4,8.29,4.96,18.91,10.08,5.6,13.57,4.15,18.69,15.49,34.12,14.76
1898,5.65997489713184,4,8.26,4.96,18.91,10.08,5.58,13.3,4.15,18.21,15.56,33.36,14.52
1899,5.65997489713184,4,8.29,4.96,18.91,10.08,5.58,13.3,4.15,18.21,15.63,34.51,14.4
1900,5.65997489713184,4,9.15,4.98,18.91,10.08,5.6,13.25,4.16,18.13,15.56,33.36,15.5
1901,5.65997489713184,4,8.39,4.98,18.91,10.08,5.6,13.25,4.15,18.29,15.56,34.51,15.25
1902,5.65997489713184,4,8.33,4.96,18.91,10.12,5.6,13.25,4.16,18.77,15.63,33.17,13.83
1903,5.65997489713184,4,8.29,4.96,18.91,10.08,5.58,13.25,4.15,18.37,15.56,33.36,14.06
1904,5.65997489713184,4,8.33,4.96,18.99,10.12,5.6,13.25,4.15,18.61,15.63,33.17,14.64
1905,5.65997489713184,4,8.33,4.98,18.91,10.12,5.63,13.25,4.16,18.45,15.63,33.17,13.94
1906,5.65997489713184,4,8.36,4.98,18.91,10.12,5.63,13.25,4.16,18.53,15.56,33.74,14.64
1907,5.65997489713184,4,8.39,4.98,18.99,10.12,5.6,13.25,4.16,18.53,15.63,33.36,14.46
1908,5.65997489713184,4,8.33,4.98,18.99,10.12,5.63,13.51,4.16,18.53,15.63,33.17,14.17
1909,5.65997489713184,4,8.33,4.98,18.99,10.12,5.63,13.51,4.16,19.1,15.63,33.36,15.43
1910,5.65997489713184,4,8.36,4.98,18.91,10.12,5.63,13.51,4.15,18.37,15.63,32.27,13.72
1911,5.65997489713184,4,8.29,4.96,18.91,10.08,5.6,13.46,4.15,18.05,15.56,32.45,14.11
1912,5.65997489713184,4,8.23,4.94,18.75,10.05,5.58,13.41,4.13,18.05,15.49,32.99,14.23
1913,5.65997489713184,4,8.29,4.96,18.91,10.08,5.65,13.46,4.15,18.21,15.56,33.17,15.18
1914,5.65997489713184,4,8.29,4.94,18.83,10.05,5.6,13.46,4.15,18.21,15.56,33.55,13.67
1915,5.65997489713184,4,8.29,4.94,18.99,10.08,5.6,13.46,4.13,18.29,15.49,33.17,13.83
1916,5.65997489713184,4,8.26,4.96,18.91,10.08,5.63,13.46,4.15,18.37,15.49,34.12,15.25
1917,5.65997489713184,4,8.26,4.96,18.99,10.12,5.65,13.46,4.16,19.1,15.63,33.36,14.4
1918,5.65997489713184,4,8.29,4.94,18.99,10.08,5.6,13.41,4.13,18.37,15.56,34.31,14.34
1919,5.65997489713184,4,8.26,4.94,18.91,10.08,5.6,13.14,4.13,18.13,15.56,33.36,14.7
1920,5.65997489713184,4,8.23,4.91,18.83,10.05,5.6,13.09,4.11,18.37,15.42,33.93,14.17
1921,5.683538089942097,4,8.23,4.94,18.99,10.08,5.6,13.09,4.13,18.21,15.56,33.93,13.78
1922,5.683538089942097,4,8.26,4.94,18.99,10.08,5.63,13.09,4.13,18.21,15.56,33.17,14.34
1923,5.683538089942097,4,8.26,4.94,18.83,10.05,5.63,13.04,4.11,18.21,15.42,32.27,15.06
1924,5.683538089942097,4,8.33,4.96,18.99,10.08,5.63,13.09,4.15,18.53,15.56,33.74,15.37
1925,5.683538089942097,4,8.29,4.96,18.99,10.12,5.65,13.09,4.15,18.77,15.56,33.74,15.56
1926,5.683538089942097,4,8.26,4.96,18.99,10.12,5.63,13.14,4.15,19.02,15.56,36.57,13.78
1927,5.683538089942097,4,8.29,4.96,18.99,10.08,5.63,13.14,4.15,19.1,15.63,33.55,14.46
1928,5.683538089942097,4,8.33,4.96,18.99,10.12,5.63,13.09,4.15,19.1,15.63,31.74,14.34
1929,5.683538089942097,4,8.29,4.94,18.99,10.08,5.6,13.04,4.13,19.27,15.63,33.55,14.52
1930,5.683538089942097,4,8.26,4.91,18.99,10.08,5.58,12.98,4.11,19.1,15.63,35.72,14
1931,5.683538089942097,4,8.23,4.94,18.99,10.08,5.58,13.04,4.13,18.94,15.56,33.93,13.78
1932,5.683538089942097,4,8.26,4.94,19.07,10.12,5.6,13.04,4.13,19.27,15.56,32.99,14.94
1933,5.683538089942097,4,8.26,4.96,19.07,10.12,5.63,13.04,4.15,19.44,15.63,33.36,15.06
1934,5.683538089942097,4,9.4,5,19.07,10.12,5.7,13.41,4.16,19.19,15.56,33.17,15.12
1935,5.683538089942097,4,9.7,5,18.99,10.16,5.67,13.41,4.16,19.1,15.56,33.36,14.29
1936,5.683538089942097,4,9.66,4.98,18.99,10.16,5.63,13.35,4.16,19.19,15.56,33.55,13.83
1937,5.683538089942097,4,9.66,5,19.07,10.12,5.65,13.35,4.18,19.27,15.56,32.81,15.25
1938,5.683538089942097,4,9.55,4.98,18.99,10.16,5.63,13.35,4.16,19.19,15.56,34.51,15
1939,5.683538089942097,4,9.29,4.98,18.99,10.12,5.63,13.35,4.16,18.77,15.56,33.93,14.88
1940,5.683538089942097,4,9.08,4.98,18.99,10.12,5.63,13.35,4.15,18.69,15.56,33.74,14.82
1941,5.683538089942097,4,8.76,4.96,18.99,10.12,5.6,13.35,4.15,18.69,15.56,34.71,14.88
1942,5.683538089942097,4,8.52,4.96,18.99,10.12,5.6,13.35,4.15,18.77,15.56,34.31,15.37
1943,5.683538089942097,4,8.39,4.96,18.99,10.12,5.6,13.35,4.15,18.77,15.56,33.36,14.94
1944,5.683538089942097,4,8.36,4.96,18.99,10.12,5.6,13.3,4.15,18.77,15.56,33.55,15.06
1945,5.683538089942097,4,8.33,4.96,18.99,10.08,5.6,13.3,4.15,18.77,15.56,34.12,13.89
1946,5.683538089942097,4,8.42,4.96,18.99,10.12,5.53,13.3,4.15,18.85,15.56,33.74,15.31
1947,5.683538089942097,4,8.23,4.98,19.07,10.16,5.53,13.35,4.16,19.27,15.63,34.31,15.06
1948,5.683538089942097,4,8.26,4.98,19.16,10.24,5.51,13.35,4.16,18.85,15.63,33.36,15.43
1949,5.683538089942097,4,8.26,4.96,19.07,10.16,5.53,13.3,4.15,18.77,15.56,34.12,15.06
1950,5.683538089942097,4,8.26,4.98,19.07,10.12,5.55,13.3,4.16,18.77,15.56,33.36,14.64
1951,5.683538089942097,4,8.26,4.96,19.07,10.12,5.51,13.25,4.15,18.77,15.56,34.12,14.11
1952,5.683538089942097,4,8.26,4.98,19.07,10.12,5.55,13.25,4.15,19.19,15.56,33.55,14.88
1953,5.683538089942097,4,9.04,4.98,19.07,10.16,5.58,12.98,4.15,18.85,15.56,34.71,13.94
1954,5.683538089942097,4,8.9,4.96,19.07,10.16,5.6,12.98,4.15,18.69,15.56,34.71,15.31
1955,5.683538089942097,4,8.8,4.98,19.07,10.16,5.58,12.93,4.16,18.77,15.56,33.74,14.23
1956,5.683538089942097,4,8.66,4.96,18.99,10.12,5.55,12.88,4.15,18.69,15.56,33.74,14.06
1957,5.683538089942097,4,8.69,4.96,19.07,10.12,5.55,12.88,4.15,18.85,15.56,33.93,14.76
1958,5.683538089942097,4,8.69,4.98,18.99,10.16,5.55,12.88,4.15,18.85,15.56,32.63,13.78
1959,5.683538089942097,4,8.73,4.98,19.07,10.16,5.55,12.88,4.15,18.94,15.56,33.55,14.58
1960,5.683538089942097,4,8.73,5,19.07,10.16,5.58,12.88,4.18,18.85,15.56,32.45,14.94
1961,5.683538089942097,4,8.69,4.98,18.99,10.16,5.55,12.83,4.15,19.02,15.56,33.36,13.89
1962,5.683538089942097,4,9.04,4.98,18.99,10.12,5.55,12.83,4.16,19.02,15.49,33.36,14.88
1963,5.683538089942097,4,9.04,4.96,18.83,10.08,5.55,12.78,4.15,18.85,15.35,32.45,14.4
1964,5.683538089942097,4,9.18,4.98,18.91,10.12,5.55,12.83,4.15,18.77,15.42,33.93,15.12
1965,5.683538089942097,4,8.36,4.96,18.99,10.08,5.53,12.78,4.15,18.85,15.49,32.63,15.12
1966,5.683538089942097,4,8.29,4.94,18.83,10.08,5.51,12.73,4.13,18.69,15.35,33.36,14.23
1967,5.683538089942097,4,8.29,4.94,18.91,10.08,5.53,13.04,4.13,18.77,15.42,33.17,14.76
1968,5.683538089942097,4,8.26,4.94,18.91,10.08,5.53,13.04,4.13,18.94,15.42,33.74,14.11
1969,5.683538089942097,4,8.29,4.96,18.91,10.08,5.53,13.09,4.13,18.85,15.49,34.31,15
1970,5.683538089942097,4,8.29,4.94,18.91,10.05,5.58,13.04,4.13,18.85,15.42,33.36,14.88
1971,5.683538089942097,4,8.29,4.94,18.83,10.05,5.55,13.04,4.13,18.85,15.42,33.36,14.64
1972,5.683538089942097,4,8.29,4.96,18.91,10.08,5.55,13.09,4.15,18.69,15.49,32.45,14.46
1973,5.683538089942097,4,8.29,4.94,18.91,10.08,5.53,12.98,4.13,18.77,15.42,32.81,14.76
1974,5.683538089942097,4,8.29,4.96,18.91,10.05,5.55,12.73,4.13,18.77,15.49,32.45,13.83
1975,5.683538089942097,4,8.23,4.91,18.75,10.01,5.51,12.68,4.11,18.53,15.35,32.45,13.94
1976,5.683538089942097,4,8.29,4.96,18.99,10.08,5.55,12.73,4.15,18.61,15.49,33.17,14.88
1977,5.683538089942097,4,8.26,4.94,18.99,10.12,5.53,12.73,4.15,18.69,15.49,31.74,14.29
1978,5.683538089942097,4,8.29,4.94,18.99,10.08,5.53,12.68,4.13,18.69,15.49,34.12,14.17
1979,5.683538089942097,4,8.26,4.94,18.99,10.08,5.53,12.73,4.15,18.85,15.49,33.17,14.7
1980,5.683538089942097,4,8.23,4.94,18.99,10.08,5.53,12.68,4.13,18.61,15.49,33.74,14
1981,5.723414046731876,4,8.23,4.91,18.99,10.08,5.53,12.68,4.13,18.61,15.49,33.74,14.82
1982,5.723414046731876,4,8.23,4.94,18.91,10.08,5.53,12.68,4.13,18.61,15.49,34.91,14.58
1983,5.723414046731876,4,8.23,4.94,18.99,10.08,5.53,12.68,4.13,18.69,15.49,33.17,14.82
1984,5.723414046731876,4,8.26,4.94,18.99,10.05,5.53,12.68,4.13,18.61,15.49,32.99,15.06
1985,5.723414046731876,4,8.26,4.94,18.99,10.08,5.53,12.68,4.13,18.61,15.49,33.36,14.46
1986,5.723414046731876,4,8.26,4.94,18.99,10.08,5.55,12.98,4.15,18.61,15.56,33.17,14.82
1987,5.723414046731876,4,8.23,4.94,18.99,10.08,5.55,12.98,4.13,18.61,15.49,34.91,14.46
1988,5.723414046731876,4,8.26,4.94,19.07,10.08,5.55,12.98,4.15,18.53,15.49,33.55,14.76
1989,5.723414046731876,4,8.26,4.94,19.07,10.08,5.53,13.04,4.15,18.61,15.49,33.55,13.94
1990,5.723414046731876,4,8.26,4.94,19.07,10.08,5.55,13.04,4.15,18.61,15.49,33.17,14.64
1991,5.723414046731876,4,8.26,4.94,19.07,10.08,5.55,12.93,4.15,18.61,15.49,33.36,14.58
1992,5.723414046731876,4,8.23,4.94,19.07,10.05,5.53,12.73,4.13,18.77,15.49,35.93,14.7
1993,5.723414046731876,4,8.23,4.91,18.99,10.08,5.51,12.68,4.13,18.69,15.49,34.51,14.76
1994,5.723414046731876,4,8.26,4.91,19.07,10.05,5.51,12.68,4.13,18.61,15.49,34.12,14.82
1995,5.723414046731876,4,8.26,4.94,19.07,10.08,5.46,12.68,4.13,18.61,15.49,33.36,14.17
1996,5.723414046731876,4,8.23,4.94,19.07,10.08,5.53,12.68,4.13,18.61,15.49,33.74,14.52
1997,5.723414046731876,4,8.26,4.94,18.99,10.08,5.53,12.68,4.13,18.69,15.49,33.36,14.4
1998,5.723414046731876,4,8.26,4.94,19.16,10.12,5.55,12.68,4.15,18.69,15.49,33.74,14.76
1999,5.723414046731876,4,8.26,4.94,19.07,10.08,5.55,12.63,4.15,18.61,15.49,32.99,14.64
2000,5.723414046731876,4,8.23,4.94,19.07,10.08,5.53,12.63,4.13,18.53,15.49,32.99,14.17
2001,5.723414046731876,4,8.23,4.91,19.07,10.08,5.53,12.63,4.13,18.05,15.49,32.81,14.52
2002,5.723414046731876,4,8.23,4.94,19.07,10.08,5.55,12.93,4.15,17.89,15.49,32.27,15.06
2003,5.723414046731876,4,8.26,4.94,19.07,10.12,5.55,12.93,4.15,18.05,15.49,33.17,14.64
2004,5.723414046731876,4,8.26,4.94,19.07,10.12,5.53,12.93,4.15,18.05,15.49,33.93,14.29
2005,5.723414046731876,4,8.23,4.94,19.07,10.08,5.55,12.93,4.13,18.13,15.49,33.93,14.23
2006,5.723414046731876,4,8.23,4.94,19.16,10.08,5.53,12.93,4.13,18.13,15.49,33.74,14.06
2007,5.723414046731876,4,8.23,4.94,19.07,10.08,5.58,12.63,4.13,17.97,15.49,33.74,14.88
2008,5.723414046731876,4,8.23,4.94,19.07,10.08,5.55,12.63,4.13,18.13,15.49,34.71,15
2009,5.723414046731876,4,8.23,4.94,19.07,10.08,5.55,12.58,4.15,18.21,15.49,34.31,14.82
2010,5.723414046731876,4,8.23,4.94,19.07,10.08,5.53,12.58,4.15,18.13,15.49,32.45,14.52
2011,5.723414046731876,4,8.23,4.94,19.07,10.08,5.55,12.58,4.15,18.21,15.49,33.74,14.46
2012,5.723414046731876,4,8.23,4.94,19.07,10.08,5.53,12.58,4.15,18.29,15.35,34.31,14.76
2013,5.723414046731876,4,8.26,4.94,19.07,10.08,5.55,12.58,4.15,18.45,15.35,32.09,14.58
2014,5.723414046731876,4,8.26,4.96,19.07,10.12,5.55,12.58,4.16,18.53,15.42,33.55,14.29
2015,5.723414046731876,4,8.26,4.94,19.07,10.12,5.55,12.58,4.16,18.94,15.42,33.55,14.7
2016,5.723414046731876,4,8.23,4.94,19.07,10.08,5.53,12.53,4.15,18.69,15.42,34.51,14.52
2017,5.723414046731876,4,8.26,4.94,19.07,10.08,5.53,12.53,4.15,18.53,15.42,32.45,14.94
2018,5.723414046731876,4,8.26,4.94,19.07,10.08,5.53,12.53,4.15,18.69,15.42,33.55,14.46
2019,5.723414046731876,4,8.23,4.94,19.07,10.08,5.55,12.53,4.15,19.1,15.42,35.51,14.82
2020,5.723414046731876,4,8.2,4.89,18.99,10.08,5.51,12.48,4.13,18.45,15.49,34.51,14.06
2021,5.723414046731876,4,8.2,4.87,18.99,10.08,5.53,12.48,4.13,19.36,15.42,33.55,14.23
2022,5.723414046731876,4,8.23,4.94,18.99,10.08,5.53,12.48,4.16,18.94,15.42,32.81,14.94
2023,5.723414046731876,4,8.2,4.94,18.99,10.08,5.53,12.43,4.15,18.69,15.49,33.74,14.52
2024,5.723414046731876,4,8.23,4.94,18.99,10.08,5.51,12.43,4.15,18.85,15.42,33.74,14.7
2025,5.723414046731876,4,8.26,4.94,18.99,10.08,5.53,12.43,4.15,18.85,15.42,33.36,14.82
2026,5.723414046731876,4,8.2,4.94,18.99,10.08,5.51,12.43,4.15,18.85,15.42,33.55,14.64
2027,5.723414046731876,4,8.23,4.94,18.99,10.08,5.53,12.43,4.15,18.85,15.42,34.31,15
2028,5.723414046731876,4,8.23,4.94,18.99,10.08,5.53,12.43,4.15,18.77,15.49,32.45,14.11
2029,5.723414046731876,4,8.23,4.94,19.07,10.08,5.53,12.43,4.16,19.02,15.42,31.74,14.06
2030,5.723414046731876,4,8.2,4.94,18.99,10.16,5.53,12.78,4.15,19.02,15.49,33.17,14.58
2031,5.723414046731876,4,8.23,4.94,18.99,10.08,5.53,12.78,4.15,18.77,15.42,33.36,14.7
2032,5.723414046731876,4,8.23,4.94,18.99,10.08,5.53,12.78,4.15,19.02,15.42,32.63,14.23
2033,5.723414046731876,4,8.23,4.94,18.99,10.08,5.55,12.78,4.16,19.19,15.42,32.81,14.7
2034,5.723414046731876,4,8.23,4.94,18.99,10.08,5.53,12.78,4.15,18.69,15.42,32.81,14.29
2035,5.723414046731876,4,8.2,4.94,18.99,10.08,5.53,12.78,4.15,19.19,15.42,32.63,14.23
2036,5.723414046731876,4,8.2,4.94,18.99,10.08,5.53,12.78,4.15,19.19,15.42,33.55,14.23
2037,5.723414046731876,4,8.23,4.94,18.99,10.08,5.55,12.73,4.15,18.77,15.42,33.17,14.23
2038,5.723414046731876,4,8.23,4.94,18.99,10.08,5.51,12.68,4.15,18.85,15.42,34.31,14.88
2039,5.723414046731876,4,8.23,4.94,18.99,10.08,5.53,12.43,4.15,19.1,15.49,32.27,14.76
2040,5.723414046731876,4,8.23,4.94,18.91,10.16,5.51,12.43,4.16,18.69,15.49,33.36,14.7
2041,5.731030382283858,4,8.23,4.94,18.99,10.08,5.53,12.38,4.16,19.02,15.42,33.93,14.58
2042,5.731030382283858,4,8.2,4.94,18.99,10.08,5.51,12.38,4.15,19.1,15.42,34.51,14.88
2043,5.731030382283858,4,8.2,4.94,18.91,10.08,5.51,12.33,4.15,19.19,15.42,33.55,14.4
2044,5.731030382283858,4,8.2,4.94,18.99,10.08,5.53,12.33,4.15,19.02,15.42,32.27,14.64
2045,5.731030382283858,4,8.2,4.94,18.99,10.08,5.51,12.28,4.15,18.85,15.42,34.51,14.23
2046,5.731030382283858,4,8.2,4.91,18.91,10.08,5.53,12.28,4.15,19.02,15.42,33.74,14.64
2047,5.731030382283858,4,8.2,4.94,18.99,10.08,5.51,12.28,4.15,18.85,15.42,34.31,14.64
2048,5.731030382283858,4,8.23,4.94,18.99,10.08,5.55,12.38,4.16,19.1,15.42,33.74,14.7
2049,5.731030382283858,4,8.2,4.94,18.99,10.08,5.53,12.38,4.15,18.94,15.42,33.55,14.64
2050,5.731030382283858,4,8.23,4.94,18.99,10.08,5.53,12.38,4.16,18.69,15.42,36.14,14.11
2051,5.731030382283858,4,8.23,4.94,18.91,10.08,5.53,12.28,4.16,19.02,15.49,34.71,14.17
2052,5.731030382283858,4,8.23,4.94,18.99,10.08,5.53,12.23,4.16,19.19,15.42,34.51,14.11
2053,5.731030382283858,4,8.29,4.94,18.99,10.12,5.53,12.23,4.16,19.02,15.49,33.36,14.52
2054,5.731030382283858,4,8.26,4.96,18.99,10.12,5.53,12.33,4.16,19.02,15.42,32.99,14.7
2055,5.731030382283858,4,8.23,4.94,18.99,10.12,5.51,12.33,4.16,19.19,15.49,34.31,15.12
2056,5.731030382283858,4,8.26,4.94,18.99,10.12,5.53,12.38,4.16,19.19,15.42,33.93,14.82
2057,5.731030382283858,4,8.26,4.94,18.99,10.12,5.53,12.33,4.16,18.94,15.42,32.99,14.88
2058,5.731030382283858,4,8.26,4.94,18.99,10.08,5.51,12.33,4.16,18.69,15.42,33.93,14.7
2059,5.731030382283858,4,8.23,4.94,18.99,10.12,5.51,12.33,4.16,19.02,15.56,34.12,14.17
2060,5.731030382283858,4,8.26,4.94,18.99,10.08,5.53,12.33,4.16,18.85,15.7,33.74,14.17
2061,5.731030382283858,4,8.23,4.94,18.99,10.08,5.51,12.33,4.16,18.94,15.7,33.17,14.17
2062,5.731030382283858,4,8.23,4.94,18.99,10.08,5.53,12.33,4.16,19.02,15.63,34.51,14.17
2063,5.731030382283858,4,8.23,4.94,18.99,10.08,5.53,12.33,4.16,18.94,15.7,34.51,14.17
2064,5.731030382283858,4,8.23,4.96,18.91,10.12,5.51,12.33,4.18,18.85,15.63,33.93,14.7
2065,5.731030382283858,4,8.23,4.94,18.91,10.08,5.51,12.28,4.16,18.94,15.7,34.31,14.23
2066,5.731030382283858,4,8.23,4.94,18.99,10.08,5.51,12.28,4.15,18.94,15.7,34.31,14.17
2067,5.731030382283858,4,8.26,4.96,18.99,10.08,5.53,12.28,4.18,18.94,15.7,33.74,14.17
2068,5.731030382283858,4,8.26,4.96,18.91,10.08,5.53,12.28,4.16,18.94,15.7,33.17,14.29
2069,5.731030382283858,4,8.23,4.94,18.99,10.08,5.51,12.28,4.16,19.02,15.77,33.93,14.52
2070,5.731030382283858,4,8.26,4.94,18.99,10.08,5.51,12.38,4.16,18.94,15.7,34.51,15
2071,5.731030382283858,4,8.23,4.94,18.99,10.12,5.51,12.28,4.16,18.94,15.77,33.93,14.94
2072,5.731030382283858,4,8.23,4.96,18.99,10.08,5.53,12.28,4.18,18.85,15.7,34.31,15
2073,5.731030382283858,4,8.26,4.94,18.99,10.08,5.53,12.33,4.18,18.77,15.7,33.55,14.94
2074,5.731030382283858,4,8.23,4.96,18.99,10.08,5.51,12.28,4.18,18.77,15.7,33.36,14.82
2075,5.731030382283858,4,8.23,4.96,18.99,10.12,5.53,12.28,4.18,18.37,15.7,33.17,14.64
2076,5.731030382283858,4,8.26,4.94,18.99,10.08,5.53,12.28,4.16,18.69,15.7,33.55,14.7
2077,5.731030382283858,4,8.23,4.94,18.99,10.08,5.51,12.28,4.16,18.69,15.77,34.31,14.88
2078,5.731030382283858,4,8.23,4.94,18.99,10.08,5.53,12.28,4.18,18.53,15.77,32.45,14.34
2079,5.731030382283858,4,8.23,4.94,18.99,10.08,5.51,12.28,4.16,18.69,15.77,34.51,14.34
2080,5.731030382283858,4,8.23,4.94,18.91,10.08,5.51,12.23,4.18,18.77,15.7,34.12,14.4
2081,5.731030382283858,4,8.23,4.94,18.91,10.08,5.51,12.28,4.18,18.77,15.7,34.12,14.34
2082,5.731030382283858,4,8.23,4.94,18.99,10.08,5.51,12.23,4.18,18.85,15.63,33.17,14.11
2083,5.731030382283858,4,8.23,4.94,18.91,10.08,5.51,12.23,4.16,18.77,15.7,33.74,15
2084,5.731030382283858,4,8.23,4.94,18.91,10.05,5.51,12.23,4.16,18.29,15.7,33.93,15.06
2085,5.731030382283858,4,8.23,4.94,18.91,10.08,5.51,12.28,4.18,18.61,15.7,33.93,14.46
2086,5.731030382283858,4,8.23,4.91,18.91,10.08,5.51,12.23,4.18,18.61,15.7,34.12,14.23
2087,5.731030382283858,4,8.2,4.91,19.07,10.08,5.51,12.23,4.18,18.53,15.7,34.12,14.46
2088,5.731030382283858,4,8.23,4.94,18.91,10.08,5.51,12.23,4.18,18.53,15.7,33.55,14.4
2089,5.731030382283858,4,8.2,4.91,18.91,10.05,5.48,12.28,4.16,18.94,15.77,34.71,14.7
2090,5.731030382283858,4,8.2,4.91,18.91,10.05,5.51,12.28,4.18,18.53,15.7,33.74,14.34
2091,5.731030382283858,4,8.2,4.91,18.91,10.05,5.51,12.28,4.18,18.61,15.63,33.93,14.7
2092,5.731030382283858,4,8.2,4.91,18.91,10.05,5.51,12.28,4.18,18.45,15.63,34.12,15
2093,5.731030382283858,4,8.2,4.91,18.83,10.05,5.48,12.14,4.16,18.21,15.7,33.36,14.29
2094,5.731030382283858,4,8.2,4.91,18.91,10.05,5.48,12.19,4.16,17.97,15.7,33.55,14.58
2095,5.731030382283858,4,8.2,4.91,18.91,10.05,5.51,12.19,4.18,18.05,15.63,33.93,14.58
2096,5.731030382283858,4,8.2,4.91,18.91,10.05,5.51,12.19,4.18,18.21,15.63,33.36,14.58
2097,5.731030382283858,4,8.23,4.91,18.99,10.05,5.51,12.19,4.18,17.97,15.63,33.55,14.34
2098,5.731030382283858,4,8.23,4.91,18.91,10.05,5.48,12.19,4.18,18.61,15.7,33.93,14.46
2099,5.731030382283858,4,8.26,4.91,18.91,10.05,5.51,12.19,4.16,18.77,15.7,34.12,14.29
2100,5.731030382283858,4,8.23,4.94,18.91,10.08,5.51,12.04,4.18,19.02,15.7,33.74,14.46
2101,5.746957728968659,4,8.2,4.91,18.91,10.08,5.51,12.19,4.18,18.94,15.77,33.93,14.58
2102,5.746957728968659,4,8.2,4.91,18.91,10.12,5.51,12.19,4.18,18.69,15.63,32.99,14.82
2103,5.746957728968659,4,8.2,4.94,18.91,10.05,5.53,12.48,4.2,18.77,15.63,32.45,14.29
2104,5.746957728968659,4,8.23,4.91,18.91,10.05,5.51,12.48,4.18,18.37,15.63,33.74,14.52
2105,5.746957728968659,4,8.2,4.91,18.83,10.05,5.51,12.48,4.18,17.82,15.63,32.99,14.4
2106,5.746957728968659,4,8.23,4.94,18.91,10.05,5.53,12.53,4.2,18.69,15.7,33.36,14.29
2107,5.746957728968659,4,8.23,4.91,18.91,10.05,5.53,12.53,4.18,18.69,15.7,34.31,14.64
2108,5.746957728968659,4,8.23,4.94,18.91,10.05,5.53,12.58,4.18,18.69,15.77,34.12,14.4
2109,5.746957728968659,4,8.23,4.94,18.99,10.08,5.53,12.58,4.22,18.69,15.77,34.12,14.52
2110,5.746957728968659,4,8.23,4.94,18.91,10.08,5.53,12.58,4.22,18.69,15.7,32.99,14.58
2111,5.746957728968659,4,8.23,4.94,18.91,10.08,5.55,12.53,4.22,18.69,15.7,35.51,14.34
2112,5.746957728968659,4,8.23,4.94,18.83,10.05,5.53,12.53,4.22,18.69,15.7,33.36,14.52
2113,5.746957728968659,4,8.1,4.87,18.35,9.89,5.46,12.33,4.18,18.29,15.29,32.09,14.23
2114,5.746957728968659,4,8.07,4.87,18.35,9.89,5.46,12.23,4.16,18.21,15.22,31.57,14.29
2115,5.746957728968659,4,8.13,4.89,18.59,9.97,5.51,12.09,4.18,18.77,15.42,32.45,14.52
2116,5.746957728968659,4,8.13,4.89,18.51,9.97,5.48,11.9,4.18,18.29,15.42,32.27,14.4
2117,5.746957728968659,4,8.13,4.89,18.51,9.97,5.48,11.9,4.18,18.29,15.35,33.17,14.4
2118,5.746957728968659,4,8.13,4.89,18.51,9.93,5.48,11.85,4.18,18.45,15.35,32.63,14.34
2119,5.746957728968659,4,8.13,4.87,18.51,9.93,5.46,11.81,4.18,18.45,15.35,33.55,14.34
2120,5.746957728968659,4,8.13,4.87,18.51,9.93,5.48,11.85,4.18,18.45,15.42,33.36,14.17
2121,5.746957728968659,4,8.13,4.89,18.59,9.97,5.48,11.9,4.2,18.61,15.42,33.93,14.4
2122,5.746957728968659,4,8.13,4.87,18.51,9.93,5.48,11.71,4.18,18.53,15.42,35.93,14.17
2123,5.746957728968659,4,8.13,4.87,18.59,9.97,5.48,11.95,4.2,18.61,15.42,33.17,14.34
2124,5.746957728968659,4,8.16,4.89,18.51,9.97,5.48,11.95,4.22,18.53,15.42,32.99,14.34
2125,5.746957728968659,4,8.16,4.89,18.51,9.97,5.48,11.95,4.2,18.53,15.42,32.27,14.4
2126,5.746957728968659,4,8.16,4.89,18.51,9.97,5.51,11.95,4.22,18.53,15.42,32.45,14.29
2127,5.746957728968659,4,8.13,4.89,18.51,9.97,5.48,11.9,4.22,18.53,15.42,32.27,14.34
2128,5.746957728968659,4,8.13,4.87,18.59,9.97,5.48,11.81,4.2,18.61,15.42,32.99,14.46
2129,5.746957728968659,4,8.13,4.87,18.51,9.97,5.51,11.62,4.22,18.69,15.42,32.63,14.29
2130,5.746957728968659,4,8.13,4.89,18.51,9.97,5.48,11.81,4.22,18.61,15.42,32.63,14.11
2131,5.746957728968659,4,8.13,4.89,18.51,9.97,5.48,11.9,4.24,18.53,15.42,33.55,14.46
2132,5.746957728968659,4,8.13,4.87,18.51,9.93,5.48,11.85,4.24,18.61,15.42,34.12,14.23
2133,5.746957728968659,4,8.13,4.87,18.51,9.97,5.48,11.76,4.26,18.37,15.42,32.45,14.29
2134,5.746957728968659,4,8.13,4.89,18.51,9.97,5.48,11.95,4.26,18.45,15.42,32.99,14.29
2135,5.746957728968659,4,8.13,4.89,18.51,9.97,5.51,11.9,4.26,18.37,15.42,32.81,14.23
2136,5.746957728968659,4,8.13,4.89,18.51,9.97,5.51,11.95,4.26,18.37,15.42,32.63,14.4
2137,5.746957728968659,4,8.13,4.89,18.51,9.97,5.53,12.04,4.26,18.45,15.42,32.81,14.4
2138,5.746957728968659,4,8.13,4.89,18.51,9.97,5.51,12.09,4.27,18.53,15.35,32.09,14.34
2139,5.746957728968659,4,8.16,4.89,18.51,9.97,5.55,12.09,4.27,18.45,15.42,31.57,14.34
2140,5.746957728968659,4,8.13,4.89,18.51,9.97,5.58,12.09,4.27,18.61,15.35,32.81,14.4
2141,5.746957728968659,4,8.16,4.89,18.51,9.97,5.58,12.09,4.27,18.69,15.42,32.81,14.4
2142,5.746957728968659,4,8.13,4.89,18.51,9.97,5.58,12.09,4.27,17.74,15.42,33.17,15.12
2143,5.746957728968659,4,8.16,4.89,18.51,9.97,5.58,12.09,4.27,18.45,15.42,32.81,14.17
2144,5.746957728968659,4,8.16,4.91,18.51,10.01,5.6,12.09,4.29,18.37,15.42,32.27,14.94
2145,5.746957728968659,4,8.16,4.89,18.51,9.97,5.58,11.85,4.29,18.45,15.42,31.4,14.52
2146,5.746957728968659,4,8.16,4.89,18.51,10.01,5.6,11.85,4.29,18.45,15.49,32.81,14.58
2147,5.746957728968659,4,8.16,4.89,18.51,10.01,5.6,11.9,4.29,17.74,15.42,33.36,14.34
2148,5.746957728968659,4,8.13,4.91,18.51,10.01,5.6,12.09,4.29,18.45,15.49,32.99,14.76
2149,5.746957728968659,4,8.16,4.91,18.51,10.01,5.6,12.09,4.31,18.53,15.42,33.74,14.64
2150,5.746957728968659,4,8.16,4.89,18.51,10.01,5.63,12.09,4.29,18.85,15.42,33.55,14.23
2151,5.746957728968659,4,8.16,4.91,18.51,9.97,5.65,12.14,4.27,18.61,15.42,32.81,14.4
2152,5.746957728968659,4,8.16,4.91,18.51,10.01,5.6,12.04,4.27,18.61,15.42,34.12,14.52
2153,5.746957728968659,4,8.16,4.91,18.51,10.01,5.6,12.14,4.29,18.77,15.42,32.63,15.43
2154,5.746957728968659,4,8.16,4.91,18.51,10.01,5.6,12.14,4.27,18.61,15.49,32.63,15.06
2155,5.746957728968659,4,8.16,4.91,18.51,10.01,5.6,12.09,4.29,18.69,15.42,33.74,15.25
2156,5.746957728968659,4,8.16,4.91,18.43,9.97,5.6,12.09,4.29,18.69,15.42,33.36,14.88
2157,5.746957728968659,4,8.16,4.91,18.43,10.01,5.6,12.23,4.27,18.53,15.42,32.99,14.94
2158,5.746957728968659,4,8.16,4.91,18.43,10.01,5.55,12.23,4.27,18.53,15.42,33.36,15
2159,5.746957728968659,4,8.16,4.91,18.51,10.01,5.55,12.28,4.29,18.61,15.42,33.36,14.76
2160,5.746957728968659,4,8.13,4.89,18.43,9.97,5.53,12.23,4.29,18.53,15.42,33.36,14.11
2161,5.75803314653214,4,8.2,4.94,18.51,10.05,5.58,12.28,4.33,18.53,15.42,32.81,14.58
2162,5.75803314653214,4,8.16,4.94,18.43,10.05,5.58,12.28,4.33,18.69,15.42,32.27,14.7
2163,5.75803314653214,4,8.16,4.94,18.51,10.05,5.6,12.33,4.37,18.77,15.42,32.99,14.58
2164,5.75803314653214,4,8.2,4.98,18.51,10.05,5.63,12.38,4.39,18.61,15.49,32.81,14.17
2165,5.75803314653214,4,8.16,4.91,18.43,10.01,5.58,12.28,4.31,18.61,15.35,33.17,15.06
2166,5.75803314653214,4,8.23,4.98,18.59,10.08,5.65,12.38,4.39,18.05,15.42,32.81,14.52
2167,5.75803314653214,4,8.29,5.02,18.59,10.16,5.72,12.43,4.43,18.21,15.56,32.99,14.88
2168,5.75803314653214,4,8.33,5.07,18.75,10.2,5.75,12.48,4.39,18.69,15.56,35.11,15
2169,5.75803314653214,4,8.23,5,18.59,10.12,5.67,12.38,4.27,18.21,15.49,33.74,15
2170,5.75803314653214,4,8.1,4.89,18.35,9.97,5.58,12.23,4.16,18.37,15.29,32.27,14.11
2171,5.75803314653214,4,8.23,4.94,18.75,10.08,5.6,12.38,4.24,19.1,15.63,32.63,15.18
2172,5.75803314653214,4,8.23,4.94,18.75,10.08,5.51,12.43,4.24,18.77,15.63,34.71,15.12
2173,5.75803314653214,4,8.23,4.96,18.83,10.08,5.55,12.43,4.24,18.85,15.63,35.72,15.18
2174,5.75803314653214,4,8.23,4.94,18.75,10.08,5.53,12.43,4.24,18.85,15.63,34.51,15.18
2175,5.75803314653214,4,8.23,4.94,18.75,10.08,5.55,12.38,4.24,18.69,15.63,33.55,14.82
2176,5.75803314653214,4,8.16,4.89,18.51,10.01,5.51,12.28,4.22,18.05,15.35,33.74,14.7
2177,5.75803314653214,4,8.13,4.89,18.35,9.97,5.51,12.23,4.29,18.37,15.29,32.45,14.7
2178,5.75803314653214,4,8.13,4.89,18.43,9.97,5.55,12.23,4.26,18.37,15.29,33.36,14.7
2179,5.75803314653214,4,8.13,4.89,18.43,9.97,5.58,12.23,4.26,18.85,15.35,33.74,14.76
2180,5.75803314653214,4,8.16,4.91,18.43,10.05,5.55,12.23,4.22,18.61,15.29,32.99,14.76
2181,5.75803314653214,4,8.13,4.89,18.43,9.97,5.55,12.23,4.2,18.45,15.29,32.45,14.7
2182,5.75803314653214,4,8.16,4.89,18.43,9.97,5.55,12.23,4.18,18.45,15.29,32.81,14.23
2183,5.75803314653214,4,8.16,4.89,18.35,9.97,5.58,12.23,4.18,18.45,15.35,32.27,14.94
2184,5.75803314653214,4,8.16,4.89,18.35,10.01,5.58,12.23,4.18,17.82,15.29,32.63,14.34
2185,5.75803314653214,4,8.13,4.89,18.43,9.97,5.58,12.23,4.18,17.74,15.35,32.63,14.34
2186,5.75803314653214,4,8.13,4.89,18.35,9.93,5.51,12.19,4.16,17.59,15.29,32.45,14.58
2187,5.75803314653214,4,8.16,4.91,18.43,10.01,5.53,12.23,4.2,17.74,15.35,34.12,14.46
2188,5.75803314653214,4,8.2,4.96,18.43,10.05,5.55,12.28,4.22,18.45,15.35,31.23,14.82
2189,5.75803314653214,4,8.26,5.02,18.59,10.12,5.65,12.38,4.29,18.53,15.49,32.27,14.7
2190,5.75803314653214,4,8.16,4.94,18.43,10.05,5.55,12.28,4.22,18.45,15.35,32.81,14.64
2191,5.75803314653214,4,8.16,4.91,18.43,10.01,5.53,12.23,4.22,18.37,15.35,33.17,14.23
2192,5.75803314653214,4,8.16,4.91,18.43,10.01,5.55,12.23,4.22,18.29,15.35,33.36,14.64
2193,5.75803314653214,4,8.16,4.91,18.43,10.01,5.55,12.19,4.22,18.37,15.35,32.81,14.4
2194,5.75803314653214,4,8.26,4.98,18.51,10.16,5.63,12.28,4.27,18.53,15.49,36.57,14.88
2195,5.75803314653214,4,8.16,4.91,18.43,10.01,5.53,12.19,4.22,18.29,15.35,32.99,14.64
2196,5.75803314653214,4,8.16,4.91,18.43,10.01,5.53,12.04,4.22,18.29,15.35,31.06,14.4
2197,5.75803314653214,4,8.13,4.89,18.43,9.97,5.53,11.99,4.22,18.45,15.35,33.36,14.11
2198,5.75803314653214,4,8.16,4.91,18.35,10.01,5.51,11.99,4.24,18.45,15.35,33.93,14.58
2199,5.75803314653214,4,8.2,4.94,18.43,10.01,5.53,12.38,4.26,18.45,15.42,33.17,14.11
2200,5.75803314653214,4,8.16,4.91,18.43,10.01,5.53,12.14,4.29,18.37,15.35,33.93,14.64
2201,5.75803314653214,4,8.16,4.91,18.43,10.01,5.53,12.14,4.29,18.37,15.35,32.81,14.7
2202,5.75803314653214,4,8.52,5.25,18.91,10.45,5.89,12.63,4.56,18.94,15.77,33.55,14.82
2203,5.75803314653214,4,8.16,4.91,18.43,10.01,5.53,12.14,4.31,18.45,15.35,33.36,14.82
2204,5.75803314653214,4,8.13,4.91,18.35,9.97,5.53,12.09,4.31,18.29,15.35,33.93,14.46
2205,5.75803314653214,4,8.13,4.89,18.35,10.01,5.51,12.09,4.31,17.82,15.29,32.81,14.82
2206,5.75803314653214,4,8.13,4.91,18.35,10.01,5.53,12.09,4.33,18.29,15.35,32.63,14.58
2207,5.75803314653214,4,8.23,5.07,18.51,10.2,5.7,12.33,4.44,18.53,15.49,33.17,14.64
2208,5.75803314653214,4,8.03,4.91,18.35,10.05,5.55,12.23,4.33,18.29,15.29,32.27,14.82
2209,5.75803314653214,4,8.49,5.29,18.83,10.53,5.94,12.83,4.64,18.77,15.84,33.36,15.12
2210,5.75803314653214,4,8.69,5.45,19.07,10.78,6.09,13.09,4.76,18.94,15.98,35.72,15.43
2211,5.75803314653214,4,8.49,5.22,18.75,10.45,5.84,12.73,4.58,18.69,15.7,35.11,15
2212,5.75803314653214,4,8.33,5.18,18.67,10.37,5.79,12.63,4.54,18.45,15.63,34.51,15
2213,5.75803314653214,4,8.2,4.94,18.35,10.05,5.55,12.28,4.37,18.05,15.35,32.81,14.64
2214,5.75803314653214,4,8.56,5.27,18.91,10.49,5.92,12.83,4.6,18.94,15.84,35.11,15.25
2215,5.75803314653214,4,8.59,5.29,18.91,10.53,5.94,12.83,4.6,18.94,15.84,33.93,14.82
2216,5.75803314653214,4,8.42,5.29,18.83,10.53,5.94,12.83,4.6,18.85,15.84,33.74,15.37
2217,5.75803314653214,4,8.56,5.29,18.83,10.53,5.97,12.78,4.6,18.85,15.84,34.51,15.31
2218,5.75803314653214,4,8.42,5.27,18.83,10.53,5.92,12.78,4.58,18.69,15.84,35.93,15.43
2219,5.75803314653214,4,8.56,5.29,18.83,10.53,5.92,12.73,4.6,18.77,15.77,33.55,15.31
2220,5.75803314653214,4,8.56,5.32,18.83,10.53,5.92,12.68,4.58,18.77,15.84,35.11,15.31
