Minute,TVC,Label,MQ135,MQ136,MQ137,MQ138,MQ2,MQ3,MQ4,MQ5,MQ6,MQ8,MQ9
1,1.87589,1,16.83,10.79,8.14,13.16,16.45,19.77,8.37,9.45,13.84,32.99,11.17
2,1.87589,1,16.83,10.79,8.11,13.16,16.52,19.86,8.46,9.49,13.78,33.74,10.53
3,1.87589,1,16.76,10.75,8.04,13.11,16.32,19.6,8.5,9.38,13.66,33.36,10.74
4,1.87589,1,16.48,10.75,8.04,13.06,16.38,19.51,8.6,9.31,13.72,33.36,10.7
5,1.87589,1,16.83,10.79,8.07,13.11,16.52,19.6,8.6,9.38,14.02,34.51,10.82
6,1.87589,1,16.42,10.75,8.04,13.06,16.45,19.51,8.73,9.2,13.96,33.17,10.45
7,1.87589,1,16.55,10.75,8.04,13.06,16.38,19.51,8.8,8.99,14.08,36.78,10.45
8,1.87589,1,16.55,10.71,8.04,12.9,16.18,19.43,8.84,9.2,13.78,32.45,10.41
9,1.87589,1,16.42,10.71,8.01,12.85,16.25,19.43,8.84,9.02,13.72,32.63,10.25
10,1.87589,1,16.48,10.71,8.07,12.95,16.25,19.6,8.91,9.09,13.78,33.17,10.29
11,1.87589,1,16.62,10.75,8.07,13,16.38,19.77,8.98,9.13,13.9,34.31,10.37
12,1.87589,1,16.48,10.71,8.04,12.85,16.25,19.51,8.94,9.09,13.72,32.63,10.29
13,1.87589,1,16.55,10.75,8.07,13.11,16.45,19.69,9.08,8.88,13.78,31.57,10.33
14,1.87589,1,16.35,10.75,8.04,13,16.38,19.6,9.08,8.95,13.6,33.17,10.33
15,1.87589,1,16.35,10.79,8.14,13.16,16.45,19.95,9.12,9.2,13.78,33.55,10.45
16,1.87589,1,16.42,10.79,8.14,13.11,16.32,19.86,9.12,9.06,13.66,33.55,10.37
17,1.87589,1,16.35,10.75,8.11,13.06,16.25,19.77,9.12,8.99,13.66,33.36,10.29
18,1.87589,1,16.42,10.79,8.14,13.06,16.45,19.86,9.12,8.92,13.66,32.81,10.29
19,1.87589,1,16.42,10.79,8.17,13.11,15.98,19.95,9.05,9.02,13.66,33.93,10.21
20,1.87589,1,16.28,10.71,8.11,12.95,16.05,19.77,9.08,8.99,13.54,33.17,10.13
21,1.87589,1,16.28,10.67,8.11,12.9,15.72,19.77,8.94,8.85,13.54,33.17,10.09
22,1.87589,1,16.28,10.67,8.14,12.95,15.79,19.77,9.08,8.81,13.49,33.55,10.25
23,1.87589,1,16.28,10.67,8.14,12.95,15.79,19.77,8.98,9.02,13.78,32.27,10.25
24,1.87589,1,16.28,10.67,8.14,13.11,15.79,19.77,9.05,8.95,13.49,33.17,10.21
25,1.87589,1,16.35,10.67,8.17,13.21,15.79,19.86,9.05,8.99,13.6,33.36,10.37
26,1.87589,1,16.35,10.67,8.17,13.27,15.66,19.77,9.01,8.92,13.49,32.81,10.09
27,1.87589,1,16.28,10.67,8.17,12.95,15.59,19.77,9.05,9.02,13.49,34.31,10.09
28,1.87589,1,16.42,10.71,8.23,12.85,15.59,19.95,8.94,8.81,13.66,34.31,10.13
29,1.87589,1,16.42,10.67,8.3,12.79,15.34,19.86,9.08,8.88,13.6,33.55,10.13
30,1.87589,1,16.55,10.75,8.33,13.16,15.59,20.04,8.98,8.95,13.72,33.74,10.17
31,1.87589,1,16.42,10.71,8.27,13.11,15.46,20.13,9.08,9.02,13.72,33.55,10.13
32,1.87589,1,16.42,10.67,8.3,13.06,15.4,20.04,9.08,8.85,13.72,34.31,10.29
33,1.87589,1,16.48,10.67,8.3,13.06,15.28,20.13,9.12,8.78,13.78,33.55,10.25
34,1.87589,1,16.97,10.71,8.3,12.95,15.21,20.04,9.12,8.92,13.84,34.12,10.25
35,1.87589,1,16.42,10.67,8.3,13,15.03,20.13,9.26,8.74,13.84,34.91,10.17
36,1.87589,1,16.35,10.67,8.3,12.9,15.03,19.95,9.08,8.99,13.72,34.71,10.29
37,1.87589,1,16.55,10.67,8.3,12.95,14.85,19.95,9.15,8.92,13.72,33.74,10.21
38,1.87589,1,16.35,10.67,8.3,13.11,14.67,19.95,9.08,8.95,13.72,34.51,10.01
39,1.87589,1,16.35,10.62,8.36,12.9,14.55,19.86,9.12,8.92,13.66,34.12,10.17
40,1.87589,1,16.35,10.62,8.33,13.06,14.55,19.86,9.12,8.95,13.66,32.81,10.13
41,1.87589,1,16.35,10.62,8.33,12.9,14.43,19.77,9.3,9.02,13.66,35.31,10.09
42,1.87589,1,16.28,10.62,8.33,13,14.49,19.86,9.23,9.02,13.6,33.74,10.21
43,1.87589,1,16.35,10.62,8.36,12.95,14.43,19.86,9.08,8.99,13.66,33.93,10.25
44,1.87589,1,16.35,10.62,8.4,13,14.14,19.86,9.08,9.02,13.66,33.74,10.21
45,1.87589,1,16.35,10.62,8.4,13,14.31,19.86,9.05,9.02,13.72,33.74,10.37
46,1.87589,1,16.21,10.58,8.36,12.95,14.67,19.86,9.05,8.99,13.6,33.55,10.05
47,1.87589,1,16.21,10.54,8.36,12.9,14.08,19.77,9.05,8.99,13.6,33.55,10.21
48,1.87589,1,16.35,10.58,8.43,12.85,13.97,19.86,9.05,9.02,13.66,33.74,10.25
49,1.87589,1,16.28,10.54,8.4,12.85,13.58,19.86,9.12,9.02,13.66,34.51,10.25
50,1.87589,1,16.28,10.54,8.4,12.95,13.69,19.69,9.01,9.31,13.72,33.55,10.21
51,1.87589,1,16.21,10.5,8.4,13.06,13.42,19.51,8.98,8.99,13.66,33.55,10.13
52,1.87589,1,16.42,10.58,8.5,13.11,13.53,19.86,8.91,9.16,13.84,33.74,10.17
53,1.87589,1,16.35,10.54,8.46,13.06,13.32,19.77,8.98,9.06,13.78,33.93,10.21
54,1.87589,1,16.35,10.54,8.5,13.06,13.42,19.86,9.05,9.13,13.84,33.93,10.25
55,1.87589,1,16.42,10.5,8.53,13.38,13.26,19.86,9.05,9.06,13.84,33.74,10.09
56,1.87589,1,16.42,10.5,8.56,13.32,13.37,19.86,9.01,9.13,13.9,34.12,10.25
57,1.87589,1,16.28,10.54,8.53,13.21,13,19.69,8.98,9.06,13.78,33.74,10.17
58,1.87589,1,16.42,10.46,8.56,13.38,13.05,19.86,8.98,9.13,14.14,34.31,10.17
59,1.87589,1,16.48,10.46,8.56,13.16,13.05,19.77,9.01,9.16,13.96,34.31,10.25
60,1.87589,1,16.28,10.3,8.53,13.06,12.55,19.51,8.84,9.09,13.9,33.55,10.17
61,2.14988,1,16.42,10.38,8.67,13.16,12.59,19.77,8.94,9.2,13.84,33.93,10.61
62,2.14988,1,16.35,10.42,8.63,13,12.59,19.6,8.98,9.16,13.84,33.93,10.13
63,2.14988,1,16.35,10.38,8.63,13.11,12.45,19.6,8.98,9.13,13.78,33.93,10.21
64,2.14988,1,16.28,10.34,8.6,12.9,12.35,19.51,8.98,9.2,13.72,33.55,10.17
65,2.14988,1,16.42,10.38,8.67,12.95,12.2,19.6,9.01,9.16,13.78,34.12,10.33
66,2.14988,1,16.35,10.34,8.67,12.95,12.11,19.6,9.01,9.2,13.78,33.36,10.37
67,2.14988,1,16.21,10.3,8.7,12.9,12.01,19.51,8.98,9.16,13.72,33.74,10.17
68,2.14988,1,16.35,10.34,8.7,12.9,11.96,19.6,9.01,9.16,13.96,33.55,10.41
69,2.14988,1,16.28,10.3,8.7,12.9,11.87,19.51,9.01,9.27,13.78,36.78,10.21
70,2.14988,1,16.35,10.3,8.73,12.85,11.87,19.6,9.01,9.2,13.84,34.12,10.13
71,2.14988,1,16.35,10.3,8.77,12.85,11.87,19.6,9.05,9.24,13.9,34.12,10.41
72,2.14988,1,16.35,10.26,8.77,12.9,11.78,19.6,9.01,9.24,13.84,34.12,10.17
73,2.14988,1,16.35,10.26,8.8,12.9,11.59,19.6,9.37,9.27,13.84,33.93,11.66
74,2.14988,1,16.35,10.26,8.8,12.9,11.59,19.51,9.05,9.13,13.96,33.74,11.66
75,2.14988,1,16.35,10.18,8.8,13,11.59,19.51,9.01,9.24,13.96,34.12,10.17
76,2.14988,1,16.28,10.18,8.8,13.06,11.37,19.43,9.01,9.2,13.96,34.51,10.21
77,2.14988,1,16.08,10.1,8.73,13.16,11.1,19.18,8.94,9.13,13.54,32.81,10.05
78,2.14988,1,16.08,10.06,8.77,13,11.41,19.18,9.01,9.16,13.6,33.36,9.97
79,2.14988,1,16.01,10.06,8.73,13.16,11.1,19.18,8.98,9.09,13.66,33.17,10.01
80,2.14988,1,15.95,9.98,8.7,12.95,10.97,19.09,8.91,9.16,13.6,33.93,9.93
81,2.14988,1,16.01,9.98,8.8,13,10.89,19.18,9.19,9.2,13.66,32.99,10.13
82,2.14988,1,16.01,10.06,8.91,13.11,10.93,19.26,9.01,10.97,13.72,33.36,10.09
83,2.14988,1,16.01,9.98,8.8,12.95,10.8,19.18,8.98,9.24,13.66,34.31,10.05
84,2.14988,1,16.08,9.94,8.8,12.9,10.72,19.09,8.94,9.09,13.54,33.55,10.17
85,2.14988,1,16.08,9.94,8.8,13.11,10.63,19.09,9.01,9.16,13.78,31.92,10.05
86,2.14988,1,16.15,9.98,8.84,13.11,10.63,19.09,9.01,9.2,13.78,33.74,10.21
87,2.14988,1,16.15,9.98,8.87,13.16,10.59,19.09,9.05,9.24,13.78,35.51,10.21
88,2.14988,1,16.08,9.9,8.87,13.32,10.51,19.09,8.91,9.09,13.72,33.17,10.33
89,2.14988,1,16.08,9.86,8.87,13.21,10.43,19.09,8.98,9.2,13.66,33.36,10.25
90,2.14988,1,16.21,9.9,8.94,13.43,10.43,19.18,9.01,9.27,13.84,33.93,10.21
91,2.14988,1,16.08,9.82,8.91,13.38,10.51,19.09,8.77,9.06,13.66,33.93,10.05
92,2.14988,1,16.01,9.79,8.91,13.21,10.11,19.01,8.91,9.2,13.6,33.36,9.93
93,2.14988,1,16.21,9.86,9.05,13.27,10.07,19.09,8.94,9.2,13.78,33.17,10.21
94,2.14988,1,16.01,9.82,8.94,13.32,9.99,19.09,8.98,9.24,14.08,33.36,10.13
95,2.14988,1,16.08,9.82,8.94,13.27,9.87,19.01,8.98,9.34,14.08,33.74,10.13
96,2.14988,1,16.15,9.82,9.01,13.43,9.87,19.01,9.01,9.34,14.08,34.71,10.21
97,2.14988,1,16.15,9.79,9.01,13.54,9.76,19.01,9.05,9.42,14.14,33.74,10.13
98,2.14988,1,16.15,9.75,9.05,13.43,9.8,19.01,8.98,9.42,14.08,34.12,10.17
99,2.14988,1,16.15,9.75,9.01,13.21,9.76,19.01,8.94,9.38,14.02,34.12,10.45
100,2.14988,1,16.15,9.75,9.08,13.43,9.8,18.93,9.19,9.45,14.02,34.91,10.09
101,2.14988,1,15.95,9.67,9.01,13.32,9.72,18.84,8.94,9.34,14.08,33.55,10.21
102,2.14988,1,16.01,9.71,9.12,13.38,9.95,18.93,8.94,9.34,14.14,34.12,10.21
103,2.14988,1,16.15,9.75,9.12,13.43,9.76,19.01,8.98,9.72,14.14,33.36,10.09
104,2.14988,1,16.15,9.67,9.19,13.32,9.68,19.09,8.91,9.31,14.32,34.31,10.29
105,2.14988,1,16.08,9.63,9.12,13.49,9.57,18.93,8.91,9.24,14.2,33.55,10.17
106,2.14988,1,16.08,9.6,9.16,13.38,9.57,18.93,9.01,9.24,14.2,33.93,10.21
107,2.14988,1,16.08,9.6,9.19,13.49,9.53,18.93,8.91,9.27,14.26,34.12,10.25
108,2.14988,1,16.15,9.63,9.23,13.54,9.53,19.01,8.94,9.27,14.26,34.12,10.21
109,2.14988,1,16.21,9.63,9.26,13.49,9.42,19.01,8.87,9.31,14.26,34.31,10.41
110,2.14988,1,16.21,9.6,9.26,13.49,9.35,19.01,9.23,9.16,14.26,34.51,10.29
111,2.14988,1,16.21,9.56,9.3,13.54,9.27,19.01,8.94,9.16,14.26,34.51,10.17
112,2.14988,1,16.21,9.56,9.3,13.43,9.24,19.01,8.91,9.64,14.32,34.12,10.09
113,2.14988,1,16.21,9.56,9.3,13.16,9.13,19.09,8.91,9.27,14.38,37.9,10.25
114,2.14988,1,16.28,9.52,9.34,13.76,9.13,19.01,8.84,9.27,14.32,34.91,10.21
115,2.14988,1,16.35,9.52,9.41,13.49,9.06,19.09,8.94,9.34,14.38,34.12,10.29
116,2.14988,1,16.28,9.48,9.41,13.49,9.02,19.34,8.94,9.34,14.44,34.71,10.37
117,2.14988,1,16.28,9.48,9.41,13.76,9.02,19.09,8.94,9.34,14.44,32.99,10.61
118,2.14988,1,16.28,9.48,9.45,13.76,8.99,19.09,8.91,9.31,14.44,34.31,10.33
119,2.14988,1,16.21,9.45,9.45,13.76,8.95,19.01,8.87,9.31,14.44,35.51,10.29
120,2.14988,1,16.28,9.45,9.45,13.76,8.92,19.09,8.87,9.42,14.51,35.51,10.29
121,2.40975,1,16.15,9.41,9.45,13.82,8.85,19.01,8.87,9.34,14.44,36.57,10.29
122,2.40975,1,14.52,9.45,9.52,13.88,8.88,19.01,8.8,9.42,14.44,34.71,10.33
123,2.40975,1,14.52,9.45,9.56,13.99,8.92,19.09,8.94,9.34,14.57,35.51,10.37
124,2.40975,1,14.46,9.41,9.56,13.88,8.81,19.09,8.87,9.42,14.38,38.12,10.41
125,2.40975,1,14.46,9.37,9.56,13.88,8.85,19.01,8.87,9.42,14.51,35.72,10.17
126,2.40975,1,14.52,9.37,9.56,13.88,8.78,19.09,8.84,9.45,14.38,35.51,10.87
127,2.40975,1,14.52,9.3,9.63,13.54,8.71,18.93,8.8,9.53,14.32,35.93,10.25
128,2.40975,1,14.64,9.26,9.56,13.54,8.68,18.93,8.77,9.49,14.32,35.93,10.49
129,2.40975,1,14.28,9.3,9.6,13.6,8.71,19.01,8.84,9.42,14.44,34.51,10.25
130,2.40975,1,14.17,9.26,9.56,13.6,8.64,18.93,8.77,9.38,14.51,34.51,10.29
131,2.40975,1,14.23,9.26,9.63,13.6,8.57,18.93,8.8,9.42,14.32,36.14,10.29
132,2.40975,1,14.23,9.23,9.6,13.6,8.57,18.93,8.84,9.45,14.32,37,10.25
133,2.40975,1,14.28,9.23,9.67,13.76,8.61,19.01,8.84,9.49,14.51,37.9,10.37
134,2.40975,1,14.34,9.19,9.63,13.6,8.54,18.93,8.8,9.68,14.51,36.14,10.21
135,2.40975,1,14.34,9.23,9.75,13.76,8.41,18.93,8.84,9.49,14.38,36.14,10.25
136,2.40975,1,14.28,9.23,9.67,13.6,8.47,18.93,8.84,9.49,14.32,35.31,10.21
137,2.40975,1,14.28,9.19,9.63,13.65,8.44,18.84,8.84,9.45,14.26,36.14,10.21
138,2.40975,1,14.34,9.19,9.67,13.6,8.47,18.84,8.8,9.45,14.44,34.91,10.29
139,2.40975,1,14.58,9.16,9.71,13.65,8.44,18.84,8.84,9.49,14.38,35.51,10.61
140,2.40975,1,14.69,9.16,9.71,13.71,8.41,18.84,8.77,9.53,14.38,35.31,10.21
141,2.40975,1,14.69,9.12,9.67,13.65,8.41,18.76,8.91,9.49,14.26,35.11,10.29
142,2.40975,1,16.08,9.01,9.67,13.54,8.34,18.68,8.8,9.64,14.26,35.51,10.25
143,2.40975,1,16.01,9.05,9.71,13.54,8.34,18.68,9.01,9.38,14.51,34.71,10.25
144,2.40975,1,16.08,9.01,9.71,13.65,8.34,18.68,8.7,9.57,14.44,33.74,10.25
145,2.40975,1,16.08,9.01,9.75,13.65,8.31,18.68,8.67,9.57,14.44,35.31,10.25
146,2.40975,1,16.15,9.01,9.79,13.65,8.28,18.68,8.7,9.57,14.44,35.31,10.25
147,2.40975,1,16.21,9.05,9.79,13.71,8.37,18.76,8.73,9.53,14.57,35.11,11.71
148,2.40975,1,16.28,9.05,9.86,13.76,8.41,18.76,8.7,9.6,14.51,35.51,11.12
149,2.40975,1,16.21,8.98,9.86,13.65,8.28,18.76,8.67,9.64,14.44,35.31,9.51
150,2.40975,1,16.15,8.94,9.82,13.6,8.24,18.68,8.63,9.57,14.38,35.11,10.37
151,2.40975,1,16.08,8.87,9.75,13.54,8.15,18.6,8.6,9.49,14.26,35.11,10.13
152,2.40975,1,16.08,8.87,9.82,13.6,8.11,18.6,8.5,9.53,14.32,36.14,10.37
153,2.40975,1,16.08,8.87,9.86,13.65,8.11,18.68,8.6,9.45,14.57,35.72,11.21
154,2.40975,1,16.08,8.84,9.86,13.65,8.08,18.6,8.46,9.91,14.51,35.93,9.89
155,2.40975,1,16.21,8.91,9.9,13.76,8.11,18.68,8.8,9.53,14.38,35.31,10.61
156,2.40975,1,16.15,8.84,9.94,13.71,7.99,18.68,8.6,9.79,14.38,35.31,9.66
157,2.40975,1,16.15,8.84,9.94,13.71,7.92,18.68,8.6,9.64,14.38,35.11,10.41
158,2.40975,1,16.15,8.84,9.98,13.71,7.89,18.68,8.46,9.72,14.38,35.11,10.01
159,2.40975,1,16.08,8.8,9.98,13.71,7.89,18.68,8.6,9.68,14.32,34.91,10.37
160,2.40975,1,16.08,8.8,9.98,13.71,7.89,18.68,8.8,9.95,14.38,39.55,9.62
161,2.40975,1,16.08,8.8,9.98,13.71,7.86,18.6,8.56,9.75,14.51,35.11,10.29
162,2.40975,1,16.08,8.77,9.98,13.71,7.8,18.6,8.53,10.22,14.51,35.51,9.74
163,2.40975,1,16.42,8.77,10.02,13.76,7.77,18.6,8.56,9.72,14.51,34.91,9.81
164,2.40975,1,16.28,8.8,10.06,13.71,7.83,18.68,8.53,9.75,14.57,35.72,9.74
165,2.40975,1,16.28,8.77,10.06,13.71,7.83,18.6,8.5,9.79,14.51,35.93,9.78
166,2.40975,1,16.28,8.74,10.02,13.71,7.8,18.6,8.53,9.72,14.51,35.31,9.78
167,2.40975,1,16.28,8.7,10.02,13.65,7.83,18.52,8.5,9.79,14.32,34.71,9.85
168,2.40975,1,16.28,8.74,10.1,13.71,7.86,18.6,8.53,9.87,14.38,37.22,10.17
169,2.40975,1,16.35,8.74,10.14,13.76,7.89,18.68,8.56,9.91,14.51,37.44,10.01
170,2.40975,1,16.48,8.8,10.22,13.88,7.99,18.76,8.5,10.26,14.51,35.72,9.93
171,2.40975,1,16.62,8.91,10.26,13.93,8.08,18.93,8.7,9.83,14.63,36.14,10.91
172,2.40975,1,16.62,8.91,10.3,13.99,8.11,18.93,8.67,9.87,14.57,36.57,10.05
173,2.40975,1,16.48,8.84,10.3,13.93,8.02,18.84,8.67,9.79,14.57,36.35,9.93
174,2.40975,1,16.48,8.8,10.3,13.88,7.99,18.84,8.63,9.83,14.57,34.91,10.05
175,2.40975,1,16.48,8.8,10.3,13.88,7.99,18.84,8.63,9.87,14.51,36.35,9.93
176,2.40975,1,16.42,8.77,10.34,13.88,7.92,18.76,8.6,9.75,14.51,34.71,10.57
177,2.40975,1,16.62,8.94,10.42,14.05,8.11,19.01,8.77,9.95,14.7,36.35,10.41
178,2.40975,1,16.55,8.84,10.38,13.93,8.02,18.93,8.63,9.95,14.63,35.93,9.85
179,2.40975,1,16.55,8.8,10.42,13.93,7.95,18.84,8.6,9.91,14.57,36.35,10.57
180,2.40975,1,16.55,8.87,10.42,13.99,7.99,19.01,8.67,9.99,14.57,34.51,10.13
181,2.65592,1,16.83,9.05,10.58,14.22,8.21,19.26,8.94,10.03,14.83,37,10.53
182,2.65592,1,16.83,9.01,10.54,14.34,8.15,19.18,8.84,9.99,14.76,37,10.13
183,2.65592,1,16.83,9.05,10.62,14.22,8.18,19.26,8.87,10.1,14.76,36.57,10.49
184,2.65592,1,16.83,9.01,10.62,14.22,8.15,19.18,8.84,10.14,14.83,35.11,10.37
185,2.65592,1,16.69,8.91,10.58,14.11,8.05,19.01,8.77,9.91,14.76,36.78,10.33
186,2.65592,1,16.62,8.84,10.54,14.05,7.95,18.93,8.63,10.34,14.63,36.35,10.61
187,2.65592,1,16.76,8.94,10.58,14.16,8.08,19.09,8.73,9.87,14.76,37.9,10.09
188,2.65592,1,16.83,8.98,10.66,14.16,8.05,19.09,8.84,9.99,14.76,36.35,10.17
189,2.65592,1,16.69,8.87,10.62,14.11,7.95,19.01,8.67,10.03,14.76,36.78,10.61
190,2.65592,1,16.62,8.84,10.66,14.05,7.89,18.93,8.67,9.83,14.7,37,10.21
191,2.65592,1,16.69,8.84,10.71,14.11,7.95,19.01,8.67,9.95,14.76,36.57,10.21
192,2.65592,1,16.76,8.91,10.75,14.11,7.99,19.09,8.7,9.83,14.83,36.78,10.01
193,2.65592,1,16.76,8.87,10.71,14.11,7.92,19.01,8.63,9.99,14.7,36.78,10.37
194,2.65592,1,16.69,8.84,10.71,14.05,7.86,19.01,8.63,9.99,14.7,36.35,10.29
195,2.65592,1,16.55,8.77,10.62,13.93,7.8,18.76,8.53,9.95,14.57,36.57,10.82
196,2.65592,1,16.48,8.7,10.66,13.88,7.77,18.6,8.5,9.95,14.51,35.51,10.17
197,2.65592,1,16.55,8.7,10.71,13.93,7.77,18.76,8.46,10.06,14.57,35.93,10.21
198,2.65592,1,16.69,8.8,10.75,13.99,7.86,18.93,8.56,10.1,14.63,36.35,10.33
199,2.65592,1,16.55,8.77,10.71,13.99,7.74,18.76,8.53,10.1,14.63,37.22,10.37
200,2.65592,1,16.48,8.77,10.79,13.99,7.74,18.76,8.5,10.14,14.63,34.31,10.41
201,2.65592,1,16.48,8.7,10.75,13.93,7.65,18.76,8.46,10.18,14.57,36.35,10.33
202,2.65592,1,16.48,8.67,10.79,13.93,7.65,18.68,8.43,10.18,14.57,35.93,10.49
203,2.65592,1,16.42,8.63,10.79,13.88,7.62,18.68,8.33,10.22,14.51,36.35,10.13
204,2.65592,1,16.28,8.6,10.79,13.82,7.58,18.68,8.33,10.22,14.51,36.14,10.09
205,2.65592,1,16.28,8.53,10.75,13.76,7.52,18.6,8.27,10.14,14.51,36.14,9.97
206,2.65592,1,16.35,8.57,10.79,13.82,7.55,18.6,8.3,9.91,14.57,35.93,10.87
207,2.65592,1,16.28,8.53,10.79,13.76,7.49,18.52,8.24,9.87,14.51,35.72,10.61
208,2.65592,1,16.21,8.47,10.75,13.71,7.46,18.44,8.2,9.72,14.51,35.72,10.29
209,2.65592,1,16.35,8.5,10.83,13.71,7.58,18.6,8.2,9.72,14.57,36.35,9.93
210,2.65592,1,16.35,8.5,10.88,13.76,7.49,18.6,8.2,9.79,14.57,34.71,10.01
211,2.65592,1,16.28,8.43,10.83,13.65,7.43,18.44,8.14,9.75,14.51,35.72,10.01
212,2.65592,1,16.28,8.43,10.88,13.71,7.43,18.52,8.14,9.64,14.51,35.72,10.21
213,2.65592,1,16.35,8.43,10.88,13.71,7.41,18.44,8.14,9.79,14.51,35.31,10.7
214,2.65592,1,16.28,8.37,10.88,13.71,7.41,18.44,8.11,9.87,14.51,34.12,9.89
215,2.65592,1,16.35,8.4,10.92,13.71,7.43,18.52,8.11,9.87,14.51,36.14,9.81
216,2.65592,1,16.35,8.43,10.92,13.71,7.46,18.52,8.11,10.14,14.57,36.35,10.25
217,2.65592,1,16.35,8.43,10.96,13.76,7.41,18.6,8.14,9.87,14.57,35.72,10.25
218,2.65592,1,16.28,8.37,10.96,13.65,7.38,18.52,8.11,9.83,14.57,37,9.97
219,2.65592,1,16.28,8.37,11,13.76,7.32,18.52,8.11,9.91,14.63,37.67,10.25
220,2.65592,1,16.28,8.37,11,13.65,7.32,18.52,8.11,9.91,14.57,36.14,9.78
221,2.65592,1,16.21,8.3,10.96,13.71,7.26,18.44,8.05,9.87,14.51,35.51,10.01
222,2.65592,1,16.28,8.33,11,13.65,7.26,18.44,8.05,9.91,14.51,37,10.65
223,2.65592,1,16.21,8.3,10.96,13.54,7.23,18.28,8.01,9.79,14.44,35.93,10.41
224,2.65592,1,16.21,8.27,10.96,13.6,7.17,18.36,8.01,9.83,14.44,36.35,9.85
225,2.65592,1,16.21,8.3,11.09,13.65,7.2,18.44,8.05,9.83,14.57,36.14,9.89
226,2.65592,1,16.08,8.27,11,13.54,7.17,18.28,7.98,9.79,14.44,35.72,10.05
227,2.65592,1,16.35,8.37,11.05,13.76,7.26,18.44,8.08,10.18,14.51,35.72,10.57
228,2.65592,1,16.42,8.4,11.18,13.65,7.23,18.44,8.08,9.87,14.51,35.93,9.62
229,2.65592,1,16.55,8.43,11.13,13.71,7.29,18.52,8.14,9.83,14.57,36.57,10.09
230,2.65592,1,16.62,8.5,11.18,13.82,7.41,18.6,8.17,9.83,14.57,36.14,10.87
231,2.65592,1,16.62,8.5,11.22,13.82,7.38,18.6,8.17,9.95,14.63,35.72,10.99
232,2.65592,1,16.62,8.43,11.22,13.76,7.32,18.6,8.14,9.83,14.63,36.14,11.34
233,2.65592,1,16.55,8.4,11.18,13.71,7.29,18.52,8.08,9.91,14.63,35.93,11.17
234,2.65592,1,16.48,8.33,11.18,13.65,7.23,18.36,8.05,9.75,14.51,37.22,10.57
235,2.65592,1,16.48,8.33,11.27,13.65,7.26,18.44,8.05,9.79,14.57,35.72,9.81
236,2.65592,1,16.48,8.3,11.22,13.65,7.23,18.44,7.98,9.83,14.63,37,10.33
237,2.65592,1,16.55,8.27,11.27,13.76,7.2,18.44,7.95,9.83,14.63,36.35,9.78
238,2.65592,1,16.48,8.2,11.27,13.65,7.14,18.36,7.92,9.79,14.57,36.14,9.93
239,2.65592,1,16.42,8.17,11.27,13.6,7.09,18.28,7.86,9.95,14.57,35.72,10.01
240,2.65592,1,16.42,8.14,11.22,13.54,7.06,18.2,7.83,9.79,14.51,36.14,10.7
241,2.88881,1,16.48,8.17,11.27,13.54,7.09,18.28,7.89,9.87,14.57,36.35,10.7
242,2.88881,1,16.48,8.14,11.31,13.54,7.03,18.28,7.95,9.79,14.57,35.93,10.09
243,2.88881,1,16.42,8.14,11.27,13.54,7.03,18.28,7.83,9.87,14.57,36.57,10.21
244,2.88881,1,16.42,8.14,11.31,13.49,7.06,18.28,7.83,9.79,14.57,36.14,10.57
245,2.88881,1,16.35,8.14,11.31,13.49,7.06,18.28,7.74,9.87,14.57,34.12,10.33
246,2.88881,1,16.42,8.14,11.35,13.54,7.09,18.28,7.83,9.83,14.57,34.51,10.53
247,2.88881,1,16.35,8.14,11.35,13.54,7.09,18.28,7.83,9.79,14.57,35.72,10.09
248,2.88881,1,16.42,8.14,11.4,13.54,7.14,18.28,7.86,9.87,14.63,35.31,10.37
249,2.88881,1,16.42,8.14,11.4,13.54,7.11,18.28,7.77,9.87,14.63,35.31,10.25
250,2.88881,1,16.42,8.11,11.44,13.54,7.09,18.28,7.8,9.72,14.63,42.11,10.09
251,2.88881,1,16.35,8.07,11.44,13.54,7.06,18.28,7.77,9.87,14.63,38.36,10.09
252,2.88881,1,16.35,8.07,11.44,13.49,7.09,18.28,7.74,9.87,14.57,35.93,10.17
253,2.88881,1,16.28,8.04,11.44,13.43,7.14,18.2,7.74,9.87,14.63,37,9.97
254,2.88881,1,16.35,8.04,11.49,13.49,7.09,18.2,7.74,9.87,14.63,36.78,10.21
255,2.88881,1,16.35,8.01,11.49,13.43,7.06,18.2,7.71,9.87,14.63,35.31,10.37
256,2.88881,1,16.28,8.01,11.44,13.43,6.94,18.2,7.71,9.87,14.57,37,10.33
257,2.88881,1,16.28,8.01,11.53,13.43,7.11,18.2,7.71,9.95,14.63,36.57,10.49
258,2.88881,1,16.35,8.04,11.53,13.49,7.03,18.28,7.71,9.95,14.63,36.14,10.13
259,2.88881,1,16.35,8.01,11.53,13.49,7,18.2,7.71,10.03,14.63,34.91,10.13
260,2.88881,1,16.35,8.01,11.58,13.49,7.03,18.2,7.71,10.03,14.63,37.67,10.29
261,2.88881,1,16.35,8.04,11.58,13.49,7.06,18.2,7.71,10.39,14.7,35.93,10.49
262,2.88881,1,16.35,8.01,11.58,13.49,7.06,18.2,7.62,9.95,14.7,36.57,10.49
263,2.88881,1,16.28,7.98,11.63,13.49,7.06,18.2,7.68,9.99,14.63,39.06,10.09
264,2.88881,1,16.28,7.98,11.63,13.43,7.06,18.2,7.68,9.95,14.7,35.93,10.49
265,2.88881,1,16.21,8.01,11.63,13.43,7.11,18.2,7.68,10.03,14.63,37.22,10.29
266,2.88881,1,16.28,7.98,11.67,13.49,7.06,18.2,7.77,9.99,14.63,36.35,10.09
267,2.88881,1,16.28,8.01,11.67,13.49,7.09,18.2,7.68,9.99,14.7,36.14,10.45
268,2.88881,1,16.28,8.01,11.67,13.49,7.09,18.2,7.68,10.39,14.63,34.71,10.53
269,2.88881,1,16.42,8.01,11.72,13.49,7.06,18.2,7.71,10.06,14.7,35.93,10.49
270,2.88881,1,16.35,8.01,11.72,13.49,7.06,18.2,7.68,10.06,14.7,34.71,10.05
271,2.88881,1,16.28,8.01,11.72,13.49,7.06,18.2,7.68,10.1,14.7,35.93,10.21
272,2.88881,1,16.21,7.95,11.72,13.38,6.97,18.13,7.59,9.99,14.63,35.31,10.29
273,2.88881,1,16.21,7.92,11.72,13.38,6.97,18.13,7.5,9.91,14.63,35.72,9.81
274,2.88881,1,16.21,7.92,11.72,13.43,6.97,18.13,7.59,10.03,14.63,35.72,10.25
275,2.88881,1,16.21,7.92,11.72,13.43,7,18.13,7.59,9.91,14.63,36.35,10.01
276,2.88881,1,16.21,7.88,11.76,13.43,7,18.13,7.56,9.95,14.63,35.51,9.93
277,2.88881,1,16.21,7.88,11.76,13.32,7,18.05,7.56,10.03,14.63,36.14,10.25
278,2.88881,1,16.21,7.88,11.76,13.32,6.97,18.05,7.53,9.91,14.63,36.14,9.93
279,2.88881,1,16.21,7.88,11.81,13.27,7,18.05,7.56,9.95,14.63,35.11,10.25
280,2.88881,1,16.21,7.88,11.81,13.38,7,18.05,7.56,9.99,14.63,36.35,10.13
281,2.88881,1,16.21,7.88,11.81,13.32,6.97,18.05,7.53,9.95,14.63,36.14,10.33
282,2.88881,1,16.21,7.85,11.86,13.32,6.97,18.13,7.53,9.95,14.7,37.22,9.85
283,2.88881,1,16.21,7.88,11.86,13.38,6.97,18.13,7.53,10.03,14.7,37.22,10.25
284,2.88881,1,16.21,7.85,11.9,13.32,6.97,18.05,7.5,10.1,14.7,36.14,9.78
285,2.88881,1,16.08,7.85,11.9,13.32,6.97,18.05,7.5,9.99,14.63,36.35,10.01
286,2.88881,1,16.08,7.85,11.9,13.32,6.97,18.05,7.5,9.99,14.7,36.35,10.53
287,2.88881,1,16.08,7.85,11.9,13.27,7,18.05,7.5,9.95,14.7,35.93,10.45
288,2.88881,1,16.08,7.85,11.9,13.32,7.06,18.05,7.5,10.26,14.7,35.72,10.53
289,2.88881,1,16.01,7.82,11.95,13.32,7.09,18.05,7.5,9.99,14.63,35.72,10.41
290,2.88881,1,16.08,7.85,12,13.32,6.97,18.05,7.5,9.99,14.7,36.35,10.49
291,2.88881,1,16.01,7.82,11.95,13.32,6.94,18.05,7.44,9.95,14.63,35.93,10.57
292,2.88881,1,16.08,7.82,12,13.32,6.94,18.05,7.5,9.95,14.76,36.14,10.41
293,2.88881,1,14.34,7.85,12,13.32,6.94,18.05,7.5,9.99,14.7,37.67,9.85
294,2.88881,1,14.34,7.85,12,13.32,6.92,18.05,7.5,9.99,14.7,35.51,10.45
295,2.88881,1,14.4,7.85,12,13.32,6.94,18.05,7.5,9.91,14.76,37,10.05
296,2.88881,1,14.46,7.82,12,13.32,6.92,17.97,7.47,9.95,14.7,35.51,10.61
297,2.88881,1,14.46,7.82,12.09,13.49,6.92,18.05,7.44,9.99,14.7,36.14,10.29
298,2.88881,1,14.4,7.85,12.05,13.32,6.92,18.05,7.47,9.79,14.7,35.93,9.89
299,2.88881,1,14.34,7.85,12.09,13.32,6.94,17.97,7.47,10.03,14.7,34.71,9.85
300,2.88881,1,14.4,7.85,12.09,13.32,6.94,18.05,7.47,9.99,14.76,36.14,10.17
301,3.10884,2,14.4,7.82,12.14,13.38,6.94,18.05,7.41,10.03,14.76,37.44,10.09
302,3.10884,2,14.46,7.82,12.14,13.32,6.97,18.05,7.44,9.99,14.76,36.57,10.29
303,3.10884,2,14.46,7.82,12.14,13.32,6.86,18.05,7.35,10.03,14.7,37,10.21
304,3.10884,2,14.46,7.82,12.14,13.32,6.83,17.97,7.41,10.03,14.76,36.78,10.57
305,3.10884,2,14.34,7.82,12.19,13.32,6.89,18.05,7.44,10.06,14.76,35.51,10.33
306,3.10884,2,14.34,7.82,12.19,13.27,6.89,17.97,7.41,10.06,14.76,35.93,10.33
307,3.10884,2,14.4,7.79,12.24,13.27,6.86,17.97,7.41,10.03,14.7,36.14,10.53
308,3.10884,2,14.52,7.82,12.24,13.32,6.92,17.97,7.38,10.06,14.76,36.57,10.57
309,3.10884,2,14.46,7.82,12.24,13.27,6.86,17.97,7.38,10.03,14.76,36.35,9.78
310,3.10884,2,14.46,7.79,12.29,13.27,6.86,17.97,7.38,10.14,14.76,36.35,9.93
311,3.10884,2,14.52,7.79,12.29,13.27,6.89,17.97,7.38,9.99,14.76,35.93,10.29
312,3.10884,2,14.4,7.76,12.38,13.27,6.83,17.89,7.35,10.03,14.76,36.14,9.93
313,3.10884,2,14.34,7.79,12.33,13.27,6.89,17.97,7.35,10.03,14.7,35.72,11.12
314,3.10884,2,14.34,7.76,12.33,13.21,6.83,17.89,7.27,10.34,14.76,36.14,10.13
315,3.10884,2,14.46,7.76,12.38,13.32,6.83,17.97,7.35,10.03,14.76,36.14,10.05
316,3.10884,2,14.4,7.73,12.33,13.27,6.86,17.89,7.27,10.34,14.76,36.14,10.01
317,3.10884,2,14.58,7.76,12.38,13.21,6.81,17.97,7.35,10.1,14.83,36.35,9.97
318,3.10884,2,14.52,7.73,12.38,13.16,6.78,17.89,7.47,10.06,14.76,36.14,10.49
319,3.10884,2,14.69,7.73,12.38,13.16,6.81,17.89,7.32,10.06,14.76,35.93,10.13
320,3.10884,2,14.58,7.73,12.38,13.16,6.78,17.89,7.29,10.06,14.76,36.35,9.93
321,3.10884,2,14.52,7.7,12.38,13.11,6.75,17.89,7.18,10.06,14.76,37.22,9.97
322,3.10884,2,14.52,7.7,12.43,13.16,6.83,17.89,7.27,10.1,14.7,35.93,10.09
323,3.10884,2,14.52,7.67,12.43,13.11,6.72,17.89,7.21,9.91,14.76,36.35,10.25
324,3.10884,2,14.46,7.67,12.48,13.11,6.75,17.89,7.24,10.1,14.7,36.78,10.41
325,3.10884,2,14.52,7.7,12.48,13.16,6.75,17.89,7.18,10.1,14.76,38.36,10.49
326,3.10884,2,14.4,7.67,12.48,13.06,6.75,17.89,7.24,10.03,14.76,36.35,10.25
327,3.10884,2,14.46,7.67,12.48,13.11,6.75,17.82,7.21,10.06,14.76,41.05,10.21
328,3.10884,2,14.52,7.67,12.48,13.11,6.75,17.89,7.24,10.1,14.83,36.14,10.29
329,3.10884,2,14.4,7.67,12.53,13.06,6.78,17.89,7.24,10.1,14.76,36.14,10.61
330,3.10884,2,14.34,7.64,12.53,13.06,6.72,17.89,7.21,10.06,14.76,35.11,10.33
331,3.10884,2,14.46,7.64,12.53,13.11,6.75,17.89,7.27,9.99,14.76,36.35,10.45
332,3.10884,2,14.46,7.61,12.53,13.11,6.7,17.82,7.15,10.22,14.7,35.93,10.25
333,3.10884,2,14.34,7.64,12.53,13.11,6.7,17.89,7.15,10.47,14.76,35.11,10.49
334,3.10884,2,14.34,7.64,12.58,13.11,6.7,17.89,7.27,10.1,14.76,37.67,10.37
335,3.10884,2,14.34,7.61,12.63,13.06,6.7,17.97,7.18,10.14,14.76,36.57,10.49
336,3.10884,2,14.34,7.58,12.58,13.06,6.64,17.82,7.13,10.1,14.76,37.67,10.41
337,3.10884,2,14.28,7.58,12.58,13,6.67,17.82,7.13,10.14,14.83,37.9,10.57
338,3.10884,2,14.28,7.61,12.63,13.06,6.67,17.74,7.15,10.18,14.83,37.44,10.45
339,3.10884,2,14.34,7.61,12.63,13.06,6.7,17.82,7.18,10.14,14.76,35.51,10.53
340,3.10884,2,14.34,7.64,12.68,13.11,6.72,17.82,7.18,10.22,14.83,36.57,10.45
341,3.10884,2,14.34,7.58,12.68,13.06,6.67,17.89,7.13,10.22,14.83,36.35,10.33
342,3.10884,2,14.4,7.58,12.68,13.06,6.67,17.89,7.13,10.22,14.83,40.04,10.33
343,3.10884,2,14.4,7.61,12.73,13.16,6.67,17.82,7.13,10.3,14.83,36.35,10.29
344,3.10884,2,14.4,7.61,12.73,13.06,6.7,17.74,7.13,10.14,14.83,34.91,10.29
345,3.10884,2,14.4,7.61,12.73,13.11,6.72,17.74,7.15,10.39,14.83,36.14,10.05
346,3.10884,2,14.4,7.55,12.73,13.06,6.7,17.67,7.1,10.47,14.83,36.14,10.33
347,3.10884,2,14.34,7.52,12.68,13,6.64,17.59,7.04,10.1,14.76,34.12,10.33
348,3.10884,2,14.4,7.49,12.68,13,6.64,17.52,7.04,10.1,14.76,35.93,10.17
349,3.10884,2,14.4,7.52,12.73,13,6.64,17.52,7.07,10.14,14.76,35.93,10.33
350,3.10884,2,14.52,7.52,12.73,12.95,6.64,17.59,7.1,10.18,14.76,35.72,10.57
351,3.10884,2,14.46,7.49,12.63,12.9,6.61,17.44,7.04,10.06,14.63,35.31,10.53
352,3.10884,2,14.46,7.49,12.68,12.9,6.61,17.52,7.04,10.1,14.76,35.72,9.81
353,3.10884,2,14.46,7.52,12.68,12.9,6.61,17.52,7.04,10.14,14.7,35.31,10.21
354,3.10884,2,14.52,7.49,12.78,12.9,6.64,17.59,7.04,10.1,14.76,35.11,10.33
355,3.10884,2,14.52,7.46,12.78,12.9,6.64,17.52,6.99,10.1,14.7,34.91,10.25
356,3.10884,2,14.64,7.46,12.78,12.85,6.61,17.67,6.93,10.14,14.83,35.93,10.13
357,3.10884,2,14.64,7.49,12.83,12.9,6.61,17.67,7.01,10.22,14.76,36.14,10.29
358,3.10884,2,14.81,7.43,12.78,12.85,6.59,17.74,6.96,10.1,14.7,34.31,10.49
359,3.10884,2,14.81,7.46,12.83,12.9,6.61,17.74,6.99,10.1,14.76,37,10.49
360,3.10884,2,14.75,7.49,12.88,13,6.61,17.67,7.01,10.14,14.83,35.51,10.29
361,3.31643,2,14.69,7.46,12.88,12.95,6.61,17.67,6.9,10.14,14.83,35.51,10.01
362,3.31643,2,14.81,7.46,12.88,12.85,6.61,17.67,6.99,10.51,14.83,38.12,10.21
363,3.31643,2,15,7.46,12.94,12.85,6.61,17.67,6.96,10.1,14.76,36.35,10.25
364,3.31643,2,14.81,7.43,12.94,12.85,6.56,17.59,6.96,10.14,14.83,36.14,10.49
365,3.31643,2,15,7.43,12.94,12.95,6.61,17.59,6.99,10.18,14.83,36.14,10.21
366,3.31643,2,14.64,7.43,12.88,12.74,6.59,17.52,6.93,10.14,14.83,35.93,10.57
367,3.31643,2,15.12,7.4,12.94,12.74,6.56,17.52,6.93,10.18,14.83,36.14,10.21
368,3.31643,2,14.75,7.4,12.94,12.74,6.59,17.52,7.07,9.91,14.76,36.35,10.17
369,3.31643,2,14.75,7.37,12.94,12.69,6.53,17.74,6.88,10.06,14.7,35.93,10.05
370,3.31643,2,14.69,7.34,12.94,12.64,6.51,17.52,6.85,10.14,14.83,35.31,10.29
371,3.31643,2,14.87,7.34,12.94,12.69,6.53,17.59,6.88,10.14,14.76,36.14,9.93
372,3.31643,2,14.87,7.34,12.99,12.74,6.53,17.52,6.85,10.3,14.76,36.35,10.13
373,3.31643,2,15.24,7.31,12.94,12.64,6.51,17.37,6.85,10.03,14.76,34.51,10.45
374,3.31643,2,15.49,7.34,12.99,12.69,6.53,17.44,6.88,10.18,14.83,36.35,10.33
375,3.31643,2,15.56,7.31,12.99,12.64,6.53,17.37,6.85,10.1,14.76,35.93,10.37
376,3.31643,2,15.43,7.31,12.99,12.64,6.51,17.3,6.82,10.1,14.76,35.93,9.97
377,3.31643,2,15.49,7.28,12.99,12.59,6.48,17.22,6.8,10.1,14.76,35.31,9.89
378,3.31643,2,15.31,7.28,12.94,12.59,6.48,17.15,6.82,9.99,14.7,35.72,10.13
379,3.31643,2,15.24,7.31,13.04,12.64,6.56,17.22,6.82,10.14,14.76,35.31,9.97
380,3.31643,2,15.49,7.25,12.99,12.59,6.48,17.22,6.72,10.34,14.7,36.78,9.89
381,3.31643,2,15.12,7.28,13.09,12.59,6.51,17.22,6.82,10.14,14.83,38.36,10.33
382,3.31643,2,15.24,7.25,13.04,12.59,6.45,17.22,6.8,10.1,14.76,35.93,10.09
383,3.31643,2,15.37,7.25,13.09,12.54,6.48,17.22,6.77,10.14,14.76,36.14,9.89
384,3.31643,2,15.31,7.25,13.09,12.59,6.48,17.22,6.8,10.14,14.76,35.93,10.05
385,3.31643,2,15.12,7.22,13.09,12.54,6.48,17.22,6.77,10.14,14.76,35.51,10.17
386,3.31643,2,15,7.22,13.2,12.54,6.48,17.3,6.77,10.3,14.83,36.14,10.13
387,3.31643,2,15.12,7.22,13.14,12.54,6.48,17.3,6.77,10.1,14.76,36.14,10.78
388,3.31643,2,15.12,7.19,13.09,12.49,6.45,17.44,6.74,10.1,14.76,37,10.41
389,3.31643,2,14.94,7.19,13.09,12.49,6.45,17.3,6.74,10.1,14.76,35.93,10.91
390,3.31643,2,15.24,7.14,13.04,12.44,6.4,17.22,6.66,10.1,14.7,35.31,10.33
391,3.31643,2,15.18,7.11,13.04,12.39,6.45,17.08,6.64,9.95,14.63,35.51,10.33
392,3.31643,2,15.18,7.11,13.09,12.34,6.38,17.08,6.61,10.1,14.7,35.72,10.33
393,3.31643,2,15.24,7.14,13.14,12.39,6.35,17.15,6.66,10.14,14.76,35.93,10.33
394,3.31643,2,15.24,7.16,13.25,12.44,6.43,17.22,6.69,10.14,14.76,36.14,10.33
395,3.31643,2,15.24,7.14,13.14,12.39,6.4,17.15,6.66,10.18,14.76,36.14,10.29
396,3.31643,2,15.06,7.14,13.09,12.39,6.38,17.15,6.66,10.1,14.76,35.51,10.25
397,3.31643,2,14.94,7.11,13.14,12.34,6.35,17.15,6.74,10.18,14.76,36.14,10.25
398,3.31643,2,15.18,7.11,13.2,12.34,6.38,17.22,6.61,10.18,14.76,35.51,10.37
399,3.31643,2,15.24,7.08,13.14,12.39,6.35,17.15,6.61,10.18,14.76,36.14,10.13
400,3.31643,2,15.31,7.11,13.2,12.39,6.35,17.15,6.66,10.1,14.76,37,10.21
401,3.31643,2,15.31,7.11,13.25,12.39,6.38,17.01,6.61,10.26,14.83,36.14,10.29
402,3.31643,2,15.37,7.11,13.3,12.39,6.38,17.01,6.64,10.26,14.83,36.14,10.21
403,3.31643,2,15.24,7.08,13.25,12.29,6.35,17.08,6.61,10.3,14.83,36.14,10.05
404,3.31643,2,15.37,7.11,13.3,12.34,6.38,17.15,6.64,10.26,14.51,35.51,10.57
405,3.31643,2,15.24,7.08,13.25,12.24,6.35,17.08,6.58,10.18,14.83,35.93,9.78
406,3.31643,2,15.37,7.08,13.25,12.29,6.35,17.08,6.61,10.18,14.83,37,10.09
407,3.31643,2,15.43,7.08,13.3,12.34,6.38,17.15,6.61,10.14,14.83,36.14,10.25
408,3.31643,2,15.37,7.11,13.36,12.39,6.38,17.15,6.61,10.22,14.83,36.57,10.29
409,3.31643,2,15.37,7.11,13.36,12.39,6.38,17.15,6.61,10.22,14.83,36.57,10.29
410,3.31643,2,15.31,7.11,13.36,12.34,6.4,16.93,6.64,10.39,14.89,35.51,10.33
411,3.31643,2,15.24,7.08,13.36,12.24,6.35,17.08,6.61,10.26,14.83,36.14,10.29
412,3.31643,2,15.43,7.08,13.36,12.24,6.35,17.08,6.58,10.26,14.83,36.14,10.29
413,3.31643,2,15.43,7.08,13.41,12.24,6.32,16.86,6.58,10.22,14.96,36.14,10.33
414,3.31643,2,15.43,7.05,13.36,12.19,6.32,16.93,6.56,10.22,14.76,36.35,10.21
415,3.31643,2,15.37,7.02,13.36,12.14,6.32,17.01,6.56,10.26,14.83,36.57,10.33
416,3.31643,2,15.37,6.99,13.3,12.05,6.27,16.93,6.51,10.14,14.76,35.11,10.29
417,3.31643,2,15.12,6.97,13.3,12.05,6.27,16.93,6.51,10.14,14.76,36.57,10.21
418,3.31643,2,15.06,6.99,13.3,12.05,6.32,16.93,6.53,10.3,14.7,36.14,10.17
419,3.31643,2,15.18,6.99,13.36,12.05,6.32,17.01,6.53,10.18,14.83,36.14,10.29
420,3.31643,2,15.12,6.97,13.36,12.05,6.3,16.93,6.51,10.18,14.76,35.93,10.57
421,3.943121396628808,2,15.06,6.94,13.41,12,6.27,16.86,6.51,10.18,14.83,35.31,10.29
422,3.943121396628808,2,15.12,6.94,13.46,12.05,6.3,16.79,6.64,10.22,14.83,37,10.21
423,3.943121396628808,2,15.12,6.97,13.52,12.05,6.35,16.79,6.53,10.26,14.89,36.14,10.21
424,3.943121396628808,2,15.24,6.99,13.46,12.1,6.35,16.72,6.53,10.22,14.89,36.57,10.78
425,3.943121396628808,2,15.24,6.99,13.52,12.05,6.35,16.72,6.53,10.47,14.89,36.57,10.25
426,3.943121396628808,2,15.24,6.99,13.52,11.95,6.35,16.72,6.53,10.43,14.89,36.57,10.45
427,3.943121396628808,2,15.24,6.91,13.52,11.86,6.27,16.65,6.46,10.3,14.83,36.78,10.25
428,3.943121396628808,2,15.18,6.94,13.52,11.95,6.3,16.65,6.51,10.26,14.83,36.14,10.37
429,3.943121396628808,2,15.12,6.97,13.52,11.72,6.3,16.65,6.51,10.59,14.89,35.51,10.87
430,3.943121396628808,2,15.18,6.97,13.57,11.86,6.27,16.65,6.51,10.55,14.89,35.51,10.33
431,3.943121396628808,2,15.18,6.97,13.57,11.67,6.27,16.65,6.51,10.39,14.89,35.93,10.37
432,3.943121396628808,2,15.12,6.94,13.52,11.58,6.3,16.65,6.43,10.84,14.83,35.93,10.29
433,3.943121396628808,2,15.06,6.91,13.57,12,6.27,16.58,6.48,10.59,14.83,35.72,10.25
434,3.943121396628808,2,15.12,6.91,13.57,12,6.25,16.58,6.48,10.43,14.89,36.78,10.29
435,3.943121396628808,2,15.12,6.88,13.63,12,6.22,16.58,6.43,10.47,14.96,37.22,10.29
436,3.943121396628808,2,15.12,6.88,13.63,12,6.27,16.58,6.53,10.43,14.96,37,10.21
437,3.943121396628808,2,15.12,6.88,13.63,11.62,6.3,16.58,6.58,10.67,14.96,36.57,10.78
438,3.943121396628808,2,15.18,6.91,13.68,11.76,6.25,16.58,6.48,10.97,15.02,37.44,10.37
439,3.943121396628808,2,15.31,6.88,13.68,11.67,6.25,16.58,6.58,10.76,14.96,37.22,10.7
440,3.943121396628808,2,15.49,6.88,13.74,11.86,6.25,16.58,6.43,10.63,15.15,37.44,10.49
441,3.943121396628808,2,15.18,6.88,13.74,11.72,6.25,16.58,6.53,10.55,14.96,36.35,10.29
442,3.943121396628808,2,15.12,6.88,13.74,11.62,6.25,16.58,6.46,10.47,15.02,35.72,10.61
443,3.943121396628808,2,15.06,6.83,13.74,11.86,6.19,16.51,6.4,10.51,14.96,37.22,10.41
444,3.943121396628808,2,15,6.85,13.74,11.72,6.25,16.58,6.43,10.43,14.96,36.57,11.26
445,3.943121396628808,2,15,6.83,13.74,11.72,6.19,16.51,6.4,10.51,14.96,36.78,10.41
446,3.943121396628808,2,14.94,6.8,13.74,11.72,6.19,16.51,6.4,10.67,14.96,36.57,10.41
447,3.943121396628808,2,14.87,6.83,13.79,11.67,6.22,16.51,6.35,10.51,14.96,36.35,10.41
448,3.943121396628808,2,15.12,6.8,13.74,11.58,6.17,16.44,6.35,10.34,14.96,35.93,10.41
449,3.943121396628808,2,15.18,6.8,13.79,11.58,6.25,16.44,6.4,10.34,14.96,35.31,10.21
450,3.943121396628808,2,15.24,6.8,13.85,11.62,6.22,16.51,6.38,10.43,15.02,39.06,10.45
451,3.943121396628808,2,14.87,6.83,13.85,11.95,6.25,16.51,6.4,10.43,14.96,36.14,10.21
452,3.943121396628808,2,14.94,6.85,13.9,11.9,6.27,16.58,6.43,10.47,15.09,35.51,10.61
453,3.943121396628808,2,14.69,6.8,13.9,11.86,6.22,16.44,6.38,10.47,15.09,35.31,10.49
454,3.943121396628808,2,15.24,6.8,13.96,11.86,6.22,16.51,6.38,10.67,15.09,36.57,10.41
455,3.943121396628808,2,15.43,6.8,13.96,11.86,6.22,16.51,6.33,10.51,15.09,36.35,10.37
456,3.943121396628808,2,15.37,6.83,13.96,11.9,6.25,16.51,6.4,10.55,15.15,35.51,10.61
457,3.943121396628808,2,15.43,6.8,13.96,11.86,6.22,16.51,6.4,10.55,15.15,35.93,10.61
458,3.943121396628808,2,15.49,6.77,13.96,11.81,6.22,16.51,6.35,10.55,15.09,39.3,10.53
459,3.943121396628808,2,15.49,6.74,14.07,11.81,6.19,16.44,6.35,10.63,15.09,35.72,10.29
460,3.943121396628808,2,15.56,6.77,14.01,11.9,6.22,16.44,6.38,10.55,15.09,36.57,10.53
461,3.943121396628808,2,15.62,6.8,14.07,11.81,6.3,16.51,6.4,10.76,15.15,36.35,10.53
462,3.943121396628808,2,15.56,6.77,14.01,11.58,6.19,16.44,6.33,10.55,15.15,35.72,10.41
463,3.943121396628808,2,15.56,6.77,14.07,11.67,6.25,16.44,6.38,10.63,15.09,36.57,10.53
464,3.943121396628808,2,15.56,6.74,14.07,11.44,6.22,16.38,6.35,10.63,15.15,37.22,10.49
465,3.943121396628808,2,15.62,6.77,14.07,11.67,6.22,16.38,6.35,10.67,15.15,36.35,10.57
466,3.943121396628808,2,15.62,6.74,14.13,11.62,6.22,16.38,6.35,10.67,15.15,36.14,10.41
467,3.943121396628808,2,15.56,6.77,14.13,11.67,6.25,16.38,6.35,10.72,15.09,36.14,10.95
468,3.943121396628808,2,15.56,6.74,14.13,11.39,6.22,16.38,6.35,10.55,15.15,35.93,10.53
469,3.943121396628808,2,15.62,6.8,14.18,11.49,6.27,16.44,6.38,10.84,15.15,35.93,10.41
470,3.943121396628808,2,15.56,6.74,14.13,11.39,6.22,16.38,6.33,10.67,15.15,35.93,10.49
471,3.943121396628808,2,15.56,6.77,14.18,11.39,6.25,16.38,6.35,11.01,15.22,36.14,10.57
472,3.943121396628808,2,15.56,6.74,14.18,11.67,6.22,16.31,6.28,10.67,15.09,39.3,10.49
473,3.943121396628808,2,15.69,6.77,14.18,11.72,6.25,16.38,6.33,10.72,15.22,36.78,10.53
474,3.943121396628808,2,15.49,6.74,14.18,11.72,6.25,16.31,6.28,10.72,15.22,36.57,10.53
475,3.943121396628808,2,15.37,6.74,14.24,11.67,6.22,16.31,6.3,10.76,15.22,36.35,10.53
476,3.943121396628808,2,15.37,6.77,14.24,11.72,6.27,16.31,6.48,11.32,15.22,36.57,10.49
477,3.943121396628808,2,15.62,6.74,14.3,11.67,6.25,16.31,6.3,11.37,15.35,36.57,10.61
478,3.943121396628808,2,15.95,6.83,14.42,11.81,6.4,16.44,6.38,11.5,15.35,37,10.61
479,3.943121396628808,2,15.69,6.69,14.24,11.62,6.22,16.24,6.28,11.55,15.22,36.35,10.57
480,3.943121396628808,2,15.62,6.69,14.3,11.62,6.17,16.24,6.2,11.5,15.22,36.35,10.53
481,3.9544586377939432,2,15.62,6.66,14.3,11.62,6.19,16.17,6.23,10.84,15.22,36.57,10.74
482,3.9544586377939432,2,15.69,6.69,14.36,11.62,6.19,16.24,6.28,10.84,15.22,40.54,10.45
483,3.9544586377939432,2,15.69,6.66,14.36,11.58,6.19,16.24,6.25,11.15,15.22,36.57,10.53
484,3.9544586377939432,2,15.69,6.66,14.36,11.58,6.19,16.17,6.28,11.46,15.22,36.78,10.37
485,3.9544586377939432,2,15.69,6.66,14.3,11.58,6.19,16.17,6.25,11.64,15.29,36.57,10.49
486,3.9544586377939432,2,15.56,6.61,14.36,11.49,6.14,16.11,6.2,11.64,15.22,36.35,10.17
487,3.9544586377939432,2,15.56,6.55,14.3,11.44,6.14,16.04,6.18,11.55,15.22,35.72,10.29
488,3.9544586377939432,2,15.56,6.58,14.36,11.49,6.12,16.11,6.25,11.59,15.22,40.54,10.21
489,3.9544586377939432,2,15.49,6.53,14.36,11.39,6.07,16.04,6.18,11.55,15.22,36.14,10.01
490,3.9544586377939432,2,15.56,6.55,14.36,11.44,6.12,16.04,6.18,11.55,15.29,35.72,10.25
491,3.9544586377939432,2,15.56,6.55,14.47,11.44,6.12,16.04,6.25,11.64,15.29,37,10.41
492,3.9544586377939432,2,15.49,6.53,14.42,11.39,6.09,15.97,6.15,11.64,15.22,36.78,10.49
493,3.9544586377939432,2,15.56,6.5,14.36,11.35,6.07,15.97,6.11,11.59,15.22,36.78,10.37
494,3.9544586377939432,2,15.56,6.53,14.42,11.39,6.12,16.04,6.18,11.5,15.22,36.57,11.17
495,3.9544586377939432,2,15.62,6.53,14.42,11.39,6.12,16.04,6.15,11.15,15.29,37.22,10.49
496,3.9544586377939432,2,15.31,6.55,14.36,11.39,6.17,15.91,6.18,12.8,15.09,37.22,10.33
497,3.9544586377939432,2,15.49,6.53,14.36,11.35,6.12,15.91,6.15,12.91,15.09,36.57,10.45
498,3.9544586377939432,2,15.43,6.47,14.3,11.26,6.07,15.78,6.08,13.27,15.02,36.14,10.37
499,3.9544586377939432,2,15.43,6.45,14.36,11.26,6.07,15.78,6.06,11.32,15.09,36.35,10.49
500,3.9544586377939432,2,15.18,6.47,14.3,11.26,6.07,15.78,6.11,13.06,15.09,36.14,10.33
501,3.9544586377939432,2,15.37,6.5,14.59,11.3,6.09,15.97,6.13,11.41,15.29,36.78,10.29
502,3.9544586377939432,2,15.37,6.47,14.65,11.3,6.09,15.97,6.13,11.46,15.29,37.44,10.57
503,3.9544586377939432,2,15.37,6.47,14.59,11.3,6.09,16.04,6.13,11.41,15.29,37.44,10.33
504,3.9544586377939432,2,15.49,6.45,14.53,11.22,6.07,16.04,6.08,11.32,15.29,37.22,10.21
505,3.9544586377939432,2,15.43,6.42,14.59,11.22,6.07,15.97,6.11,11.28,15.29,37,10.49
506,3.9544586377939432,2,15.49,6.42,14.59,11.22,6.07,15.97,6.08,11.15,15.29,36.57,10.37
507,3.9544586377939432,2,15.49,6.42,14.59,11.22,6.04,15.91,6.06,11.15,15.29,37.44,10.45
508,3.9544586377939432,2,15.56,6.47,14.71,11.26,6.12,16.04,6.2,11.1,15.35,37.9,10.49
509,3.9544586377939432,2,15.43,6.39,14.65,11.17,6.02,15.84,6.03,11.06,15.29,37.22,10.33
510,3.9544586377939432,2,15.49,6.42,14.71,11.17,6.07,15.91,6.06,11.1,15.35,36.78,10.37
511,3.9544586377939432,2,15.31,6.42,14.71,11.17,6.07,15.91,6.03,11.19,15.35,36.78,10.49
512,3.9544586377939432,2,15.43,6.39,14.71,11.13,6.04,15.91,6.06,11.32,15.35,36.78,10.37
513,3.9544586377939432,2,15.37,6.34,14.71,11.08,6.02,15.84,6.01,11.06,15.35,37,9.89
514,3.9544586377939432,2,15.37,6.32,14.65,11.04,5.99,15.71,6.01,11.06,15.29,37,10.21
515,3.9544586377939432,2,15.24,6.32,14.65,11.04,5.99,15.78,5.98,11.06,15.29,38.12,10.29
516,3.9544586377939432,2,15.24,6.29,14.71,11,5.99,15.71,6.03,11.1,15.29,36.78,10.01
517,3.9544586377939432,2,15.31,6.32,14.77,11.04,6.02,15.71,6.01,11.15,15.35,37.22,10.37
518,3.9544586377939432,2,15.24,6.32,14.77,11,6.02,15.71,6.01,11.15,15.29,37.22,10.29
519,3.9544586377939432,2,15.24,6.29,14.71,11,6.04,15.71,5.96,11.15,15.29,37,10.33
520,3.9544586377939432,2,15.31,6.32,14.83,11,6.02,15.71,6.01,11.15,15.35,36.35,10.09
521,3.9544586377939432,2,15.24,6.29,14.77,10.95,6.02,15.65,5.98,11.15,15.35,37.44,10.65
522,3.9544586377939432,2,15.31,6.32,14.83,10.95,6.04,15.71,6.01,11.19,15.42,36.57,10.37
523,3.9544586377939432,2,15.18,6.26,14.77,10.95,5.99,15.65,5.94,11.15,15.35,36.78,9.93
524,3.9544586377939432,2,15.18,6.24,14.77,10.91,5.94,15.52,5.94,11.15,15.29,36.57,10.21
525,3.9544586377939432,2,15.18,6.24,14.77,10.87,5.94,15.52,5.94,11.23,15.29,36.35,10.17
526,3.9544586377939432,2,15.18,6.21,14.77,10.82,5.94,15.52,5.94,11.15,15.35,35.93,10.25
527,3.9544586377939432,2,15.12,6.21,14.77,10.78,5.92,15.45,5.91,11.15,15.29,37.22,10.25
528,3.9544586377939432,2,15.12,6.19,14.77,10.78,5.92,15.39,5.91,11.37,15.22,36.14,10.13
529,3.9544586377939432,2,14.87,6.19,14.77,10.78,5.89,15.39,5.89,11.1,15.22,36.14,10.05
530,3.9544586377939432,2,15.06,6.16,14.77,10.74,5.89,15.39,5.89,11.06,15.22,35.51,10.01
531,3.9544586377939432,2,15.06,6.16,14.77,10.74,5.89,15.33,5.87,11.15,15.22,36.78,10.01
532,3.9544586377939432,2,15.06,6.14,14.77,10.7,5.89,15.33,5.84,11.06,15.22,35.93,10.17
533,3.9544586377939432,2,15.06,6.16,14.83,10.7,5.89,15.33,5.89,11.28,15.22,35.93,10.17
534,3.9544586377939432,2,15.06,6.16,14.83,10.7,5.94,15.33,5.84,11.32,15.22,36.35,9.97
535,3.9544586377939432,2,15.06,6.14,14.83,10.7,5.89,15.33,5.84,11.28,15.22,36.57,10.05
536,3.9544586377939432,2,15,6.14,14.89,10.65,5.92,15.26,5.96,11.1,15.22,36.14,10.05
537,3.9544586377939432,2,15,6.14,14.89,10.65,5.89,15.2,5.84,11.15,15.22,35.51,9.93
538,3.9544586377939432,2,14.94,6.11,14.89,10.65,5.87,15.2,5.84,11.19,15.22,37.22,10.17
539,3.9544586377939432,2,14.87,6.09,14.89,10.57,5.84,15.2,5.82,11.19,15.22,35.93,10.25
540,3.9544586377939432,2,14.81,6.04,14.95,10.53,5.82,15.14,5.8,11.55,15.22,36.57,9.89
541,3.993666323564176,2,14.87,6.01,14.89,10.45,5.79,15.08,5.75,11.15,15.15,36.14,9.93
542,3.993666323564176,2,14.81,6.01,14.89,10.45,5.79,15.08,5.77,11.1,15.15,36.35,9.97
543,3.993666323564176,2,14.81,6.01,14.89,10.45,5.79,15.08,5.77,11.15,15.22,34.31,10.09
544,3.993666323564176,2,14.81,6.01,14.89,10.41,5.79,15.08,5.77,11.1,15.15,35.72,10.21
545,3.993666323564176,2,14.81,5.99,14.89,10.41,5.77,15.02,5.73,11.15,15.15,36.57,9.93
546,3.993666323564176,2,14.81,5.99,14.95,10.45,5.79,15.02,5.82,11.28,15.22,36.78,10.09
547,3.993666323564176,2,14.81,5.99,14.95,10.37,5.79,14.95,5.73,11.19,15.22,35.72,9.74
548,3.993666323564176,2,14.81,5.99,14.95,10.37,5.79,15.02,5.75,11.23,15.22,37,9.93
549,3.993666323564176,2,14.87,6.01,15.01,10.41,5.79,15.02,5.75,11.23,15.22,36.35,9.85
550,3.993666323564176,2,14.87,6.01,15.01,10.37,5.82,15.02,5.75,11.23,15.22,36.35,10.65
551,3.993666323564176,2,14.81,6.01,15.01,10.37,5.82,15.02,5.73,11.5,15.29,37.22,10.17
552,3.993666323564176,2,14.81,5.99,15.08,10.32,5.79,15.02,5.73,11.5,15.22,36.78,10.17
553,3.993666323564176,2,14.81,5.99,15.08,10.32,5.79,14.95,5.7,11.59,15.35,37.22,10.25
554,3.993666323564176,2,14.81,5.99,15.08,10.32,5.79,14.89,5.73,11.59,15.22,38.83,10.25
555,3.993666323564176,2,14.75,5.96,15.14,10.28,5.79,14.83,5.7,11.59,15.29,36.78,9.78
556,3.993666323564176,2,14.75,5.94,15.14,10.24,5.79,14.83,5.68,11.32,15.29,37,10.09
557,3.993666323564176,2,13.5,5.96,15.14,10.24,5.79,14.83,5.73,11.28,15.29,35.93,9.85
558,3.993666323564176,2,13.56,5.91,15.14,10.2,5.75,14.77,5.66,11.28,15.22,36.14,9.93
559,3.993666323564176,2,13.94,5.91,15.14,10.24,5.79,14.89,5.66,11.32,15.22,36.57,10.09
560,3.993666323564176,2,14.17,5.91,15.14,10.2,5.75,14.89,5.68,11.32,15.22,35.51,10.05
561,3.993666323564176,2,14.23,5.91,15.2,10.16,5.75,14.89,5.68,11.19,15.22,36.35,9.97
562,3.993666323564176,2,14.46,5.94,15.2,10.2,5.77,14.71,5.68,11.41,15.29,37.44,10.13
563,3.993666323564176,2,14.46,5.94,15.2,10.16,5.79,14.71,5.68,11.37,15.22,35.72,10.25
564,3.993666323564176,2,14.46,5.91,15.26,10.16,5.77,14.71,5.66,11.5,15.29,36.14,10.25
565,3.993666323564176,2,14.52,5.91,15.26,10.16,5.77,14.71,5.61,11.41,15.29,36.35,10.25
566,3.993666323564176,2,14.52,5.91,15.32,10.12,5.77,14.65,5.63,11.41,15.29,36.14,10.17
567,3.993666323564176,2,14.52,5.91,15.32,10.12,5.75,14.65,5.63,11.46,15.29,35.93,10.13
568,3.993666323564176,2,14.58,5.89,15.32,10.08,5.77,14.65,5.63,11.41,15.29,35.51,10.21
569,3.993666323564176,2,14.58,5.89,15.32,10.08,5.75,14.65,5.59,11.41,15.35,35.93,10.17
570,3.993666323564176,2,14.58,5.89,15.39,10.08,5.77,14.65,5.59,11.46,15.35,35.72,10.13
571,3.993666323564176,2,14.46,5.81,15.32,10.01,5.7,14.53,5.54,11.46,15.22,35.11,9.89
572,3.993666323564176,2,14.64,5.91,15.45,10.08,5.79,14.65,5.63,11.64,15.35,35.93,10.57
573,3.993666323564176,2,14.64,5.94,15.45,10.08,5.82,14.65,5.63,11.46,15.42,35.72,10.17
574,3.993666323564176,2,14.64,5.91,15.51,10.08,5.77,14.65,5.63,11.55,15.42,35.72,10.09
575,3.993666323564176,2,14.64,5.89,15.51,10.05,5.77,14.65,5.61,11.82,15.42,39.55,10.21
576,3.993666323564176,2,14.64,5.89,15.51,10.05,5.77,14.59,5.61,11.41,15.42,35.72,10.25
577,3.993666323564176,2,14.64,5.89,15.58,10.05,5.79,14.59,5.61,11.46,15.42,35.72,10.25
578,3.993666323564176,2,14.64,5.89,15.58,10.05,5.79,14.59,5.61,11.5,15.42,36.14,10.21
579,3.993666323564176,2,14.64,5.86,15.58,10.01,5.77,14.59,5.59,11.32,15.42,35.51,10.21
580,3.993666323564176,2,14.58,5.86,15.64,9.97,5.75,14.71,5.57,11.5,15.49,35.72,10.13
581,3.993666323564176,2,14.64,5.86,15.64,9.93,5.77,14.71,5.59,11.55,15.42,36.14,10.21
582,3.993666323564176,2,14.64,5.86,15.64,9.93,5.77,14.71,5.61,11.55,15.49,35.93,10.13
583,3.993666323564176,2,14.58,5.84,15.64,9.93,5.75,14.65,5.57,11.55,15.42,36.14,10.09
584,3.993666323564176,2,14.64,5.86,15.71,9.93,5.77,14.77,5.57,11.59,15.42,35.93,10.17
585,3.993666323564176,2,14.64,5.86,15.64,9.93,5.77,14.71,5.57,12.55,15.42,36.35,9.97
586,3.993666323564176,2,14.64,5.84,15.71,9.89,5.75,14.53,5.57,12.8,15.42,35.72,10.17
587,3.993666323564176,2,14.64,5.84,15.71,9.89,5.77,14.53,5.57,12.91,15.49,35.11,10.17
588,3.993666323564176,2,14.58,5.81,15.71,9.85,5.72,14.59,5.54,12.91,15.42,35.11,9.97
589,3.993666323564176,2,14.58,5.81,15.77,9.81,5.75,14.53,5.48,12.91,15.49,35.72,10.13
590,3.993666323564176,2,14.52,5.81,15.77,9.81,5.72,14.47,5.54,12.91,15.42,35.72,9.97
591,3.993666323564176,2,14.46,5.79,15.77,9.81,5.77,14.47,5.5,12.85,15.42,35.51,10.05
592,3.993666323564176,2,14.52,5.79,15.77,9.81,5.72,14.36,5.5,12.85,15.49,33.74,10.09
593,3.993666323564176,2,14.52,5.79,15.84,9.77,5.72,14.36,5.5,12.8,15.49,35.93,9.97
594,3.993666323564176,2,14.58,5.81,15.9,9.77,5.75,14.42,5.52,12.96,15.49,35.11,10.25
595,3.993666323564176,2,14.58,5.81,15.9,9.77,5.77,14.36,5.5,13.06,15.49,36.14,10.45
596,3.993666323564176,2,14.52,5.79,15.9,9.73,5.72,14.36,5.48,12.96,15.49,36.14,9.89
597,3.993666323564176,2,14.58,5.79,15.9,9.73,5.72,14.36,5.5,12.96,15.49,36.14,10.05
598,3.993666323564176,2,14.52,5.79,15.97,9.73,5.72,14.36,5.5,13.01,15.49,36.57,10.09
599,3.993666323564176,2,14.52,5.79,15.97,9.7,5.72,14.3,5.48,12.5,15.56,35.72,10.21
600,3.993666323564176,2,14.52,5.76,15.97,9.66,5.7,14.3,5.45,12.96,15.56,35.72,9.55
601,3.9997581174861336,2,14.52,5.76,15.97,9.66,5.72,14.3,5.45,13.38,15.49,35.93,10.25
602,3.9997581174861336,2,14.52,5.74,16.03,9.62,5.7,14.24,5.41,12.96,15.56,37,10.25
603,3.9997581174861336,2,14.52,5.74,16.03,9.7,5.7,14.24,5.43,12.91,15.56,34.91,10.21
604,3.9997581174861336,2,14.46,5.72,16.03,9.58,5.7,14.18,5.43,11.69,15.56,36.14,10.17
605,3.9997581174861336,2,14.46,5.69,16.03,9.55,5.67,14.18,5.43,11.78,15.49,35.72,10.17
606,3.9997581174861336,2,14.4,5.69,16.03,9.58,5.67,14.18,5.43,11.78,15.56,34.51,9.78
607,3.9997581174861336,2,14.28,5.69,16.1,9.55,5.67,14.18,5.43,11.78,15.56,35.72,9.97
608,3.9997581174861336,2,14.17,5.62,15.97,9.43,5.6,14.07,5.34,11.73,15.49,35.51,10.05
609,3.9997581174861336,2,14.34,5.69,16.1,9.51,5.65,14.18,5.41,11.82,15.56,35.31,10.17
610,3.9997581174861336,2,14.34,5.67,16.1,9.51,5.67,14.18,5.41,11.82,15.56,35.11,10.09
611,3.9997581174861336,2,14.4,5.67,16.1,9.47,5.63,14.13,5.39,11.82,15.56,35.11,10.13
612,3.9997581174861336,2,14.4,5.69,16.17,9.47,5.65,14.07,5.41,11.87,15.56,35.51,10.05
613,3.9997581174861336,2,14.4,5.67,16.17,9.43,5.63,14.07,5.39,11.92,15.56,36.57,9.93
614,3.9997581174861336,2,14.4,5.67,16.24,9.43,5.65,14.07,5.39,12.01,15.56,35.72,9.97
615,3.9997581174861336,2,14.4,5.67,16.24,9.43,5.65,14.07,5.36,12.06,15.56,35.51,9.78
616,3.9997581174861336,2,14.4,5.64,16.24,9.4,5.63,14.07,5.39,11.92,15.63,37.67,9.97
617,3.9997581174861336,2,14.4,5.64,16.24,9.4,5.63,14.01,5.36,11.97,15.56,36.57,10.17
618,3.9997581174861336,2,14.4,5.64,16.3,9.36,5.63,14.07,5.36,11.97,15.56,36.35,9.81
619,3.9997581174861336,2,14.4,5.64,16.3,9.4,5.63,14.07,5.34,11.97,15.56,35.72,9.85
620,3.9997581174861336,2,14.46,5.67,16.37,9.4,5.67,14.07,5.36,12.01,15.63,33.93,10.25
621,3.9997581174861336,2,14.4,5.64,16.3,9.32,5.63,14.01,5.34,12.01,15.63,35.51,10.13
622,3.9997581174861336,2,14.46,5.67,16.44,9.29,5.67,14.07,5.39,12.3,15.63,36.35,9.93
623,3.9997581174861336,2,14.34,5.64,16.37,9.25,5.63,14.01,5.34,12.6,15.63,36.14,10.13
624,3.9997581174861336,2,14.4,5.64,16.37,9.22,5.63,14.01,5.32,12.3,15.63,35.51,10.25
625,3.9997581174861336,2,14.34,5.62,16.51,9.25,5.6,13.96,5.32,12.06,15.63,34.91,10.09
626,3.9997581174861336,2,14.4,5.64,16.51,9.22,5.63,14.01,5.34,12.8,15.7,36.57,10.13
627,3.9997581174861336,2,14.4,5.62,16.44,9.18,5.6,14.01,5.3,12.8,15.7,35.93,9.85
628,3.9997581174861336,2,14.4,5.64,16.51,9.18,5.63,13.96,5.34,12.85,15.7,35.31,10.05
629,3.9997581174861336,2,14.4,5.62,16.51,9,5.6,13.9,5.3,12.85,15.7,35.31,9.93
630,3.9997581174861336,2,14.34,5.62,16.51,8.93,5.58,13.84,5.3,12.16,15.7,35.93,10.13
631,3.9997581174861336,2,14.34,5.6,16.58,8.93,5.55,13.79,5.3,12.16,15.7,35.72,9.97
632,3.9997581174861336,2,14.17,5.62,16.51,9.14,5.6,13.84,5.3,12.3,15.7,35.51,10.13
633,3.9997581174861336,2,14.23,5.57,16.51,9.07,5.55,13.79,5.26,12.16,15.63,35.31,9.81
634,3.9997581174861336,2,14.06,5.57,16.58,9.07,5.55,13.79,5.26,12.16,15.7,34.91,10.09
635,3.9997581174861336,2,14.28,5.57,16.58,9.07,5.58,13.79,5.28,12.21,15.7,35.11,10.01
636,3.9997581174861336,2,14.23,5.57,16.65,9.04,5.58,13.79,5.26,12.25,15.7,35.51,10.09
637,3.9997581174861336,2,14.17,5.55,16.65,8.97,5.55,13.57,5.23,12.21,15.7,34.91,9.97
638,3.9997581174861336,2,14.23,5.57,16.65,9,5.58,13.62,5.28,12.25,15.77,34.91,9.97
639,3.9997581174861336,2,14.23,5.55,16.65,8.97,5.55,13.57,5.26,12.3,15.7,35.51,9.97
640,3.9997581174861336,2,14.23,5.55,16.65,8.9,5.55,13.57,5.23,12.35,15.7,34.91,9.93
641,3.9997581174861336,2,14.17,5.52,16.72,8.9,5.53,13.57,5.23,12.3,15.7,35.31,9.81
642,3.9997581174861336,2,14.17,5.52,16.72,8.86,5.55,13.57,5.23,12.3,15.7,35.51,10.09
643,3.9997581174861336,2,14,5.52,16.72,8.79,5.51,13.51,5.26,12.4,15.7,36.35,9.93
644,3.9997581174861336,2,14.23,5.52,16.79,8.86,5.55,13.57,5.23,12.45,15.7,33.74,9.97
645,3.9997581174861336,2,14.23,5.55,16.86,8.86,5.58,13.62,5.26,12.45,15.77,36.35,9.89
646,3.9997581174861336,2,14.17,5.52,16.79,8.83,5.55,13.57,5.21,12.45,15.7,35.31,9.89
647,3.9997581174861336,2,14.17,5.5,16.72,8.83,5.53,13.57,5.21,12.4,15.7,35.11,9.81
648,3.9997581174861336,2,14.11,5.5,16.79,8.79,5.55,13.57,5.21,12.45,15.7,34.31,9.89
649,3.9997581174861336,2,14.11,5.48,16.79,8.79,5.51,13.46,5.19,12.5,15.7,36.35,9.85
650,3.9997581174861336,2,14.17,5.5,16.86,8.76,5.53,13.51,5.17,12.3,15.7,35.11,9.7
651,3.9997581174861336,2,14.06,5.5,16.93,8.76,5.55,13.51,5.19,12.45,15.77,35.72,9.97
652,3.9997581174861336,2,14.06,5.5,16.86,8.73,5.53,13.51,5.17,12.45,15.7,35.51,9.81
653,3.9997581174861336,2,14.06,5.5,16.86,8.76,5.55,13.46,5.19,12.4,15.7,34.71,9.85
654,3.9997581174861336,2,14.06,5.48,16.86,8.66,5.53,13.46,5.17,12.4,15.7,34.91,9.85
655,3.9997581174861336,2,13.83,5.48,16.86,8.52,5.53,13.46,5.17,12.45,15.7,34.91,9.89
656,3.9997581174861336,2,13.89,5.45,16.79,8.62,5.53,13.41,5.13,12.4,15.63,34.71,9.85
657,3.9997581174861336,2,13.83,5.48,16.86,8.69,5.55,13.51,5.15,12.45,15.63,35.11,9.97
658,3.9997581174861336,2,13.94,5.45,17,8.59,5.53,13.62,5.15,12.45,15.77,35.11,9.93
659,3.9997581174861336,2,13.94,5.45,16.93,8.59,5.51,13.57,5.13,12.45,15.77,34.91,9.85
660,3.9997581174861336,2,13.94,5.45,17,8.69,5.51,13.51,5.11,12.55,15.77,35.11,9.89
661,4.049554083074122,3,13.94,5.45,17,8.69,5.51,13.51,5.11,12.6,15.7,34.71,9.81
662,4.049554083074122,3,14,5.48,17.07,8.62,5.55,13.57,5.13,12.91,15.84,36.35,9.93
663,4.049554083074122,3,13.94,5.45,17.07,8.56,5.53,13.51,5.13,12.8,15.77,34.12,9.51
664,4.049554083074122,3,13.89,5.43,17,8.56,5.51,13.41,5.11,12.85,15.7,33.93,9.89
665,4.049554083074122,3,13.94,5.43,17,8.69,5.51,13.46,5.11,12.55,15.7,33.74,9.89
666,4.049554083074122,3,13.94,5.45,17.14,8.49,5.53,13.46,5.13,12.6,15.84,34.91,9.62
667,4.049554083074122,3,13.94,5.45,17.07,8.66,5.51,13.41,5.11,12.6,15.7,34.31,9.85
668,4.049554083074122,3,13.94,5.41,17.14,8.46,5.44,13.41,5.06,12.55,15.77,35.11,9.74
669,4.049554083074122,3,13.94,5.43,17.14,8.62,5.48,13.41,5.09,12.8,15.77,34.31,9.66
670,4.049554083074122,3,13.89,5.43,17.14,8.69,5.44,13.41,5.09,12.7,15.77,34.71,9.81
671,4.049554083074122,3,13.89,5.43,17.21,8.62,5.48,13.46,5.11,12.75,15.84,34.91,9.93
672,4.049554083074122,3,13.89,5.43,17.21,8.66,5.46,13.41,5.09,12.65,15.77,34.91,9.74
673,4.049554083074122,3,13.83,5.41,17.21,8.66,5.44,13.41,5.04,12.7,15.77,33.55,9.89
674,4.049554083074122,3,13.89,5.41,17.21,8.66,5.44,13.41,5.04,12.75,15.77,34.51,9.89
675,4.049554083074122,3,13.89,5.41,17.21,8.66,5.46,13.35,5.04,12.75,15.77,34.71,9.81
676,4.049554083074122,3,13.94,5.43,17.29,8.69,5.46,13.41,5.06,12.8,15.84,34.71,9.97
677,4.049554083074122,3,13.94,5.45,17.29,8.66,5.48,13.41,5.06,12.91,15.84,33.17,9.81
678,4.049554083074122,3,14,5.45,17.36,8.73,5.51,13.41,5.11,13.17,15.91,34.91,9.85
679,4.049554083074122,3,13.94,5.45,17.36,8.69,5.51,13.41,5.09,12.96,15.91,35.51,10.17
680,4.049554083074122,3,13.94,5.41,17.43,8.62,5.46,13.35,5.06,12.91,15.84,32.81,9.55
681,4.049554083074122,3,13.89,5.41,17.36,8.62,5.46,13.35,5.04,13.38,15.84,34.91,9.78
682,4.049554083074122,3,13.89,5.41,17.43,8.62,5.46,13.35,4.94,12.85,15.84,34.91,9.78
683,4.049554083074122,3,13.89,5.43,17.43,8.62,5.48,13.19,4.98,12.96,15.91,33.17,9.85
684,4.049554083074122,3,13.83,5.41,17.43,8.62,5.48,13.19,5,12.96,15.91,36.78,9.81
685,4.049554083074122,3,13.83,5.38,17.51,8.59,5.46,13.14,5,12.91,15.84,33.36,9.7
686,4.049554083074122,3,13.83,5.38,17.51,8.59,5.46,13.14,5,12.96,15.91,34.51,9.7
687,4.049554083074122,3,13.61,5.38,17.51,8.59,5.46,13.14,4.98,13.01,15.84,34.51,9.78
688,4.049554083074122,3,13.89,5.41,17.58,8.59,5.48,13.14,5.02,12.96,15.91,35.51,9.78
689,4.049554083074122,3,13.89,5.41,17.58,8.59,5.48,13.19,5.09,12.96,15.98,34.12,9.7
690,4.049554083074122,3,13.89,5.38,17.51,8.56,5.46,13.09,5,12.91,15.91,34.51,9.66
691,4.049554083074122,3,13.89,5.41,17.58,8.52,5.46,13.14,5.02,12.96,15.91,34.31,9.51
692,4.049554083074122,3,13.83,5.41,17.58,8.52,5.48,13.14,5.02,12.8,15.91,35.11,9.78
693,4.049554083074122,3,13.89,5.41,17.66,8.52,5.48,13.19,5.02,12.91,15.98,34.91,9.85
694,4.049554083074122,3,13.83,5.38,17.66,8.49,5.46,13.14,5,13.22,15.98,34.71,9.74
695,4.049554083074122,3,13.94,5.43,17.73,8.52,5.51,13.25,5.04,13.11,15.98,34.51,9.93
696,4.049554083074122,3,13.78,5.36,17.58,8.46,5.44,13.04,4.96,13.01,15.91,35.51,9.74
697,4.049554083074122,3,13.72,5.32,17.58,8.23,5.41,13.04,4.96,13.01,15.91,33.93,9.74
698,4.049554083074122,3,13.72,5.32,17.58,8.42,5.39,12.98,4.94,13.33,15.84,34.12,9.74
699,4.049554083074122,3,13.78,5.36,17.66,8.49,5.44,13.04,4.96,12.96,15.91,34.31,9.78
700,4.049554083074122,3,13.83,5.38,17.66,8.49,5.44,13.09,4.98,13.17,15.91,34.51,9.78
701,4.049554083074122,3,13.67,5.32,17.66,8.42,5.37,12.98,4.94,13.06,15.84,34.12,9.66
702,4.049554083074122,3,13.78,5.36,17.73,8.49,5.44,13.09,4.98,13.11,15.98,34.71,9.74
703,4.049554083074122,3,13.78,5.38,17.81,8.52,5.44,13.09,4.98,13.27,15.98,34.71,9.44
704,4.049554083074122,3,13.89,5.45,17.88,8.66,5.53,13.19,5.04,13.22,16.05,35.31,9.93
705,4.049554083074122,3,13.78,5.38,17.81,8.52,5.46,13.09,4.98,13.17,15.98,34.12,9.78
706,4.049554083074122,3,13.72,5.36,17.81,8.46,5.41,13.04,4.96,13.17,15.98,33.93,9.81
707,4.049554083074122,3,13.72,5.32,17.73,8.42,5.39,12.98,4.94,13.11,15.91,34.31,9.36
708,4.049554083074122,3,13.61,5.27,17.73,8.36,5.34,12.88,4.88,13.17,15.91,33.17,9.66
709,4.049554083074122,3,13.61,5.32,17.81,8.42,5.39,12.93,4.92,13.33,15.91,33.74,9.7
710,4.049554083074122,3,13.61,5.27,17.73,8.36,5.37,12.88,4.9,13.11,15.84,34.31,9.7
711,4.049554083074122,3,13.61,5.27,17.73,8.39,5.37,12.88,4.9,13.11,15.91,33.93,9.51
712,4.049554083074122,3,13.56,5.25,17.73,8.32,5.34,12.83,4.88,13.17,15.84,34.31,9.62
713,4.049554083074122,3,13.5,5.2,17.66,8.26,5.3,12.78,4.84,13.06,15.7,33.93,9.48
714,4.049554083074122,3,13.94,5.48,17.96,8.59,5.58,13.14,5.04,13.38,16.05,37.22,9.89
715,4.049554083074122,3,13.78,5.38,17.81,8.46,5.48,12.98,4.94,13.22,15.91,34.31,9.7
716,4.049554083074122,3,13.5,5.32,17.88,8.42,5.44,12.88,4.86,13.22,15.98,35.11,9.7
717,4.049554083074122,3,13.67,5.29,17.88,8.36,5.41,12.83,4.88,13.27,15.98,34.31,9.59
718,4.049554083074122,3,13.61,5.27,17.88,8.32,5.39,12.78,4.86,13.27,15.98,34.31,9.62
719,4.049554083074122,3,13.61,5.27,17.88,8.32,5.39,12.78,4.94,13.11,15.98,34.31,9.66
720,4.049554083074122,3,13.61,5.27,17.88,8.32,5.39,12.73,4.86,13.27,15.98,35.93,9.51
721,4.122483910931027,3,13.56,5.27,17.88,8.32,5.37,12.73,4.84,13.33,15.98,34.12,9.36
722,4.122483910931027,3,13.5,5.22,17.88,8.29,5.32,12.68,4.84,13.33,15.91,33.93,9.55
723,4.122483910931027,3,13.61,5.29,17.96,8.32,5.37,12.78,4.88,13.33,15.98,34.31,9.62
724,4.122483910931027,3,13.56,5.29,18.04,8.36,5.37,12.78,4.88,13.6,16.05,34.51,9.26
725,4.122483910931027,3,13.61,5.32,17.96,8.36,5.39,12.78,4.88,13.71,15.98,35.31,9.48
726,4.122483910931027,3,13.61,5.29,18.04,8.32,5.37,12.78,4.86,13.54,15.98,33.93,9.55
727,4.122483910931027,3,13.61,5.32,18.11,8.32,5.39,12.78,4.88,13.49,16.05,34.71,9.85
728,4.122483910931027,3,13.61,5.32,18.11,8.36,5.41,12.83,4.9,13.22,16.05,34.51,9.66
729,4.122483910931027,3,13.56,5.29,18.04,8.29,5.37,12.78,4.86,13.44,16.05,35.31,9.18
730,4.122483910931027,3,13.5,5.27,18.11,8.29,5.34,12.73,4.84,13.38,16.05,33.93,9.51
731,4.122483910931027,3,13.5,5.27,18.11,8.32,5.37,12.73,4.84,13.38,16.05,34.31,9.59
732,4.122483910931027,3,13.45,5.25,18.11,8.26,5.34,12.73,4.84,13.54,16.05,34.31,9.55
733,4.122483910931027,3,13.45,5.27,18.11,8.32,5.37,12.73,4.84,13.49,16.05,35.11,9.51
734,4.122483910931027,3,13.45,5.27,18.11,8.26,5.34,12.68,4.82,14.16,16.05,35.11,9.55
735,4.122483910931027,3,13.4,5.25,18.11,8.23,5.34,12.63,4.82,13.99,15.98,34.51,9.85
736,4.122483910931027,3,13.4,5.22,18.11,8.23,5.34,12.63,4.82,13.65,15.98,34.12,9.51
737,4.122483910931027,3,13.4,5.22,18.04,8.23,5.32,12.63,4.8,13.38,15.98,33.74,9.55
738,4.122483910931027,3,13.4,5.25,18.19,8.26,5.34,12.63,4.84,13.6,15.98,35.11,9.51
739,4.122483910931027,3,13.4,5.22,18.11,8.23,5.32,12.63,4.8,13.49,15.98,34.12,9.51
740,4.122483910931027,3,13.4,5.22,18.11,8.23,5.34,12.63,4.8,13.54,15.98,34.12,9.48
741,4.122483910931027,3,13.4,5.22,18.11,8.23,5.34,12.63,4.8,13.54,15.98,33.93,9.51
742,4.122483910931027,3,13.4,5.22,18.11,8.2,5.32,12.63,4.8,13.6,15.98,33.74,9.59
743,4.122483910931027,3,13.34,5.22,18.11,8.2,5.32,12.63,4.8,13.71,15.98,34.12,9.55
744,4.122483910931027,3,13.34,5.22,18.11,8.2,5.34,12.63,4.8,13.65,15.98,33.93,9.62
745,4.122483910931027,3,13.4,5.25,18.19,8.23,5.34,12.68,4.82,14.33,16.05,36.35,9.78
746,4.122483910931027,3,13.34,5.22,18.19,8.16,5.32,12.63,4.78,14.33,15.98,34.71,9.66
747,4.122483910931027,3,13.4,5.25,18.19,8.2,5.32,12.63,4.8,14.39,15.98,32.99,9.62
748,4.122483910931027,3,13.34,5.25,18.19,8.2,5.34,12.63,4.8,14.39,15.98,33.93,9.48
749,4.122483910931027,3,13.34,5.22,18.19,8.16,5.32,12.63,4.78,14.39,15.98,32.99,9.62
750,4.122483910931027,3,13.45,5.25,18.27,8.2,5.34,12.63,4.8,14.33,15.98,33.93,9.59
751,4.122483910931027,3,13.45,5.25,18.27,8.16,5.37,12.63,4.78,14.33,15.98,33.55,9.66
752,4.122483910931027,3,13.4,5.22,18.27,8.2,5.32,12.63,4.78,13.6,15.98,33.74,9.4
753,4.122483910931027,3,12.98,5.22,18.27,8.16,5.34,12.63,4.78,13.54,16.05,33.36,9.18
754,4.122483910931027,3,13.29,5.22,18.27,8.16,5.32,12.63,4.78,13.6,16.05,34.12,9.4
755,4.122483910931027,3,13.08,5.18,18.19,8.1,5.3,12.58,4.72,13.54,15.91,33.74,9.26
756,4.122483910931027,3,13.24,5.2,18.19,8.1,5.3,12.53,4.74,13.6,16.12,32.63,9.55
757,4.122483910931027,3,13.18,5.18,18.19,8.07,5.3,12.53,4.72,13.54,16.12,33.55,9.48
758,4.122483910931027,3,13.18,5.18,18.27,8.07,5.3,12.53,4.74,13.65,15.91,33.55,9.48
759,4.122483910931027,3,13.18,5.18,18.19,8.07,5.32,12.53,4.74,13.71,15.91,33.36,9.74
760,4.122483910931027,3,13.18,5.18,18.19,8.07,5.32,12.53,4.72,13.65,15.91,32.63,9.81
761,4.122483910931027,3,13.24,5.2,18.27,8.1,5.32,12.53,4.74,13.82,15.98,33.17,9.18
762,4.122483910931027,3,13.18,5.2,18.27,8.07,5.32,12.53,4.74,14.33,15.98,32.27,9.33
763,4.122483910931027,3,13.18,5.18,18.27,8.07,5.32,12.53,4.76,13.71,15.98,32.99,9.44
764,4.122483910931027,3,13.13,5.18,18.27,8.04,5.32,12.48,4.72,13.71,15.98,33.55,9.51
765,4.122483910931027,3,13.18,5.2,18.27,8.07,5.32,12.53,4.74,14.33,15.91,31.74,9.51
766,4.122483910931027,3,13.18,5.18,18.35,8.04,5.32,12.53,4.72,14.16,15.98,33.55,9.44
767,4.122483910931027,3,13.18,5.18,18.27,8.04,5.3,12.48,4.7,14.05,15.98,32.99,9.22
768,4.122483910931027,3,13.18,5.18,18.35,8.04,5.32,12.48,4.72,13.99,15.98,33.55,9.4
769,4.122483910931027,3,13.18,5.18,18.27,8.04,5.32,12.48,4.72,14.57,15.91,33.55,9.7
770,4.122483910931027,3,13.18,5.16,18.27,8,5.3,12.43,4.7,13.93,15.91,33.36,9.22
771,4.122483910931027,3,13.18,5.16,18.27,8,5.3,12.43,4.7,14.05,15.91,34.12,9.44
772,4.122483910931027,3,13.13,5.16,18.19,8,5.3,12.38,4.68,14.05,15.91,33.36,9.4
773,4.122483910931027,3,13.13,5.16,18.27,7.97,5.3,12.38,4.7,14.22,15.91,33.93,9.36
774,4.122483910931027,3,13.08,5.16,18.27,7.97,5.28,12.38,4.68,14.69,15.91,33.55,9.4
775,4.122483910931027,3,13.08,5.16,18.27,7.97,5.3,12.38,4.68,14.69,15.91,33.36,9.74
776,4.122483910931027,3,13.08,5.13,18.27,7.94,5.28,12.38,4.68,14.51,15.91,32.99,9.44
777,4.122483910931027,3,13.08,5.16,18.27,7.97,5.3,12.38,4.68,14.39,15.91,32.99,9.89
778,4.122483910931027,3,13.08,5.16,18.35,7.97,5.28,12.38,4.68,13.38,15.91,33.36,9.36
779,4.122483910931027,3,13.08,5.13,18.35,7.94,5.28,12.38,4.66,13.65,15.91,31.92,9.29
780,4.122483910931027,3,13.03,5.16,18.35,7.94,5.23,12.33,4.66,13.49,15.91,34.51,9.04
781,4.257484898736022,3,13.03,5.13,18.35,7.94,5.28,12.38,4.68,13.6,15.91,34.31,9.29
782,4.257484898736022,3,13.08,5.16,18.35,7.97,5.32,12.43,4.7,13.71,15.98,35.31,9.59
783,4.257484898736022,3,13.08,5.16,18.43,7.94,5.28,12.38,4.68,13.76,15.91,34.31,9.33
784,4.257484898736022,3,13.08,5.13,18.35,7.91,5.25,12.33,4.66,14.69,15.91,33.93,9.29
785,4.257484898736022,3,13.18,5.16,18.43,7.97,5.3,12.38,4.68,13.54,15.91,34.51,9.51
786,4.257484898736022,3,13.13,5.16,18.35,7.94,5.3,12.33,4.68,13.65,15.84,34.31,9.36
787,4.257484898736022,3,13.03,5.09,18.35,7.88,5.25,12.28,4.64,13.6,15.84,33.55,9.4
788,4.257484898736022,3,13.03,5.09,18.27,7.94,5.25,12.28,4.64,13.76,15.84,34.12,9.36
789,4.257484898736022,3,13.08,5.11,18.27,7.88,5.3,12.28,4.64,13.6,15.77,33.93,9.4
790,4.257484898736022,3,13.08,5.13,18.35,7.91,5.3,12.28,4.64,14.05,15.84,34.12,9.4
791,4.257484898736022,3,13.08,5.11,18.43,7.88,5.28,12.28,4.64,14.1,15.84,33.74,9.36
792,4.257484898736022,3,13.03,5.09,18.27,7.85,5.25,12.19,4.6,14.57,15.91,33.55,9.29
793,4.257484898736022,3,13.03,5.09,18.35,7.85,5.25,12.19,4.62,13.71,15.77,34.51,9.48
794,4.257484898736022,3,13.03,5.09,18.35,7.85,5.25,12.19,4.6,13.82,15.84,33.74,9.22
795,4.257484898736022,3,13.03,5.09,18.35,7.85,5.28,12.23,4.62,14.16,15.77,33.74,9.33
796,4.257484898736022,3,13.03,5.11,18.35,7.91,5.3,12.23,4.62,14.45,15.77,33.74,9.51
797,4.257484898736022,3,13.03,5.09,18.27,7.85,5.28,12.19,4.6,14.57,15.77,35.31,9.51
798,4.257484898736022,3,13.08,5.11,18.43,7.88,5.3,12.23,4.6,14.81,15.84,33.36,9.44
799,4.257484898736022,3,13.08,5.11,18.43,7.88,5.28,12.23,4.62,13.99,15.91,33.93,9.4
800,4.257484898736022,3,13.08,5.11,18.51,7.88,5.3,12.23,4.62,15.25,15.91,33.93,9.33
801,4.257484898736022,3,13.08,5.11,18.51,7.88,5.32,12.28,4.64,14.81,15.91,33.93,9.36
802,4.257484898736022,3,13.13,5.13,18.51,7.91,5.32,12.28,4.64,14.75,15.91,33.36,9.33
803,4.257484898736022,3,13.13,5.16,18.51,7.88,5.32,12.28,4.64,14.69,15.91,34.71,9.04
804,4.257484898736022,3,13.18,5.18,18.51,7.94,5.37,12.33,4.66,14.57,15.98,33.93,9.55
805,4.257484898736022,3,13.18,5.16,18.59,7.91,5.34,12.28,4.66,14.75,15.98,33.93,9.36
806,4.257484898736022,3,13.13,5.16,18.51,7.91,5.34,12.28,4.64,14.63,15.91,34.31,9.33
807,4.257484898736022,3,13.08,5.13,18.51,7.88,5.34,12.23,4.64,14.75,15.91,33.55,9.48
808,4.257484898736022,3,13.13,5.16,18.51,7.88,5.34,12.23,4.62,14.33,15.91,34.71,9.4
809,4.257484898736022,3,13.13,5.16,18.59,7.88,5.34,12.28,4.64,13.71,15.98,34.12,9.51
810,4.257484898736022,3,13.18,5.16,18.67,7.88,5.34,12.28,4.64,13.71,15.98,34.12,9.18
811,4.257484898736022,3,13.18,5.16,18.67,7.88,5.32,12.28,4.62,13.76,15.98,34.31,9.48
812,4.257484898736022,3,13.13,5.16,18.67,7.88,5.34,12.28,4.64,13.93,15.98,34.12,9.36
813,4.257484898736022,3,13.13,5.16,18.67,7.88,5.32,12.23,4.62,13.82,15.98,33.93,9.62
814,4.257484898736022,3,13.08,5.16,18.59,7.88,5.32,12.23,4.62,14.57,15.98,32.63,9.18
815,4.257484898736022,3,13.08,5.13,18.59,7.85,5.32,12.23,4.62,14.28,15.98,32.99,9.4
816,4.257484898736022,3,13.08,5.13,18.67,7.85,5.3,12.23,4.62,13.99,15.98,33.93,9.48
817,4.257484898736022,3,13.08,5.16,18.67,7.85,5.3,12.23,4.62,14.63,15.98,33.93,9.51
818,4.257484898736022,3,13.08,5.16,18.67,7.88,5.32,12.23,4.64,14.87,15.98,33.93,9.44
819,4.257484898736022,3,13.08,5.16,18.67,7.85,5.32,12.23,4.62,14.51,16.05,34.12,9.36
820,4.257484898736022,3,13.08,5.13,18.67,7.85,5.3,12.23,4.6,14.75,15.91,33.17,9.33
821,4.257484898736022,3,13.03,5.13,18.67,7.88,5.3,12.19,4.62,14.45,15.91,33.74,9.36
822,4.257484898736022,3,13.03,5.13,18.67,7.85,5.3,12.23,4.62,14.57,15.98,34.12,9.44
823,4.257484898736022,3,13.08,5.13,18.75,7.85,5.3,12.23,4.62,14.75,16.05,33.93,9.33
824,4.257484898736022,3,13.03,5.13,18.75,7.85,5.3,12.23,4.62,14.39,15.98,34.31,9.44
825,4.257484898736022,3,13.08,5.13,18.75,7.85,5.32,12.23,4.68,14.45,16.05,34.12,9.48
826,4.257484898736022,3,13.08,5.16,18.75,7.85,5.32,12.23,4.62,14.81,16.05,34.12,9.44
827,4.257484898736022,3,13.03,5.16,18.75,7.85,5.3,12.23,4.62,14.75,15.98,33.93,9.04
828,4.257484898736022,3,13.03,5.16,18.75,7.85,5.32,12.23,4.62,14.57,15.98,33.93,9.44
829,4.257484898736022,3,13.03,5.13,18.75,7.82,5.3,12.23,4.6,13.93,15.98,33.74,9.18
830,4.257484898736022,3,13.03,5.13,18.75,7.82,5.3,12.23,4.62,14.69,15.98,34.31,9.48
831,4.257484898736022,3,13.08,5.16,18.75,7.82,5.32,12.23,4.62,14.69,16.05,33.93,9.29
832,4.257484898736022,3,13.13,5.16,18.75,7.85,5.34,12.28,4.64,14.93,15.98,34.12,9.59
833,4.257484898736022,3,13.13,5.16,18.83,7.85,5.34,12.23,4.64,14.87,16.05,32.45,9.36
834,4.257484898736022,3,13.13,5.16,18.83,7.82,5.32,12.23,4.62,15,15.98,33.93,9.33
835,4.257484898736022,3,13.08,5.16,18.75,7.82,5.32,12.23,4.64,14.75,15.98,35.11,9.44
836,4.257484898736022,3,13.08,5.13,18.83,7.73,5.3,12.23,4.6,14.75,15.98,32.81,9.48
837,4.257484898736022,3,13.13,5.16,18.83,7.73,5.3,12.23,4.6,14.69,16.05,33.55,8.8
838,4.257484898736022,3,13.13,5.16,18.91,7.79,5.32,12.28,4.62,14.75,16.12,34.12,9.29
839,4.257484898736022,3,13.13,5.18,18.91,7.76,5.34,12.28,4.64,14.93,16.12,36.78,9.4
840,4.257484898736022,3,13.13,5.16,18.91,7.79,5.32,12.28,4.64,14.57,16.12,33.17,9.29
841,4.942929912481451,3,13.08,5.16,18.91,7.67,5.32,12.23,4.62,14.81,16.12,34.31,9.22
842,4.942929912481451,3,13.13,5.18,18.91,7.7,5.32,12.28,4.62,14.63,16.12,34.12,9.55
843,4.942929912481451,3,13.13,5.18,18.91,7.82,5.34,12.33,4.64,15.31,16.12,34.12,9.48
844,4.942929912481451,3,13.18,5.18,18.99,7.79,5.34,12.28,4.64,14.57,16.2,34.31,9.4
845,4.942929912481451,3,13.13,5.18,18.99,7.73,5.34,12.28,4.64,15.18,16.12,34.12,9.51
846,4.942929912481451,3,13.13,5.16,18.91,7.82,5.32,12.28,4.62,14.81,16.12,33.36,9.44
847,4.942929912481451,3,13.13,5.2,18.99,7.88,5.32,12.28,4.64,14.87,16.12,35.11,9.48
848,4.942929912481451,3,13.13,5.18,18.99,7.73,5.28,12.28,4.62,15,16.12,34.12,9.51
849,4.942929912481451,3,13.13,5.18,18.99,7.73,5.25,12.28,4.62,15.12,16.49,34.12,9.29
850,4.942929912481451,3,13.13,5.2,18.99,7.91,5.23,12.33,4.58,15.18,16.2,33.74,9.08
851,4.942929912481451,3,13.13,5.18,18.99,7.7,5.21,12.28,4.56,15.18,16.12,34.12,9.01
852,4.942929912481451,3,13.13,5.18,18.99,7.85,5.21,12.28,4.56,15.06,16.12,33.74,9.11
853,4.942929912481451,3,13.13,5.18,18.99,7.88,5.21,12.28,4.6,15.18,16.12,34.31,9.15
854,4.942929912481451,3,13.13,5.18,18.99,7.73,5.21,12.28,4.58,14.81,16.12,34.71,9.01
855,4.942929912481451,3,13.13,5.2,18.99,7.85,5.21,12.28,4.6,14.87,16.12,34.31,9.78
856,4.942929912481451,3,13.13,5.2,18.99,7.94,5.21,12.28,4.6,15.06,16.12,34.31,9.59
857,4.942929912481451,3,13.13,5.2,18.99,7.94,5.21,12.28,4.6,15.37,16.12,34.31,9.44
858,4.942929912481451,3,13.13,5.18,18.99,7.91,5.18,12.28,4.6,14.87,16.12,34.31,8.9
859,4.942929912481451,3,13.13,5.18,18.99,7.94,5.21,12.28,4.6,15,16.12,34.71,9.48
860,4.942929912481451,3,13.08,5.16,18.99,7.91,5.18,12.28,4.58,15.06,16.12,34.12,9.01
861,4.942929912481451,3,13.08,5.13,18.91,7.88,5.16,12.23,4.56,14.93,16.05,34.31,9.26
862,4.942929912481451,3,13.03,5.13,18.99,7.91,5.16,12.23,4.56,14.81,16.05,32.63,9.29
863,4.942929912481451,3,12.98,5.16,18.91,7.88,5.14,12.23,4.56,15,16.12,33.93,9.18
864,4.942929912481451,3,13.03,5.16,18.99,7.91,5.16,12.23,4.58,15,16.12,37.44,9.11
865,4.942929912481451,3,13.08,5.18,18.99,7.94,5.18,12.23,4.58,14.16,16.12,34.31,9.33
866,4.942929912481451,3,13.08,5.18,18.99,7.94,5.21,12.28,4.58,14.1,16.12,35.31,9.26
867,4.942929912481451,3,13.13,5.2,19.07,7.97,5.23,12.28,4.6,14.81,16.12,34.31,9.51
868,4.942929912481451,3,13.13,5.22,18.99,7.97,5.25,12.33,4.6,15.25,16.12,34.51,9.55
869,4.942929912481451,3,13.13,5.2,19.07,7.97,5.23,12.28,4.6,15.69,16.12,34.71,9.08
870,4.942929912481451,3,13.08,5.2,19.07,7.97,5.21,12.28,4.58,15.44,16.12,34.31,9.29
871,4.942929912481451,3,13.03,5.16,18.99,7.94,5.18,12.23,4.56,14.51,16.05,36.14,9.29
872,4.942929912481451,3,13.08,5.18,19.07,7.94,5.21,12.28,4.58,14.75,16.12,35.11,9.29
873,4.942929912481451,3,13.08,5.18,19.07,7.94,5.18,12.23,4.58,14.75,16.12,33.17,9.04
874,4.942929912481451,3,13.03,5.18,19.07,7.94,5.18,12.19,4.56,14.69,16.12,34.31,9.15
875,4.942929912481451,3,13.03,5.18,18.99,7.94,5.18,12.23,4.56,14.81,16.12,34.31,9.22
876,4.942929912481451,3,13.03,5.16,19.07,7.91,5.18,12.19,4.56,14.75,16.12,33.93,9.26
877,4.942929912481451,3,13.03,5.18,19.07,7.94,5.18,12.23,4.56,14.81,16.12,34.51,9.36
878,4.942929912481451,3,13.08,5.18,19.07,7.91,5.16,12.23,4.56,15,16.12,34.12,9.51
879,4.942929912481451,3,13.03,5.16,19.07,7.94,5.18,12.23,4.54,15.44,16.12,34.31,9.08
880,4.942929912481451,3,13.08,5.16,18.99,7.91,5.16,12.19,4.54,14.69,16.05,34.31,9.26
881,4.942929912481451,3,13.03,5.18,19.07,7.94,5.18,12.23,4.56,14.75,16.12,34.51,9.29
882,4.942929912481451,3,13.03,5.18,19.07,7.94,5.18,12.19,4.54,14.51,16.12,34.31,9.36
883,4.942929912481451,3,13.03,5.16,19.07,7.91,5.16,12.23,4.56,14.93,16.12,34.12,8.97
884,4.942929912481451,3,13.03,5.16,19.07,7.94,5.16,12.19,4.56,15.06,16.12,34.51,9.48
885,4.942929912481451,3,13.03,5.18,19.07,7.94,5.18,12.19,4.56,15.12,16.05,34.51,9.44
886,4.942929912481451,3,13.03,5.18,19.07,7.94,5.18,12.19,4.56,15.12,16.05,34.12,9.44
887,4.942929912481451,3,13.03,5.16,18.99,7.91,5.16,12.19,4.54,15.12,16.05,34.12,9.04
888,4.942929912481451,3,12.98,5.2,18.99,7.91,5.14,12.14,4.54,15.12,16.05,34.12,9.18
889,4.942929912481451,3,12.98,5.16,18.99,7.91,5.14,12.14,4.52,15.12,16.05,34.31,9.22
890,4.942929912481451,3,12.98,5.16,18.99,7.91,5.14,12.14,4.52,15.37,16.05,34.31,9.36
891,4.942929912481451,3,12.98,5.16,18.99,7.91,5.14,12.19,4.52,15,16.05,34.31,9.33
892,4.942929912481451,3,13.03,5.16,19.07,7.91,5.14,12.19,4.52,14.87,16.05,33.93,9.26
893,4.942929912481451,3,13.03,5.16,19.07,7.91,5.16,12.19,4.52,15,16.12,34.12,9.44
894,4.942929912481451,3,13.03,5.13,19.07,7.91,5.14,12.19,4.56,14.87,16.12,33.93,9.11
895,4.942929912481451,3,12.98,5.13,19.07,7.91,5.14,12.19,4.5,15.06,16.2,34.31,9.44
896,4.942929912481451,3,13.03,5.13,19.07,7.91,5.14,12.19,4.52,15.18,16.12,34.51,9.44
897,4.942929912481451,3,13.03,5.13,19.07,7.91,5.14,12.19,4.52,15.56,16.05,34.51,9.44
898,4.942929912481451,3,13.03,5.13,19.07,7.91,5.14,12.19,4.5,15.63,16.12,35.31,9.36
899,4.942929912481451,3,13.03,5.13,18.99,7.91,5.14,12.19,4.5,15.5,16.05,34.12,9.44
900,4.942929912481451,3,12.98,5.11,19.07,7.88,5.12,12.19,4.5,14.81,16.05,32.81,9.36
901,5.095707786858631,4,13.03,5.11,19.07,7.88,5.12,12.19,4.5,14.75,16.05,37.22,9.26
902,5.095707786858631,4,12.98,5.11,18.99,7.88,5.1,12.14,4.48,15.18,16.05,34.51,9.33
903,5.095707786858631,4,12.98,5.11,18.99,7.88,5.1,12.14,4.48,15.06,16.05,34.12,9.36
904,5.095707786858631,4,12.98,5.13,19.07,7.88,5.12,12.19,4.5,15,16.05,33.74,9.44
905,5.095707786858631,4,12.98,5.11,18.99,7.88,5.1,12.14,4.48,15,16.05,34.31,9.36
906,5.095707786858631,4,12.92,5.11,18.99,7.88,5.1,12.14,4.5,14.87,16.05,34.31,9.15
907,5.095707786858631,4,12.92,5.11,18.99,7.88,5.12,12.14,4.48,15.18,16.05,33.93,9.33
908,5.095707786858631,4,12.98,5.11,19.07,7.88,5.1,12.14,4.48,15.06,16.05,33.93,9.22
909,5.095707786858631,4,12.98,5.13,19.07,7.88,5.12,12.14,4.5,15.12,16.05,34.51,9.36
910,5.095707786858631,4,12.98,5.13,19.07,7.88,5.12,12.14,4.48,15.12,16.05,34.91,9.33
911,5.095707786858631,4,12.98,5.11,19.07,7.88,5.1,12.14,4.48,15.18,16.05,32.99,9.33
912,5.095707786858631,4,12.98,5.11,18.99,7.88,5.12,12.14,4.48,15.12,16.05,33.74,9.29
913,5.095707786858631,4,13.03,5.13,18.99,7.88,5.12,12.14,4.48,15.5,16.05,34.31,9.22
914,5.095707786858631,4,12.98,5.11,18.99,7.88,5.12,12.14,4.48,15.18,16.05,33.55,9.33
915,5.095707786858631,4,12.98,5.11,18.99,7.88,5.12,12.14,4.46,15,16.05,33.93,9.18
916,5.095707786858631,4,12.98,5.11,18.99,7.88,5.1,12.14,4.48,14.81,16.05,33.93,9.22
917,5.095707786858631,4,12.98,5.11,18.99,7.88,5.12,12.14,4.46,14.75,16.05,34.12,9.26
918,5.095707786858631,4,12.98,5.11,18.99,7.88,5.12,12.14,4.48,14.93,16.05,34.31,9.22
919,5.095707786858631,4,12.98,5.13,19.07,7.88,5.12,12.19,4.48,15.31,16.05,32.99,9.18
920,5.095707786858631,4,13.03,5.13,19.07,7.91,5.12,12.19,4.48,15,16.12,33.74,9.36
921,5.095707786858631,4,12.98,5.11,19.07,7.88,5.1,12.14,4.46,15,16.05,33.93,9.29
922,5.095707786858631,4,12.98,5.11,19.07,7.88,5.1,12.19,4.46,15,16.05,34.31,9.18
923,5.095707786858631,4,12.98,5.11,19.07,7.91,5.1,12.19,4.46,15.37,16.05,34.12,9.26
924,5.095707786858631,4,12.98,5.11,19.07,7.88,5.1,12.19,4.46,15.06,16.05,34.31,9.29
925,5.095707786858631,4,12.98,5.09,18.99,7.88,5.07,12.14,4.44,15,16.05,34.12,9.26
926,5.095707786858631,4,12.98,5.11,19.07,7.88,5.07,12.19,4.46,14.81,16.05,34.12,9.33
927,5.095707786858631,4,12.98,5.09,18.99,7.88,5.07,12.14,4.44,15,16.05,33.55,9.26
928,5.095707786858631,4,12.98,5.09,18.99,7.88,5.05,12.14,4.44,15.06,16.05,33.93,9.18
929,5.095707786858631,4,12.98,5.09,18.99,7.88,5.07,12.14,4.44,15,16.05,33.74,9.15
930,5.095707786858631,4,12.98,5.09,18.99,7.85,5.05,12.14,4.44,15,16.12,33.55,9.18
931,5.095707786858631,4,12.98,5.11,19.07,7.88,5.07,12.19,4.46,15.06,16.12,34.51,9.08
932,5.095707786858631,4,12.98,5.11,19.07,7.88,5.07,12.19,4.48,15.12,16.12,35.11,9.08
933,5.095707786858631,4,12.98,5.11,19.07,7.91,5.1,12.19,4.46,15.25,16.12,33.36,9.01
934,5.095707786858631,4,12.98,5.11,19.07,7.91,5.1,12.19,4.46,15.06,16.12,33.93,8.9
935,5.095707786858631,4,12.98,5.13,19.07,7.91,5.1,12.19,4.46,15.06,16.12,34.71,9.15
936,5.095707786858631,4,12.98,5.11,19.07,7.91,4.9,12.19,4.46,14.93,16.12,34.12,9.04
937,5.095707786858631,4,12.92,5.11,19.07,7.88,4.9,12.14,4.46,15,16.12,36.57,8.73
938,5.095707786858631,4,12.87,5.11,19.07,7.88,4.9,12.14,4.44,14.81,16.05,33.74,8.8
939,5.095707786858631,4,12.92,5.11,18.99,7.88,4.92,12.14,4.46,15.31,16.05,33.55,8.8
940,5.095707786858631,4,12.92,5.11,19.07,7.88,4.92,12.14,4.44,15.18,16.05,33.36,8.8
941,5.095707786858631,4,12.92,5.11,18.99,7.88,4.92,12.14,4.46,15.44,16.05,33.74,9.04
942,5.095707786858631,4,12.87,5.09,18.99,7.88,4.88,12.14,4.44,15.31,16.05,33.93,8.93
943,5.095707786858631,4,12.87,5.09,18.99,7.88,4.88,12.14,4.44,15.44,16.05,33.74,8.97
944,5.095707786858631,4,12.92,5.11,18.99,7.88,4.9,12.14,4.44,15.31,16.05,33.74,9.08
945,5.095707786858631,4,12.92,5.11,18.99,7.88,4.9,12.14,4.44,15.69,16.05,33.74,9.04
946,5.095707786858631,4,12.92,5.11,18.99,7.88,4.88,12.14,4.44,15.18,15.98,33.74,8.97
947,5.095707786858631,4,12.92,5.11,18.99,7.88,4.88,12.14,4.44,15.5,15.98,33.36,8.76
948,5.095707786858631,4,12.92,5.11,18.99,7.91,4.92,12.19,4.44,15.25,16.05,33.36,9.33
949,5.095707786858631,4,12.92,5.11,18.99,7.91,4.92,12.19,4.44,15.69,15.98,33.74,9.04
950,5.095707786858631,4,12.92,5.11,18.99,7.91,4.9,12.19,4.44,15.56,15.98,33.74,8.93
951,5.095707786858631,4,12.98,5.13,18.99,7.91,4.92,12.19,4.44,15.56,16.05,34.12,8.93
952,5.095707786858631,4,12.92,5.11,18.99,7.88,4.9,12.14,4.43,15.69,15.98,33.55,9.15
953,5.095707786858631,4,12.98,5.11,19.07,7.88,4.9,12.14,4.44,15.06,15.98,33.74,8.86
954,5.095707786858631,4,12.92,5.13,18.99,7.91,4.9,12.14,4.44,15.25,16.05,35.31,8.97
955,5.095707786858631,4,12.92,5.11,18.99,7.91,4.9,12.14,4.44,15.25,16.05,32.45,8.86
956,5.095707786858631,4,12.92,5.13,18.99,7.91,4.9,12.14,4.44,15.37,16.05,33.55,9.15
957,5.095707786858631,4,12.92,5.11,18.99,7.88,4.9,12.14,4.46,15.44,15.98,32.27,9.11
958,5.095707786858631,4,12.92,5.11,18.99,7.88,4.88,12.14,4.44,15.31,15.98,33.55,9.04
959,5.095707786858631,4,12.87,5.11,19.07,7.88,4.9,12.14,4.43,15.25,16.05,32.45,8.93
960,5.095707786858631,4,12.98,5.16,19.07,7.94,4.94,12.19,4.46,15.56,16.05,33.74,8.93
961,5.1317081826527025,4,12.87,5.16,19.07,7.94,4.94,12.19,4.46,15.37,16.05,33.74,8.8
962,5.1317081826527025,4,13.03,5.16,19.07,7.94,4.94,12.19,4.46,15.44,16.05,36.14,9.11
963,5.1317081826527025,4,13.03,5.16,19.07,7.94,4.94,12.19,4.46,15.31,16.05,33.74,9.22
964,5.1317081826527025,4,12.98,5.13,18.99,7.91,4.92,12.14,4.44,15.31,16.2,32.99,9.15
965,5.1317081826527025,4,13.03,5.16,19.07,7.94,4.92,12.19,4.46,15.37,16.2,34.51,9.15
966,5.1317081826527025,4,13.03,5.16,19.07,7.94,4.92,12.19,4.44,15.56,16.2,34.91,9.04
967,5.1317081826527025,4,13.03,5.16,19.07,7.94,4.92,12.19,4.44,15.76,16.2,33.36,9.15
968,5.1317081826527025,4,12.98,5.13,19.07,7.91,4.92,12.19,4.43,14.87,16.2,32.99,9.29
969,5.1317081826527025,4,12.92,5.13,18.99,7.91,4.9,12.19,4.46,14.87,16.2,33.74,9.22
970,5.1317081826527025,4,12.98,5.13,18.99,7.91,4.9,12.19,4.43,14.87,16.12,33.55,9.15
971,5.1317081826527025,4,12.92,5.13,18.99,7.91,4.92,12.19,4.43,14.69,16.2,33.36,9.15
972,5.1317081826527025,4,12.92,5.11,19.07,7.91,4.9,12.19,4.41,15.25,16.12,34.12,9.08
973,5.1317081826527025,4,12.82,5.13,19.07,7.91,4.9,12.19,4.43,15.5,16.12,33.55,9.04
974,5.1317081826527025,4,12.92,5.09,18.99,7.88,4.88,12.09,4.39,15.25,16.12,33.17,9.18
975,5.1317081826527025,4,12.92,5.11,18.99,7.88,4.88,12.14,4.39,15.18,16.12,33.74,9.22
976,5.1317081826527025,4,12.92,5.09,18.99,7.88,4.88,12.14,4.41,15.12,16.12,33.55,9.15
977,5.1317081826527025,4,12.92,5.09,18.99,7.88,4.88,12.14,4.39,15.5,16.12,36.14,8.9
978,5.1317081826527025,4,12.87,5.09,18.99,7.85,4.88,12.14,4.39,15.5,16.12,32.45,8.93
979,5.1317081826527025,4,12.87,5.09,18.99,7.88,4.88,12.14,4.39,15.56,16.12,32.99,8.86
980,5.1317081826527025,4,12.87,5.09,18.99,7.85,4.88,12.14,4.37,15.25,16.12,33.36,8.9
981,5.1317081826527025,4,12.87,5.09,18.99,7.85,4.88,12.14,4.39,15.12,16.05,32.99,9.26
982,5.1317081826527025,4,12.87,5.09,18.91,7.85,4.88,12.14,4.39,15.12,16.12,31.92,9.18
983,5.1317081826527025,4,12.87,5.09,18.99,7.85,4.88,12.14,4.37,15,16.05,33.55,9.29
984,5.1317081826527025,4,12.87,5.09,18.99,7.85,4.88,12.14,4.37,15.12,16.12,33.36,8.8
985,5.1317081826527025,4,12.92,5.13,18.99,7.91,4.92,12.23,4.41,15.31,16.12,33.17,9.33
986,5.1317081826527025,4,12.87,5.11,18.99,7.88,4.9,12.19,4.39,15.25,16.12,32.99,8.73
987,5.1317081826527025,4,12.72,5.13,19.07,7.91,4.92,12.19,4.41,15.25,16.12,33.55,9.11
988,5.1317081826527025,4,12.87,5.09,18.99,7.85,4.88,12.14,4.37,15.18,16.05,31.92,9.26
989,5.1317081826527025,4,12.82,5.09,18.99,7.85,4.88,12.14,4.37,15.37,16.05,32.99,8.86
990,5.1317081826527025,4,12.82,5.09,18.99,7.85,4.88,12.14,4.35,15.25,16.05,32.63,8.97
991,5.1317081826527025,4,12.82,5.09,18.99,7.85,4.88,12.19,4.37,15.37,16.05,33.36,9.22
992,5.1317081826527025,4,12.82,5.09,18.99,7.82,4.88,12.19,4.37,15.44,16.05,31.74,9.15
993,5.1317081826527025,4,12.82,5.09,18.99,7.67,4.88,12.19,4.37,15.37,16.05,33.36,9.4
994,5.1317081826527025,4,12.87,5.09,18.99,7.82,4.88,12.19,4.41,15.44,16.12,33.36,9.22
995,5.1317081826527025,4,12.87,5.09,18.99,7.79,4.88,12.14,4.37,15.44,16.05,33.36,9.01
996,5.1317081826527025,4,12.82,5.09,18.99,7.82,4.88,12.14,4.37,15.44,16.12,33.36,8.8
997,5.1317081826527025,4,12.87,5.09,18.91,7.82,4.88,12.19,4.37,15.76,16.05,33.36,8.97
998,5.1317081826527025,4,12.87,5.09,18.99,7.82,4.9,12.19,4.37,15.56,16.05,32.81,9.18
999,5.1317081826527025,4,12.87,5.09,18.91,7.82,4.88,12.14,4.37,15.5,16.05,33.74,8.97
1000,5.1317081826527025,4,12.87,5.09,18.99,7.82,4.88,12.19,4.37,15.44,16.05,34.12,8.9
1001,5.1317081826527025,4,12.87,5.09,18.91,7.79,4.88,12.33,4.35,15.5,16.05,33.36,8.8
1002,5.1317081826527025,4,12.87,5.09,18.91,7.82,4.88,12.19,4.35,15.31,15.98,33.36,8.93
1003,5.1317081826527025,4,12.82,5.07,18.83,7.79,4.88,12.09,4.33,15.18,15.91,32.99,8.93
1004,5.1317081826527025,4,12.92,5.13,18.91,7.85,4.94,12.23,4.41,15.31,27.14,33.36,9.33
1005,5.1317081826527025,4,12.98,5.16,18.91,7.85,4.94,12.23,4.39,15.12,25.8,33.74,9.01
1006,5.1317081826527025,4,12.98,5.16,18.91,7.85,4.94,12.19,4.39,15.25,25.38,32.99,9.22
1007,5.1317081826527025,4,12.98,5.13,18.91,7.82,4.92,12.23,4.39,15.25,24.43,33.36,8.97
1008,5.1317081826527025,4,12.98,5.16,18.99,7.82,4.94,12.23,4.37,15.37,24.56,33.17,9.29
1009,5.1317081826527025,4,12.98,5.16,18.99,7.85,4.94,12.23,4.39,15.44,23.16,33.55,8.97
1010,5.1317081826527025,4,12.98,5.16,19.07,7.85,4.94,12.23,4.39,15.37,23.53,33.55,9.18
1011,5.1317081826527025,4,12.92,5.13,18.91,7.82,4.92,12.19,4.37,15.31,23.66,33.36,9.22
1012,5.1317081826527025,4,12.92,5.13,18.91,7.79,4.92,12.19,4.37,15.31,23.41,34.31,9.18
1013,5.1317081826527025,4,13.03,5.16,18.99,7.82,4.94,12.23,4.39,15.37,24.69,33.55,9.18
1014,5.1317081826527025,4,12.98,5.16,18.91,7.82,4.92,12.19,4.37,15.44,24.83,33.36,9.04
1015,5.1317081826527025,4,13.03,5.16,18.99,7.82,4.94,12.23,4.39,15.37,24.56,33.55,9.08
1016,5.1317081826527025,4,12.98,5.16,18.91,7.82,4.92,12.23,4.37,15.06,23.53,34.12,9.15
1017,5.1317081826527025,4,13.03,5.18,18.99,7.94,4.94,12.23,4.39,15.06,25.8,33.55,9.08
1018,5.1317081826527025,4,12.92,5.13,18.75,7.88,4.94,12.14,4.37,15.06,28.27,32.99,9.11
1019,5.1317081826527025,4,12.98,5.16,18.83,7.91,4.94,12.19,4.37,15.06,26.69,33.17,8.9
1020,5.1317081826527025,4,13.03,5.18,18.91,7.94,4.96,12.23,4.39,15.25,33.15,33.17,9.08
1021,5.158727049897808,4,13.08,5.2,18.99,7.97,4.96,12.23,4.39,15.89,34.7,33.36,9.04
1022,5.158727049897808,4,13.08,5.18,18.91,7.97,4.96,12.23,4.39,15.37,34.02,36.57,9.01
1023,5.158727049897808,4,13.08,5.2,18.99,7.97,4.96,12.23,4.39,15.31,36.88,33.17,9.11
1024,5.158727049897808,4,12.92,5.09,18.99,7.88,4.88,12.19,4.33,15.63,15.91,33.17,9.08
1025,5.158727049897808,4,12.92,5.11,18.99,7.88,4.88,12.19,4.31,15.63,15.98,33.17,9.11
1026,5.158727049897808,4,12.92,5.09,19.07,7.88,4.88,12.19,4.33,15.44,15.98,33.74,9.01
1027,5.158727049897808,4,12.92,5.09,18.99,7.88,4.9,12.19,4.31,15.63,15.98,31.92,8.93
1028,5.158727049897808,4,12.92,5.09,18.91,7.88,4.88,12.19,4.31,15.56,15.98,33.17,8.76
1029,5.158727049897808,4,12.92,5.09,18.91,7.91,4.88,12.19,4.31,15.63,15.98,32.99,8.86
1030,5.158727049897808,4,12.92,5.09,18.91,7.88,4.88,12.14,4.31,15.76,15.91,32.99,9.11
1031,5.158727049897808,4,12.92,5.09,18.99,7.91,4.88,12.19,4.35,15.63,16.05,33.17,8.9
1032,5.158727049897808,4,12.92,5.09,18.91,7.88,4.88,12.19,4.31,15.12,15.98,34.71,9.04
1033,5.158727049897808,4,12.92,5.09,18.99,7.91,4.9,12.19,4.31,15.44,15.98,33.17,9.11
1034,5.158727049897808,4,12.92,5.09,18.91,7.88,4.88,12.19,4.31,15.25,16.05,33.17,8.97
1035,5.158727049897808,4,12.87,5.09,18.83,7.88,4.88,12.14,4.29,15.31,15.91,32.81,8.97
1036,5.158727049897808,4,12.92,5.09,18.99,7.91,4.88,12.19,4.29,15.44,16.12,33.17,9.04
1037,5.158727049897808,4,12.92,5.09,18.99,7.94,4.9,12.19,4.31,15.89,16.12,32.63,8.83
1038,5.158727049897808,4,12.98,5.09,18.99,7.91,4.88,12.23,4.29,15.31,16.05,33.36,9.01
1039,5.158727049897808,4,12.92,5.09,18.99,7.88,4.88,12.19,4.31,14.63,16.12,33.36,8.69
1040,5.158727049897808,4,12.98,5.09,18.99,7.91,4.9,12.23,4.31,15.44,16.05,33.17,8.8
1041,5.158727049897808,4,12.98,5.11,18.99,7.91,4.9,12.23,4.31,15.44,16.12,33.17,8.97
1042,5.158727049897808,4,12.92,5.07,18.99,7.91,4.88,12.19,4.29,14.75,16.12,33.55,8.9
1043,5.158727049897808,4,12.98,5.11,18.99,7.94,4.9,12.23,4.31,15.44,16.12,33.17,8.93
1044,5.158727049897808,4,12.92,5.11,19.07,7.91,4.9,12.23,4.29,15.69,16.12,34.31,8.83
1045,5.158727049897808,4,12.92,5.09,18.99,7.91,4.9,12.23,4.31,15.37,16.2,33.55,8.73
1046,5.158727049897808,4,12.92,5.09,18.99,7.94,4.9,12.23,4.29,15.18,16.12,33.55,8.83
1047,5.158727049897808,4,12.87,5.09,18.99,7.91,4.88,12.23,4.29,15.31,16.12,33.55,8.83
1048,5.158727049897808,4,12.92,5.11,18.99,7.91,4.9,12.23,4.31,15.63,16.05,33.55,9.11
1049,5.158727049897808,4,12.92,5.11,18.99,7.94,4.9,12.23,4.31,15.56,16.12,33.93,9.22
1050,5.158727049897808,4,12.92,5.11,18.99,7.94,4.9,12.28,4.31,15.5,16.12,34.12,9.04
1051,5.158727049897808,4,12.92,5.11,19.07,7.94,4.9,12.28,4.31,15.12,16.12,36.14,9.08
1052,5.158727049897808,4,12.92,5.13,19.07,7.94,4.92,12.28,4.31,15.25,16.12,33.74,9.18
1053,5.158727049897808,4,12.92,5.11,19.07,7.97,4.92,12.28,4.29,15.31,16.2,34.12,9.08
1054,5.158727049897808,4,12.92,5.11,19.07,7.94,4.92,12.28,4.29,15.31,16.12,34.31,8.93
1055,5.158727049897808,4,12.92,5.11,18.99,7.94,4.92,12.28,4.29,15.69,16.12,34.31,8.9
1056,5.158727049897808,4,12.92,5.13,18.99,8,4.94,12.33,4.31,15.63,16.12,33.74,9.01
1057,5.158727049897808,4,12.98,5.16,19.07,7.97,4.94,12.33,4.31,15.69,16.2,33.93,9.26
1058,5.158727049897808,4,12.92,5.16,19.07,8.04,4.94,12.33,4.31,15.83,16.2,33.74,9.01
1059,5.158727049897808,4,12.92,5.13,19.07,7.97,4.92,12.28,4.29,15.69,16.12,34.31,9.18
1060,5.158727049897808,4,12.92,5.13,19.07,7.97,4.94,12.28,4.31,15.56,16.12,33.93,8.93
1061,5.158727049897808,4,12.92,5.11,18.99,7.94,4.92,12.28,4.29,14.93,16.12,33.17,8.93
1062,5.158727049897808,4,12.98,5.16,19.07,8,4.96,12.33,4.31,14.93,16.12,32.45,9.18
1063,5.158727049897808,4,12.98,5.16,18.99,8,4.96,12.33,4.31,15.5,16.12,33.93,9.01
1064,5.158727049897808,4,12.92,5.16,19.07,7.97,4.94,12.33,4.29,14.75,16.12,33.55,9.29
1065,5.158727049897808,4,12.87,5.11,18.99,7.97,4.92,12.28,4.29,15.37,16.12,35.93,9.01
1066,5.158727049897808,4,12.92,5.13,19.07,7.97,4.92,12.33,4.29,15.5,16.12,34.12,8.93
1067,5.158727049897808,4,12.92,5.13,19.07,8.04,4.94,12.33,4.29,15.76,16.2,33.55,9.01
1068,5.158727049897808,4,12.92,5.13,19.07,8,4.92,12.33,4.29,15.5,16.12,34.12,8.8
1069,5.158727049897808,4,12.87,5.11,19.07,8,4.92,12.28,4.29,15.18,16.12,34.91,8.86
1070,5.158727049897808,4,12.92,5.13,19.07,8,4.94,12.33,4.27,15.31,16.2,34.31,9.29
1071,5.158727049897808,4,12.92,5.13,19.07,8,4.92,12.33,4.29,15.18,16.2,33.74,8.9
1072,5.158727049897808,4,12.92,5.13,19.07,8.04,4.94,12.33,4.29,15.44,16.2,34.51,9.01
1073,5.158727049897808,4,12.98,5.16,19.07,8.04,4.96,12.33,4.31,15.69,16.2,34.51,8.93
1074,5.158727049897808,4,12.98,5.16,19.07,8.04,4.94,12.33,4.29,15.76,16.2,34.12,9.01
1075,5.158727049897808,4,12.92,5.16,19.07,8.04,4.94,12.33,4.29,15.69,16.2,34.12,9.11
1076,5.158727049897808,4,12.92,5.13,19.07,8.04,4.94,12.33,4.29,15.63,16.2,34.31,9.08
1077,5.158727049897808,4,12.98,5.13,19.07,8.04,4.94,12.33,4.29,15.63,16.2,34.12,9.11
1078,5.158727049897808,4,12.92,5.13,19.07,8.04,4.94,12.33,4.29,15.69,16.12,33.93,9.08
1079,5.158727049897808,4,13.03,5.18,19.16,8.1,4.99,12.38,4.33,15.76,16.2,33.74,9.18
1080,5.158727049897808,4,13.03,5.2,19.07,8.1,4.99,12.43,4.33,15.83,16.27,33.55,9.04
1081,5.184470594125643,4,13.03,5.18,19.16,8.1,4.99,12.38,4.33,15.69,16.27,34.12,9.29
1082,5.184470594125643,4,13.03,5.18,19.16,8.1,4.99,12.38,4.31,15.5,16.2,34.31,9.11
1083,5.184470594125643,4,13.03,5.2,19.16,8.1,5.01,12.43,4.33,15.56,16.2,33.36,9.29
1084,5.184470594125643,4,13.03,5.2,19.16,8.16,4.99,12.43,4.31,15.69,16.2,34.12,9.04
1085,5.184470594125643,4,13.03,5.18,19.16,8.1,4.96,12.38,4.29,15.56,16.2,34.12,9.18
1086,5.184470594125643,4,13.03,5.18,19.16,8.1,4.99,12.38,4.29,15.89,16.2,34.71,9.11
1087,5.184470594125643,4,13.03,5.2,19.16,8.13,4.99,12.43,4.31,15.83,16.2,34.71,8.97
1088,5.184470594125643,4,13.03,5.2,19.16,8.1,4.99,12.43,4.31,15.44,16.2,34.71,9.11
1089,5.184470594125643,4,13.03,5.18,19.24,8.13,4.99,12.43,4.31,16.36,16.2,34.91,9.08
1090,5.184470594125643,4,13.03,5.18,19.16,8.1,4.99,12.43,4.31,15.18,16.27,34.71,8.8
1091,5.184470594125643,4,13.03,5.16,19.24,8.1,4.96,12.43,4.29,15.31,16.27,34.71,8.8
1092,5.184470594125643,4,13.03,5.16,19.24,8.1,4.96,12.43,4.29,15.31,16.27,35.51,8.86
1093,5.184470594125643,4,13.03,5.18,19.24,8.1,4.96,12.43,4.31,15.5,16.27,34.91,9.18
1094,5.184470594125643,4,13.03,5.18,19.24,8.1,4.99,12.43,4.31,15.44,16.27,33.93,8.83
1095,5.184470594125643,4,13.03,5.18,19.24,8.13,4.99,12.48,4.31,15.69,16.34,32.99,9.08
1096,5.184470594125643,4,13.08,5.18,19.24,8.1,4.99,12.43,4.31,15.96,16.27,34.31,8.83
1097,5.184470594125643,4,13.08,5.18,19.33,8.13,5.01,12.48,4.31,15.89,16.27,34.31,8.93
1098,5.184470594125643,4,13.08,5.2,19.24,8.13,4.99,12.48,4.33,15.89,16.27,34.91,9.11
1099,5.184470594125643,4,13.03,5.18,19.24,8.13,4.99,12.48,4.29,15.83,16.27,34.51,9.18
1100,5.184470594125643,4,13.03,5.18,19.16,8.13,4.99,12.43,4.29,15.76,16.64,33.55,8.97
1101,5.184470594125643,4,13.03,5.18,19.24,8.13,4.99,12.43,4.29,15.76,16.27,34.31,8.9
1102,5.184470594125643,4,13.03,5.2,19.24,8.16,5.01,12.48,4.29,15.83,16.27,33.74,8.93
1103,5.184470594125643,4,13.03,5.18,19.24,8.13,5.01,12.48,4.31,15.76,16.27,33.74,9.15
1104,5.184470594125643,4,13.03,5.2,19.24,8.13,5.01,12.48,4.31,15.5,16.27,34.51,9.08
1105,5.184470594125643,4,13.03,5.18,19.24,8.13,5.01,12.48,4.29,15.5,16.27,35.11,9.08
1106,5.184470594125643,4,13.03,5.2,19.24,8.13,5.01,12.48,4.31,15.56,16.27,34.51,9.15
1107,5.184470594125643,4,13.03,5.2,19.24,8.16,5.01,12.48,4.31,15.89,16.27,33.93,9.04
1108,5.184470594125643,4,13.03,5.2,19.33,8.16,5.01,12.53,4.31,15.25,16.27,34.31,9.33
1109,5.184470594125643,4,13.08,5.2,19.24,8.16,5.01,12.53,4.29,15.44,16.34,33.93,9.22
1110,5.184470594125643,4,13.08,5.2,19.24,8.16,5.01,12.48,4.31,15.56,16.34,34.12,9.26
1111,5.184470594125643,4,13.08,5.22,19.24,8.16,5.03,12.53,4.31,16.09,16.34,33.17,9.22
1112,5.184470594125643,4,13.08,5.2,19.24,8.16,5.01,12.48,4.29,15,16.27,33.55,9.22
1113,5.184470594125643,4,13.08,5.2,19.24,8.16,5.01,12.48,4.29,15.37,16.34,32.45,9.33
1114,5.184470594125643,4,13.13,5.22,19.33,8.2,5.03,12.53,4.31,16.09,16.34,34.71,9.11
1115,5.184470594125643,4,13.13,5.22,19.33,8.2,5.03,12.58,4.31,16.16,16.34,33.74,9.08
1116,5.184470594125643,4,13.13,5.22,19.33,8.23,5.03,12.53,4.31,16.43,16.42,33.93,9.04
1117,5.184470594125643,4,13.13,5.22,19.33,8.2,5.03,12.53,4.31,14.93,16.34,33.93,9.01
1118,5.184470594125643,4,13.13,5.22,19.24,8.2,5.03,12.53,4.31,15.96,16.27,33.55,8.83
1119,5.184470594125643,4,13.13,5.22,19.33,8.2,5.05,12.58,4.31,15,16.34,33.74,9.01
1120,5.184470594125643,4,13.13,5.22,19.33,8.2,5.05,12.58,4.31,14.93,16.34,33.74,9.11
1121,5.184470594125643,4,13.08,5.22,19.07,8.16,5.05,12.53,4.31,16.02,16.27,32.63,9.15
1122,5.184470594125643,4,13.13,5.25,19.24,8.2,5.05,12.58,4.31,16.09,16.34,33.55,9.11
1123,5.184470594125643,4,13.08,5.22,19.07,8.2,5.05,12.53,4.31,15.37,16.27,33.36,9.18
1124,5.184470594125643,4,13.13,5.25,19.24,8.2,5.05,12.53,4.31,15.37,16.27,33.55,9.26
1125,5.184470594125643,4,13.13,5.25,19.24,8.2,5.05,12.58,4.31,14.93,16.34,33.17,9.04
1126,5.184470594125643,4,13.08,5.22,19.07,8.2,5.05,12.53,4.29,16.09,16.2,33.17,9.11
1127,5.184470594125643,4,13.03,5.2,19.16,8.16,5.01,12.48,4.27,14.75,16.27,36.35,9.22
1128,5.184470594125643,4,13.03,5.2,19.16,8.16,5.01,12.48,4.27,15.63,16.27,33.74,9.18
1129,5.184470594125643,4,13.03,5.2,19.16,8.2,5.03,12.48,4.27,15.76,16.2,33.55,9.22
1130,5.184470594125643,4,13.08,5.22,19.16,8.2,5.05,12.58,4.29,15.96,16.27,33.55,9.18
1131,5.184470594125643,4,13.03,5.22,19.24,8.2,5.03,12.53,4.27,15.89,16.2,33.55,9.08
1132,5.184470594125643,4,13.03,5.22,19.16,8.2,5.03,12.53,4.29,15.83,16.27,32.99,9.26
1133,5.184470594125643,4,12.98,5.2,19.16,8.2,5.03,12.53,4.27,15.96,16.2,33.17,8.97
1134,5.184470594125643,4,12.98,5.2,19.16,8.16,5.01,12.48,4.27,15.83,16.12,33.17,9.11
1135,5.184470594125643,4,13.03,5.22,19.16,8.2,5.01,12.53,4.27,15.76,16.2,33.36,9.11
1136,5.184470594125643,4,12.98,5.2,19.07,8.16,5.03,12.48,4.27,16.16,16.2,32.45,8.62
1137,5.184470594125643,4,12.92,5.2,19.07,8.16,5.01,12.48,4.26,16.16,16.12,33.36,8.93
1138,5.184470594125643,4,12.82,5.2,19.07,8.16,5.01,12.48,4.26,15.25,16.2,33.17,8.93
1139,5.184470594125643,4,12.98,5.22,19.07,8.2,5.03,12.53,4.26,15.89,16.2,33.17,9.18
1140,5.184470594125643,4,12.82,5.2,19.16,8.2,5.03,12.53,4.26,15.12,16.2,33.17,8.86
1141,5.213297919138807,4,12.98,5.22,19.16,8.2,5.03,12.53,4.27,15.18,16.2,36.35,9.44
1142,5.213297919138807,4,13.03,5.22,19.16,8.2,5.03,12.53,4.27,15.37,16.12,32.63,8.9
1143,5.213297919138807,4,13.03,5.22,19.16,8.2,5.03,12.53,4.27,14.75,16.12,33.93,9.11
1144,5.213297919138807,4,13.03,5.22,19.16,8.23,5.05,12.58,4.27,15.69,16.12,34.71,9.08
1145,5.213297919138807,4,12.92,5.2,19.16,8.2,5.05,12.53,4.26,14.87,16.2,34.51,9.11
1146,5.213297919138807,4,12.98,5.22,19.16,8.23,5.03,12.53,4.27,14.87,16.12,32.63,9.29
1147,5.213297919138807,4,12.92,5.22,19.16,8.23,5.05,12.58,4.26,15.5,16.12,34.12,9.26
1148,5.213297919138807,4,12.92,5.22,19.16,8.23,5.05,12.58,4.26,15.83,16.12,34.51,9.04
1149,5.213297919138807,4,12.98,5.22,19.07,8.23,5.05,12.58,4.29,15.83,16.12,33.74,9.04
1150,5.213297919138807,4,12.98,5.25,19.16,8.23,5.07,12.58,4.27,15.83,16.12,35.72,9.26
1151,5.213297919138807,4,12.98,5.22,19.16,8.23,5.05,12.58,4.27,15.89,16.12,35.31,9.18
1152,5.213297919138807,4,12.92,5.22,19.16,8.23,5.05,12.53,4.26,15.63,16.12,34.12,9.01
1153,5.213297919138807,4,12.98,5.22,19.07,8.23,5.07,12.58,4.26,15.18,16.12,31.92,9.22
1154,5.213297919138807,4,12.87,5.2,19.07,8.2,5.03,12.53,4.24,15.44,16.05,32.27,9.01
1155,5.213297919138807,4,12.82,5.18,19.07,8.16,5.01,12.53,4.24,15.06,16.05,33.55,8.86
1156,5.213297919138807,4,12.87,5.2,19.07,8.2,5.01,12.53,4.24,15.18,16.05,33.17,9.22
1157,5.213297919138807,4,12.87,5.16,19.07,8.16,4.99,12.48,4.2,15.18,16.05,32.81,8.9
1158,5.213297919138807,4,12.87,5.18,19.07,8.16,5.01,12.48,4.24,15.18,16.05,32.99,9.26
1159,5.213297919138807,4,12.87,5.16,19.07,8.16,4.99,12.48,4.2,15.18,16.05,32.63,8.52
1160,5.213297919138807,4,12.87,5.18,19.07,8.2,5.01,12.48,4.22,15.5,16.05,33.17,8.62
1161,5.213297919138807,4,12.92,5.18,19.07,8.2,5.01,12.53,4.22,15.18,16.05,32.81,8.76
1162,5.213297919138807,4,12.87,5.2,19.07,8.2,5.03,12.53,4.22,15.31,16.05,31.74,9.29
1163,5.213297919138807,4,12.87,5.18,19.07,8.2,5.01,12.53,4.22,15.12,16.05,32.81,8.97
1164,5.213297919138807,4,12.92,5.2,19.07,8.2,5.03,12.53,4.22,15.44,16.05,33.55,8.97
1165,5.213297919138807,4,12.92,5.2,19.07,8.23,5.03,12.53,4.22,15.18,16.05,32.63,9.33
1166,5.213297919138807,4,12.92,5.2,19.07,8.2,5.03,12.53,4.22,15.25,16.05,32.81,8.73
1167,5.213297919138807,4,12.92,5.2,19.07,8.2,5.01,12.53,4.22,15.31,16.05,32.45,8.93
1168,5.213297919138807,4,12.92,5.2,19.07,8.2,5.03,12.58,4.22,15.63,16.05,32.27,8.52
1169,5.213297919138807,4,12.77,5.22,19.07,8.23,5.05,12.58,4.24,15.89,16.05,32.81,8.9
1170,5.213297919138807,4,12.87,5.22,19.07,8.23,5.05,12.58,4.22,15.96,16.05,32.27,8.66
1171,5.213297919138807,4,12.87,5.22,19.07,8.23,5.05,12.58,4.22,16.09,16.05,32.09,8.83
1172,5.213297919138807,4,12.77,5.25,19.07,8.26,5.05,12.58,4.24,16.09,16.12,32.09,9.33
1173,5.213297919138807,4,12.98,5.25,19.07,8.26,5.05,12.58,4.24,16.09,16.05,31.4,8.83
1174,5.213297919138807,4,12.92,5.25,19.07,8.29,5.07,12.63,4.24,16.02,16.12,34.51,9.18
1175,5.213297919138807,4,12.98,5.25,19.16,8.26,5.05,12.63,4.22,14.81,16.2,31.74,9.01
1176,5.213297919138807,4,12.98,5.25,19.07,8.26,5.07,12.63,4.24,14.93,16.12,32.09,9.4
1177,5.213297919138807,4,12.92,5.22,19.07,8.26,5.05,12.58,4.22,14.81,16.12,30.9,9.01
1178,5.213297919138807,4,12.92,5.25,19.07,8.26,5.05,12.63,4.24,17,16.05,32.09,8.8
1179,5.213297919138807,4,12.87,5.2,18.99,8.26,5.03,12.58,4.2,14.81,16.05,31.92,9.04
1180,5.213297919138807,4,12.87,5.2,19.07,8.23,5.03,12.58,4.2,14.69,16.05,32.09,9.04
1181,5.213297919138807,4,12.92,5.25,19.07,8.29,5.05,12.63,4.24,14.87,16.12,31.92,9.15
1182,5.213297919138807,4,12.92,5.25,19.07,8.29,5.07,12.63,4.22,14.75,16.12,32.27,9.11
1183,5.213297919138807,4,12.98,5.25,19.16,8.32,5.07,12.63,4.24,14.75,16.12,32.27,8.93
1184,5.213297919138807,4,12.77,5.27,19.07,8.29,5.07,12.68,4.24,14.81,16.12,32.09,9.11
1185,5.213297919138807,4,12.98,5.22,19.07,8.29,5.1,12.68,4.24,14.81,16.12,32.09,9.04
1186,5.213297919138807,4,12.72,5.25,19.07,8.29,5.07,12.63,4.22,14.75,16.05,31.74,9.11
1187,5.213297919138807,4,12.72,5.27,19.07,8.32,5.1,12.68,4.24,14.87,16.12,34.12,9.11
1188,5.213297919138807,4,12.72,5.25,19.16,8.32,5.1,12.68,4.22,14.87,16.12,32.81,8.86
1189,5.213297919138807,4,12.77,5.27,19.16,8.32,5.1,12.68,4.24,14.87,16.12,32.27,9.18
1190,5.213297919138807,4,12.98,5.27,19.16,8.32,5.12,12.68,4.24,14.93,16.12,32.45,8.93
1191,5.213297919138807,4,12.98,5.27,19.16,8.32,5.1,12.68,4.22,14.93,16.12,32.09,8.86
1192,5.213297919138807,4,12.98,5.25,19.16,8.32,5.1,12.68,4.22,14.93,16.12,31.92,8.97
1193,5.213297919138807,4,12.92,5.25,19.07,8.29,5.1,12.68,4.22,14.87,16.12,32.45,8.69
1194,5.213297919138807,4,12.98,5.27,19.16,8.32,5.12,12.68,4.24,14.93,16.12,32.09,8.97
1195,5.213297919138807,4,12.87,5.22,18.91,8.26,5.07,12.58,4.18,14.81,15.98,31.74,9.08
1196,5.213297919138807,4,12.98,5.27,19.07,8.32,5.12,12.68,4.22,14.87,16.12,32.09,9.33
1197,5.213297919138807,4,12.98,5.27,19.16,8.36,5.14,12.73,4.24,14.87,16.12,30.9,9.36
1198,5.213297919138807,4,12.98,5.27,19.16,8.36,5.12,12.73,4.22,14.93,16.12,32.09,9.22
1199,5.213297919138807,4,12.98,5.27,19.16,8.36,5.14,12.68,4.22,14.93,16.12,31.4,9.04
1200,5.213297919138807,4,12.98,5.27,19.16,8.32,5.14,12.68,4.22,14.93,16.12,32.27,9.08
1201,5.2269148542287835,4,12.98,5.27,19.16,8.36,5.14,12.68,4.22,15.12,16.12,32.09,8.8
1202,5.2269148542287835,4,12.98,5.27,19.16,8.39,5.23,12.73,4.27,19.1,16.12,32.09,9.01
1203,5.2269148542287835,4,12.98,5.32,19.07,8.39,5.18,12.73,4.26,19.71,16.12,33.55,8.83
1204,5.2269148542287835,4,13.08,5.36,19.16,8.46,5.25,12.83,4.29,19.79,16.2,32.99,9.15
1205,5.2269148542287835,4,13.03,5.34,19.16,8.42,5.25,12.78,4.27,19.88,16.12,32.27,9.22
1206,5.2269148542287835,4,13.03,5.34,19.16,8.42,5.25,12.78,4.26,19.88,16.2,32.27,9.04
1207,5.2269148542287835,4,13.03,5.36,19.16,8.46,5.28,12.83,4.27,19.71,16.2,32.45,8.93
1208,5.2269148542287835,4,13.03,5.36,19.16,8.42,5.34,12.78,4.27,19.71,16.2,32.99,8.73
1209,5.2269148542287835,4,12.98,5.34,19.16,8.42,5.63,12.83,4.27,19.62,16.2,32.81,9.01
1210,5.2269148542287835,4,13.08,5.38,19.24,8.49,5.51,12.83,4.29,19.97,16.34,32.45,9.01
1211,5.2269148542287835,4,13.08,5.38,19.24,8.49,5.58,12.83,4.31,19.71,16.42,32.27,9.08
1212,5.2269148542287835,4,13.08,5.38,19.24,8.49,5.44,12.88,4.29,19.88,16.42,32.45,9.11
1213,5.2269148542287835,4,12.98,5.32,19.16,8.46,5.32,12.78,4.26,19.79,16.2,32.27,9.36
1214,5.2269148542287835,4,12.98,5.32,19.16,8.46,5.32,12.78,4.26,19.88,16.12,32.27,9.18
1215,5.2269148542287835,4,12.98,5.32,19.16,8.42,5.32,12.78,4.26,19.88,16.12,31.57,9.01
1216,5.2269148542287835,4,13.03,5.34,19.16,8.42,5.32,12.83,4.26,19.88,16.2,32.27,9.11
1217,5.2269148542287835,4,13.03,5.34,19.16,8.42,5.34,12.78,4.26,19.97,16.2,32.27,9.44
1218,5.2269148542287835,4,13.03,5.34,19.16,8.42,5.34,12.83,4.26,19.97,16.27,33.93,8.76
1219,5.2269148542287835,4,12.98,5.32,19.16,8.42,5.32,12.78,4.24,20.15,16.27,32.27,9.01
1220,5.2269148542287835,4,13.03,5.34,19.16,8.46,5.34,12.83,4.26,20.06,16.27,32.09,8.86
1221,5.2269148542287835,4,13.03,5.34,19.16,8.46,5.34,12.83,4.26,20.06,16.27,32.99,8.93
1222,5.2269148542287835,4,13.03,5.34,19.16,8.46,5.34,12.83,4.26,20.15,16.27,32.45,9.36
1223,5.2269148542287835,4,13.03,5.34,19.16,8.46,5.34,12.83,4.27,20.15,16.27,32.63,9.01
1224,5.2269148542287835,4,13.03,5.34,19.16,8.42,5.34,12.83,4.26,20.15,16.27,32.27,9.04
1225,5.2269148542287835,4,13.03,5.34,19.16,8.46,5.34,12.83,4.26,20.15,16.27,32.99,9.18
1226,5.2269148542287835,4,13.03,5.36,19.24,8.46,5.37,12.88,4.26,20.15,16.27,32.45,8.93
1227,5.2269148542287835,4,13.03,5.34,19.16,8.46,5.34,12.83,4.26,20.06,16.2,32.27,9.11
1228,5.2269148542287835,4,13.03,5.36,19.16,8.46,5.34,12.83,4.26,20.15,16.27,34.12,9.01
1229,5.2269148542287835,4,13.08,5.36,19.24,8.49,5.37,12.88,4.26,20.15,16.27,32.63,9.04
1230,5.2269148542287835,4,13.08,5.36,19.16,8.46,5.34,12.88,4.26,20.06,16.34,31.06,8.97
1231,5.2269148542287835,4,13.13,5.36,19.16,8.46,5.34,12.88,4.26,20.33,16.2,30.9,9.18
1232,5.2269148542287835,4,13.13,5.36,19.16,8.46,5.37,12.88,4.26,20.24,16.27,31.06,9.08
1233,5.2269148542287835,4,13.13,5.36,19.24,8.46,5.37,12.83,4.26,20.06,16.27,33.36,9.22
1234,5.2269148542287835,4,13.18,5.36,19.16,8.49,5.37,12.88,4.26,20.7,16.2,32.45,9.08
1235,5.2269148542287835,4,13.13,5.36,19.16,8.49,5.34,12.88,4.26,20.24,16.34,32.63,9.22
1236,5.2269148542287835,4,13.13,5.34,19.07,8.46,5.34,12.83,4.24,19.79,16.27,31.57,9.44
1237,5.2269148542287835,4,13.13,5.34,19.16,8.46,5.34,12.88,4.24,19.71,16.27,31.92,9.01
1238,5.2269148542287835,4,13.13,5.34,19.07,8.46,5.32,12.83,4.24,19.71,16.27,32.27,9.04
1239,5.2269148542287835,4,13.13,5.32,19.07,8.46,5.34,12.88,4.24,19.88,16.34,32.27,9.04
1240,5.2269148542287835,4,13.18,5.34,19.16,8.46,5.34,12.88,4.24,19.88,16.27,32.09,9.4
1241,5.2269148542287835,4,13.13,5.34,19.07,8.46,5.32,12.83,4.24,19.71,16.2,32.81,9.04
1242,5.2269148542287835,4,12.87,5.32,19.07,8.42,5.3,12.78,4.22,19.79,16.12,32.09,8.69
1243,5.2269148542287835,4,13.03,5.32,18.91,8.39,5.3,12.78,4.2,19.62,15.98,31.92,9.11
1244,5.2269148542287835,4,12.92,5.27,18.67,8.32,5.28,12.63,4.16,19.1,15.77,31.4,8.9
1245,5.2269148542287835,4,12.92,5.27,18.75,8.36,5.28,12.68,4.16,19.53,15.84,31.23,8.93
1246,5.2269148542287835,4,12.87,5.27,18.67,8.32,5.25,12.63,4.15,19.27,15.77,31.4,8.8
1247,5.2269148542287835,4,12.87,5.27,18.59,8.32,5.25,12.63,4.16,19.27,15.77,31.4,9.36
1248,5.2269148542287835,4,12.87,5.25,18.59,8.32,5.25,12.63,4.15,19.27,15.7,31.23,8.83
1249,5.2269148542287835,4,12.87,5.25,18.59,8.32,5.23,12.63,4.15,19.53,15.7,31.4,8.86
1250,5.2269148542287835,4,12.82,5.25,18.67,8.32,5.25,12.63,4.15,19.19,15.7,31.4,8.86
1251,5.2269148542287835,4,12.82,5.25,18.59,8.32,5.23,12.58,4.15,18.77,15.77,31.23,8.83
1252,5.2269148542287835,4,12.82,5.22,18.67,8.29,5.21,12.63,4.11,14.69,15.84,32.27,8.93
1253,5.2269148542287835,4,12.87,5.25,18.67,8.29,5.23,12.63,4.15,17.29,15.77,31.06,9.22
1254,5.2269148542287835,4,12.87,5.25,18.67,8.32,5.23,12.63,4.18,16.64,15.84,31.23,9.18
1255,5.2269148542287835,4,12.87,5.25,18.67,8.32,5.23,12.63,4.15,17.89,15.84,31.4,9.08
1256,5.2269148542287835,4,12.92,5.25,18.67,8.36,5.25,12.63,4.16,18.37,15.84,32.27,9.11
1257,5.2269148542287835,4,12.87,5.22,18.75,8.29,5.21,12.63,4.13,14.28,15.84,31.57,8.59
1258,5.2269148542287835,4,12.87,5.22,18.75,8.29,5.21,12.68,4.13,14.39,15.98,31.57,8.59
1259,5.2269148542287835,4,12.82,5.22,18.75,8.32,5.18,12.68,4.13,14.22,15.98,31.57,8.83
1260,5.2269148542287835,4,12.87,5.22,18.67,8.32,5.21,12.68,4.13,14.28,15.98,31.74,8.76
1261,5.2316693607181595,4,12.87,5.22,18.67,8.29,5.21,12.68,4.13,14.28,15.84,32.27,8.73
1262,5.2316693607181595,4,12.87,5.2,18.67,8.29,5.18,12.63,4.11,14.28,15.77,32.27,8.29
1263,5.2316693607181595,4,12.87,5.22,18.67,8.29,5.21,12.63,4.13,14.33,15.77,32.09,8.93
1264,5.2316693607181595,4,12.87,5.22,18.67,8.32,5.23,12.68,4.13,14.57,15.84,31.23,9.18
1265,5.2316693607181595,4,12.92,5.25,18.67,8.39,5.23,12.68,4.13,14.57,15.84,32.81,9.08
1266,5.2316693607181595,4,12.92,5.22,18.67,8.36,5.21,12.68,4.13,14.63,15.84,32.45,8.76
1267,5.2316693607181595,4,12.87,5.22,18.67,8.32,5.23,12.68,4.13,14.39,15.84,32.45,8.69
1268,5.2316693607181595,4,12.87,5.22,18.67,8.32,5.21,12.68,4.11,14.45,15.84,33.36,8.8
1269,5.2316693607181595,4,12.87,5.22,18.67,8.32,5.21,12.68,4.11,14.51,15.84,33.74,9.15
1270,5.2316693607181595,4,12.92,5.27,18.67,8.36,5.25,12.73,4.15,18.29,15.91,33.36,9.01
1271,5.2316693607181595,4,12.87,5.22,18.59,8.29,5.21,12.63,4.11,14.51,15.84,32.45,9.18
1272,5.2316693607181595,4,12.92,5.22,18.67,8.32,5.23,12.68,4.13,14.45,15.91,31.4,9.11
1273,5.2316693607181595,4,12.98,5.27,18.67,8.36,5.28,12.73,4.15,18.29,15.91,32.99,9.26
1274,5.2316693607181595,4,12.98,5.25,18.67,8.36,5.25,12.73,4.13,17.89,15.91,32.27,9.01
1275,5.2316693607181595,4,12.92,5.27,18.67,8.36,5.25,12.68,4.15,18.69,15.77,31.57,9.08
1276,5.2316693607181595,4,12.92,5.25,18.59,8.36,5.25,12.68,4.13,19.1,15.7,31.06,8.9
1277,5.2316693607181595,4,12.87,5.25,18.51,8.32,5.23,12.63,4.13,18.61,15.63,31.4,8.9
1278,5.2316693607181595,4,12.92,5.25,18.51,8.32,5.23,12.63,4.13,18.37,15.7,32.63,9.18
1279,5.2316693607181595,4,12.92,5.27,18.59,8.36,5.25,12.68,4.15,18.69,15.7,31.57,9.18
1280,5.2316693607181595,4,12.92,5.25,18.59,8.36,5.25,12.68,4.13,18.53,15.7,32.99,9.04
1281,5.2316693607181595,4,12.92,5.25,18.51,8.36,5.25,12.68,4.13,18.45,15.63,31.74,9.01
1282,5.2316693607181595,4,12.92,5.25,18.59,8.36,5.25,12.73,4.13,17.89,15.77,31.74,9.22
1283,5.2316693607181595,4,12.98,5.25,18.67,8.39,5.25,12.73,4.15,18.45,15.77,32.09,9.15
1284,5.2316693607181595,4,12.92,5.25,18.59,8.36,5.23,12.73,4.13,18.53,15.7,31.4,8.86
1285,5.2316693607181595,4,12.87,5.22,18.59,8.36,5.23,12.68,4.11,18.29,15.63,31.57,9.01
1286,5.2316693607181595,4,12.92,5.22,18.51,8.36,5.23,12.63,4.11,18.21,15.63,32.09,8.76
1287,5.2316693607181595,4,12.87,5.22,18.51,8.36,5.23,12.68,4.11,18.21,15.7,31.92,8.69
1288,5.2316693607181595,4,12.92,5.25,18.43,8.36,5.23,12.68,4.13,18.37,15.7,31.74,8.93
1289,5.2316693607181595,4,12.92,5.25,18.51,8.36,5.23,12.68,4.11,17.97,15.63,31.4,9.4
1290,5.2316693607181595,4,12.92,5.25,18.51,8.36,5.23,12.68,4.11,18.29,15.7,31.92,9.08
1291,5.2316693607181595,4,12.92,5.22,18.59,8.36,5.23,12.68,4.11,17.51,15.7,32.63,8.86
1292,5.2316693607181595,4,12.87,5.22,18.51,8.36,5.23,12.63,4.11,18.13,15.63,31.74,9.01
1293,5.2316693607181595,4,12.92,5.25,18.59,8.36,5.23,12.73,4.13,18.29,15.77,33.17,8.97
1294,5.2316693607181595,4,12.87,5.22,18.51,8.32,5.21,12.68,4.11,17.22,15.63,31.06,9.04
1295,5.2316693607181595,4,12.87,5.22,18.51,8.36,5.23,12.68,4.11,17.74,15.63,32.45,8.9
1296,5.2316693607181595,4,12.92,5.25,18.59,8.36,5.23,12.73,4.11,17.89,15.7,31.74,8.86
1297,5.2316693607181595,4,12.92,5.25,18.75,8.36,5.23,12.73,4.11,17.82,15.77,31.74,8.86
1298,5.2316693607181595,4,12.98,5.27,18.59,8.39,5.25,12.78,4.13,18.21,15.77,32.27,9.44
1299,5.2316693607181595,4,12.92,5.22,18.59,8.36,5.21,12.73,4.11,17.67,15.77,32.45,9.01
1300,5.2316693607181595,4,12.98,5.29,18.67,8.42,5.25,12.78,4.15,18.94,15.77,32.45,9.22
1301,5.2316693607181595,4,12.98,5.27,18.59,8.39,5.25,12.78,4.13,18.37,15.7,32.45,9.18
1302,5.2316693607181595,4,12.98,5.27,18.59,8.39,5.25,12.78,4.13,18.61,15.7,32.45,9.18
1303,5.2316693607181595,4,12.87,5.25,18.43,8.36,5.23,12.68,4.11,18.37,15.56,31.92,8.86
1304,5.2316693607181595,4,12.87,5.22,18.43,8.36,5.21,12.68,4.09,18.29,15.63,32.81,8.93
1305,5.2316693607181595,4,12.87,5.25,18.43,8.36,5.23,12.68,4.11,18.77,15.56,32.27,8.86
1306,5.2316693607181595,4,13.03,5.29,18.67,8.42,5.28,12.83,4.13,18.94,15.77,32.81,9.22
1307,5.2316693607181595,4,12.92,5.25,18.51,8.39,5.23,12.73,4.11,18.77,15.63,32.27,8.9
1308,5.2316693607181595,4,12.92,5.25,18.51,8.36,5.23,12.73,4.11,18.69,15.63,32.63,8.9
1309,5.2316693607181595,4,12.92,5.25,18.51,8.39,5.23,12.73,4.13,18.77,15.63,32.81,9.29
1310,5.2316693607181595,4,12.98,5.27,18.51,8.39,5.28,12.78,4.13,18.77,15.63,33.17,9.26
1311,5.2316693607181595,4,12.98,5.27,18.51,8.39,5.25,12.78,4.13,18.77,15.63,31.06,9.29
1312,5.2316693607181595,4,12.98,5.27,18.51,8.42,5.28,12.78,4.13,18.85,15.7,31.92,9.01
1313,5.2316693607181595,4,12.92,5.25,18.51,8.39,5.23,12.73,4.11,18.77,15.63,31.4,8.97
1314,5.2316693607181595,4,12.92,5.25,18.51,8.39,5.23,12.78,4.11,18.77,15.63,32.09,9.01
1315,5.2316693607181595,4,12.92,5.25,18.51,8.39,5.23,12.78,4.11,18.77,15.63,31.74,9.33
1316,5.2316693607181595,4,12.87,5.22,18.51,8.36,5.18,12.73,4.07,14.69,15.63,31.74,9.36
1317,5.2316693607181595,4,12.98,5.25,18.75,8.39,5.21,12.83,4.11,14.16,15.84,32.27,9.11
1318,5.2316693607181595,4,12.98,5.27,18.67,8.42,5.25,12.83,4.13,18.53,15.77,31.92,9.11
1319,5.2316693607181595,4,12.98,5.27,18.67,8.42,5.23,12.83,4.13,18.45,15.77,32.09,9.04
1320,5.2316693607181595,4,12.92,5.25,18.67,8.49,5.25,12.83,4.13,18.69,15.77,32.09,9.01
1321,5.239673136999486,4,12.92,5.25,18.67,8.42,5.23,12.83,4.11,18.69,15.77,31.74,9.01
1322,5.239673136999486,4,12.92,5.25,18.67,8.42,5.23,12.83,4.11,18.37,15.77,32.27,9.08
1323,5.239673136999486,4,12.92,5.25,18.67,8.42,5.23,12.83,4.11,18.05,15.77,32.09,8.93
1324,5.239673136999486,4,12.92,5.25,18.67,8.39,5.23,12.88,4.11,18.13,15.84,32.09,8.97
1325,5.239673136999486,4,12.92,5.25,18.67,8.42,5.23,12.83,4.11,18.85,15.77,32.09,8.97
1326,5.239673136999486,4,12.87,5.22,18.67,8.39,5.18,12.83,4.09,17.44,15.77,32.99,8.16
1327,5.239673136999486,4,12.87,5.2,18.67,8.36,5.18,12.83,4.06,14.33,15.84,32.09,8.62
1328,5.239673136999486,4,12.87,5.2,18.67,8.36,5.18,12.83,4.07,14.22,15.84,33.36,8.76
1329,5.239673136999486,4,12.82,5.2,18.59,8.36,5.18,12.83,4.07,14.22,15.77,32.09,9.26
1330,5.239673136999486,4,12.87,5.22,18.67,8.36,5.18,12.83,4.09,17.36,15.77,33.17,8.93
1331,5.239673136999486,4,12.82,5.18,18.67,8.36,5.16,12.83,4.06,14.22,15.91,32.63,8.9
1332,5.239673136999486,4,12.87,5.2,18.67,8.36,5.16,12.83,4.07,14.28,15.84,32.45,8.73
1333,5.239673136999486,4,12.87,5.2,18.67,8.36,5.18,12.83,4.07,14.28,15.77,32.45,9.18
1334,5.239673136999486,4,12.87,5.22,18.67,8.39,5.18,12.88,4.09,14.39,15.84,31.74,9.29
1335,5.239673136999486,4,12.87,5.22,18.67,8.39,5.18,12.88,4.07,14.51,15.77,32.99,9.36
1336,5.239673136999486,4,12.82,5.2,18.43,8.36,5.16,12.83,4.07,14.57,15.84,33.93,9.04
1337,5.239673136999486,4,12.87,5.22,18.67,8.39,5.18,12.88,4.09,14.57,15.77,32.45,9.04
1338,5.239673136999486,4,12.87,5.22,18.59,8.39,5.21,12.88,4.09,17.59,15.77,31.4,8.9
1339,5.239673136999486,4,12.87,5.22,18.67,8.39,5.18,12.88,4.07,14.45,15.77,32.09,8.93
1340,5.239673136999486,4,12.87,5.22,18.67,8.39,5.23,12.88,4.09,14.33,15.77,31.23,8.97
1341,5.239673136999486,4,12.92,5.25,18.59,8.42,5.23,12.88,4.13,17.82,15.77,31.4,8.93
1342,5.239673136999486,4,12.92,5.25,18.59,8.39,5.23,12.88,4.09,17.74,15.77,31.74,8.86
1343,5.239673136999486,4,12.87,5.25,18.59,8.42,5.23,12.88,4.11,17.36,15.77,31.06,8.86
1344,5.239673136999486,4,12.87,5.25,18.59,8.46,5.21,12.88,4.09,16.57,15.77,31.4,9.04
1345,5.239673136999486,4,12.87,5.22,18.59,8.39,5.18,12.88,4.07,14.51,15.77,31.06,9.01
1346,5.239673136999486,4,12.87,5.25,18.59,8.39,5.23,12.88,4.09,17.59,15.77,29.77,9.29
1347,5.239673136999486,4,12.87,5.22,18.59,8.39,5.21,12.88,4.07,17.36,15.77,31.92,8.97
1348,5.239673136999486,4,12.87,5.25,18.59,8.42,5.23,12.93,4.09,18.05,15.77,31.92,9.01
1349,5.239673136999486,4,12.87,5.22,18.67,8.39,5.18,12.88,4.07,14.33,15.77,31.23,9.08
1350,5.239673136999486,4,12.82,5.2,18.59,8.36,5.16,12.83,4.06,14.28,15.77,30.25,9.04
1351,5.239673136999486,4,12.82,5.2,18.59,8.36,5.18,12.88,4.06,14.33,15.77,30.9,8.9
1352,5.239673136999486,4,12.82,5.2,18.59,8.32,5.18,12.88,4.06,14.33,15.77,31.23,9.01
1353,5.239673136999486,4,12.82,5.2,18.59,8.36,5.18,12.88,4.06,14.33,15.77,31.23,8.97
1354,5.239673136999486,4,12.87,5.22,18.67,8.39,5.18,12.88,4.07,14.45,15.77,31.4,9.11
1355,5.239673136999486,4,12.87,5.22,18.59,8.39,5.21,12.88,4.07,14.51,15.84,30.41,9.33
1356,5.239673136999486,4,12.82,5.22,18.51,8.39,5.18,12.88,4.06,14.51,15.77,31.06,9.15
1357,5.239673136999486,4,12.92,5.25,18.59,8.39,5.23,12.93,4.09,17.67,15.77,31.57,9.18
1358,5.239673136999486,4,12.87,5.25,18.59,8.42,5.25,12.93,4.09,17.22,15.77,31.4,9.01
1359,5.239673136999486,4,12.87,5.22,18.59,8.42,5.21,12.88,4.07,14.93,15.77,31.4,8.97
1360,5.239673136999486,4,12.82,5.22,18.59,8.39,5.21,12.93,4.06,14.81,15.77,31.4,8.93
1361,5.239673136999486,4,12.87,5.25,18.59,8.42,5.23,12.93,4.09,17.59,15.77,31.06,8.97
1362,5.239673136999486,4,12.92,5.27,18.59,8.46,5.25,12.93,4.09,17.67,15.77,31.23,9.29
1363,5.239673136999486,4,12.92,5.27,18.59,8.46,5.25,12.93,4.09,17.89,15.77,31.23,9.18
1364,5.239673136999486,4,12.87,5.25,18.51,8.42,5.23,12.93,4.09,17.51,15.77,31.92,9.4
1365,5.239673136999486,4,12.92,5.29,18.59,8.46,5.25,12.98,4.11,17.82,15.84,31.74,9.36
1366,5.239673136999486,4,12.87,5.25,18.59,8.42,5.23,12.93,4.07,16.23,15.84,33.17,8.97
1367,5.239673136999486,4,12.92,5.27,18.59,8.42,5.25,12.93,4.09,17.14,15.84,31.57,9.08
1368,5.239673136999486,4,12.92,5.27,18.59,8.46,5.25,12.98,4.11,17.82,15.84,30.25,9.15
1369,5.239673136999486,4,12.92,5.29,18.59,8.46,5.28,12.98,4.11,17.82,15.84,32.27,9.08
1370,5.239673136999486,4,12.87,5.25,18.67,8.42,5.23,12.93,4.09,14.39,15.77,32.09,9.11
1371,5.239673136999486,4,12.87,5.25,18.67,8.42,5.23,12.93,4.07,14.39,15.77,31.92,9.26
1372,5.239673136999486,4,12.92,5.29,18.67,8.46,5.3,12.98,4.13,17.44,15.77,32.09,9.01
1373,5.239673136999486,4,12.92,5.27,18.59,8.46,5.28,12.98,4.09,17.89,15.84,31.92,9.11
1374,5.239673136999486,4,12.92,5.29,18.67,8.46,5.28,12.98,4.11,17.74,15.77,31.74,9.26
1375,5.239673136999486,4,12.92,5.29,18.59,8.46,5.28,12.98,4.11,17.51,15.77,31.92,9.4
1376,5.239673136999486,4,12.87,5.25,18.59,8.42,5.23,12.98,4.09,14.87,15.77,32.09,9.22
1377,5.239673136999486,4,12.92,5.29,18.59,8.46,5.28,12.98,4.09,17.97,15.77,31.74,9.26
1378,5.239673136999486,4,12.92,5.27,18.59,8.46,5.25,12.98,4.09,17.07,15.77,31.74,9.26
1379,5.239673136999486,4,12.87,5.25,18.59,8.42,5.25,12.93,4.07,15.89,15.77,31.92,9.11
1380,5.239673136999486,4,12.87,5.25,18.59,8.42,5.25,12.93,4.07,14.93,15.77,32.09,9.11
1381,5.257494181321206,4,12.92,5.27,18.59,8.42,5.25,12.98,4.09,16.16,15.77,34.31,9.18
1382,5.257494181321206,4,12.92,5.27,18.59,8.46,5.25,12.98,4.09,17.51,15.7,31.92,9.08
1383,5.257494181321206,4,12.92,5.27,18.59,8.46,5.25,12.98,4.09,16.71,15.77,31.4,9.08
1384,5.257494181321206,4,12.92,5.29,18.59,8.49,5.28,12.98,4.11,18.05,15.7,33.55,9.04
1385,5.257494181321206,4,12.92,5.29,18.67,8.49,5.3,12.98,4.11,17.74,15.77,31.57,8.97
1386,5.257494181321206,4,12.92,5.29,18.59,8.46,5.28,12.98,4.09,16.93,15.77,31.57,9.18
1387,5.257494181321206,4,12.92,5.29,18.59,8.46,5.3,12.98,4.09,18.53,15.7,31.06,9.4
1388,5.257494181321206,4,12.87,5.27,18.59,8.46,5.25,12.93,4.07,14.75,15.77,31.57,8.86
1389,5.257494181321206,4,12.92,5.29,18.59,8.52,5.3,12.98,4.09,17.59,15.7,31.74,9.11
1390,5.257494181321206,4,12.87,5.25,18.59,8.42,5.25,12.98,4.07,14.39,15.7,31.57,9.18
1391,5.257494181321206,4,12.92,5.29,18.59,8.46,5.3,12.98,4.09,17.51,15.7,30.25,9.18
1392,5.257494181321206,4,12.98,5.29,18.59,8.46,5.3,12.98,4.09,17.59,15.7,31.4,9.18
1393,5.257494181321206,4,12.92,5.27,18.59,8.46,5.3,12.98,4.09,16.5,15.7,31.57,9.18
1394,5.257494181321206,4,12.98,5.29,18.67,8.52,5.3,13.04,4.11,17.89,15.77,31.74,9.15
1395,5.257494181321206,4,12.92,5.29,18.59,8.49,5.34,13.04,4.11,18.05,15.91,31.4,9.11
1396,5.257494181321206,4,12.92,5.27,18.59,8.52,5.32,12.98,4.09,17.82,15.91,32.27,9.18
1397,5.257494181321206,4,12.92,5.29,18.59,8.49,5.34,12.98,4.09,17.97,15.77,32.27,9.04
1398,5.257494181321206,4,12.92,5.29,18.59,8.49,5.37,12.98,4.11,18.21,15.77,32.09,9.51
1399,5.257494181321206,4,12.92,5.29,18.67,8.49,5.34,12.98,4.11,18.05,15.7,31.57,9.48
1400,5.257494181321206,4,12.92,5.27,18.59,8.49,5.34,12.93,4.11,18.61,15.77,31.4,9.44
1401,5.257494181321206,4,12.92,5.29,18.59,8.49,5.34,12.98,4.09,18.29,15.77,31.74,9.4
1402,5.257494181321206,4,12.92,5.29,18.59,8.49,5.34,12.93,4.09,17.82,15.77,32.63,9.51
1403,5.257494181321206,4,12.98,5.29,18.59,8.46,5.37,12.98,4.09,17.67,15.77,32.27,9.59
1404,5.257494181321206,4,12.92,5.29,18.59,8.49,5.37,12.98,4.09,17.97,15.77,31.57,9.11
1405,5.257494181321206,4,12.92,5.27,18.59,8.49,5.34,12.98,4.09,17.14,15.77,32.09,9.51
1406,5.257494181321206,4,12.98,5.29,18.59,8.49,5.37,12.98,4.09,17.74,15.77,32.27,9.7
1407,5.257494181321206,4,12.98,5.29,18.59,8.49,5.37,12.98,4.11,18.13,15.77,31.06,9.55
1408,5.257494181321206,4,12.92,5.29,18.59,8.49,5.37,12.98,4.09,18.05,15.77,32.45,9.66
1409,5.257494181321206,4,12.92,5.25,18.59,8.46,5.32,12.93,4.06,14.39,15.77,32.09,9.55
1410,5.257494181321206,4,12.92,5.27,18.59,8.46,5.34,12.98,4.07,14.45,15.77,31.57,9.04
1411,5.257494181321206,4,12.92,5.29,18.59,8.49,5.37,12.98,4.09,17.59,15.77,32.09,9.01
1412,5.257494181321206,4,12.92,5.29,18.59,8.49,5.37,12.98,4.07,16.3,15.77,32.09,9.11
1413,5.257494181321206,4,12.98,5.29,18.59,8.52,5.39,13.04,4.11,17.36,15.77,32.99,9.01
1414,5.257494181321206,4,12.98,5.32,18.59,8.52,5.39,13.04,4.11,17,15.77,31.06,9.08
1415,5.257494181321206,4,12.98,5.29,18.59,8.49,5.39,12.98,4.09,17.97,15.77,32.09,8.52
1416,5.257494181321206,4,12.98,5.32,18.59,8.52,5.39,13.04,4.11,17.97,15.77,31.92,9.15
1417,5.257494181321206,4,12.92,5.29,18.59,8.52,5.37,13.04,4.11,17.74,15.77,32.45,9.04
1418,5.257494181321206,4,12.92,5.29,18.59,8.49,5.39,13.04,4.09,17.29,15.77,31.92,8.93
1419,5.257494181321206,4,12.92,5.32,18.59,8.52,5.39,13.04,4.09,17.97,15.77,30.57,8.97
1420,5.257494181321206,4,12.92,5.29,18.59,8.52,5.34,13.04,4.09,16.36,15.77,31.74,9.04
1421,5.257494181321206,4,12.92,5.29,18.59,8.52,5.39,13.04,4.09,16.5,15.77,31.74,9.04
1422,5.257494181321206,4,12.98,5.32,18.59,8.52,5.41,13.04,4.09,16.71,15.7,31.74,9.11
1423,5.257494181321206,4,12.92,5.27,18.59,8.49,5.39,13.04,4.09,14.93,15.77,31.74,9.04
1424,5.257494181321206,4,12.92,5.29,18.67,8.52,5.39,13.04,4.09,14.63,15.77,31.92,9.04
1425,5.257494181321206,4,12.98,5.29,18.67,8.52,5.41,13.04,4.09,14.69,15.77,32.45,8.97
1426,5.257494181321206,4,12.92,5.29,18.67,8.52,5.41,13.04,4.09,14.51,15.77,31.92,9.04
1427,5.257494181321206,4,12.92,5.29,18.67,8.49,5.39,13.04,4.07,14.51,15.77,31.74,9.01
1428,5.257494181321206,4,12.92,5.25,18.59,8.46,5.37,12.98,4.06,14.57,15.7,31.92,9.04
1429,5.257494181321206,4,12.87,5.22,18.59,8.46,5.34,12.93,4.04,14.63,15.7,32.09,8.66
1430,5.257494181321206,4,12.87,5.25,18.59,8.49,5.34,12.93,4.04,14.57,15.7,31.74,8.97
1431,5.257494181321206,4,12.87,5.25,18.59,8.49,5.37,12.93,4.06,14.57,15.7,31.74,9.01
1432,5.257494181321206,4,12.92,5.27,18.59,8.49,5.39,12.98,4.06,14.69,15.7,30.73,8.93
1433,5.257494181321206,4,12.87,5.25,18.59,8.49,5.37,12.98,4.06,14.63,15.77,31.74,8.66
1434,5.257494181321206,4,12.87,5.25,18.59,8.49,5.41,12.98,4.06,14.81,15.77,31.4,8.8
1435,5.257494181321206,4,12.87,5.27,18.59,8.49,5.37,12.98,4.06,14.63,15.77,31.92,8.9
1436,5.257494181321206,4,12.87,5.22,18.59,8.46,5.37,12.93,4.04,14.57,15.77,32.09,8.83
1437,5.257494181321206,4,12.87,5.25,18.67,8.49,5.37,12.98,4.06,14.63,15.77,31.92,8.73
1438,5.257494181321206,4,12.92,5.27,18.59,8.49,5.39,12.98,4.06,14.75,15.77,31.74,9.01
1439,5.257494181321206,4,12.87,5.27,18.59,8.49,5.37,12.98,4.06,14.69,15.77,32.81,9.08
1440,5.257494181321206,4,12.87,5.25,18.59,8.49,5.37,12.98,4.06,14.69,15.77,31.57,8.66
1441,5.298932060627791,4,12.87,5.25,18.67,8.46,5.37,12.98,4.06,14.75,15.77,32.09,8.69
1442,5.298932060627791,4,12.87,5.25,18.59,8.49,5.37,12.98,4.06,14.69,15.77,32.09,8.73
1443,5.298932060627791,4,12.92,5.27,18.59,8.49,5.39,12.98,4.06,14.87,15.77,31.57,9.04
1444,5.298932060627791,4,12.92,5.27,18.59,8.49,5.39,12.98,4.07,15.5,15.77,31.74,9.04
1445,5.298932060627791,4,12.87,5.27,18.67,8.49,5.37,12.98,4.06,15.06,15.77,34.71,8.69
1446,5.298932060627791,4,12.92,5.27,18.59,8.56,5.37,12.98,4.07,14.75,15.77,31.57,9.18
1447,5.298932060627791,4,12.92,5.27,18.59,8.49,5.37,12.98,4.06,14.75,15.77,31.57,9.04
1448,5.298932060627791,4,12.87,5.27,18.59,8.49,5.37,12.98,4.06,14.81,15.77,30.73,9.04
1449,5.298932060627791,4,12.87,5.27,18.59,8.49,5.37,12.98,4.06,15.37,15.7,31.57,9.04
1450,5.298932060627791,4,12.87,5.25,18.59,8.49,5.34,12.98,4.04,14.81,15.77,31.57,8.97
1451,5.298932060627791,4,12.87,5.27,18.75,8.46,5.37,12.98,4.06,14.81,15.91,31.06,8.52
1452,5.298932060627791,4,12.87,5.27,18.59,8.49,5.37,12.98,4.07,14.81,15.77,32.27,9.15
1453,5.298932060627791,4,12.87,5.27,18.59,8.49,5.37,12.98,4.06,14.81,15.77,30.9,9.01
1454,5.298932060627791,4,12.87,5.27,18.59,8.49,5.37,12.98,4.06,14.87,15.77,32.99,8.97
1455,5.298932060627791,4,12.87,5.27,18.67,8.49,5.37,13.04,4.06,14.75,15.84,32.09,8.62
1456,5.298932060627791,4,12.92,5.27,18.67,8.49,5.37,12.98,4.07,14.93,15.77,32.27,8.97
1457,5.298932060627791,4,12.92,5.27,18.67,8.52,5.28,13.04,4.07,14.87,15.77,32.09,8.9
1458,5.298932060627791,4,12.92,5.29,18.67,8.52,5.37,13.04,4.07,14.93,15.77,32.09,9.04
1459,5.298932060627791,4,12.92,5.29,18.67,8.52,5.37,13.04,4.07,14.93,15.77,31.92,8.86
1460,5.298932060627791,4,12.92,5.29,18.67,8.52,5.37,13.04,4.09,14.81,15.77,32.63,8.86
1461,5.298932060627791,4,12.92,5.27,18.67,8.49,5.37,13.04,4.07,14.87,15.7,32.09,8.97
1462,5.298932060627791,4,12.92,5.29,18.67,8.52,5.37,13.04,4.07,14.93,15.7,31.57,8.97
1463,5.298932060627791,4,12.92,5.29,18.67,8.52,5.39,13.04,4.07,15,15.77,31.06,9.04
1464,5.298932060627791,4,12.92,5.29,18.67,8.52,5.37,13.04,4.07,14.93,15.77,31.23,9.08
1465,5.298932060627791,4,12.87,5.29,18.67,8.52,5.37,12.98,4.07,14.87,15.7,32.09,8.93
1466,5.298932060627791,4,12.92,5.29,18.67,8.49,5.37,13.04,4.06,15.06,15.7,31.23,8.93
1467,5.298932060627791,4,12.92,5.29,18.67,8.52,5.37,13.04,4.07,14.93,15.7,32.09,8.93
1468,5.298932060627791,4,12.92,5.29,18.67,8.52,5.37,13.04,4.07,14.93,15.77,31.57,8.73
1469,5.298932060627791,4,12.92,5.29,18.67,8.52,5.39,13.04,4.07,14.93,15.77,31.4,8.97
1470,5.298932060627791,4,12.87,5.27,18.67,8.49,5.37,12.98,4.06,14.93,15.7,31.4,8.69
1471,5.298932060627791,4,12.92,5.27,18.67,8.52,5.37,13.04,4.06,14.93,15.77,30.41,8.69
1472,5.298932060627791,4,12.87,5.27,18.67,8.52,5.37,13.04,4.06,15,15.77,30.41,9.01
1473,5.298932060627791,4,12.92,5.29,18.67,8.52,5.37,13.04,4.06,15,15.77,31.57,8.69
1474,5.298932060627791,4,12.92,5.29,18.67,8.52,5.37,13.04,4.06,15,15.7,31.74,9.01
1475,5.298932060627791,4,12.92,5.29,18.67,8.52,5.39,13.04,4.06,15,15.7,31.57,9.01
1476,5.298932060627791,4,12.92,5.25,18.67,8.52,5.37,13.04,4.06,15,15.77,31.57,8.13
1477,5.298932060627791,4,12.92,5.29,18.67,8.52,5.39,13.04,4.06,15.06,15.77,33.36,8.66
1478,5.298932060627791,4,12.98,5.29,18.59,8.52,5.39,13.04,4.07,15.06,15.77,31.74,8.56
1479,5.298932060627791,4,12.98,5.32,18.67,8.59,5.39,13.04,4.07,15,15.77,31.57,9.01
1480,5.298932060627791,4,12.98,5.32,18.67,8.56,5.39,13.04,4.07,15.06,15.77,31.4,9.08
1481,5.298932060627791,4,12.98,5.29,18.67,8.52,5.39,13.04,4.07,15.06,15.77,31.57,9.08
1482,5.298932060627791,4,12.98,5.29,18.67,8.56,5.39,13.04,4.07,15.06,15.77,31.74,9.04
1483,5.298932060627791,4,12.98,5.29,18.67,8.56,5.39,13.04,4.07,15,15.77,31.74,9.22
1484,5.298932060627791,4,12.98,5.29,18.67,8.52,5.41,13.04,4.06,15,15.77,31.74,9.29
1485,5.298932060627791,4,12.98,5.29,18.67,8.52,5.39,13.04,4.07,15.12,15.77,31.74,9.22
1486,5.298932060627791,4,12.98,5.29,18.67,8.52,5.39,13.09,4.07,15.06,15.77,31.74,9.18
1487,5.298932060627791,4,12.98,5.32,18.67,8.56,5.44,13.04,4.07,15,15.77,31.74,9.01
1488,5.298932060627791,4,12.98,5.29,18.67,8.56,5.41,13.04,4.07,15.06,15.77,31.57,8.8
1489,5.298932060627791,4,12.92,5.32,18.67,8.56,5.41,13.04,4.07,15.06,15.7,31.74,9.04
1490,5.298932060627791,4,12.98,5.32,18.67,8.56,5.41,13.04,4.07,15.18,15.77,36.14,8.93
1491,5.298932060627791,4,12.98,5.32,18.75,8.56,5.41,13.09,4.07,15,15.77,33.17,8.93
1492,5.298932060627791,4,12.98,5.32,18.75,8.56,5.41,13.09,4.07,15.06,15.77,32.45,8.93
1493,5.298932060627791,4,12.98,5.32,18.75,8.56,5.44,13.09,4.09,15.12,15.77,31.92,8.97
1494,5.298932060627791,4,12.98,5.34,18.75,8.59,5.44,13.09,4.07,15.18,15.77,32.09,8.86
1495,5.298932060627791,4,12.92,5.32,18.67,8.56,5.44,13.04,4.07,15.25,15.77,32.09,8.97
1496,5.298932060627791,4,12.98,5.32,18.67,8.56,5.44,13.04,4.07,14.93,15.7,31.92,9.01
1497,5.298932060627791,4,12.82,5.27,18.35,8.49,5.39,12.88,4.04,14.87,15.42,31.23,8.86
1498,5.298932060627791,4,12.92,5.32,18.59,8.56,5.41,12.98,4.06,15,15.7,31.4,8.9
1499,5.298932060627791,4,12.92,5.32,18.67,8.56,5.44,13.04,4.07,15.06,15.77,31.4,8.83
1500,5.298932060627791,4,12.98,5.34,18.67,8.56,5.44,13.04,4.09,15.25,15.77,32.09,8.9
1501,5.412588874668555,4,12.98,5.34,18.67,8.56,5.37,13.04,4.07,15.31,15.77,32.45,8.9
1502,5.412588874668555,4,12.92,5.32,18.67,8.56,5.34,13.04,4.07,15.31,15.77,31.57,8.66
1503,5.412588874668555,4,12.98,5.34,18.67,8.59,5.34,13.04,4.09,15.37,15.7,31.92,8.9
1504,5.412588874668555,4,12.98,5.34,18.67,8.56,5.37,13.04,4.07,15.18,15.7,31.23,8.97
1505,5.412588874668555,4,12.98,5.34,18.67,8.59,5.44,13.09,4.09,15.25,15.77,31.4,9.04
1506,5.412588874668555,4,12.98,5.34,18.75,8.59,5.44,13.09,4.09,15.37,15.77,30.73,9.04
1507,5.412588874668555,4,13.03,5.36,18.75,8.62,5.44,13.09,4.09,15.31,15.77,31.74,8.97
1508,5.412588874668555,4,12.98,5.36,18.75,8.59,5.41,13.09,4.09,15.31,15.77,31.57,8.97
1509,5.412588874668555,4,13.03,5.36,18.75,8.62,5.44,13.09,4.11,15.25,15.84,31.74,8.76
1510,5.412588874668555,4,13.03,5.36,18.75,8.62,5.46,13.14,4.11,15.31,15.84,31.92,8.93
1511,5.412588874668555,4,12.98,5.34,18.67,8.56,5.44,13.04,4.07,15.31,15.77,31.74,8.97
1512,5.412588874668555,4,12.98,5.36,18.67,8.59,5.44,13.09,4.09,15.25,15.77,31.74,9.11
1513,5.412588874668555,4,12.98,5.34,18.67,8.59,5.44,13.04,4.07,15.25,15.7,31.57,8.83
1514,5.412588874668555,4,13.03,5.34,18.67,8.59,5.44,13.04,4.07,15.37,15.77,33.55,8.86
1515,5.412588874668555,4,13.03,5.34,18.67,8.62,5.44,13.04,4.09,15.18,15.77,31.74,9.08
1516,5.412588874668555,4,13.03,5.36,18.75,8.62,5.44,13.09,4.09,15.31,15.77,31.57,8.93
1517,5.412588874668555,4,13.08,5.36,18.75,8.62,5.44,13.14,4.11,15.37,15.84,31.92,9.11
1518,5.412588874668555,4,13.13,5.38,18.83,8.66,5.48,13.14,4.11,15.63,15.84,32.09,9.04
1519,5.412588874668555,4,13.13,5.38,18.83,8.66,5.46,13.14,4.11,15.37,15.84,31.92,8.93
1520,5.412588874668555,4,13.08,5.38,18.83,8.62,5.46,13.14,4.11,15.37,15.84,32.27,8.97
1521,5.412588874668555,4,13.13,5.38,18.83,8.66,5.48,13.14,4.11,15.37,15.84,32.27,9.01
1522,5.412588874668555,4,13.13,5.38,18.75,8.66,5.44,13.14,4.11,15.37,15.91,32.27,9.01
1523,5.412588874668555,4,13.08,5.36,18.83,8.62,5.44,13.09,4.11,15.37,15.84,32.63,9.11
1524,5.412588874668555,4,13.03,5.34,18.83,8.62,5.44,13.09,4.11,15.31,15.84,32.09,9.08
1525,5.412588874668555,4,13.08,5.36,18.83,8.62,5.41,13.09,4.09,15.31,15.84,31.92,9.15
1526,5.412588874668555,4,13.08,5.36,18.83,8.66,5.37,13.09,4.09,15.31,15.84,32.27,9.11
1527,5.412588874668555,4,13.08,5.36,18.83,8.62,5.39,13.14,4.11,15.31,15.84,32.45,9.04
1528,5.412588874668555,4,13.08,5.36,18.83,8.62,5.37,13.14,4.11,15.25,15.84,31.92,8.83
1529,5.412588874668555,4,13.08,5.36,18.83,8.66,5.39,13.14,4.11,15.37,15.84,31.92,9.08
1530,5.412588874668555,4,13.08,5.36,18.83,8.66,5.41,13.14,4.11,15.25,15.84,32.27,9.08
1531,5.412588874668555,4,13.13,5.38,18.83,8.69,5.41,13.14,4.11,15.31,15.84,32.09,9.04
1532,5.412588874668555,4,13.13,5.38,18.83,8.69,5.41,13.14,4.13,15.37,15.91,32.09,9.11
1533,5.412588874668555,4,13.13,5.41,18.91,8.69,5.44,13.19,4.13,15.31,15.91,32.27,9.08
1534,5.412588874668555,4,13.13,5.41,18.83,8.69,5.44,13.19,4.13,15.37,15.91,30.9,9.04
1535,5.412588874668555,4,13.13,5.38,18.83,8.66,5.41,13.14,4.11,15.31,15.91,32.09,8.93
1536,5.412588874668555,4,13.18,5.41,18.91,8.69,5.44,13.19,4.13,15.31,15.91,32.09,8.97
1537,5.412588874668555,4,13.18,5.43,18.91,8.73,5.48,13.19,4.15,15.37,15.91,32.27,9.04
1538,5.412588874668555,4,13.18,5.43,18.91,8.73,5.48,13.19,4.15,15.5,15.91,32.27,9.08
1539,5.412588874668555,4,13.13,5.41,18.91,8.69,5.48,13.19,4.13,15.37,15.91,31.92,9.11
1540,5.412588874668555,4,13.13,5.41,18.91,8.69,5.48,13.14,4.13,15.89,15.84,30.73,9.08
1541,5.412588874668555,4,13.13,5.41,18.91,8.69,5.51,13.19,4.13,15.18,15.91,32.27,9.11
1542,5.412588874668555,4,13.18,5.41,18.91,8.69,5.51,13.19,4.13,15.25,15.91,31.92,8.97
1543,5.412588874668555,4,13.18,5.43,18.91,8.73,5.51,13.19,4.15,15.37,15.91,31.92,9.15
1544,5.412588874668555,4,13.24,5.45,18.99,8.76,5.53,13.25,4.16,15.44,15.98,32.99,9.04
1545,5.412588874668555,4,13.18,5.41,18.91,8.69,5.51,13.19,4.13,15.37,15.91,31.92,9.04
1546,5.412588874668555,4,13.18,5.41,18.91,8.69,5.51,13.19,4.13,15.5,15.91,31.57,9.11
1547,5.412588874668555,4,13.13,5.41,18.91,8.69,5.51,13.14,4.13,15.44,15.91,31.06,9.15
1548,5.412588874668555,4,13.18,5.41,18.91,8.69,5.48,13.19,4.13,15.76,15.91,31.92,9.08
1549,5.412588874668555,4,13.18,5.41,18.91,8.69,5.51,13.19,4.13,15.37,15.91,31.74,9.08
1550,5.412588874668555,4,13.13,5.41,18.91,8.69,5.48,13.19,4.13,15.37,15.91,30.73,9.15
1551,5.412588874668555,4,13.13,5.41,18.91,8.69,5.48,13.14,4.13,15.5,15.91,32.09,9.22
1552,5.412588874668555,4,13.13,5.38,18.91,8.69,5.46,13.14,4.11,15.44,15.91,32.09,9.11
1553,5.412588874668555,4,13.18,5.41,18.91,8.69,5.44,13.19,4.13,15.63,15.91,31.92,9.18
1554,5.412588874668555,4,13.08,5.36,18.83,8.62,5.41,13.09,4.09,15.83,15.84,31.74,9.04
1555,5.412588874668555,4,13.18,5.43,19.07,8.73,5.48,13.19,4.15,15.5,15.91,32.09,9.11
1556,5.412588874668555,4,13.24,5.45,18.99,8.76,5.51,13.25,4.16,15.44,15.98,32.27,9.18
1557,5.412588874668555,4,13.18,5.43,18.91,8.69,5.46,13.19,4.15,15.69,15.98,31.92,8.8
1558,5.412588874668555,4,13.18,5.43,18.99,8.73,5.48,13.19,4.15,15.5,15.98,32.09,9.22
1559,5.412588874668555,4,13.24,5.43,18.99,8.73,5.51,13.25,4.15,15.44,15.98,32.09,9.18
1560,5.412588874668555,4,13.18,5.43,18.99,8.73,5.51,13.19,4.15,15.63,15.91,32.27,9.26
1561,5.473782773477036,4,13.13,5.41,18.99,8.73,5.48,13.19,4.15,15.44,15.91,32.09,8.9
1562,5.473782773477036,4,13.18,5.43,18.99,8.76,5.51,13.25,4.16,15.69,15.91,32.45,9.33
1563,5.473782773477036,4,13.18,5.43,18.99,8.76,5.51,13.25,4.16,15.83,15.98,32.09,9.01
1564,5.473782773477036,4,13.13,5.41,18.91,8.73,5.48,13.19,4.15,15.63,15.91,31.74,9.4
1565,5.473782773477036,4,13.24,5.45,18.99,8.76,5.51,13.25,4.16,15.83,15.98,32.27,9.33
1566,5.473782773477036,4,13.18,5.43,18.99,8.73,5.48,13.19,4.15,15.63,15.91,32.09,9.11
1567,5.473782773477036,4,13.24,5.45,18.99,8.76,5.53,13.25,4.16,15.69,15.98,32.99,9.18
1568,5.473782773477036,4,13.29,5.48,18.99,8.79,5.51,13.3,4.18,15.76,15.98,31.92,9.33
1569,5.473782773477036,4,13.18,5.45,18.99,8.76,5.48,13.25,4.16,15.69,15.98,32.09,9.26
1570,5.473782773477036,4,13.24,5.45,18.99,8.76,5.51,13.25,4.16,15.56,15.98,31.06,9.29
1571,5.473782773477036,4,13.34,5.52,19.07,8.86,5.58,13.35,4.22,15.63,16.05,32.63,9.36
1572,5.473782773477036,4,13.29,5.5,19.07,8.83,5.55,13.3,4.2,15.89,15.98,32.09,9.4
1573,5.473782773477036,4,13.29,5.5,19.07,8.83,5.58,13.3,4.2,15.63,15.98,32.45,9.33
1574,5.473782773477036,4,13.29,5.5,19.07,8.83,5.55,13.3,4.2,15.63,15.98,32.45,9.33
1575,5.473782773477036,4,13.29,5.5,19.07,8.86,5.58,13.3,4.2,15.83,16.05,31.23,9.29
1576,5.473782773477036,4,13.24,5.48,18.99,8.79,5.53,13.25,4.18,15.69,15.98,33.17,9.22
1577,5.473782773477036,4,13.24,5.48,18.99,8.76,5.51,13.25,4.16,15.76,15.98,33.17,9.11
1578,5.473782773477036,4,13.24,5.48,18.99,8.83,5.51,13.25,4.18,15.76,15.98,33.36,9.29
1579,5.473782773477036,4,13.24,5.48,18.99,8.79,5.51,13.25,4.18,15.44,15.91,32.63,9.18
1580,5.473782773477036,4,13.24,5.48,18.99,8.79,5.53,13.25,4.18,15.5,15.98,32.81,9.29
1581,5.473782773477036,4,13.18,5.43,18.91,8.73,5.48,13.14,4.15,15.44,15.84,32.63,9.15
1582,5.473782773477036,4,13.13,5.43,18.91,8.73,5.46,13.19,4.15,15.44,15.91,32.45,8.9
1583,5.473782773477036,4,13.18,5.43,19.07,8.76,5.48,13.19,4.15,15.56,15.91,32.27,9.11
1584,5.473782773477036,4,13.24,5.45,18.99,8.76,5.51,13.19,4.15,16.36,15.91,32.27,9.08
1585,5.473782773477036,4,13.24,5.45,18.99,8.76,5.51,13.25,4.16,16.93,15.91,34.71,9.15
1586,5.473782773477036,4,13.24,5.45,18.91,8.76,5.51,13.25,4.16,15.44,15.91,32.99,9.18
1587,5.473782773477036,4,13.18,5.43,18.99,8.76,5.51,13.19,4.15,15.5,15.91,32.63,9.01
1588,5.473782773477036,4,13.24,5.45,18.99,8.76,5.53,13.25,4.16,15.5,15.98,32.09,9.18
1589,5.473782773477036,4,13.18,5.43,18.99,8.76,5.51,13.19,4.15,15.56,15.98,33.17,9.04
1590,5.473782773477036,4,13.13,5.41,18.99,8.73,5.51,13.19,4.15,15.5,15.91,33.74,9.01
1591,5.473782773477036,4,13.13,5.41,18.99,8.73,5.48,13.14,4.11,15.5,15.91,35.72,9.11
1592,5.473782773477036,4,13.13,5.38,18.99,8.73,5.51,13.19,4.11,15.37,15.91,33.55,9.01
1593,5.473782773477036,4,13.18,5.41,18.99,8.73,5.51,13.19,4.13,15.56,15.91,33.74,9.18
1594,5.473782773477036,4,13.18,5.43,18.99,8.73,5.53,13.19,4.13,15.69,15.98,32.27,9.04
1595,5.473782773477036,4,13.18,5.43,18.99,8.73,5.53,13.19,4.15,15.56,15.91,32.99,9.15
1596,5.473782773477036,4,13.13,5.43,18.99,8.76,5.53,13.19,4.15,15.63,15.91,31.74,9.18
1597,5.473782773477036,4,13.13,5.43,18.99,8.76,5.53,13.19,4.15,15.56,15.91,32.81,9.11
1598,5.473782773477036,4,13.13,5.43,19.07,8.73,5.48,13.19,4.13,15.5,15.98,36.14,9.04
1599,5.473782773477036,4,13.13,5.43,18.99,8.73,5.48,13.19,4.13,15.56,15.91,32.09,9.11
1600,5.473782773477036,4,13.13,5.41,18.99,8.73,5.51,13.19,4.13,15.44,15.91,31.92,9.08
1601,5.473782773477036,4,13.03,5.45,19.07,8.76,5.53,13.25,4.15,15.56,15.91,32.27,9.15
1602,5.473782773477036,4,13.13,5.43,18.99,8.76,5.53,13.25,4.15,15.56,15.98,32.63,9.08
1603,5.473782773477036,4,13.18,5.43,19.07,8.76,5.53,13.25,4.15,15.56,15.98,31.92,9.04
1604,5.473782773477036,4,13.03,5.38,18.91,8.66,5.44,13.09,4.09,15.44,15.84,32.63,8.97
1605,5.473782773477036,4,13.13,5.43,19.07,8.76,5.53,13.25,4.15,15.69,15.98,33.93,9.18
1606,5.473782773477036,4,13.18,5.45,19.07,8.76,5.53,13.25,4.15,15.69,15.98,32.27,9.11
1607,5.473782773477036,4,13.13,5.43,19.07,8.76,5.53,13.19,4.13,15.63,15.98,33.93,8.97
1608,5.473782773477036,4,13.18,5.45,19.07,8.76,5.55,13.25,4.15,15.69,15.91,32.63,9.15
1609,5.473782773477036,4,13.18,5.45,19.07,8.76,5.53,13.25,4.15,15.69,15.98,32.09,9.11
1610,5.473782773477036,4,13.13,5.43,19.07,8.76,5.51,13.25,4.13,15.63,15.98,33.17,8.93
1611,5.473782773477036,4,13.18,5.48,19.07,8.86,5.55,13.25,4.16,15.69,15.98,32.45,9.15
1612,5.473782773477036,4,13.18,5.43,19.07,8.76,5.53,13.25,4.15,15.63,15.98,33.55,9.11
1613,5.473782773477036,4,13.18,5.45,19.16,8.76,5.53,13.25,4.15,15.63,15.98,34.12,9.11
1614,5.473782773477036,4,13.18,5.45,19.07,8.79,5.55,13.25,4.15,15.63,15.98,31.74,9.11
1615,5.473782773477036,4,13.18,5.45,19.07,8.76,5.51,13.25,4.13,15.69,15.98,34.71,9.11
1616,5.473782773477036,4,13.18,5.43,19.07,8.76,5.51,13.25,4.15,15.63,15.98,31.92,9.11
1617,5.473782773477036,4,13.18,5.45,19.07,8.79,5.51,13.25,4.15,15.63,15.98,31.92,9.15
1618,5.473782773477036,4,13.24,5.45,19.07,8.76,5.53,13.25,4.16,15.63,15.98,32.27,9.18
1619,5.473782773477036,4,13.24,5.48,19.07,8.79,5.51,13.25,4.16,15.76,15.98,32.27,8.52
1620,5.473782773477036,4,13.24,5.48,19.07,8.79,5.53,13.3,4.18,15.69,15.98,30.73,9.33
1621,5.5391314075682505,4,13.24,5.5,19.16,8.83,5.53,13.3,4.18,15.69,16.05,31.06,9.22
1622,5.5391314075682505,4,13.34,5.52,19.16,8.86,5.58,13.3,4.18,15.76,15.98,32.63,9.33
1623,5.5391314075682505,4,13.29,5.5,19.16,8.83,5.55,13.3,4.18,15.56,16.12,32.09,9.26
1624,5.5391314075682505,4,13.24,5.48,19.16,8.79,5.53,13.3,4.16,15.89,16.12,32.81,8.97
1625,5.5391314075682505,4,13.29,5.5,19.16,8.83,5.6,13.3,4.18,15.76,16.2,32.81,9.15
1626,5.5391314075682505,4,13.29,5.5,19.16,8.83,5.58,13.3,4.2,15.76,16.27,32.45,9.22
1627,5.5391314075682505,4,13.24,5.48,19.16,8.79,5.55,13.25,4.16,15.76,16.27,33.17,9.04
1628,5.5391314075682505,4,13.24,5.48,19.16,8.83,5.55,13.3,4.16,15.69,16.05,32.63,9.04
1629,5.5391314075682505,4,13.24,5.48,19.16,8.83,5.55,13.3,4.18,15.76,16.05,31.4,9.18
1630,5.5391314075682505,4,13.24,5.48,19.16,8.83,5.53,13.25,4.16,15.63,15.98,31.57,9.22
1631,5.5391314075682505,4,13.24,5.5,19.16,8.83,5.51,13.3,4.18,15.69,16.05,32.45,9.22
1632,5.5391314075682505,4,13.18,5.45,19.16,8.79,5.51,13.25,4.15,16.09,16.05,31.06,9.15
1633,5.5391314075682505,4,13.24,5.5,19.16,8.83,5.55,13.25,4.16,15.69,16.05,31.92,9.22
1634,5.5391314075682505,4,13.24,5.48,19.07,8.79,5.55,13.25,4.16,15.76,16.05,33.55,9.11
1635,5.5391314075682505,4,13.24,5.48,19.07,8.83,5.53,13.25,4.16,15.83,16.05,31.06,9.11
1636,5.5391314075682505,4,13.24,5.48,19.16,8.83,5.55,13.25,4.16,16.5,15.98,31.74,9.26
1637,5.5391314075682505,4,13.29,5.5,19.16,8.83,5.55,13.3,4.18,16.5,16.12,31.74,9.26
1638,5.5391314075682505,4,13.24,5.5,19.16,8.83,5.58,13.25,4.18,16.43,16.12,31.92,9.18
1639,5.5391314075682505,4,13.24,5.48,19.07,8.79,5.55,13.25,4.16,16.36,16.12,32.63,9.22
1640,5.5391314075682505,4,13.24,5.45,19.07,8.79,5.55,13.25,4.16,16.36,16.12,31.92,9.08
1641,5.5391314075682505,4,13.18,5.45,19.07,8.79,5.53,13.25,4.15,16.36,15.98,31.57,9.18
1642,5.5391314075682505,4,13.13,5.45,19.07,8.79,5.53,13.19,4.13,16.3,15.98,32.09,9.08
1643,5.5391314075682505,4,13.08,5.43,19.07,8.76,5.51,13.19,4.13,16.5,15.91,31.57,9.04
1644,5.5391314075682505,4,13.08,5.43,19.07,8.76,5.51,13.19,4.13,16.5,16.05,31.57,9.04
1645,5.5391314075682505,4,13.08,5.43,19.16,8.76,5.51,13.19,4.13,16.5,15.91,31.92,9.04
1646,5.5391314075682505,4,13.08,5.43,18.99,8.79,5.51,13.19,4.13,16.71,16.05,34.12,9.15
1647,5.5391314075682505,4,13.13,5.43,19.07,8.76,5.48,13.19,4.13,16.57,15.98,31.92,9.01
1648,5.5391314075682505,4,12.98,5.36,18.91,8.73,5.41,13.09,4.07,16.43,15.84,31.57,8.69
1649,5.5391314075682505,4,12.92,5.36,18.91,8.66,5.41,13.04,4.07,16.43,15.84,31.23,8.8
1650,5.5391314075682505,4,13.13,5.45,19.16,8.76,5.48,13.19,4.15,16.57,15.98,31.92,9.15
1651,5.5391314075682505,4,13.13,5.43,19.07,8.83,5.58,13.25,4.15,16.57,15.98,31.92,9.15
1652,5.5391314075682505,4,13.08,5.45,19.07,8.76,5.48,13.19,4.15,16.5,15.98,31.23,9.04
1653,5.5391314075682505,4,13.18,5.5,19.16,8.83,5.55,13.25,4.18,16.78,16.12,31.92,9.33
1654,5.5391314075682505,4,13.03,5.38,18.99,8.73,5.41,13.14,4.09,16.64,15.91,31.23,9.11
1655,5.5391314075682505,4,13.18,5.5,19.16,8.83,5.53,13.3,4.18,16.64,16.2,33.36,9.18
1656,5.5391314075682505,4,13.08,5.45,19.07,8.76,5.44,13.19,4.13,16.36,16.05,31.57,9.22
1657,5.5391314075682505,4,13.08,5.45,19.07,8.79,5.46,13.19,4.13,16.64,16.05,30.73,9.26
1658,5.5391314075682505,4,13.13,5.48,19.07,8.79,5.48,13.25,4.15,16.57,16.12,34.12,9.22
1659,5.5391314075682505,4,13.13,5.48,19.16,8.83,5.51,13.3,4.16,16.71,16.12,32.09,9.18
1660,5.5391314075682505,4,13.08,5.45,19.07,8.79,5.48,13.19,4.15,16.64,16.05,31.57,9.15
1661,5.5391314075682505,4,13.13,5.45,19.07,8.83,5.48,13.25,4.15,16.64,16.12,31.74,9.18
1662,5.5391314075682505,4,13.13,5.48,19.16,8.79,5.51,13.25,4.15,16.64,16.12,32.27,9.11
1663,5.5391314075682505,4,13.13,5.48,19.16,8.79,5.53,13.25,4.15,16.71,16.05,32.27,8.97
1664,5.5391314075682505,4,13.08,5.43,19.07,8.76,5.48,13.19,4.13,16.71,16.05,34.51,9.08
1665,5.5391314075682505,4,13.03,5.45,19.07,8.76,5.51,13.19,4.13,16.71,16.05,32.09,9.15
1666,5.5391314075682505,4,13.03,5.43,19.07,8.76,5.48,13.19,4.13,16.57,16.05,31.23,9.18
1667,5.5391314075682505,4,13.03,5.43,19.07,8.76,5.51,13.19,4.13,16.93,16.05,32.27,9.18
1668,5.5391314075682505,4,13.03,5.45,19.07,8.76,5.48,13.19,4.13,16.71,16.05,32.09,9.15
1669,5.5391314075682505,4,13.03,5.43,19.07,8.73,5.48,13.14,4.13,16.43,16.05,31.92,8.93
1670,5.5391314075682505,4,13.03,5.43,19.07,8.76,5.51,13.19,4.13,16.43,16.05,32.63,9.22
1671,5.5391314075682505,4,13.03,5.43,19.07,8.76,5.48,13.19,4.13,16.57,16.05,33.17,9.26
1672,5.5391314075682505,4,13.03,5.43,19.16,8.76,5.48,13.19,4.11,16.71,16.05,32.27,9.29
1673,5.5391314075682505,4,12.98,5.43,19.07,8.73,5.48,13.19,4.11,16.43,15.98,32.09,9.4
1674,5.5391314075682505,4,13.03,5.43,19.07,8.76,5.48,13.14,4.11,16.5,16.05,32.09,9.11
1675,5.5391314075682505,4,13.03,5.43,19.07,8.76,5.48,13.19,4.13,16.5,16.05,32.27,9.08
1676,5.5391314075682505,4,13.03,5.45,19.07,8.76,5.48,13.19,4.13,16.5,16.05,32.63,9.08
1677,5.5391314075682505,4,12.98,5.43,18.99,8.76,5.44,13.14,4.11,16.3,15.98,32.09,8.97
1678,5.5391314075682505,4,13.03,5.43,19.07,8.76,5.41,13.19,4.11,16.43,16.05,32.27,9.08
1679,5.5391314075682505,4,12.98,5.38,19.07,8.73,5.41,13.14,4.09,16.43,15.98,32.45,8.56
1680,5.5391314075682505,4,12.92,5.38,18.99,8.73,5.41,13.09,4.07,15.89,15.98,32.45,8.69
1681,5.6111427069017825,4,12.98,5.41,19.07,8.79,5.44,13.14,4.11,15.89,15.98,32.45,9.11
1682,5.6111427069017825,4,13.03,5.45,19.07,8.79,5.48,13.19,4.13,15.76,16.05,32.99,9.11
1683,5.6111427069017825,4,13.08,5.45,19.07,8.79,5.48,13.19,4.13,16.5,16.12,32.81,8.69
1684,5.6111427069017825,4,13.03,5.45,19.07,8.79,5.51,13.19,4.13,16.3,15.91,32.81,9.01
1685,5.6111427069017825,4,13.08,5.45,19.07,8.79,5.53,13.25,4.15,16.3,16.05,31.74,9.15
1686,5.6111427069017825,4,13.03,5.43,19.07,8.76,5.44,13.19,4.11,16.36,16.05,31.92,8.9
1687,5.6111427069017825,4,13.03,5.45,19.07,8.76,5.46,13.19,4.11,16.36,15.98,31.74,8.69
1688,5.6111427069017825,4,13.03,5.45,19.07,8.79,5.48,13.19,4.13,16.36,15.98,31.92,8.69
1689,5.6111427069017825,4,12.98,5.45,19.07,8.79,5.44,13.19,4.11,16.43,15.98,31.74,8.69
1690,5.6111427069017825,4,13.03,5.45,19.07,8.76,5.41,13.14,4.13,16.3,15.98,31.74,8.97
1691,5.6111427069017825,4,12.98,5.43,19.07,8.76,5.41,13.14,4.11,16.43,15.98,31.06,8.93
1692,5.6111427069017825,4,13.03,5.45,18.99,8.79,5.48,13.19,4.11,16.64,15.98,31.74,9.04
1693,5.6111427069017825,4,13.03,5.45,19.07,8.79,5.48,13.19,4.13,16.78,15.98,31.74,9.15
1694,5.6111427069017825,4,13.03,5.45,19.07,8.79,5.51,13.19,4.13,16.5,16.05,31.92,8.69
1695,5.6111427069017825,4,13.08,5.48,19.16,8.79,5.53,13.19,4.13,16.36,16.05,32.45,9.04
1696,5.6111427069017825,4,13.03,5.45,19.07,8.79,5.51,13.14,4.13,15.63,15.98,31.57,9.01
1697,5.6111427069017825,4,13.03,5.45,19.16,8.79,5.51,13.19,4.13,15.89,16.05,31.74,9.08
1698,5.6111427069017825,4,13.03,5.48,19.16,8.83,5.51,13.19,4.13,15.69,16.05,31.57,8.93
1699,5.6111427069017825,4,13.08,5.48,19.16,8.83,5.48,13.25,4.13,15.63,16.05,31.74,9.08
1700,5.6111427069017825,4,13.03,5.45,19.16,8.79,5.51,13.19,4.13,15.76,15.98,31.92,8.9
1701,5.6111427069017825,4,13.08,5.45,19.16,8.79,5.51,13.19,4.13,15.83,16.05,31.4,8.97
1702,5.6111427069017825,4,13.08,5.48,19.16,8.83,5.53,13.25,4.15,16.02,16.05,31.23,9.04
1703,5.6111427069017825,4,13.13,5.5,19.24,8.83,5.55,13.25,4.16,15.83,16.12,31.92,8.73
1704,5.6111427069017825,4,13.03,5.45,19.24,8.79,5.51,13.19,4.13,15.76,16.05,31.74,9.04
1705,5.6111427069017825,4,13.08,5.48,19.16,8.83,5.53,13.25,4.15,15.89,16.05,31.74,9.11
1706,5.6111427069017825,4,13.08,5.48,19.16,8.83,5.55,13.25,4.15,15.89,16.05,31.92,8.93
1707,5.6111427069017825,4,13.03,5.45,19.16,8.56,5.53,13.19,4.11,15.76,16.05,34.31,8.9
1708,5.6111427069017825,4,13.03,5.45,19.16,8.79,5.51,13.14,4.11,15.83,16.05,31.74,8.86
1709,5.6111427069017825,4,13.03,5.45,19.16,8.83,5.48,13.19,4.13,15.89,15.98,31.57,8.97
1710,5.6111427069017825,4,13.03,5.45,19.16,8.83,5.51,13.19,4.13,15.89,15.98,31.57,9.04
1711,5.6111427069017825,4,13.03,5.45,19.07,8.83,5.44,13.14,4.11,15.89,15.98,30.9,8.86
1712,5.6111427069017825,4,13.03,5.45,19.16,8.83,5.48,13.14,4.11,15.89,15.98,31.4,9.04
1713,5.6111427069017825,4,13.03,5.45,19.16,8.9,5.48,13.14,4.11,15.89,15.98,31.74,8.86
1714,5.6111427069017825,4,12.98,5.45,19.16,8.9,5.51,13.14,4.11,15.83,15.98,31.92,8.83
1715,5.6111427069017825,4,13.08,5.45,19.16,8.86,5.53,13.19,4.13,15.76,16.05,31.4,9.01
1716,5.6111427069017825,4,13.03,5.45,19.16,8.86,5.51,13.19,4.11,16.09,16.05,31.57,8.97
1717,5.6111427069017825,4,12.98,5.43,19.07,8.79,5.46,13.14,4.09,15.83,15.98,29.93,8.83
1718,5.6111427069017825,4,12.98,5.45,19.16,8.79,5.48,13.14,4.11,15.89,16.05,31.23,8.76
1719,5.6111427069017825,4,12.98,5.45,19.16,8.83,5.44,13.19,4.11,15.89,15.98,31.4,8.66
1720,5.6111427069017825,4,12.98,5.45,19.16,8.83,5.39,13.19,4.11,15.96,15.98,31.57,8.8
1721,5.6111427069017825,4,12.98,5.43,19.16,8.83,5.39,13.19,4.11,15.89,16.05,31.74,8.73
1722,5.6111427069017825,4,12.98,5.43,19.16,8.83,5.41,13.14,4.11,15.96,16.05,31.23,8.73
1723,5.6111427069017825,4,12.98,5.45,19.16,8.83,5.44,13.19,4.11,15.89,16.05,31.4,8.83
1724,5.6111427069017825,4,12.92,5.43,19.16,8.83,5.44,13.14,4.09,15.89,15.98,31.23,8.86
1725,5.6111427069017825,4,12.92,5.43,19.16,8.83,5.46,13.14,4.09,15.96,16.05,31.92,8.73
1726,5.6111427069017825,4,12.92,5.41,19.16,8.83,5.46,13.14,4.09,15.89,15.98,31.4,8.59
1727,5.6111427069017825,4,12.92,5.43,19.16,8.83,5.51,13.14,4.11,15.89,16.05,31.4,8.8
1728,5.6111427069017825,4,12.98,5.45,19.16,8.86,5.51,13.19,4.11,16.16,16.05,32.09,9.01
1729,5.6111427069017825,4,12.98,5.45,19.24,8.86,5.53,13.19,4.11,16.23,16.05,31.23,8.73
1730,5.6111427069017825,4,12.98,5.45,19.24,8.86,5.53,13.19,4.13,16.23,16.05,31.57,8.76
1731,5.6111427069017825,4,13.03,5.48,19.24,8.9,5.55,13.19,4.13,16.3,16.05,30.57,9.11
1732,5.6111427069017825,4,13.03,5.48,19.24,8.9,5.55,13.19,4.13,16.23,16.05,31.06,8.97
1733,5.6111427069017825,4,12.98,5.48,19.33,8.9,5.58,13.19,4.13,15.96,16.05,30.57,9.01
1734,5.6111427069017825,4,13.03,5.5,19.24,8.9,5.58,13.19,4.13,16.02,16.12,31.57,9.04
1735,5.6111427069017825,4,13.08,5.48,19.24,8.93,5.58,13.19,4.15,15.83,16.12,32.09,8.93
1736,5.6111427069017825,4,13.13,5.5,19.33,8.93,5.58,13.25,4.15,15.96,16.12,31.92,9.08
1737,5.6111427069017825,4,13.08,5.48,19.24,8.93,5.58,13.19,4.13,16.09,16.05,30.73,9.04
1738,5.6111427069017825,4,12.98,5.43,19.16,8.86,5.53,13.14,4.09,16.02,15.98,31.92,9.01
1739,5.6111427069017825,4,13.03,5.45,19.24,8.9,5.55,13.14,4.11,16.02,16.12,31.92,8.97
1740,5.6111427069017825,4,13.03,5.43,19.16,8.86,5.53,13.14,4.11,16.36,16.05,30.9,9.01
1741,5.636574515923481,4,13.03,5.45,19.24,8.9,5.55,13.14,4.11,16.64,16.05,31.4,8.9
1742,5.636574515923481,4,13.03,5.43,19.16,8.86,5.53,13.14,4.09,16.57,15.91,31.06,8.9
1743,5.636574515923481,4,13.03,5.43,19.16,8.86,5.53,13.14,4.09,16.64,15.98,31.57,8.8
1744,5.636574515923481,4,13.03,5.43,19.24,8.86,5.55,13.14,4.09,15.89,15.98,31.06,9.08
1745,5.636574515923481,4,13.03,5.41,19.16,8.83,5.53,13.09,4.07,15.96,15.91,32.27,8.39
1746,5.636574515923481,4,13.03,5.45,19.24,8.9,5.58,13.14,4.11,16.02,15.98,31.23,9.04
1747,5.636574515923481,4,13.08,5.45,19.24,8.9,5.58,13.14,4.13,16.02,15.98,31.4,9.04
1748,5.636574515923481,4,12.92,5.41,18.99,8.79,5.53,13.04,4.07,15.83,15.77,30.9,8.8
1749,5.636574515923481,4,12.98,5.43,18.99,8.83,5.53,13.04,4.07,15.83,15.84,30.9,8.83
1750,5.636574515923481,4,13.03,5.45,19.16,8.9,5.58,13.14,4.11,15.96,15.98,31.57,9.01
1751,5.636574515923481,4,13.08,5.45,19.24,8.9,5.58,13.14,4.11,16.09,15.98,31.74,9.01
1752,5.636574515923481,4,13.03,5.43,19.07,8.86,5.55,13.09,4.09,16.02,15.91,31.4,8.86
1753,5.636574515923481,4,13.08,5.45,19.24,8.9,5.58,13.14,4.11,16.16,15.98,31.74,9.08
1754,5.636574515923481,4,13.08,5.45,19.33,8.9,5.6,13.19,4.13,16.09,16.05,32.09,9.01
1755,5.636574515923481,4,13.08,5.48,19.33,8.93,5.6,13.19,4.13,16.78,16.05,32.45,9.04
1756,5.636574515923481,4,13.08,5.48,19.33,8.9,5.58,13.19,4.13,17,16.05,31.74,8.62
1757,5.636574515923481,4,13.13,5.5,19.33,8.93,5.63,13.19,4.15,16.86,16.05,32.09,9.11
1758,5.636574515923481,4,13.13,5.5,19.33,8.97,5.63,13.19,4.15,16.93,16.05,31.74,9.11
1759,5.636574515923481,4,13.13,5.5,19.33,8.93,5.6,13.19,4.15,16.78,16.05,31.92,9.08
1760,5.636574515923481,4,13.13,5.5,19.33,8.97,5.63,13.25,4.15,16.78,16.05,31.92,9.01
1761,5.636574515923481,4,13.13,5.5,19.41,8.97,5.63,13.19,4.15,16.71,16.05,32.27,9.04
1762,5.636574515923481,4,13.03,5.45,19.33,8.9,5.58,13.14,4.11,16.64,15.98,31.74,8.83
1763,5.636574515923481,4,13.03,5.45,19.33,8.9,5.58,13.09,4.11,16.71,15.98,31.57,8.9
1764,5.636574515923481,4,13.03,5.45,19.24,8.9,5.58,13.14,4.11,16.64,15.98,31.4,9.01
1765,5.636574515923481,4,13.08,5.48,19.33,8.93,5.6,13.19,4.13,16.64,15.98,32.45,9.08
1766,5.636574515923481,4,13.08,5.48,19.41,8.93,5.6,13.19,4.13,17.14,16.05,31.57,8.83
1767,5.636574515923481,4,13.08,5.48,19.33,8.93,5.6,13.14,4.13,16.64,15.98,31.74,8.9
1768,5.636574515923481,4,13.08,5.48,19.41,8.93,5.6,13.19,4.13,16.78,16.05,31.74,8.97
1769,5.636574515923481,4,13.13,5.5,19.41,8.97,5.63,13.19,4.15,16.86,16.05,31.92,9.01
1770,5.636574515923481,4,13.13,5.5,19.41,8.97,5.65,13.19,4.15,16.86,16.05,31.4,8.8
1771,5.636574515923481,4,13.13,5.5,19.41,8.97,5.63,13.19,4.13,16.78,16.05,31.57,8.8
1772,5.636574515923481,4,13.08,5.48,19.41,8.93,5.6,13.14,4.13,16.78,16.05,32.27,9.11
1773,5.636574515923481,4,13.13,5.5,19.41,8.93,5.63,13.19,4.13,16.93,16.12,32.81,9.15
1774,5.636574515923481,4,13.13,5.5,19.49,8.97,5.63,13.19,4.13,16.93,16.12,32.27,8.83
1775,5.636574515923481,4,13.13,5.5,19.49,8.97,5.63,13.19,4.15,16.93,16.05,32.81,9.44
1776,5.636574515923481,4,13.13,5.55,19.49,9,5.67,13.25,4.16,16.86,16.12,32.99,9.48
1777,5.636574515923481,4,13.13,5.5,19.49,8.97,5.65,13.19,4.15,16.93,16.05,35.11,9.4
1778,5.636574515923481,4,13.08,5.5,19.49,8.93,5.6,13.19,4.15,17.07,16.12,32.27,9.33
1779,5.636574515923481,4,13.08,5.48,19.49,8.93,5.6,13.14,4.13,17.14,16.05,32.09,8.76
1780,5.636574515923481,4,13.03,5.45,19.58,8.93,5.6,13.14,4.13,16.86,16.05,35.31,9.29
1781,5.636574515923481,4,13.03,5.48,19.58,8.93,5.6,13.14,4.13,16.86,16.05,32.63,9.33
1782,5.636574515923481,4,12.98,5.45,19.67,8.9,5.58,13.14,4.11,17.22,16.05,32.81,9.36
1783,5.636574515923481,4,12.98,5.45,19.67,8.9,5.55,13.14,4.09,16.78,16.05,31.74,8.52
1784,5.636574515923481,4,12.98,5.45,19.67,8.9,5.58,13.14,4.09,16.71,16.05,35.11,9.33
1785,5.636574515923481,4,12.92,5.45,19.67,8.9,5.55,13.09,4.09,16.86,16.05,33.17,9.22
1786,5.636574515923481,4,12.92,5.43,19.67,8.9,5.55,13.09,4.09,16.93,16.05,32.27,9.22
1787,5.636574515923481,4,12.92,5.45,19.67,8.9,5.58,13.14,4.09,16.86,16.05,32.81,9.29
1788,5.636574515923481,4,12.92,5.45,19.67,8.93,5.58,13.14,4.11,16.93,16.05,32.27,9.22
1789,5.636574515923481,4,12.92,5.45,19.67,8.9,5.58,13.09,4.09,16.78,16.05,31.92,9.04
1790,5.636574515923481,4,12.92,5.45,19.67,8.93,5.58,13.14,4.09,16.64,16.05,32.09,9.18
1791,5.636574515923481,4,12.92,5.45,19.67,8.93,5.58,13.14,4.09,16.78,16.05,32.63,9.29
1792,5.636574515923481,4,12.92,5.45,19.67,8.93,5.58,13.14,4.11,16.78,16.05,32.99,9.22
1793,5.636574515923481,4,12.92,5.48,19.67,8.93,5.58,13.14,4.11,16.78,16.05,32.27,9.33
1794,5.636574515923481,4,12.82,5.41,19.58,8.86,5.51,13.04,4.07,16.64,15.98,31.57,9.15
1795,5.636574515923481,4,12.77,5.38,19.58,8.86,5.51,13.04,4.06,16.16,15.98,32.09,9.22
1796,5.636574515923481,4,12.82,5.38,19.58,8.86,5.51,13.04,4.06,16.23,15.98,33.74,9.15
1797,5.636574515923481,4,12.82,5.41,19.58,8.9,5.51,13.04,4.06,16.16,15.98,31.57,9.26
1798,5.636574515923481,4,12.82,5.41,19.67,8.86,5.51,13.09,4.06,16.23,16.05,31.57,9.29
1799,5.636574515923481,4,12.82,5.41,19.58,8.86,5.51,12.98,4.06,16.3,15.98,31.57,9.22
1800,5.636574515923481,4,12.82,5.41,19.67,8.86,5.51,13.04,4.06,16.23,15.98,31.57,9.29
1801,5.644984905269979,4,12.82,5.41,19.58,8.86,5.53,12.98,4.06,16.16,15.98,31.4,9.22
1802,5.644984905269979,4,12.82,5.38,19.58,8.9,5.51,12.98,4.06,16.09,15.98,31.74,9.22
1803,5.644984905269979,4,12.72,5.36,19.58,8.83,5.48,12.98,4.04,16.23,15.98,31.23,9.29
1804,5.644984905269979,4,12.72,5.36,19.58,8.83,5.48,12.98,4.04,16.86,15.98,31.4,9.22
1805,5.644984905269979,4,12.72,5.36,19.49,8.83,5.48,12.93,4.02,16.02,15.91,30.73,9.26
1806,5.644984905269979,4,12.72,5.36,19.58,8.83,5.46,12.93,4.02,16.02,15.91,34.12,9.26
1807,5.644984905269979,4,12.77,5.36,19.49,8.83,5.46,12.93,4.04,16.09,15.98,32.27,9.29
1808,5.644984905269979,4,12.72,5.36,19.49,8.83,5.44,12.98,4.02,16.09,15.91,31.23,9.33
1809,5.644984905269979,4,12.77,5.36,19.49,8.83,5.41,12.98,4.04,16.16,15.98,31.57,9.33
1810,5.644984905269979,4,12.72,5.38,19.49,8.83,5.44,12.98,4.04,17.67,15.91,31.23,9.29
1811,5.644984905269979,4,12.72,5.36,19.49,8.83,5.34,12.98,4.04,17.67,15.91,31.23,9.29
1812,5.644984905269979,4,12.82,5.41,19.58,8.86,5.44,13.04,4.06,17.22,15.91,31.4,9.4
1813,5.644984905269979,4,12.77,5.38,19.58,8.86,5.41,13.04,4.06,16.02,15.91,31.23,9.36
1814,5.644984905269979,4,12.77,5.38,19.58,8.86,5.44,13.04,4.06,16.09,15.98,31.06,9.48
1815,5.644984905269979,4,12.82,5.41,19.58,8.9,5.48,13.04,4.06,15.96,15.98,31.06,9.48
1816,5.644984905269979,4,12.77,5.41,19.58,8.9,5.48,13.04,4.06,16.43,15.98,32.09,9.15
1817,5.644984905269979,4,12.82,5.43,19.58,8.93,5.51,13.09,4.07,16.43,15.98,31.57,9.36
1818,5.644984905269979,4,12.87,5.45,19.67,8.97,5.51,13.14,4.11,16.5,16.05,31.23,9.51
1819,5.644984905269979,4,12.87,5.45,19.67,8.97,5.46,13.14,4.09,16.16,16.05,31.4,9.44
1820,5.644984905269979,4,12.92,5.48,19.67,8.97,5.55,13.14,4.11,16.5,16.05,31.92,10.37
1821,5.644984905269979,4,12.82,5.43,19.67,8.9,5.51,13.09,4.07,16.16,16.05,31.4,10.29
1822,5.644984905269979,4,12.82,5.43,19.67,8.93,5.51,13.09,4.07,16.16,16.05,31.23,10.25
1823,5.644984905269979,4,12.87,5.45,19.67,8.97,5.53,13.09,4.09,16.23,16.05,30.73,9.22
1824,5.644984905269979,4,12.82,5.43,19.67,8.93,5.51,13.09,4.07,16.23,16.05,31.57,9.4
1825,5.644984905269979,4,12.77,5.41,19.67,8.9,5.46,12.73,4.06,16.02,15.98,30.73,9.22
1826,5.644984905269979,4,12.82,5.41,19.67,8.86,5.46,13.04,4.07,16.23,15.98,31.4,9.29
1827,5.644984905269979,4,12.82,5.43,19.67,8.93,5.48,13.09,4.07,16.3,16.05,31.23,9.29
1828,5.644984905269979,4,12.87,5.45,19.67,8.93,5.46,13.09,4.07,16.3,16.05,31.57,9.22
1829,5.644984905269979,4,12.87,5.45,19.67,8.97,5.48,13.09,4.09,16.23,16.05,33.93,9.26
1830,5.644984905269979,4,12.87,5.45,19.67,8.97,5.48,13.14,4.09,16.3,16.05,31.74,9.29
1831,5.644984905269979,4,12.87,5.45,19.75,8.97,5.48,13.14,4.09,16.36,16.05,30.73,9.33
1832,5.644984905269979,4,13.08,5.57,19.84,9.11,5.6,13.3,4.18,16.36,16.27,32.45,9.4
1833,5.644984905269979,4,13.18,5.62,19.93,9.14,5.67,13.35,4.22,16.43,16.27,32.63,9.51
1834,5.644984905269979,4,13.03,5.52,19.84,9.04,5.58,13.19,4.15,16.43,16.12,32.09,9.36
1835,5.644984905269979,4,13.03,5.55,19.84,9.07,5.58,13.25,4.16,16.36,16.2,35.51,9.44
1836,5.644984905269979,4,12.98,5.5,19.75,9.04,5.58,13.19,4.13,16.36,16.12,31.4,9.44
1837,5.644984905269979,4,12.92,5.48,19.75,8.97,5.53,13.14,4.11,16.43,16.12,31.57,9.29
1838,5.644984905269979,4,12.92,5.48,19.75,9,5.51,13.14,4.11,16.3,16.05,31.92,9.33
1839,5.644984905269979,4,12.92,5.5,19.75,9,5.53,13.14,4.13,16.3,16.05,32.27,9.33
1840,5.644984905269979,4,12.92,5.48,19.75,9,5.53,13.14,4.13,16.36,16.05,31.57,9.4
1841,5.644984905269979,4,12.92,5.48,19.75,9,5.46,13.14,4.11,16.3,16.12,32.27,8.59
1842,5.644984905269979,4,12.87,5.48,19.75,8.97,5.51,13.14,4.11,16.3,16.05,32.27,9.36
1843,5.644984905269979,4,12.92,5.48,19.67,8.97,5.48,13.14,4.11,16.36,16.05,31.74,9.29
1844,5.644984905269979,4,12.92,5.5,19.75,8.97,5.53,13.14,4.13,16.36,16.05,32.27,9.33
1845,5.644984905269979,4,12.92,5.48,19.75,8.97,5.53,13.14,4.11,16.5,16.05,30.9,9.33
1846,5.644984905269979,4,12.92,5.48,19.67,8.97,5.53,13.09,4.11,16.43,16.05,31.57,9.15
1847,5.644984905269979,4,12.92,5.45,19.67,8.97,5.53,13.09,4.11,16.3,16.05,31.74,9.26
1848,5.644984905269979,4,12.87,5.5,19.67,8.97,5.55,13.14,4.11,16.23,16.05,32.09,9.29
1849,5.644984905269979,4,12.98,5.5,19.75,9,5.58,13.14,4.13,16.64,16.05,32.27,9.29
1850,5.644984905269979,4,12.98,5.52,19.75,9,5.58,13.19,4.15,16.78,16.05,33.17,9.44
1851,5.644984905269979,4,12.98,5.52,19.75,9,5.6,13.19,4.16,16.5,16.05,32.99,9.44
1852,5.644984905269979,4,12.92,5.5,19.75,8.97,5.58,13.14,4.11,16.43,16.05,32.27,9.33
1853,5.644984905269979,4,12.92,5.5,19.75,8.97,5.58,13.14,4.13,16.36,16.05,30.9,9.22
1854,5.644984905269979,4,12.98,5.52,19.84,9,5.6,13.14,4.13,16.5,16.05,32.45,9.36
1855,5.644984905269979,4,12.98,5.5,19.75,8.97,5.55,13.14,4.11,16.43,16.05,33.36,9.26
1856,5.644984905269979,4,12.98,5.5,19.75,8.97,5.55,13.14,4.13,16.5,16.05,32.45,9.04
1857,5.644984905269979,4,12.92,5.48,19.75,8.97,5.53,13.09,4.09,16.57,16.05,32.45,9.33
1858,5.644984905269979,4,12.87,5.48,19.67,8.93,5.51,13.09,4.11,16.43,16.05,32.27,9.26
1859,5.644984905269979,4,12.87,5.48,19.75,8.93,5.51,13.04,4.09,16.71,16.12,32.09,9.26
1860,5.644984905269979,4,13.08,5.45,19.67,8.93,5.53,13.09,4.09,16.3,16.05,31.92,9.26
1861,5.65997489713184,4,13.13,5.45,19.67,8.9,5.53,13.09,4.09,16.5,16.05,31.92,9.18
1862,5.65997489713184,4,13.13,5.48,19.75,8.93,5.53,13.09,4.09,16.64,16.05,31.92,9.33
1863,5.65997489713184,4,13.13,5.48,19.75,8.93,5.48,13.09,4.09,16.43,16.05,32.09,9.18
1864,5.65997489713184,4,13.03,5.45,19.67,8.93,5.48,13.09,4.04,16.43,16.05,31.92,9.36
1865,5.65997489713184,4,13.03,5.45,19.67,8.97,5.51,13.04,4.09,16.5,16.05,31.74,8.86
1866,5.65997489713184,4,12.98,5.48,19.67,8.93,5.51,13.09,4.09,16.5,16.05,32.09,9.44
1867,5.65997489713184,4,13.13,5.5,19.75,8.93,5.55,13.14,4.11,16.57,16.05,32.27,9.48
1868,5.65997489713184,4,13.03,5.52,19.75,8.97,5.58,13.14,4.13,16.57,16.12,32.45,9.55
1869,5.65997489713184,4,13.24,5.52,19.84,9,5.58,13.14,4.15,16.57,16.12,32.45,8.93
1870,5.65997489713184,4,13.34,5.6,19.93,9.07,5.65,13.3,4.18,17,16.27,31.06,10.57
1871,5.65997489713184,4,13.5,5.69,20.1,9.18,5.75,13.41,4.27,16.64,16.27,32.99,10.87
1872,5.65997489713184,4,13.56,5.69,20.02,9.18,5.75,13.41,4.27,16.86,16.34,32.99,10.61
1873,5.65997489713184,4,13.13,5.5,19.75,8.97,5.53,13.09,4.11,16.5,16.12,32.63,9.97
1874,5.65997489713184,4,13.18,5.52,19.84,8.97,5.55,13.14,4.13,16.57,16.05,32.09,10.09
1875,5.65997489713184,4,13.24,5.52,19.84,9,5.55,13.19,4.13,16.64,16.12,32.09,10.21
1876,5.65997489713184,4,13.29,5.55,19.84,9.04,5.63,13.19,4.16,16.57,16.2,32.99,9.7
1877,5.65997489713184,4,13.29,5.52,19.84,9,5.58,13.14,4.13,16.64,16.12,34.71,8.97
1878,5.65997489713184,4,13.18,5.52,19.75,9,5.58,13.14,4.13,16.71,16.12,32.27,9.62
1879,5.65997489713184,4,13.18,5.5,19.84,8.97,5.6,13.14,4.11,17.07,16.12,31.92,10.01
1880,5.65997489713184,4,13.13,5.5,19.84,8.97,5.58,13.09,4.11,16.71,16.12,32.27,10.53
1881,5.65997489713184,4,13.18,5.52,19.75,9,5.6,13.14,4.13,16.64,16.2,32.63,10.33
1882,5.65997489713184,4,13.18,5.52,19.75,9,5.6,13.14,4.13,16.57,16.12,32.09,9.81
1883,5.65997489713184,4,13.18,5.52,19.75,9,5.63,13.14,4.13,16.5,16.12,32.81,9.89
1884,5.65997489713184,4,13.18,5.52,19.75,8.97,5.6,13.09,4.13,16.5,16.12,34.31,9.62
1885,5.65997489713184,4,13.24,5.52,19.84,9,5.63,13.19,4.13,16.64,16.27,31.06,9.81
1886,5.65997489713184,4,13.18,5.52,19.84,9,5.63,13.14,4.13,16.64,16.2,31.23,9.81
1887,5.65997489713184,4,13.18,5.52,19.75,9,5.63,13.14,4.11,16.5,16.12,31.92,9.89
1888,5.65997489713184,4,13.18,5.52,19.75,9,5.63,13.14,4.13,16.57,16.12,32.09,9.66
1889,5.65997489713184,4,13.56,5.74,20.1,9.25,5.84,13.46,4.29,16.86,16.42,33.17,10.13
1890,5.65997489713184,4,13.24,5.52,19.84,8.97,5.63,13.14,4.13,16.64,16.12,31.06,9.89
1891,5.65997489713184,4,13.18,5.5,19.75,8.97,5.63,13.14,4.11,16.64,16.12,30.73,9.85
1892,5.65997489713184,4,13.18,5.5,19.84,9,5.63,13.14,4.13,16.57,16.2,30.9,9.89
1893,5.65997489713184,4,13.18,5.5,19.84,8.93,5.6,13.09,4.11,16.64,16.12,32.45,9.74
1894,5.65997489713184,4,13.18,5.5,20.02,9,5.6,13.14,4.11,16.71,16.2,32.45,9.74
1895,5.65997489713184,4,13.18,5.52,19.84,9,5.63,13.14,4.13,16.57,16.2,32.27,9.93
1896,5.65997489713184,4,13.13,5.48,19.84,8.97,5.6,13.09,4.11,16.64,16.2,33.36,10.82
1897,5.65997489713184,4,13.18,5.52,19.84,9,5.63,13.14,4.13,16.78,16.12,32.45,9.08
1898,5.65997489713184,4,13.24,5.55,19.84,9,5.65,13.19,4.15,16.64,16.2,32.63,8.97
1899,5.65997489713184,4,13.5,5.72,20.1,9.22,5.84,13.41,4.29,16.93,16.42,33.55,9.29
1900,5.65997489713184,4,13.18,5.5,19.84,8.97,5.63,13.09,4.11,16.57,16.12,32.63,8.86
1901,5.65997489713184,4,13.08,5.52,19.75,9,5.63,13.14,4.13,16.64,16.12,32.81,8.9
1902,5.65997489713184,4,13.34,5.72,20.19,9.22,5.82,13.41,4.27,16.93,16.34,32.09,9.11
1903,5.65997489713184,4,13.4,5.72,20.1,9.18,5.84,13.35,4.27,17.07,16.42,31.92,9.15
1904,5.65997489713184,4,13.29,5.62,19.93,9.11,5.75,13.3,4.22,16.78,16.27,33.36,9.11
1905,5.65997489713184,4,13.29,5.62,20.02,9.14,5.75,13.25,4.18,16.86,16.27,33.17,9.04
1906,5.65997489713184,4,13.08,5.52,19.93,8.93,5.63,13.14,4.11,16.64,16.12,31.57,9.01
1907,5.65997489713184,4,13.24,5.62,19.93,9.07,5.75,13.3,4.2,16.86,16.27,33.17,9.11
1908,5.65997489713184,4,13.34,5.64,20.1,9.07,5.77,13.3,4.22,16.71,16.2,33.55,9.04
1909,5.65997489713184,4,13.34,5.64,19.93,9.11,5.79,13.3,4.22,16.71,16.27,32.99,9.18
1910,5.65997489713184,4,13.4,5.69,20.02,9.14,5.79,13.35,4.24,16.86,16.27,33.74,9.18
1911,5.65997489713184,4,13.34,5.69,20.02,9.11,5.79,13.3,4.24,16.93,16.34,32.63,9.08
1912,5.65997489713184,4,13.13,5.52,19.84,8.97,5.65,13.09,4.11,16.64,16.12,32.81,8.97
1913,5.65997489713184,4,13.29,5.62,19.93,8.83,5.72,13.25,4.2,16.78,16.2,32.99,9.15
1914,5.65997489713184,4,13.34,5.67,20.02,8.97,5.77,13.3,4.22,16.86,16.34,31.74,9.22
1915,5.65997489713184,4,13.4,5.72,20.1,8.97,5.82,13.35,4.27,17.07,16.34,33.55,9.26
1916,5.65997489713184,4,13.4,5.69,20.1,8.97,5.84,13.35,4.26,16.93,16.34,32.81,9.15
1917,5.65997489713184,4,13.34,5.67,20.1,8.93,5.79,13.3,4.22,16.86,16.34,32.81,9.26
1918,5.65997489713184,4,13.4,5.69,20.1,9,5.82,13.35,4.26,16.93,16.42,33.55,9.18
1919,5.65997489713184,4,13.24,5.6,19.93,8.86,5.7,13.19,4.18,16.86,16.27,32.81,9.04
1920,5.65997489713184,4,13.13,5.57,19.93,8.79,5.65,13.14,4.16,16.93,16.2,32.27,9.11
1921,5.683538089942097,4,13.24,5.64,19.93,8.9,5.75,13.25,4.2,17,16.27,32.99,9.18
1922,5.683538089942097,4,13.24,5.64,20.1,8.93,5.72,13.3,4.22,17,16.34,32.63,9.18
1923,5.683538089942097,4,13.29,5.69,20.1,9.14,5.77,13.35,4.26,17.22,16.34,34.91,9.11
1924,5.683538089942097,4,13.56,5.84,20.37,9.11,5.92,13.57,4.35,17.22,16.57,33.17,9.36
1925,5.683538089942097,4,13.56,5.81,20.37,9.11,5.92,13.51,4.35,17.14,16.57,33.36,9.29
1926,5.683538089942097,4,13.29,5.67,20.1,9.07,5.77,13.3,4.24,17,16.34,32.81,9.22
1927,5.683538089942097,4,13.72,5.84,20.46,9.4,5.89,13.51,4.35,17.22,16.57,35.11,9.36
1928,5.683538089942097,4,13.78,5.89,20.46,9.36,5.97,13.62,4.39,17.29,16.64,33.36,9.36
1929,5.683538089942097,4,13.72,5.86,20.37,9.32,5.92,13.57,4.37,17.29,16.57,33.93,9.33
1930,5.683538089942097,4,13.72,5.84,20.37,9.36,5.89,13.51,4.37,17.29,16.57,33.36,9.26
1931,5.683538089942097,4,13.72,5.84,20.37,9.25,5.89,13.51,4.37,17.44,16.57,33.36,9.29
1932,5.683538089942097,4,13.67,5.84,20.37,9.18,5.87,13.51,4.35,17.36,16.57,33.55,9.29
1933,5.683538089942097,4,13.78,5.84,20.46,9.18,5.92,13.57,4.37,17.36,16.57,33.17,9.36
1934,5.683538089942097,4,13.78,5.84,20.37,9.4,5.92,13.51,4.37,17.36,16.57,33.55,9.29
1935,5.683538089942097,4,13.72,5.84,20.37,9.36,5.92,13.51,4.35,17.22,16.57,34.31,9.4
1936,5.683538089942097,4,13.72,5.84,20.37,9.36,5.92,13.51,4.35,17.36,16.64,33.36,9.26
1937,5.683538089942097,4,13.72,5.81,20.37,9.32,5.89,13.51,4.35,17.29,16.57,32.99,9.29
1938,5.683538089942097,4,13.78,5.84,20.37,9.36,5.92,13.51,4.35,17.29,16.64,32.09,9.29
1939,5.683538089942097,4,13.72,5.79,20.28,9.32,5.89,13.46,4.33,17.29,16.57,32.99,9.36
1940,5.683538089942097,4,13.72,5.81,20.37,9.36,5.92,13.51,4.35,17.36,16.64,33.36,9.18
1941,5.683538089942097,4,13.72,5.81,20.37,9.36,5.89,13.46,4.33,17.29,16.64,33.17,9.18
1942,5.683538089942097,4,13.72,5.84,20.46,9.4,5.92,13.51,4.29,17.29,16.64,33.36,9.29
1943,5.683538089942097,4,13.78,5.84,20.46,9.4,5.94,13.51,4.37,17.36,16.72,33.74,9.33
1944,5.683538089942097,4,13.67,5.76,20.37,9.32,5.87,13.46,4.31,17.22,16.64,33.36,9.11
1945,5.683538089942097,4,13.72,5.81,20.37,9.36,5.89,13.46,4.33,17.22,16.64,33.36,9.26
1946,5.683538089942097,4,13.72,5.81,20.46,9.36,5.92,13.51,4.35,17.29,16.72,33.36,9.22
1947,5.683538089942097,4,13.78,5.84,20.46,9.4,5.94,13.51,4.35,17.36,16.64,33.17,9.26
1948,5.683538089942097,4,13.72,5.81,20.46,9.36,5.92,13.51,4.35,17.36,16.64,32.27,9.11
1949,5.683538089942097,4,13.72,5.81,20.37,9.43,5.92,13.46,4.35,17.29,16.57,33.36,9.29
1950,5.683538089942097,4,13.67,5.79,20.37,9.36,5.89,13.46,4.33,17.29,16.57,33.36,9.22
1951,5.683538089942097,4,13.4,5.62,20.1,9.14,5.7,13.19,4.2,17.29,16.34,32.63,9.08
1952,5.683538089942097,4,13.18,5.5,19.93,8.97,5.55,12.98,4.11,16.93,16.2,32.27,8.83
1953,5.683538089942097,4,13.18,5.52,20.02,9,5.58,13.04,4.11,17,16.27,31.4,8.9
1954,5.683538089942097,4,13.18,5.5,20.02,9,5.55,13.04,4.11,16.86,16.2,32.27,8.9
1955,5.683538089942097,4,13.18,5.5,20.02,9,5.55,13.04,4.11,16.93,16.2,32.45,9.04
1956,5.683538089942097,4,13.24,5.55,20.02,9.07,5.63,13.14,4.13,17.07,16.27,32.81,9.04
1957,5.683538089942097,4,13.24,5.52,20.02,9.07,5.63,13.09,4.13,17,16.27,33.36,8.97
1958,5.683538089942097,4,13.29,5.55,20.1,9.04,5.63,13.14,4.13,17,16.27,32.45,8.97
1959,5.683538089942097,4,13.34,5.62,20.19,9.14,5.7,13.25,4.2,17.14,16.34,32.81,9.01
1960,5.683538089942097,4,13.34,5.64,20.19,9.18,5.75,13.3,4.22,17.14,16.42,32.99,9.11
1961,5.683538089942097,4,13.29,5.62,20.19,9.18,5.72,13.25,4.2,17.14,16.34,32.99,9.01
1962,5.683538089942097,4,13.4,5.64,20.19,9.18,5.72,13.3,4.22,17.22,16.42,32.99,9.08
1963,5.683538089942097,4,13.29,5.64,20.19,9.18,5.75,13.25,4.2,17.14,16.34,32.63,9.15
1964,5.683538089942097,4,13.29,5.6,20.1,9.11,5.7,13.19,4.16,17.22,16.34,33.17,9.01
1965,5.683538089942097,4,13.29,5.6,20.1,9.11,5.7,13.19,4.16,17.14,16.27,32.81,9.01
1966,5.683538089942097,4,13.4,5.64,20.1,9.18,5.77,13.25,4.22,17.44,16.42,32.81,8.97
1967,5.683538089942097,4,13.4,5.64,20.1,9.18,5.77,13.3,4.22,17.14,16.42,32.81,9.01
1968,5.683538089942097,4,13.45,5.69,20.19,9.25,5.84,13.35,4.26,17.59,16.49,33.36,9.01
1969,5.683538089942097,4,13.45,5.69,20.28,9.25,5.82,13.35,4.26,17.22,16.49,33.36,9.22
1970,5.683538089942097,4,13.29,5.57,20.02,9.11,5.67,13.14,4.15,17.29,16.34,32.45,9.08
1971,5.683538089942097,4,13.4,5.62,20.19,9.18,5.75,13.25,4.2,17.44,16.42,34.12,9.08
1972,5.683538089942097,4,13.4,5.6,20.1,9.22,5.72,13.19,4.18,17.29,16.42,32.63,9.01
1973,5.683538089942097,4,13.29,5.57,20.1,9.11,5.67,13.14,4.15,17.22,16.42,31.92,8.97
1974,5.683538089942097,4,13.24,5.52,20.02,9.04,5.63,13.04,4.11,17,16.27,31.23,8.76
1975,5.683538089942097,4,13.18,5.52,20.02,9.04,5.6,13.09,4.11,16.86,16.27,31.4,8.8
1976,5.683538089942097,4,13.18,5.52,20.02,9.04,5.58,13.09,4.11,17,16.27,30.9,8.76
1977,5.683538089942097,4,13.18,5.5,20.02,9,5.55,13.04,4.09,17.07,16.27,32.63,8.86
1978,5.683538089942097,4,13.18,5.5,20.02,9,5.58,13.04,4.11,17,16.27,32.09,8.66
1979,5.683538089942097,4,13.18,5.52,20.02,9.04,5.6,13.09,4.11,17.07,16.27,31.57,9.04
1980,5.683538089942097,4,13.18,5.5,20.02,9,5.58,13.04,4.09,17.14,16.27,32.09,8.83
1981,5.723414046731876,4,13.13,5.48,19.93,8.97,5.53,13.04,4.07,17,16.2,31.92,8.93
1982,5.723414046731876,4,13.13,5.48,19.93,9,5.55,13.04,4.07,16.93,16.2,32.63,9.01
1983,5.723414046731876,4,13.08,5.48,19.93,9,5.55,13.04,4.07,16.93,16.2,31.92,8.93
1984,5.723414046731876,4,13.08,5.48,19.93,8.97,5.55,12.98,4.07,17.29,16.2,31.92,9.01
1985,5.723414046731876,4,13.08,5.48,19.93,8.93,5.55,12.98,4.09,17,16.2,31.57,9.01
1986,5.723414046731876,4,13.08,5.48,19.93,8.93,5.55,13.04,4.07,17,16.2,31.92,9.04
1987,5.723414046731876,4,13.08,5.48,19.93,8.97,5.55,13.04,4.07,17,16.2,32.63,8.93
1988,5.723414046731876,4,13.13,5.48,20.02,9,5.53,13.04,4.07,16.93,16.2,34.51,8.66
1989,5.723414046731876,4,13.13,5.5,20.02,9.04,5.53,13.04,4.09,17.07,16.2,31.74,8.9
1990,5.723414046731876,4,13.13,5.5,20.02,9.04,5.55,13.04,4.09,17.07,16.27,34.71,9.08
1991,5.723414046731876,4,13.08,5.5,19.93,9,5.55,13.04,4.09,17.07,16.27,31.74,9.15
1992,5.723414046731876,4,13.08,5.48,20.02,9.04,5.53,13.04,4.07,17.22,16.2,31.57,10.65
1993,5.723414046731876,4,13.13,5.5,19.93,9.04,5.55,13.04,4.09,17.07,16.2,31.92,9.36
1994,5.723414046731876,4,13.13,5.5,20.02,9.04,5.55,13.04,4.09,17.07,16.27,31.74,10.78
1995,5.723414046731876,4,13.13,5.52,20.02,9,5.58,13.09,4.11,17.07,16.27,31.57,8.97
1996,5.723414046731876,4,13.13,5.5,20.02,9.04,5.58,13.09,4.09,17.36,16.27,33.36,9.01
1997,5.723414046731876,4,13.08,5.52,20.02,9,5.53,13.04,4.07,16.93,16.27,31.92,10.82
1998,5.723414046731876,4,13.08,5.48,19.93,8.97,5.53,13.04,4.07,17.07,16.2,31.74,9.33
1999,5.723414046731876,4,13.08,5.48,20.02,9,5.53,13.04,4.07,17.07,16.2,31.57,9.74
2000,5.723414046731876,4,13.18,5.55,20.1,9.04,5.58,13.14,4.13,17.14,16.27,32.27,9.62
2001,5.723414046731876,4,13.18,5.55,20.1,9.07,5.58,13.14,4.13,17.14,16.27,31.74,9.62
2002,5.723414046731876,4,13.13,5.5,20.02,8.97,5.55,13.04,4.09,17.14,16.27,34.51,9.59
2003,5.723414046731876,4,13.18,5.52,20.02,9.11,5.58,13.09,4.11,17.14,16.27,30.73,9.89
2004,5.723414046731876,4,13.18,5.55,20.1,9.11,5.58,13.09,4.11,17.14,16.27,31.57,11.04
2005,5.723414046731876,4,13.18,5.57,20.1,9.14,5.63,13.14,4.13,17.51,16.27,31.57,10.95
2006,5.723414046731876,4,13.24,5.57,20.1,9.11,5.65,13.14,4.15,17.22,16.27,32.27,11.04
2007,5.723414046731876,4,13.18,5.55,20.1,9.11,5.6,13.09,4.11,17.22,16.27,31.92,10.74
2008,5.723414046731876,4,13.18,5.55,20.1,9.14,5.63,13.14,4.13,17.22,16.34,32.09,10.78
2009,5.723414046731876,4,13.13,5.55,20.1,9.14,5.63,13.09,4.13,17.44,16.27,31.92,9.36
2010,5.723414046731876,4,13.03,5.5,20.02,9.07,5.55,13.04,4.07,17.14,16.2,31.57,9.22
2011,5.723414046731876,4,12.98,5.48,19.93,8.79,5.55,13.04,4.07,17.07,16.2,31.4,9.11
2012,5.723414046731876,4,12.82,5.41,19.49,8.59,5.48,12.73,4,16.64,15.7,32.09,9.04
2013,5.723414046731876,4,13.13,5.52,20.02,8.76,5.6,13.04,4.09,17.29,16.2,31.57,8.83
2014,5.723414046731876,4,13.03,5.48,19.84,9,5.55,12.98,4.07,17.07,16.05,31.57,9.36
2015,5.723414046731876,4,13.03,5.48,19.84,8.93,5.53,12.93,4.06,17.07,16.05,31.06,9.97
2016,5.723414046731876,4,12.98,5.48,19.75,8.97,5.53,12.88,4.06,16.93,16.05,30.41,10.65
2017,5.723414046731876,4,13.03,5.48,20.02,9,5.53,12.98,4.06,17.07,16.2,31.74,10.82
2018,5.723414046731876,4,13.03,5.48,20.02,9,5.51,12.98,4.06,17.14,16.2,32.63,10.49
2019,5.723414046731876,4,13.08,5.48,20.02,9.04,5.53,12.98,4.07,17.22,16.2,31.4,10.41
2020,5.723414046731876,4,13.13,5.5,20.02,9.07,5.53,13.04,4.07,17.22,16.2,31.92,10.74
2021,5.723414046731876,4,13.24,5.57,20.19,9.22,5.63,13.14,4.15,17.36,16.34,32.63,11.08
2022,5.723414046731876,4,13.34,5.64,20.19,9.25,5.7,13.25,4.18,17.51,16.42,32.27,11.21
2023,5.723414046731876,4,13.4,5.69,20.37,9.32,5.75,13.3,4.22,17.51,16.42,32.63,11.12
2024,5.723414046731876,4,13.45,5.72,20.37,9.36,5.75,13.35,4.24,17.51,16.49,32.63,11.08
2025,5.723414046731876,4,13.45,5.74,20.46,9.4,5.79,13.35,4.26,17.59,16.57,32.99,10.87
2026,5.723414046731876,4,13.45,5.74,20.55,9.4,5.79,13.35,4.26,17.59,16.57,32.99,11.39
2027,5.723414046731876,4,13.45,5.74,20.37,9.4,5.79,13.35,4.26,17.51,16.57,32.81,11.34
2028,5.723414046731876,4,13.45,5.76,20.46,9.43,5.82,13.41,4.27,17.59,16.57,33.55,11.12
2029,5.723414046731876,4,13.45,5.74,20.37,9.36,5.75,13.35,4.24,17.59,16.57,32.99,11.3
2030,5.723414046731876,4,13.61,5.84,20.46,9.51,5.87,13.46,4.31,17.74,16.64,32.63,10.65
2031,5.723414046731876,4,13.45,5.74,20.37,9.4,5.77,13.3,4.26,17.59,16.49,32.27,10.61
2032,5.723414046731876,4,13.5,5.79,20.46,9.47,5.84,13.41,4.29,17.67,16.57,32.63,9.62
2033,5.723414046731876,4,13.29,5.64,20.19,9.29,5.7,13.19,4.18,17.51,16.42,32.09,9.89
2034,5.723414046731876,4,13.4,5.72,20.37,9.43,5.75,13.3,4.24,17.51,16.49,32.27,9.74
2035,5.723414046731876,4,13.13,5.57,20.1,9.22,5.6,13.09,4.13,17.29,16.34,31.57,9.11
2036,5.723414046731876,4,13.08,5.55,20.1,9.14,5.55,13.04,4.11,17.36,16.27,31.74,8.97
2037,5.723414046731876,4,13.18,5.6,20.1,9.18,5.6,13.14,4.15,17.44,16.34,31.4,9.04
2038,5.723414046731876,4,13.18,5.6,20.19,9.18,5.6,13.09,4.15,17.67,16.34,31.74,9.18
2039,5.723414046731876,4,13.34,5.69,20.28,9.32,5.72,13.3,4.24,17.59,16.49,32.27,9.22
2040,5.723414046731876,4,13.34,5.69,20.28,9.32,5.75,13.25,4.22,17.44,16.42,32.63,9.44
2041,5.731030382283858,4,13.61,5.81,20.46,9.47,5.87,13.46,4.31,17.67,16.64,33.36,9.4
2042,5.731030382283858,4,13.4,5.69,20.28,9.32,5.75,13.25,4.22,17.59,16.42,32.27,9.22
2043,5.731030382283858,4,13.5,5.79,20.37,9.47,5.87,13.41,4.29,17.74,16.57,32.45,9.4
2044,5.731030382283858,4,13.56,5.81,20.37,9.47,5.89,13.41,4.31,17.74,16.57,31.74,9.51
2045,5.731030382283858,4,13.56,5.81,20.37,9.47,5.87,13.41,4.31,17.82,16.57,33.36,9.36
2046,5.731030382283858,4,13.45,5.76,20.37,9.4,5.79,13.3,4.26,17.82,16.49,31.74,9.18
2047,5.731030382283858,4,13.34,5.74,20.19,9.4,5.79,13.25,4.26,17.74,16.42,32.27,9.33
2048,5.731030382283858,4,13.34,5.74,20.28,9.4,5.79,13.3,4.26,17.74,16.42,33.17,9.33
2049,5.731030382283858,4,13.34,5.69,20.28,9.36,5.77,13.25,4.24,17.74,16.42,32.45,9.26
2050,5.731030382283858,4,13.29,5.67,20.19,9.32,5.72,13.19,4.2,17.51,16.34,31.92,9.26
2051,5.731030382283858,4,13.29,5.67,20.19,9.29,5.72,13.19,4.2,17.67,16.34,31.57,9.22
2052,5.731030382283858,4,13.4,5.72,20.28,9.36,5.77,13.25,4.24,17.67,16.49,32.09,9.26
2053,5.731030382283858,4,13.5,5.79,20.37,9.47,5.87,13.35,4.29,17.74,16.57,32.09,9.36
2054,5.731030382283858,4,13.56,5.84,20.46,9.51,5.89,13.41,4.33,17.82,16.57,33.93,9.51
2055,5.731030382283858,4,13.61,5.84,20.46,9.51,5.89,13.46,4.33,17.89,16.57,33.36,9.51
2056,5.731030382283858,4,13.56,5.81,20.46,9.51,5.87,13.41,4.31,17.89,16.57,32.27,9.36
2057,5.731030382283858,4,13.5,5.79,20.46,9.47,5.84,13.35,4.29,17.82,16.57,32.63,9.44
2058,5.731030382283858,4,13.56,5.81,20.46,9.51,5.87,13.41,4.29,17.74,16.57,32.63,9.44
2059,5.731030382283858,4,13.5,5.79,20.46,9.47,5.84,13.35,4.29,17.82,16.64,32.81,9.44
2060,5.731030382283858,4,13.4,5.76,20.37,9.43,5.82,13.35,4.29,17.89,16.57,32.63,9.36
2061,5.731030382283858,4,13.4,5.74,20.37,9.4,5.79,13.3,4.26,17.82,16.49,32.45,9.4
2062,5.731030382283858,4,13.4,5.74,20.28,9.4,5.77,13.25,4.26,17.67,16.49,32.45,9.26
2063,5.731030382283858,4,13.45,5.76,20.37,9.43,5.79,13.3,4.27,17.97,16.49,32.45,9.4
2064,5.731030382283858,4,13.5,5.79,20.55,9.43,5.82,13.35,4.29,17.89,16.49,32.27,9.55
2065,5.731030382283858,4,13.45,5.79,20.37,9.47,5.82,13.35,4.29,17.74,16.49,32.45,9.44
2066,5.731030382283858,4,13.45,5.76,20.37,9.43,5.79,13.3,4.27,17.82,16.49,32.45,9.33
2067,5.731030382283858,4,13.5,5.79,20.46,9.47,5.82,13.35,4.29,17.82,16.57,32.45,9.59
2068,5.731030382283858,4,13.5,5.81,20.46,9.47,5.82,13.35,4.29,18.05,16.57,32.27,9.33
2069,5.731030382283858,4,13.4,5.76,20.37,9.43,5.77,13.3,4.27,17.82,16.57,32.45,9.55
2070,5.731030382283858,4,13.4,5.74,20.37,9.4,5.75,13.35,4.24,17.82,16.49,32.45,9.22
2071,5.731030382283858,4,13.56,5.81,20.46,9.55,5.84,13.41,4.31,17.89,16.57,33.55,9.51
2072,5.731030382283858,4,13.34,5.69,20.37,9.36,5.72,13.25,4.22,17.89,16.49,32.09,9.55
2073,5.731030382283858,4,13.4,5.74,20.37,9.4,5.77,13.3,4.26,17.74,16.49,32.27,9.48
2074,5.731030382283858,4,13.5,5.76,20.46,9.43,5.77,13.35,4.27,17.82,16.57,32.45,9.62
2075,5.731030382283858,4,13.13,5.55,20.1,9.18,5.55,13.04,4.11,17.59,16.27,31.57,9.04
2076,5.731030382283858,4,13.03,5.5,20.02,9.11,5.51,12.93,4.07,17.51,16.2,31.57,9.26
2077,5.731030382283858,4,13.03,5.5,20.02,9.11,5.51,12.93,4.07,17.51,16.2,31.23,9.36
2078,5.731030382283858,4,12.98,5.5,20.02,9.11,5.51,12.93,4.06,17.44,16.2,30.9,9.22
2079,5.731030382283858,4,13.03,5.5,20.02,9.11,5.53,12.98,4.07,17.67,16.2,33.36,9.33
2080,5.731030382283858,4,12.98,5.48,20.02,9.07,5.51,12.93,4.04,17.74,16.2,31.23,9.18
2081,5.731030382283858,4,12.92,5.48,20.02,9.07,5.51,12.93,4.06,17.67,16.12,29.93,9.4
2082,5.731030382283858,4,12.92,5.48,19.93,9.07,5.51,12.93,4.06,17.59,16.12,31.4,9.4
2083,5.731030382283858,4,12.87,5.43,19.93,9.04,5.46,12.88,4.02,17.67,16.12,31.57,9.26
2084,5.731030382283858,4,13.03,5.48,20.02,9.07,5.53,12.93,4.06,17.82,16.2,31.23,8.97
2085,5.731030382283858,4,13.03,5.5,20.02,9.11,5.55,12.98,4.07,17.74,16.2,31.4,9.22
2086,5.731030382283858,4,13.03,5.5,20.02,9.11,5.55,12.98,4.06,17.74,16.2,31.06,9.26
2087,5.731030382283858,4,13.03,5.5,20.02,9.14,5.55,12.98,4.07,17.74,16.2,31.74,9.48
2088,5.731030382283858,4,12.98,5.48,19.93,9.07,5.51,12.93,4.04,17.59,16.12,31.23,9.15
2089,5.731030382283858,4,12.87,5.41,19.84,9,5.46,12.88,4,17.59,16.05,29.46,9.33
2090,5.731030382283858,4,12.82,5.38,19.84,8.97,5.41,12.78,3.97,17.59,16.05,30.9,9.11
2091,5.731030382283858,4,12.87,5.43,20.02,9.04,5.46,12.88,4,17.67,16.12,30.9,9.26
2092,5.731030382283858,4,12.87,5.41,19.84,9,5.46,12.83,3.98,17.67,16.05,30.9,8.9
2093,5.731030382283858,4,12.87,5.41,19.84,9,5.44,12.83,3.98,17.67,16.05,30.9,9.22
2094,5.731030382283858,4,12.82,5.41,19.84,9,5.44,12.83,3.98,17.67,16.05,30.9,9.08
2095,5.731030382283858,4,12.87,5.41,19.84,9.04,5.44,12.83,3.98,17.67,16.12,30.09,9.26
2096,5.731030382283858,4,12.82,5.41,19.93,9.04,5.46,12.83,4,17.59,16.12,30.41,9.4
2097,5.731030382283858,4,12.87,5.41,19.93,9.04,5.46,12.88,4,17.67,16.12,30.41,9.59
2098,5.731030382283858,4,12.87,5.43,19.93,9.04,5.48,12.88,4,19.1,16.12,30.25,9.51
2099,5.731030382283858,4,12.92,5.45,19.93,9.07,5.48,12.93,4.02,19.02,16.12,30.73,9.29
2100,5.731030382283858,4,12.87,5.43,19.93,9.11,5.46,12.88,4,18.77,16.12,30.73,9.59
2101,5.746957728968659,4,12.82,5.43,19.93,9.07,5.48,12.88,4,17.67,16.12,31.06,9.62
2102,5.746957728968659,4,12.82,5.43,19.93,9.07,5.46,12.88,4,17.59,16.12,31.06,9.74
2103,5.746957728968659,4,12.87,5.43,19.93,9.07,5.48,12.88,4,17.59,16.12,31.06,9.08
2104,5.746957728968659,4,12.87,5.43,19.93,9.07,5.46,12.88,4,17.44,16.12,30.73,9.33
2105,5.746957728968659,4,12.82,5.41,19.84,9,5.44,12.83,3.98,17.51,16.05,30.41,9.01
2106,5.746957728968659,4,12.87,5.43,19.93,9.07,5.46,12.88,4,17.74,16.12,30.25,8.73
2107,5.746957728968659,4,12.82,5.43,19.84,9.04,5.46,12.88,4,17.44,16.12,30.9,8.83
2108,5.746957728968659,4,12.82,5.43,19.84,9.04,5.46,12.88,4,17.44,16.12,29.93,8.83
2109,5.746957728968659,4,12.82,5.41,19.84,9,5.46,12.83,3.98,17.44,16.12,29.61,8.83
2110,5.746957728968659,4,12.87,5.43,19.84,9.04,5.46,12.88,4,17.51,16.12,30.73,8.86
2111,5.746957728968659,4,12.72,5.45,19.93,9,5.48,12.88,4,17.44,16.27,31.06,8.93
2112,5.746957728968659,4,12.82,5.48,19.93,9.04,5.48,12.93,4.02,17.67,16.27,30.09,9.22
2113,5.746957728968659,4,12.77,5.45,20.02,9,5.48,12.93,4.02,17.59,16.2,30.57,9.26
2114,5.746957728968659,4,12.77,5.48,20.02,9.07,5.48,12.93,4.04,17.67,16.27,30.25,9.11
2115,5.746957728968659,4,12.82,5.52,20.1,9.11,5.53,12.98,4.07,17.67,16.27,31.06,9.01
2116,5.746957728968659,4,13.13,5.64,20.28,9.22,5.67,13.25,4.16,18.13,16.42,31.74,9.18
2117,5.746957728968659,4,12.98,5.6,20.19,8.93,5.6,13.14,4.13,17.82,16.34,30.9,9.11
2118,5.746957728968659,4,12.92,5.55,20.1,8.93,5.6,13.04,4.09,17.67,16.34,31.06,8.93
2119,5.746957728968659,4,12.72,5.5,19.93,8.79,5.53,12.93,4.06,17.51,16.2,31.06,8.9
2120,5.746957728968659,4,12.62,5.43,19.84,8.73,5.46,12.83,3.98,17.51,16.12,30.9,8.76
2121,5.746957728968659,4,12.72,5.45,19.93,9,5.46,12.88,3.93,17.51,16.2,30.9,8.86
2122,5.746957728968659,4,12.87,5.45,19.84,9,5.46,12.88,4,17.51,16.12,30.9,8.76
2123,5.746957728968659,4,12.82,5.43,19.84,8.69,5.41,12.88,3.98,17.44,16.12,31.06,8.8
2124,5.746957728968659,4,12.92,5.45,19.93,8.9,5.44,12.88,4,17.59,16.12,31.06,8.73
2125,5.746957728968659,4,12.92,5.43,19.93,8.9,5.44,12.88,4,17.67,16.12,30.73,8.62
2126,5.746957728968659,4,12.98,5.45,19.93,8.93,5.46,12.88,4.02,17.67,16.2,30.57,8.76
2127,5.746957728968659,4,12.92,5.45,19.84,8.93,5.46,12.88,4.02,17.82,16.12,30.73,8.76
2128,5.746957728968659,4,12.92,5.43,19.84,8.93,5.44,12.83,3.98,17.67,16.05,29.77,8.59
2129,5.746957728968659,4,13.03,5.48,20.02,9,5.51,12.93,4.02,17.82,16.2,31.23,8.69
2130,5.746957728968659,4,12.98,5.45,19.93,8.93,5.48,12.88,4,17.67,16.2,30.9,8.76
2131,5.746957728968659,4,12.92,5.45,19.93,8.93,5.46,12.88,4.02,17.82,16.2,30.9,8.42
2132,5.746957728968659,4,13.03,5.48,20.02,9.04,5.51,12.93,4.02,17.82,16.2,31.06,8.83
2133,5.746957728968659,4,13.03,5.48,20.02,9,5.51,12.93,4.04,17.74,16.2,31.57,8.8
2134,5.746957728968659,4,12.98,5.48,20.02,9,5.51,12.93,4.02,17.74,16.2,31.92,8.66
2135,5.746957728968659,4,12.92,5.45,19.93,8.93,5.46,12.88,4,17.82,16.12,30.9,8.69
2136,5.746957728968659,4,12.92,5.43,19.93,8.93,5.44,12.83,3.98,17.67,16.12,30.57,8.62
2137,5.746957728968659,4,12.92,5.45,19.93,8.97,5.46,12.88,4,17.82,16.12,30.9,8.52
2138,5.746957728968659,4,12.92,5.45,19.93,8.97,5.46,12.88,4,17.67,16.2,30.57,8.83
2139,5.746957728968659,4,12.92,5.45,19.93,8.93,5.46,12.88,4,17.67,16.12,30.9,8.73
2140,5.746957728968659,4,12.92,5.45,19.93,8.97,5.48,12.88,4,17.74,16.12,30.9,8.46
2141,5.746957728968659,4,12.92,5.43,19.93,8.97,5.46,12.88,4,17.82,16.2,29.93,8.73
2142,5.746957728968659,4,12.92,5.45,19.93,8.97,5.46,12.88,4,17.74,16.2,30.73,8.56
2143,5.746957728968659,4,12.98,5.48,20.02,8.97,5.48,12.93,4.02,17.82,16.2,30.09,8.83
2144,5.746957728968659,4,12.92,5.45,19.93,8.86,5.46,12.88,4.02,17.82,16.2,31.06,8.86
2145,5.746957728968659,4,12.98,5.48,20.02,8.9,5.48,12.93,4.02,17.89,16.2,30.9,8.8
2146,5.746957728968659,4,12.92,5.48,19.93,8.9,5.46,12.88,4,17.74,16.12,30.9,8.59
2147,5.746957728968659,4,12.92,5.48,20.02,8.93,5.46,12.88,4,17.89,16.2,30.9,8.69
2148,5.746957728968659,4,12.92,5.48,20.02,8.9,5.46,12.88,4,18.05,16.2,30.9,8.59
2149,5.746957728968659,4,12.98,5.48,20.02,8.97,5.48,12.93,4.02,17.97,16.2,30.25,8.76
2150,5.746957728968659,4,12.98,5.48,19.93,8.97,5.48,12.93,4.02,17.89,16.2,30.9,8.73
2151,5.746957728968659,4,12.98,5.5,20.02,9,5.48,12.93,4.04,18.29,16.2,30.73,8.76
2152,5.746957728968659,4,12.92,5.48,20.02,8.97,5.46,12.93,4.02,17.89,16.2,32.81,8.66
2153,5.746957728968659,4,12.98,5.48,20.02,9,5.48,12.93,4.02,17.89,16.2,30.57,8.36
2154,5.746957728968659,4,12.98,5.48,20.02,9,5.48,12.93,4.02,18.05,16.2,31.06,8.76
2155,5.746957728968659,4,12.98,5.5,20.1,9,5.48,12.93,4.04,17.97,16.2,30.9,8.73
2156,5.746957728968659,4,13.03,5.52,20.1,9.04,5.51,12.98,4.06,17.97,16.2,30.9,8.73
2157,5.746957728968659,4,12.98,5.5,20.02,9,5.48,12.93,4.02,17.97,16.2,30.9,8.66
2158,5.746957728968659,4,12.92,5.48,20.02,9,5.48,12.88,4.02,17.97,16.2,30.9,8.52
2159,5.746957728968659,4,12.98,5.48,20.02,9.07,5.48,12.93,4.02,17.97,16.2,31.57,8.69
2160,5.746957728968659,4,12.92,5.5,20.1,9.04,5.48,12.93,4.02,18.21,16.2,30.73,8.66
2161,5.75803314653214,4,12.98,5.5,20.1,9.04,5.51,12.93,4.04,18.05,16.2,31.06,8.62
2162,5.75803314653214,4,12.87,5.48,20.02,9,5.46,12.88,4.02,18.05,16.12,29.77,8.56
2163,5.75803314653214,4,12.98,5.48,20.02,9,5.48,12.88,4.02,17.89,16.12,30.9,8.69
2164,5.75803314653214,4,12.98,5.48,20.02,9,5.48,12.88,4.02,17.89,16.12,30.9,8.62
2165,5.75803314653214,4,13.03,5.5,20.1,9.04,5.48,12.93,4.04,17.97,16.27,30.9,8.59
2166,5.75803314653214,4,12.98,5.5,20.02,9,5.46,12.93,4.02,17.97,16.2,30.9,8.66
2167,5.75803314653214,4,12.98,5.5,20.1,9.04,5.46,12.93,4.04,18.21,16.2,30.9,8.59
2168,5.75803314653214,4,13.03,5.52,20.1,9.04,5.48,12.93,4.04,18.29,16.2,31.23,8.62
2169,5.75803314653214,4,13.03,5.52,20.1,9.22,5.51,12.93,4.06,18.13,16.2,31.06,8.73
2170,5.75803314653214,4,12.98,5.5,20.02,9.14,5.46,12.88,4.02,18.29,16.12,30.57,8.62
2171,5.75803314653214,4,12.98,5.5,20.02,9.18,5.48,12.93,4.04,17.89,16.2,31.57,8.66
2172,5.75803314653214,4,12.98,5.48,20.02,9.14,5.46,12.88,4.02,17.82,16.12,32.45,8.23
2173,5.75803314653214,4,12.98,5.48,20.02,9.14,5.46,12.88,4.02,17.89,16.12,30.57,8.69
2174,5.75803314653214,4,12.98,5.48,20.02,9.14,5.46,12.88,4.02,18.13,16.2,30.73,8.69
2175,5.75803314653214,4,12.98,5.5,20.1,9.18,5.48,12.88,4.02,17.89,16.2,30.41,8.69
2176,5.75803314653214,4,12.92,5.5,20.02,9,5.46,12.88,4.02,18.05,16.2,30.41,8.69
2177,5.75803314653214,4,12.92,5.48,20.1,9,5.46,12.88,4.02,17.89,16.2,30.25,8.59
2178,5.75803314653214,4,12.92,5.48,20.02,9,5.46,12.88,4,17.97,16.12,30.9,8.62
2179,5.75803314653214,4,12.92,5.48,20.02,9.07,5.48,12.88,4.02,17.97,16.12,30.25,8.69
2180,5.75803314653214,4,12.92,5.48,20.02,9.04,5.48,12.88,4.02,17.97,16.12,31.57,8.66
2181,5.75803314653214,4,12.92,5.48,20.1,9.07,5.48,12.88,4.02,18.05,16.12,30.09,8.69
2182,5.75803314653214,4,12.98,5.5,20.1,9.14,5.51,12.88,4.02,18.13,16.12,30.25,8.8
2183,5.75803314653214,4,12.98,5.5,20.1,9,5.51,12.93,4.02,18.29,16.2,30.41,8.76
2184,5.75803314653214,4,12.92,5.48,20.1,9,5.48,12.83,4,18.05,16.12,30.41,8.66
2185,5.75803314653214,4,12.98,5.5,20.02,9.22,5.48,12.88,4.02,17.97,16.12,30.25,8.8
2186,5.75803314653214,4,12.92,5.48,20.02,9.22,5.48,12.88,4.02,18.05,16.12,30.41,8.73
2187,5.75803314653214,4,12.92,5.48,20.02,9.18,5.46,12.88,4,17.89,16.12,29.93,8.76
2188,5.75803314653214,4,12.92,5.48,20.1,9.22,5.48,12.83,4,17.89,16.12,30.25,8.62
2189,5.75803314653214,4,12.92,5.48,20.02,9.18,5.46,12.88,4.02,18.05,16.12,30.25,8.73
2190,5.75803314653214,4,12.92,5.48,20.02,9.22,5.46,12.83,4,17.97,16.12,30.41,8.59
2191,5.75803314653214,4,12.92,5.48,20.02,9.22,5.46,12.83,4,17.97,16.12,29.93,8.66
2192,5.75803314653214,4,12.92,5.45,20.02,9.22,5.46,12.83,4,18.05,16.05,30.09,8.76
2193,5.75803314653214,4,12.92,5.48,20.02,9.22,5.46,12.83,4,18.05,16.12,29.93,8.66
2194,5.75803314653214,4,12.92,5.45,20.02,9.18,5.46,12.83,3.98,18.05,16.12,30.25,8.56
2195,5.75803314653214,4,12.98,5.5,20.02,9.25,5.48,12.88,4.02,18.13,16.12,30.41,8.76
2196,5.75803314653214,4,12.98,5.5,20.1,9.25,5.48,12.88,4.02,18.45,16.2,31.06,8.8
2197,5.75803314653214,4,12.98,5.48,20.1,9.25,5.46,12.88,4.02,17.97,16.2,30.25,8.49
2198,5.75803314653214,4,13.03,5.5,20.1,9.25,5.48,12.88,4.02,17.97,16.2,30.41,9.08
2199,5.75803314653214,4,12.98,5.5,20.1,9.25,5.48,12.88,4.02,18.13,16.2,31.4,9.15
2200,5.75803314653214,4,13.03,5.52,20.1,9.29,5.51,12.93,4.04,18.13,16.2,30.57,8.52
2201,5.75803314653214,4,13.03,5.52,20.1,9.29,5.51,12.93,4.04,18.13,16.2,31.06,8.66
2202,5.75803314653214,4,13.03,5.52,20.1,9.29,5.53,12.93,4.04,18.13,16.2,30.57,8.62
2203,5.75803314653214,4,13.03,5.52,20.1,9.29,5.51,12.93,4.04,18.13,16.2,30.57,8.59
2204,5.75803314653214,4,13.03,5.52,20.1,9.29,5.53,12.93,4.04,18.13,16.2,30.25,8.66
2205,5.75803314653214,4,13.08,5.55,20.19,9.32,5.55,12.93,4.06,18.21,16.2,30.57,8.8
2206,5.75803314653214,4,13.08,5.55,20.28,9.29,5.55,12.93,4.06,18.13,16.27,31.57,8.69
2207,5.75803314653214,4,13.08,5.55,20.19,9.29,5.55,12.93,4.06,18.29,16.2,30.57,8.59
2208,5.75803314653214,4,13.03,5.55,20.19,9.25,5.55,12.93,4.06,18.13,16.27,30.41,8.76
2209,5.75803314653214,4,13.03,5.55,20.19,9.11,5.55,12.93,4.04,18.21,16.27,30.73,8.66
2210,5.75803314653214,4,12.92,5.52,20.19,9.11,5.55,12.93,4.04,18.21,16.27,30.57,8.52
2211,5.75803314653214,4,12.98,5.55,20.19,9.14,5.58,12.93,4.06,18.13,16.27,30.9,8.62
2212,5.75803314653214,4,13.03,5.55,20.19,9.14,5.55,12.93,4.04,18.21,16.27,31.4,8.32
2213,5.75803314653214,4,12.92,5.52,20.19,9.11,5.53,12.88,4.02,18.29,16.2,30.9,8.66
2214,5.75803314653214,4,12.98,5.55,20.19,9.14,5.58,12.93,4.06,18.45,16.2,31.06,8.62
2215,5.75803314653214,4,13.03,5.55,20.19,9.32,5.58,12.93,4.06,18.29,16.27,31.57,8.59
2216,5.75803314653214,4,12.98,5.55,20.19,9.07,5.55,12.93,4.06,18.29,16.2,34.31,8.56
2217,5.75803314653214,4,13.03,5.55,20.19,9.11,5.58,12.93,4.06,18.29,16.27,31.92,8.69
2218,5.75803314653214,4,13.03,5.57,20.19,9.14,5.58,12.93,4.06,18.29,16.27,31.74,8.66
2219,5.75803314653214,4,13.03,5.55,20.19,9.18,5.58,12.93,4.06,18.29,16.2,31.92,8.62
2220,5.75803314653214,4,13.03,5.55,20.19,9.14,5.58,12.93,4.06,18.29,16.27,32.27,8.56
