Minute,TVC,Label,MQ135,MQ136,MQ137,MQ138,MQ2,MQ3,MQ4,MQ5,MQ6,MQ8,MQ9
1,1.87589,1,17.55,26.3,5.07,18.44,15.66,16.31,20.19,4.41,2.88,24.71,14.23
2,1.87589,1,17.55,27.5,5.05,18.94,14.91,16.58,20.09,4.33,2.85,24.71,14.34
3,1.87589,1,17.33,26.56,5.07,18.69,14.03,16.24,19.62,4.41,2.88,24.71,14.11
4,1.87589,1,17.26,26.96,5.07,18.86,14.73,16.24,19.72,4.35,2.9,24.36,14.06
5,1.87589,1,17.33,26.82,4.98,18.86,15.03,16.38,19.9,4.35,2.91,24.83,14.17
6,1.87589,1,17.26,27.09,5.18,19.03,14.85,16.44,20,4.37,2.88,23.12,14.17
7,1.87589,1,17.19,27.09,5.16,18.94,15.28,16.24,18.91,4.39,2.9,25.2,14.17
8,1.87589,1,17.26,27.23,5.2,18.69,14.85,16.44,19.44,4.35,2.84,24.36,14.11
9,1.87589,1,17.26,26.69,5.09,18.69,14.85,16.44,19.44,4.41,2.81,25.07,14.11
10,1.87589,1,17.26,27.23,5.11,18.77,14.67,16.24,19.26,4.43,2.84,24.83,14.29
11,1.87589,1,17.26,27.36,5.29,18.94,14.97,16.24,18.99,4.39,2.85,24.71,14.29
12,1.87589,1,16.76,27.5,5.23,18.94,13.58,16.31,19.08,4.31,2.97,24.83,14.23
13,1.87589,1,17.78,27.09,5.27,19.03,13.32,16.44,19.08,4.49,2.95,24.83,14.29
14,1.87589,1,17.7,26.82,5.23,18.86,14.37,16.31,18.91,4.45,2.95,26.73,14.11
15,1.87589,1,17.7,27.09,5.32,18.86,13.11,16.38,18.65,4.45,2.94,23.34,14.06
16,1.87589,1,17.48,26.69,5.29,18.86,14.26,16.17,18.48,4.47,3.03,24.83,14.06
17,1.87589,1,17.33,27.09,5.34,18.94,13.11,16.17,18.48,4.41,3,24.71,14.06
18,1.87589,1,17.55,26.69,5.34,18.86,13.64,16.38,18.56,4.49,3.01,24.83,13.94
19,1.87589,1,17.48,26.96,5.29,18.69,13.26,16.17,18.48,4.45,3.03,23.34,14.17
20,1.87589,1,17.48,27.09,5.39,18.86,12.7,16.38,18.39,4.49,2.98,23.45,14
21,1.87589,1,17.19,26.96,5.39,18.86,13.05,16.11,17.81,4.39,3.07,25.44,14
22,1.87589,1,16.97,26.56,5.43,18.61,13.75,16.24,18.06,4.51,3.07,24.48,13.83
23,1.87589,1,17.33,26.69,5.39,18.61,14.03,16.24,17.81,4.51,3.07,24.95,13.89
24,1.87589,1,17.55,26.56,5.43,18.77,14.97,16.38,18.06,4.53,3.04,24.59,13.94
25,1.87589,1,17.4,27.09,5.5,18.77,14.91,16.11,17.98,4.47,3.04,24.59,14.06
26,1.87589,1,17.55,26.56,5.57,18.69,14.91,16.24,17.81,4.51,3.05,24.83,14
27,1.87589,1,17.33,26.56,5.55,18.52,14.61,16.11,17.5,4.55,3.03,24.59,14
28,1.87589,1,17.63,26.56,5.64,18.52,14.91,16.38,17.65,4.57,3.08,24.59,13.83
29,1.87589,1,17.48,26.56,5.64,18.52,14.55,16.31,17.57,4.55,3.1,24.36,13.83
30,1.87589,1,17.48,26.56,5.64,18.69,14.31,16.31,17.5,4.53,3.13,24.95,13.94
31,1.87589,1,17.11,26.69,5.62,18.52,13.8,16.17,17.19,4.55,3.11,24.83,14.06
32,1.87589,1,17.11,26.43,5.67,18.52,13.97,16.17,17.19,4.55,3.14,24.95,13.94
33,1.87589,1,17.63,26.56,5.76,18.77,13.64,16.38,17.19,4.76,3.16,24.83,14
34,1.87589,1,17.48,26.96,5.72,18.77,13.75,16.17,16.96,4.55,3.13,24.83,14.11
35,1.87589,1,17.48,26.43,5.72,18.52,13.64,16.38,17.11,4.67,3.17,24.59,14.06
36,1.87589,1,17.4,26.56,5.76,18.69,14.55,16.38,17.03,4.57,3.16,24.48,14.11
37,1.87589,1,17.55,26.82,5.74,18.52,14.26,16.31,16.88,4.63,3.17,24.48,14
38,1.87589,1,17.78,26.43,5.79,18.61,13.48,16.38,16.66,4.86,3.22,24.83,14.17
39,1.87589,1,17.48,25.67,5.89,18.36,14.49,16.31,16.51,4.67,3.22,24.48,13.89
40,1.87589,1,17.55,25.67,5.86,18.04,13.37,16.31,16.66,4.63,3.2,24.48,14.11
41,1.87589,1,17.63,26.17,5.81,18.28,13.16,16.17,16.96,4.59,3.22,24.01,14.11
42,1.87589,1,17.26,26.17,5.69,18.28,13.21,16.24,16.59,4.61,3.22,24.36,14.06
43,1.87589,1,17.55,26.04,5.69,18.12,12.75,16.24,16.3,4.57,3.19,25.44,13.83
44,1.87589,1,17.4,25.67,5.74,18.04,13.26,16.24,16.59,4.59,3.23,24.95,13.89
45,1.87589,1,17.78,26.04,5.76,18.2,12.75,16.24,16.51,4.53,3.23,24.71,13.83
46,1.87589,1,17.33,25.79,5.96,18.28,12.4,16.11,16.15,4.61,3.2,24.01,13.78
47,1.87589,1,17.33,25.67,5.89,18.36,12.85,16.04,16.15,4.51,3.29,24.48,13.78
48,1.87589,1,17.55,25.79,5.84,18.36,13.11,16.11,16.08,4.61,3.28,24.95,13.78
49,1.87589,1,17.55,25.67,5.86,18.12,12.15,16.17,15.94,4.57,3.22,24.01,13.89
50,1.87589,1,17.55,25.42,5.89,18.12,12.8,16.04,15.87,4.63,3.34,24.13,13.83
51,1.87589,1,17.48,25.79,5.86,18.28,13.37,16.11,15.94,4.61,3.29,24.95,13.78
52,1.87589,1,17.7,25.54,5.89,18.36,12.5,16.17,15.74,4.65,3.34,24.71,13.83
53,1.87589,1,17.7,25.67,5.89,18.04,12.5,16.17,15.47,4.59,3.32,24.71,14.06
54,1.87589,1,17.7,25.54,5.86,18.04,12.9,16.24,15.94,4.59,3.42,24.36,14
55,1.87589,1,17.55,25.67,5.89,18.12,13.42,16.11,15.27,4.59,3.29,24.59,14.06
56,1.87589,1,17.48,25.3,5.94,18.28,12.5,16.11,15.6,4.63,3.39,24.36,13.89
57,1.87589,1,17.63,25.67,5.89,18.04,12.8,16.24,15.6,4.73,3.31,25.32,13.94
58,1.87589,1,17.4,25.42,5.91,18.44,12.3,15.97,15.47,4.67,3.37,24.71,13.78
59,1.87589,1,17.55,25.3,5.94,18.2,12.64,16.17,15.2,4.67,3.4,24.95,13.72
60,1.87589,1,17.26,25.05,5.96,18.36,12.9,16.11,15.07,4.67,3.4,23.56,13.72
61,2.14988,1,17.33,25.54,5.91,18.2,12.64,16.31,15.07,4.63,3.35,24.83,14.06
62,2.14988,1,17.55,26.43,5.96,18.52,12.5,16.44,15.33,4.78,3.37,24.71,14.11
63,2.14988,1,17.33,25.92,5.99,18.77,12.35,16.17,15.14,4.65,3.42,25.2,13.78
64,2.14988,1,17.19,26.17,6.09,18.52,12.25,16.31,15.27,4.73,3.4,24.71,13.83
65,2.14988,1,17.4,26.17,6.06,18.44,12.11,16.31,14.95,4.76,3.4,24.24,13.83
66,2.14988,1,17.33,25.79,6.16,18.52,11.68,16.11,14.82,4.99,3.5,24.95,13.89
67,2.14988,1,17.26,25.67,6.19,18.36,12.25,16.17,14.69,4.59,3.43,24.01,13.89
68,2.14988,1,17.48,25.92,6.29,18.52,11.96,16.31,14.82,4.97,3.51,26.07,13.83
69,2.14988,1,17.4,25.67,6.32,18.52,11.19,16.24,14.76,4.78,3.5,24.95,13.94
70,2.14988,1,17.4,25.54,6.29,18.44,11.55,16.17,14.57,4.9,3.51,24.83,13.94
71,2.14988,1,17.55,25.54,6.32,18.52,11.96,16.31,14.76,5.01,3.5,25.2,13.72
72,2.14988,1,17.55,26.17,6.32,18.36,11.59,16.31,14.45,5.14,3.5,25.2,13.83
73,2.14988,1,17.33,25.67,6.4,18.52,12.5,16.11,14.38,4.97,3.56,24.36,13.89
74,2.14988,1,17.26,25.92,6.45,18.36,12.4,16.11,14.2,4.99,3.56,24.83,13.83
75,2.14988,1,17.26,25.92,6.45,18.61,10.59,16.31,14.2,4.92,3.54,24.71,13.89
76,2.14988,1,16.76,25.54,6.5,18.44,10.03,15.97,14.03,4.67,3.56,24.48,13.78
77,2.14988,1,17.7,25.42,6.45,18.36,11.92,16.24,14.26,4.84,3.54,24.95,13.61
78,2.14988,1,17.48,25.42,6.47,18.28,11.96,16.17,14.14,4.8,3.61,24.95,13.67
79,2.14988,1,17.26,25.67,6.55,18.36,12.01,16.04,14.09,4.95,3.58,24.95,13.72
80,2.14988,1,17.48,25.54,6.53,18.36,12.45,16.11,13.97,4.92,3.58,24.59,13.67
81,2.14988,1,17.55,25.54,6.58,18.44,12.3,16.17,14.32,4.95,3.58,24.24,13.67
82,2.14988,1,17.4,25.67,6.63,18.2,12.11,15.97,13.85,5.01,3.61,23.45,13.78
83,2.14988,1,17.63,25.92,6.66,18.44,12.15,16.24,13.79,5.05,3.61,24.48,13.5
84,2.14988,1,17.4,25.42,6.63,18.12,11.78,15.91,13.68,4.99,3.59,24.71,13.56
85,2.14988,1,17.7,25.54,6.63,18.2,12.2,16.11,13.85,4.99,3.64,25.07,13.56
86,2.14988,1,17.4,25.67,6.69,18.36,11.92,16.04,13.45,4.95,3.66,24.59,13.78
87,2.14988,1,17.11,25.54,6.69,18.04,12.3,16.04,13.68,5.14,3.66,25.07,13.83
88,2.14988,1,17.4,25.92,6.77,18.2,11.96,16.24,13.79,5.12,3.64,24.71,13.89
89,2.14988,1,16.69,25.67,6.77,18.04,12.35,15.97,13.51,5.16,3.67,24.71,13.89
90,2.14988,1,17.19,25.05,6.85,18.12,11.59,15.91,13.57,5.34,3.71,24.83,13.72
91,2.14988,1,17.11,25.17,6.8,17.73,12.35,15.97,13.51,5.14,3.71,24.24,13.67
92,2.14988,1,17.19,25.42,6.83,17.73,11.96,15.97,13.4,5.12,3.71,24.48,13.5
93,2.14988,1,17.19,25.3,6.69,17.73,11.55,16.04,13.57,5.03,3.69,24.71,13.5
94,2.14988,1,17.26,25.3,6.72,17.73,11.82,15.91,13.07,5.01,3.76,24.83,13.61
95,2.14988,1,16.83,25.17,6.72,17.8,11.59,15.84,13.23,5.08,3.74,24.59,13.4
96,2.14988,1,16.69,25.54,6.72,17.8,11.68,15.84,13.18,5.25,3.74,23.56,13.34
97,2.14988,1,17.26,25.54,6.69,17.73,11.41,15.78,12.96,5.19,3.76,24.48,13.18
98,2.14988,1,17.26,25.3,6.58,17.8,11.96,15.91,13.02,5.05,3.77,24.36,13.08
99,2.14988,1,17.04,25.42,6.69,17.65,11.19,15.71,12.91,5.14,3.81,24.24,13.45
100,2.14988,1,17.19,25.05,6.66,17.88,11.28,15.91,12.91,5.05,3.81,24.71,13.18
101,2.14988,1,16.9,25.3,6.72,17.8,11.46,15.84,12.86,5.12,3.77,24.71,13.18
102,2.14988,1,16.9,24.93,6.83,17.8,11.64,15.71,12.75,5.19,3.84,25.2,13.03
103,2.14988,1,16.83,25.05,6.77,17.8,11.96,15.71,12.7,5.05,3.84,24.36,13.08
104,2.14988,1,17.04,25.17,6.8,17.65,11.1,15.65,12.7,5.19,3.86,23.78,13.29
105,2.14988,1,17.11,24.82,6.83,17.73,11.02,15.65,12.59,5.34,3.96,24.83,13.18
106,2.14988,1,16.9,25.05,6.63,17.88,11.46,15.71,12.54,5.23,3.86,24.83,13.24
107,2.14988,1,16.83,24.93,6.77,17.65,10.8,15.71,12.59,5.25,3.84,24.83,13.29
108,2.14988,1,16.76,24.93,6.77,17.57,11.87,15.65,12.39,5.16,3.87,24.59,13.24
109,2.14988,1,16.69,25.17,6.83,17.57,10.68,15.52,12.49,5.21,3.91,24.59,13.03
110,2.14988,1,17.19,24.93,6.88,17.8,11.55,15.58,12.39,5.53,3.89,24.71,12.92
111,2.14988,1,17.11,24.7,6.88,17.8,12.3,15.52,12.24,5.21,3.94,25.07,12.98
112,2.14988,1,16.76,25.3,6.88,17.73,11.23,15.71,12.44,5.25,3.94,24.83,13.18
113,2.14988,1,17.11,25.05,6.97,17.57,11.55,15.65,12.24,5.3,3.96,24.59,12.92
114,2.14988,1,16.9,24.58,6.91,17.8,10.84,15.45,12.09,5.37,4.03,25.07,12.77
115,2.14988,1,16.76,24.7,6.85,17.73,10.47,15.45,12.14,5.19,3.97,25.2,12.87
116,2.14988,1,16.97,25.17,6.94,17.65,10.35,15.45,11.99,5.23,4.03,24.71,12.98
117,2.14988,1,17.11,24.7,6.94,17.73,10.93,15.65,12.04,5.21,4.04,25.95,12.92
118,2.14988,1,16.76,25.05,7.08,17.57,10.23,15.45,11.95,5.41,4.06,24.71,12.92
119,2.14988,1,16.9,24.58,7.05,17.65,11.02,15.45,11.66,5.71,4.08,25.44,12.82
120,2.14988,1,16.69,24.58,7.11,17.8,10.63,15.39,11.85,5.57,4.08,24.13,12.87
121,2.40975,1,17.11,24.58,7.02,17.57,10.51,15.52,12.04,5.3,4.04,27.14,13.08
122,2.40975,1,17.19,24.58,7.05,17.65,11.55,15.33,11.9,5.55,4.1,25.2,12.87
123,2.40975,1,17.26,24.82,7.08,17.42,11.19,15.39,11.8,5.39,4.08,24.83,12.98
124,2.40975,1,17.04,24.82,7.14,17.5,10.89,15.33,11.66,5.55,4.13,24.59,12.92
125,2.40975,1,16.83,24.93,7.08,17.5,10.03,15.39,11.75,5.32,4.08,24.59,12.98
126,2.40975,1,17.04,24.23,7.08,17.57,11.06,15.2,11.57,5.5,4.13,24.83,12.77
127,2.40975,1,16.69,24.46,7.08,17.57,9.91,15.14,11.52,5.32,4.1,24.13,12.87
128,2.40975,1,16.55,24.58,7.11,17.73,10.39,15.26,11.71,5.43,4.11,24.59,12.98
129,2.40975,1,16.9,24.46,7.19,17.57,10.11,15.14,11.43,5.57,4.19,24.83,12.77
130,2.40975,1,17.04,24.35,7.08,17.57,10.23,15.2,11.47,5.32,4.19,24.59,12.72
131,2.40975,1,17.11,24.58,7.08,17.5,10.39,15.26,11.57,5.34,4.19,24.71,12.82
132,2.40975,1,16.76,24.46,7.19,17.65,11.55,15.08,11.57,5.43,4.22,24.48,12.98
133,2.40975,1,17.26,24.23,7.14,17.42,11.32,15.2,11.43,5.48,4.22,23.9,12.77
134,2.40975,1,16.97,24.58,7.14,17.65,10.39,15.2,11.29,5.48,4.24,24.83,12.77
135,2.40975,1,16.97,24.23,7.05,17.5,10.27,15.2,11.61,5.53,4.24,25.07,12.87
136,2.40975,1,16.97,24.23,7.34,17.5,9.02,15.14,11.25,5.55,4.22,24.95,12.98
137,2.40975,1,16.83,24.23,7.31,17.57,9.91,15.14,11.29,5.76,4.2,25.2,13.03
138,2.40975,1,16.83,24.58,7.19,17.57,10.23,15.14,11.11,5.67,4.28,24.71,12.92
139,2.40975,1,16.69,24.12,7.11,17.42,10.59,15.08,11.11,5.53,4.29,24.59,12.87
140,2.40975,1,16.83,24.46,7.82,17.34,11.02,15.02,11.07,5.34,4.29,24.36,12.98
141,2.40975,1,16.48,24.12,6.42,17.34,11.59,14.83,11.11,5.64,4.31,24.59,12.77
142,2.40975,1,16.35,24.12,6.5,17.42,10.89,14.95,11.11,5.55,4.24,24.48,12.87
143,2.40975,1,16.42,24.12,6.94,17.42,9.27,14.71,10.94,5.57,4.31,24.59,12.82
144,2.40975,1,16.35,24.23,6.77,17.42,9.91,14.71,11.07,5.48,4.33,24.59,12.72
145,2.40975,1,16.76,24.46,6.66,17.57,9.49,14.65,10.98,5.55,4.35,23.67,12.77
146,2.40975,1,16.76,24.23,8.17,17.5,10.47,14.77,10.89,5.67,4.35,24.71,12.82
147,2.40975,1,16.62,24.35,7.88,17.5,10.59,14.59,10.85,5.64,4.37,24.01,12.62
148,2.40975,1,16.69,24,7.73,17.96,11.32,14.65,10.85,5.64,4.37,24.59,12.57
149,2.40975,1,16.28,23.78,7.61,17.12,10.76,14.47,10.85,5.69,4.5,26.6,12.52
150,2.40975,1,16.76,24.12,7.16,16.97,11.68,14.59,10.81,5.62,4.39,24.36,12.52
151,2.40975,1,16.48,23.78,7.08,16.9,10.89,14.53,10.81,5.5,4.33,24.83,12.57
152,2.40975,1,16.01,23.89,7.25,16.9,10.72,14.65,10.68,5.6,4.44,23.9,12.52
153,2.40975,1,16.42,24.23,8.2,16.76,11.28,14.65,10.72,5.69,4.39,24.13,12.57
154,2.40975,1,16.35,24.23,8.01,16.9,10.15,14.36,10.68,5.79,4.46,24.36,12.67
155,2.40975,1,16.55,23.78,7.85,16.76,10.11,14.42,10.55,5.76,4.48,24.48,12.57
156,2.40975,1,16.55,23.67,7.79,16.68,9.09,14.3,10.68,5.86,4.46,24.01,12.62
157,2.40975,1,16.28,24,7.67,16.47,10.15,14.24,10.55,5.71,4.5,24.01,12.82
158,2.40975,1,16.69,23.89,7.76,16.47,10.43,14.53,10.63,5.71,4.4,24.13,12.52
159,2.40975,1,16.48,23.89,6.77,16.4,10.72,14.42,10.47,5.86,4.48,25.69,12.47
160,2.40975,1,16.62,23.89,6.8,16.61,11.28,14.47,10.47,5.57,4.46,24.71,12.52
161,2.40975,1,16.62,23.67,6.99,16.61,10.59,14.47,10.51,5.79,4.5,23.78,12.47
162,2.40975,1,16.55,23.56,7.08,16.4,9.68,14.47,10.43,5.74,4.48,24.13,12.57
163,2.40975,1,16.55,23.78,7.16,16.68,9.8,14.42,10.43,5.79,4.46,24.13,12.67
164,2.40975,1,16.21,23.45,7.19,16.33,10.31,14.24,10.38,5.79,4.52,24.24,12.42
165,2.40975,1,16.48,23.56,7.25,16.61,9.87,14.47,10.38,5.74,4.55,24.36,12.47
166,2.40975,1,16.21,23.78,7.34,16.61,9.35,14.36,10.51,5.81,4.57,24.59,12.52
167,2.40975,1,16.28,23.67,7.28,16.83,10.31,14.36,10.34,6.03,4.61,24.01,12.37
168,2.40975,1,16.55,24,7.34,16.54,10.03,14.3,10.43,6.03,4.59,23.56,12.32
169,2.40975,1,16.62,24,7.43,16.47,9.42,14.24,10.34,5.84,4.63,24.36,12.23
170,2.40975,1,16.55,23.56,7.46,16.47,10.31,14.18,10.26,5.88,4.67,24.24,12.13
171,2.40975,1,16.69,23.45,7.46,16.33,9.02,14.36,10.26,5.64,4.63,24.13,12.08
172,2.40975,1,16.62,23.78,7.79,16.61,9.38,14.36,10.3,5.64,4.63,24.24,12.03
173,2.40975,1,16.35,23.67,7.43,16.4,9.27,14.3,10.26,6.01,4.65,24.71,12.03
174,2.40975,1,16.28,23.67,7.52,16.47,9.46,14.24,10.14,5.96,4.65,23.67,11.94
175,2.40975,1,16.15,23.78,7.52,16.54,9.95,14.24,10.1,6.11,4.63,24.36,12.03
176,2.40975,1,15.62,23.67,7.46,16.26,8.71,14.13,10.18,6.11,4.69,23.23,11.99
177,2.40975,1,15.62,23.23,7.55,16.19,9.17,14.07,10.14,5.62,4.71,24.13,12.03
178,2.40975,1,15.82,23.78,7.58,16.19,9.72,14.07,10.06,5.96,4.73,23.78,11.99
179,2.40975,1,16.15,23.67,8.14,16.26,9.27,14.18,10.14,5.81,4.75,24.01,11.94
180,2.40975,1,15.37,23.56,7.79,16.19,9.87,13.96,10.06,6.6,4.73,23.78,11.99
181,2.65592,1,15,23.45,8.77,16.26,8.08,13.96,9.98,5.91,4.77,24.24,11.99
182,2.65592,1,15,23.67,8.98,16.4,9.8,13.96,10.02,5.64,4.79,24.13,11.94
183,2.65592,1,14.87,23.23,8.01,16.26,9.49,14.01,10.02,5.96,4.81,24.13,11.89
184,2.65592,1,14.69,23.23,7.43,16.26,9.17,14.01,10.02,5.84,4.81,23.78,11.85
185,2.65592,1,15.06,23.45,7.46,16.33,9.8,14.13,10.02,5.96,4.87,23.9,11.94
186,2.65592,1,15.43,23.78,8.01,16.33,9.02,14.07,9.94,6.06,4.85,24.13,12.03
187,2.65592,1,15.37,23.45,8.14,16.47,9.13,14.07,10.06,5.91,4.87,24.24,12.03
188,2.65592,1,15.18,23.45,7.67,16.47,8.85,14.07,9.94,6.11,4.85,23.78,12.08
189,2.65592,1,15.43,23.45,7.79,16.33,9.49,14.01,9.86,6.03,4.89,24.13,12.08
190,2.65592,1,14.94,23.23,7.92,16.33,8.95,13.9,9.94,6.13,4.89,22.69,11.94
191,2.65592,1,15.12,23.78,7.85,16.12,8.31,13.79,9.9,6.03,4.89,23.56,12.03
192,2.65592,1,15.31,23.45,8.17,16.26,9.57,13.96,9.86,6.16,4.87,25.95,11.99
193,2.65592,1,15.31,23.34,8.07,16.33,8.57,13.96,9.83,6.92,4.87,23.78,12.03
194,2.65592,1,15.18,23.45,7.98,16.26,8.74,13.84,9.79,5.88,4.93,23.9,11.8
195,2.65592,1,14.52,23.56,7.95,16.12,7.99,13.68,9.83,6.06,5.01,24.24,11.94
196,2.65592,1,14.69,23.34,9.86,16.12,9.57,13.68,9.83,6.23,4.89,25.69,11.85
197,2.65592,1,14.64,23.23,8.84,16.05,8.37,13.9,9.79,6.23,4.93,25.2,11.85
198,2.65592,1,14.23,23.45,8.63,16.12,8.64,13.68,9.86,6.16,4.95,26.2,12.03
199,2.65592,1,14.64,23.45,7.58,16.26,9.06,13.79,9.71,6.26,4.99,26.07,11.99
200,2.65592,1,14.75,23.56,7.58,16.05,9.38,13.79,9.71,6.21,4.99,26.07,11.99
201,2.65592,1,14.87,23.23,7.55,16.19,8.51,13.73,9.71,6.21,4.97,26.2,11.89
202,2.65592,1,15.12,23.34,8.04,16.12,8.88,13.79,9.79,6.28,4.99,25.82,11.85
203,2.65592,1,14.87,23.45,7.76,16.05,8.78,13.57,9.67,6.28,4.97,25.69,11.99
204,2.65592,1,15.12,23.34,8.14,16.19,8.54,13.79,9.67,6.26,5.01,26.2,11.94
205,2.65592,1,15.24,23.45,7.82,16.19,8.51,13.73,9.67,6.33,5.05,26.33,11.94
206,2.65592,1,15.12,23.56,7.88,16.05,9.24,13.73,9.6,6.28,5.05,26.47,11.89
207,2.65592,1,15.24,23.45,7.85,16.05,8.85,13.68,9.67,6.33,5.03,25.57,11.89
208,2.65592,1,15.24,23.34,7.85,16.05,8.88,13.62,9.41,6.23,5.07,24.95,11.89
209,2.65592,1,14.75,23.34,7.92,15.85,8.81,13.62,9.6,6.21,5.07,25.69,11.89
210,2.65592,1,14.52,23.23,7.85,16.05,8.11,13.51,9.63,6.39,5.11,26.07,11.89
211,2.65592,1,14.75,23.34,7.98,15.92,8.28,13.57,9.56,6.36,5.11,26.2,11.94
212,2.65592,1,14.23,23.23,7.95,16.05,7.65,13.46,9.67,6.52,5.13,25.69,11.75
213,2.65592,1,14.52,23.23,7.88,15.92,8.47,13.62,9.6,6.44,5.11,26.86,11.85
214,2.65592,1,14.17,23.34,8.04,15.85,8.34,13.57,9.52,6.23,5.15,29,11.71
215,2.65592,1,14.28,23.12,8.04,15.85,8.31,13.46,9.71,6.6,5.17,26.33,11.71
216,2.65592,1,14.23,23.34,7.95,15.85,8.88,13.57,9.52,6.54,5.13,26.47,11.66
217,2.65592,1,14.23,23.45,8.17,15.99,8.37,13.35,9.48,6.18,5.32,26.73,11.71
218,2.65592,1,14.46,23.45,7.98,15.78,8.18,13.51,9.52,6.46,5.15,26.33,11.71
219,2.65592,1,14.4,23.34,7.88,15.78,8.21,13.46,9.48,6.23,5.13,27,11.66
220,2.65592,1,14.46,23.34,7.92,15.85,8.31,13.35,9.6,6.54,5.19,25.95,11.66
221,2.65592,1,14.58,23.12,7.95,15.72,8.05,13.35,9.3,6.33,5.22,26.6,11.62
222,2.65592,1,14.52,23.23,8.07,15.72,8.64,13.3,9.41,6.46,5.24,26.73,11.62
223,2.65592,1,14.46,23.56,8.04,15.78,8.28,13.41,9.34,6.33,5.15,26.86,11.57
224,2.65592,1,14.46,23.45,10.62,16.05,8.28,13.46,9.48,6.68,5.22,27.41,11.43
225,2.65592,1,14.4,23.23,9.56,15.92,8.11,13.46,9.48,6.73,5.22,25.82,11.52
226,2.65592,1,14.46,23.23,10.02,15.92,7.35,13.41,9.6,6.76,5.24,26.73,11.57
227,2.65592,1,14.52,23.23,9.71,15.99,8.28,13.51,9.48,6.52,5.3,26.47,11.43
228,2.65592,1,14.4,23.45,9.26,15.85,8.21,13.41,9.45,6.62,5.28,27.14,11.48
229,2.65592,1,14.46,23.23,8.43,15.85,7.23,13.51,9.6,6.46,5.52,26.33,11.48
230,2.65592,1,14.4,23.23,7.58,15.92,8.08,13.41,9.37,6.92,5.37,26.33,11.43
231,2.65592,1,14.11,23.34,7.43,15.92,7.95,13.3,9.37,6.68,5.43,26.73,11.43
232,2.65592,1,14.17,23.56,10.83,15.85,8.74,13.35,9.52,6.52,5.26,26.47,11.39
233,2.65592,1,13.94,23.12,10.5,15.99,8.41,13.35,9.48,6.68,5.34,26.6,11.3
234,2.65592,1,13.83,23.45,9.94,15.78,8.18,13.14,9.41,6.46,5.37,26.73,11.39
235,2.65592,1,14,23.34,10.42,15.78,8.44,13.25,9.37,6.68,5.47,26.2,11.43
236,2.65592,1,13.94,23.23,10.22,15.72,7.77,13.3,9.45,6.84,5.3,27.14,11.3
237,2.65592,1,14.17,23.34,10.06,15.78,8.15,13.3,9.37,7.06,5.26,26.07,11.34
238,2.65592,1,14.11,23.34,9.86,15.78,8.18,13.14,9.3,6.79,5.34,26.2,11.34
239,2.65592,1,14.06,23.56,10.02,15.72,8.34,13.19,9.41,6.87,5.52,26.2,11.26
240,2.65592,1,14.28,23.23,9.86,15.78,8.21,13.35,9.41,6.92,5.56,25.32,11.26
241,2.88881,1,14.11,23.12,9.79,15.78,7.09,13.3,9.26,6.81,5.52,25.69,11.21
242,2.88881,1,13.94,23.23,9.71,15.85,8.57,13.25,9.23,6.79,5.41,26.47,11.26
243,2.88881,1,13.78,23.23,9.75,15.65,8.11,13.14,9.34,6.98,5.58,26.6,11.26
244,2.88881,1,13.72,23.56,9.98,15.59,8.71,13.14,9.26,7.21,5.54,26.2,11.21
245,2.88881,1,13.72,23.78,9.82,15.85,8.28,13.3,9.48,7.44,5.54,26.33,11.08
246,2.88881,1,13.56,23.23,9.86,15.65,7.62,13.14,9.26,7.04,5.63,26.86,11.08
247,2.88881,1,13.56,23.34,9.9,15.65,7.52,13.14,9.26,6.95,5.65,26.47,11.17
248,2.88881,1,14,23.56,9.82,15.65,7.95,13.25,9.48,7.09,5.68,26.73,11.12
249,2.88881,1,13.72,23.67,9.86,15.78,7.83,13.19,9.26,7.04,5.68,25.32,11.21
250,2.88881,1,13.72,23.56,9.82,15.72,8.18,13.04,9.23,7.23,5.65,26.6,11.21
251,2.88881,1,13.72,23.23,9.75,15.78,8.21,13.04,9.41,7.12,5.68,26.07,11.39
252,2.88881,1,13.89,23.56,9.79,15.78,7.68,13.09,9.41,7.18,5.65,27.14,11.21
253,2.88881,1,13.56,23.56,9.75,15.59,7.62,13.14,9.37,7.09,5.68,25.95,11.17
254,2.88881,1,13.56,23.56,9.75,15.72,7.52,12.98,9.26,7.01,5.7,25.95,11.08
255,2.88881,1,13.67,23.67,9.67,15.72,8.24,13.09,9.23,6.87,5.5,26.2,11.08
256,2.88881,1,13.5,23.56,9.75,15.65,7.58,12.98,9.23,7.09,5.56,27.14,11.04
257,2.88881,1,13.56,23.45,9.75,15.59,8.28,12.88,9.23,7.23,5.79,26.47,11.12
258,2.88881,1,13.5,23.56,9.67,15.59,8.21,13.04,9.15,7.12,5.72,26.33,11.04
259,2.88881,1,13.5,23.34,9.71,15.65,8.02,12.98,9.15,7.35,5.72,25.69,11.08
260,2.88881,1,13.72,23.45,9.71,15.72,7.46,13.09,9.15,7.06,5.79,26.47,11.17
261,2.88881,1,13.61,23.67,9.67,15.59,7.29,13.04,9.23,7.38,5.81,26.33,11.17
262,2.88881,1,13.5,23.89,9.79,15.52,7.71,12.98,9.15,7.44,5.81,25.82,11.12
263,2.88881,1,13.45,23.67,9.79,15.46,7.06,12.93,9.12,7.21,5.86,26.73,11.12
264,2.88881,1,13.56,23.89,9.71,15.59,7.8,13.09,9.23,7.23,5.84,26.07,11.12
265,2.88881,1,13.34,23.45,9.67,15.59,7.65,13.09,9.26,7.8,5.84,25.82,10.95
266,2.88881,1,13.34,23.67,9.79,15.52,7.17,12.88,9.23,7.53,5.81,25.69,11.08
267,2.88881,1,13.61,24.12,9.9,15.72,8.02,13.14,9.45,7.44,5.91,26.6,11.26
268,2.88881,1,13.78,24.23,10.02,16.26,8.24,13.41,9.71,7.59,6.02,26.86,11.48
269,2.88881,1,13.4,23.89,10.06,16.05,7.14,13.14,9.6,7.62,5.98,26.33,11.48
270,2.88881,1,13.29,23.01,9.82,15.59,7.58,12.93,9.3,7.35,5.93,25.95,10.99
271,2.88881,1,13.13,23.45,9.82,15.78,8.08,12.93,9.34,7.38,5.93,26.2,11.12
272,2.88881,1,13.13,23.45,9.79,15.72,7.62,12.93,9.3,6.57,5.91,25.69,11.12
273,2.88881,1,13.03,23.78,9.86,15.59,7.32,12.93,9.26,7.44,6,25.95,11.12
274,2.88881,1,13.03,24,9.86,15.65,7.55,12.98,9.34,7.23,5.91,26.07,11.21
275,2.88881,1,13.56,23.89,10.06,15.85,7.06,13.04,9.45,7.23,6.02,26.33,11.26
276,2.88881,1,13.08,23.78,9.98,15.78,7.74,12.98,9.23,7.41,5.65,25.95,11.04
277,2.88881,1,12.82,23.78,9.75,15.52,7.23,12.78,9.26,7.23,5.79,25.32,10.91
278,2.88881,1,13.13,23.89,9.86,15.59,7.52,12.93,9.3,7.68,6,25.82,10.91
279,2.88881,1,12.62,23.23,9.82,15.33,6.92,12.68,9.01,7.38,5.98,25.82,10.74
280,2.88881,1,12.87,24,9.71,15.26,7.2,12.78,9.19,7.29,5.88,25.44,10.7
281,2.88881,1,12.87,23.56,9.82,15.39,7.55,12.88,8.98,7.35,6,25.82,10.82
282,2.88881,1,12.92,24.12,9.86,15.33,7.14,12.98,9.01,7.44,6.05,25.57,10.78
283,2.88881,1,12.92,24.23,9.98,15.59,7,13.14,9.12,7.47,6.1,26.33,10.95
284,2.88881,1,13.24,24.82,10.18,15.92,7.23,13.25,9.37,7.83,6.1,27.27,11.21
285,2.88881,1,13.24,23.89,10.18,15.65,6.78,12.98,9.3,7.89,6.14,26.07,11.08
286,2.88881,1,13.34,24.35,10.3,15.92,7.43,13.3,9.48,7.96,6.19,26.86,11.26
287,2.88881,1,12.82,23.23,10.1,15.46,7.14,12.93,9.05,7.74,6.02,25.57,10.91
288,2.88881,1,12.87,23.34,9.94,15.46,7.29,12.78,9.01,7.68,6.05,25.69,11.12
289,2.88881,1,13.13,24.35,10.06,15.72,7.41,12.98,9.3,8.02,6.12,26.07,11.17
290,2.88881,1,13.18,23.78,10.34,15.99,7.49,13.19,9.37,7.96,6.22,27.41,11.39
291,2.88881,1,13.34,24,10.38,15.85,7.35,13.09,9.45,8.11,6.24,27,11.21
292,2.88881,1,13.03,23.34,10.22,15.52,7.06,12.93,9.15,7.89,6.12,26.2,10.91
293,2.88881,1,13.45,24.46,10.5,16.26,7.2,13.51,9.56,8.21,6.32,26.47,11.34
294,2.88881,1,13.5,24.35,10.62,16.19,7.35,13.41,9.67,8.81,6.42,26.86,11.62
295,2.88881,1,12.92,23.12,10.26,15.72,6.72,12.83,9.19,8.02,5.91,25.32,10.95
296,2.88881,1,12.92,23.23,10.26,15.65,6.81,12.98,9.08,7.99,6.12,25.82,10.87
297,2.88881,1,13.45,23.78,10.46,15.78,7.52,13.09,9.67,8.24,6.14,28.41,11.12
298,2.88881,1,12.92,23.34,10.42,15.72,7.17,12.98,9.37,8.41,6.19,26.07,11.26
299,2.88881,1,13.18,23.12,10.5,15.72,7.38,12.98,9.48,8.88,6.07,26.33,11.04
300,2.88881,1,13.18,23.23,10.71,15.78,7.38,13.09,9.48,8.64,6.19,26.73,11.04
301,3.10884,2,13.34,22.91,10.54,15.78,7.8,13.09,9.41,8.47,6.17,26.2,11.26
302,3.10884,2,13.34,22.49,10.75,15.85,7.41,12.98,9.48,8.37,6,26.07,11.21
303,3.10884,2,13.13,23.01,10.75,15.78,7.35,13.04,9.48,8.47,6.19,29,11.08
304,3.10884,2,13.45,22.8,10.96,15.92,7.77,13.3,9.48,8.81,6.27,26.2,11.12
305,3.10884,2,13.4,23.01,10.92,15.85,7.41,13.25,9.56,8.64,6.24,26.2,11.17
306,3.10884,2,12.92,23.01,10.88,15.85,6.12,13.09,9.56,8.57,6.22,26.47,11.12
307,3.10884,2,13.5,23.23,11.05,16.26,7.71,13.3,9.71,8.88,6.32,25.44,11.26
308,3.10884,2,13.56,22.49,10.71,15.78,7.49,13.09,9.41,8.57,6.17,26.47,10.87
309,3.10884,2,13.45,23.01,11.18,16.19,7.77,13.3,9.56,8.74,6.37,26.6,11.21
310,3.10884,2,13.45,23.01,10.96,15.99,7.38,13.14,9.45,8.74,6.34,26.86,11.3
311,3.10884,2,13.24,22.39,10.26,15.46,6.89,13.04,9.15,7.99,6.17,26.2,10.99
312,3.10884,2,13.29,22.8,10.66,15.59,7.14,13.09,9.48,8.57,6.34,28.41,10.91
313,3.10884,2,13.24,23.01,11.86,15.72,7.29,13.09,9.12,8.78,6.39,26.6,11.08
314,3.10884,2,12.92,23.01,11.53,15.33,7.03,12.73,8.84,8.81,6.32,24.13,10.82
315,3.10884,2,12.87,23.23,11.67,15.2,6.94,12.63,8.77,8.24,6.27,25.44,10.78
316,3.10884,2,13.18,23.56,11.49,15.26,6.94,12.78,8.73,8.57,6.27,25.07,10.7
317,3.10884,2,12.87,23.23,9.52,15.26,7.14,12.73,8.7,8.64,6.32,25.95,10.61
318,3.10884,2,12.87,23.89,11.31,15.33,7.49,12.78,8.6,8.44,6.32,25.2,10.49
319,3.10884,2,12.92,24.23,10.14,15.39,6.75,12.83,8.63,8.47,6.29,25.07,10.74
320,3.10884,2,13.03,24,10.79,15.39,7.32,12.78,8.63,8.54,6.34,25.44,11.08
321,3.10884,2,12.98,24,10.83,15.46,7.29,12.88,8.77,8.57,6.39,25.44,10.82
322,3.10884,2,12.87,24.12,10.83,15.65,6.83,12.93,8.8,9.13,6.24,25.95,11.08
323,3.10884,2,12.98,24.23,10.92,15.65,7.41,12.93,9.12,8.64,6.44,26.2,10.87
324,3.10884,2,12.77,23.78,10.79,15.59,6.7,12.78,8.84,9.06,6.42,25.2,10.74
325,3.10884,2,12.77,23.56,10.62,15.39,7.2,12.78,8.84,8.99,6.39,25.44,11.08
326,3.10884,2,12.82,23.67,9.37,15.46,6.86,12.68,8.77,8.81,6.49,25.69,10.95
327,3.10884,2,12.82,24.23,9.6,15.46,6.89,12.78,8.77,8.85,6.6,25.57,11.04
328,3.10884,2,12.72,23.67,9.48,15.46,6.72,12.63,8.63,8.78,6.52,25.07,10.87
329,3.10884,2,13.03,24.12,8.8,15.46,6.97,12.83,8.73,8.95,6.6,27.83,10.57
330,3.10884,2,12.98,24.12,10.5,15.65,7.35,12.88,8.91,9.24,6.65,24.36,10.7
331,3.10884,2,12.98,23.89,12.63,15.85,7.43,12.98,8.91,9.24,6.7,25.82,9.7
332,3.10884,2,12.98,24.23,8.84,15.85,6.92,13.04,8.94,9.49,6.89,25.82,9.74
333,3.10884,2,12.77,23.89,9.08,15.72,6.67,12.98,8.77,9.38,6.78,25.57,9.7
334,3.10884,2,12.77,24.12,10.14,15.78,7.11,12.98,8.8,9.24,6.73,25.57,9.59
335,3.10884,2,12.77,24.12,10.38,15.78,7.06,12.98,8.8,9.27,6.83,26.2,9.78
336,3.10884,2,13.03,24.46,9.48,15.72,7.14,13.04,8.8,9.49,6.81,24.48,9.81
337,3.10884,2,12.92,24.46,13.25,15.99,7.06,13.04,8.98,9.68,6.81,26.2,9.97
338,3.10884,2,12.77,23.78,9.48,15.72,6.59,12.83,8.77,9.13,6.89,25.95,9.62
339,3.10884,2,12.82,24.46,9.71,15.92,6.4,12.93,8.8,9.95,6.91,27.27,9.85
340,3.10884,2,12.72,23.78,9.63,15.59,7.03,12.83,8.73,9.53,6.86,24.36,9.55
341,3.10884,2,12.82,24.46,9.63,15.92,7.58,12.93,8.84,9.68,6.83,25.95,9.81
342,3.10884,2,13.13,24.46,10.1,16.05,7.49,13.14,8.91,9.75,7.02,25.69,9.93
343,3.10884,2,13.29,23.67,10.02,15.72,7.89,12.93,8.84,9.75,6.97,25.32,9.78
344,3.10884,2,13.5,24,10.14,15.65,7.58,13.04,8.77,9.45,6.86,25.07,9.78
345,3.10884,2,12.67,24.23,10.34,15.99,7.09,13.04,8.84,9.68,7.02,25.95,9.81
346,3.10884,2,12.72,23.56,10.34,15.46,7.35,12.93,8.6,9.34,6.81,25.07,9.59
347,3.10884,2,12.72,24.35,13.74,15.72,6.81,13.04,8.84,9.53,7,25.95,9.78
348,3.10884,2,12.92,23.45,10.26,15.65,6.19,13.14,8.8,9.72,7,26.6,9.7
349,3.10884,2,12.87,24.23,10.46,15.85,7.46,13.14,8.84,9.83,7.11,25.69,9.93
350,3.10884,2,13.34,24.23,10.5,15.99,7.49,13.3,8.91,9.83,7.08,26.73,9.85
351,3.10884,2,13.08,23.67,10.42,15.65,6.35,12.98,8.7,9.72,7,25.95,9.59
352,3.10884,2,13.24,23.78,10.5,15.78,7.2,13.04,8.73,9.83,7.05,25.57,9.74
353,3.10884,2,12.82,23.67,10.71,16.12,7.32,13.14,8.77,10.14,7.13,25.44,9.78
354,3.10884,2,13.08,23.56,10.58,15.78,6.89,12.93,8.98,9.95,7.11,25.32,9.78
355,3.10884,2,12.47,23.01,10.5,15.59,6.97,12.78,8.53,9.72,7,25.32,9.59
356,3.10884,2,12.77,23.23,11.81,15.59,6.59,12.88,8.56,9.83,7,25.69,9.44
357,3.10884,2,13.08,23.23,10.58,15.78,6.32,12.93,8.6,9.87,7.05,26.33,9.93
358,3.10884,2,12.57,23.45,10.88,15.78,6.7,12.98,8.6,9.91,7.08,25.69,9.74
359,3.10884,2,13.08,23.45,10.75,15.78,6.75,12.88,8.77,9.83,7,25.32,9.55
360,3.10884,2,13.08,23.01,10.83,15.78,6.78,12.88,8.6,10.06,7.05,25.44,9.66
361,3.31643,2,13.08,22.8,10.58,15.39,7.26,12.83,8.56,10.1,7.05,24.83,9.59
362,3.31643,2,13.18,22.8,12.43,15.46,7.23,12.78,8.53,10.1,7.11,24.71,9.59
363,3.31643,2,13.13,22.8,11.95,15.59,7,12.73,8.6,10.1,7.11,24.95,9.51
364,3.31643,2,12.77,22.59,11.9,15.65,7.11,12.88,8.91,10.06,7.13,24.83,9.59
365,3.31643,2,12.62,22.39,11.09,15.33,6.38,12.73,8.5,10.14,7.02,24.95,9.66
366,3.31643,2,12.77,23.12,11,15.65,6.97,12.83,8.63,10.3,7.16,25.69,9.66
367,3.31643,2,12.77,22.7,12.24,15.59,6.56,12.83,8.67,10.39,7.11,25.2,9.59
368,3.31643,2,12.92,22.7,12.29,15.65,7.29,12.88,8.67,10.18,7.05,25.32,9.55
369,3.31643,2,12.92,22.18,12.19,15.52,7.06,12.88,8.7,10.47,7.02,24.95,9.59
370,3.31643,2,12.92,22.28,12,15.72,6.89,12.88,8.7,10.63,7.11,25.32,9.7
371,3.31643,2,12.87,21.78,10.66,15.78,6.59,12.83,8.84,10.63,7.02,25.57,9.7
372,3.31643,2,13.13,21.59,11.76,15.46,7.11,12.78,8.6,10.63,7.05,24.71,9.51
373,3.31643,2,12.92,21.78,11.53,15.59,6.61,12.88,8.8,10.8,7.08,25.69,9.97
374,3.31643,2,12.92,21.78,12.99,15.65,6.97,12.98,8.73,10.76,7,25.44,9.7
375,3.31643,2,12.77,21.49,11.13,15.72,5.94,12.93,8.77,10.97,7.11,25.32,9.7
376,3.31643,2,12.82,21.49,12.68,15.78,7.23,12.93,8.94,10.89,7.08,25.07,9.74
377,3.31643,2,12.77,21.2,12.33,15.72,6.89,12.93,8.63,10.8,7.08,25.44,9.85
378,3.31643,2,12.92,21.2,11.76,15.65,6.86,12.98,8.8,11.06,7.08,25.2,9.7
379,3.31643,2,12.52,20.92,11.31,15.72,7.29,12.83,8.8,11.1,7.02,26.07,9.7
380,3.31643,2,12.52,20.92,11.22,15.59,6.04,12.93,8.77,11.1,7.11,25.57,9.7
381,3.31643,2,12.72,20.64,11.63,15.78,6.78,12.83,8.8,11.01,7.02,24.83,9.66
382,3.31643,2,12.77,21.01,11.81,15.85,6.17,12.88,8.8,11.23,7.05,25.57,9.74
383,3.31643,2,12.72,20.92,13.09,15.78,6.64,12.83,8.8,11.28,6.97,25.32,9.74
384,3.31643,2,12.98,20.64,13.85,15.65,6.61,12.88,8.67,11.41,7.16,25.44,9.78
385,3.31643,2,12.92,20.36,11.35,15.78,7.35,12.88,8.73,11.41,7.08,26.2,9.74
386,3.31643,2,12.82,20.46,11.58,15.59,7.03,12.78,8.73,11.5,7.13,24.83,9.62
387,3.31643,2,13.08,20.27,11.86,15.59,6.7,12.98,8.67,11.46,7.13,25.57,9.74
388,3.31643,2,12.72,20.1,13.46,15.78,6.92,12.73,8.67,11.41,7.02,25.07,9.66
389,3.31643,2,12.87,20.36,12.83,15.72,6.81,12.88,8.98,11.64,7.13,24.59,9.7
390,3.31643,2,12.77,20.27,12.14,15.65,6.81,12.78,8.6,11.55,7.13,24.95,9.78
391,3.31643,2,12.92,20.19,12.09,15.46,6.32,12.83,8.67,11.64,7.11,24.95,9.7
392,3.31643,2,12.62,19.92,12.83,15.52,6.94,12.83,8.67,11.87,7.08,25.32,9.59
393,3.31643,2,12.77,20.36,13.25,15.72,7.06,12.98,8.63,11.82,7.22,24.95,9.7
394,3.31643,2,12.77,20.1,12.99,15.78,7.09,12.83,8.67,11.87,7.16,25.32,9.93
395,3.31643,2,12.32,19.57,13.36,15.26,6.45,12.68,8.37,11.5,7.05,24.13,9.51
396,3.31643,2,12.52,19.66,13.46,15.39,6.59,12.68,8.3,11.69,7,25.32,9.55
397,3.31643,2,12.32,19.57,13.57,15.52,6.83,12.73,8.53,11.64,7.05,25.07,9.55
398,3.31643,2,12.72,19.75,13.46,15.59,6.64,12.88,8.53,11.92,7.11,26.07,9.7
399,3.31643,2,12.72,20.01,13.52,15.59,6.53,12.93,8.67,12.35,7.16,25.44,9.78
400,3.31643,2,12.23,19.75,13.25,15.33,6.97,12.68,8.3,12.01,7.16,25.2,9.7
401,3.31643,2,12.72,19.57,13.04,15.39,6.43,12.93,8.4,11.97,7.19,25.2,9.74
402,3.31643,2,12.18,19.75,11.9,15.33,6.56,12.78,8.46,12.21,7.19,25.2,9.74
403,3.31643,2,12.72,20.19,14.24,15.65,6.97,13.14,8.6,12.35,7.3,24.83,9.93
404,3.31643,2,12.37,20.01,11.4,15.52,6.7,12.83,8.33,12.25,7.54,24.95,9.78
405,3.31643,2,12.08,19.75,13.85,15.39,6.25,12.63,8.3,11.97,7.13,25.07,9.62
406,3.31643,2,12.47,19.49,11,15.33,6.22,12.78,8.33,12.01,7.19,25.07,9.55
407,3.31643,2,12.52,19.92,14.36,15.39,6.81,12.88,8.4,12.3,7.25,24.95,9.89
408,3.31643,2,12.57,20.01,11.9,15.72,6.61,12.83,8.56,12.65,7.33,24.95,9.81
409,3.31643,2,12.47,19.83,11.95,15.52,6.53,12.78,8.46,12.45,7.22,24.59,9.85
410,3.31643,2,12.47,19.57,12.05,15.52,6.53,12.83,8.5,12.6,7.28,24.83,9.66
411,3.31643,2,12.42,19.66,12.83,15.46,6.72,12.78,8.46,12.6,7.25,23.78,9.78
412,3.31643,2,12.37,19.07,12.99,15.65,6.43,12.88,8.63,12.7,7.25,25.32,9.85
413,3.31643,2,12.23,19.15,14.07,15.72,6.4,12.78,8.56,12.65,7.19,25.07,10.01
414,3.31643,2,12.32,18.42,14.83,15.2,6.56,12.73,8.33,12.55,7.22,24.48,9.59
415,3.31643,2,12.37,18.74,13.85,15.33,6.64,12.78,8.3,12.5,7.25,24.48,9.62
416,3.31643,2,12.67,19.66,13.52,15.99,7.06,13.04,8.53,13.01,7.33,25.44,9.93
417,3.31643,2,12.42,18.82,15.64,15.39,6.35,12.83,8.43,12.65,7.13,24.95,9.62
418,3.31643,2,12.72,19.07,12.83,15.85,6.7,13.25,8.73,13.11,7.25,25.57,10.05
419,3.31643,2,12.32,18.26,15.32,15.33,6.53,12.78,8.46,12.96,7.19,24.83,9.78
420,3.31643,2,12.37,18.11,15.26,15.39,6.7,12.78,8.46,12.75,7.13,24.59,9.66
421,3.943121396628808,2,12.62,18.11,12.73,15.46,6.48,12.78,8.37,12.85,7.13,24.83,9.74
422,3.943121396628808,2,12.47,18.42,12.14,15.39,6.45,12.73,8.67,13.11,7.3,24.95,9.93
423,3.943121396628808,2,12.47,18.34,15.84,15.52,6.86,12.63,8.37,12.96,7.19,24.59,9.89
424,3.943121396628808,2,12.77,18.42,15.51,15.59,6.19,13.04,8.67,13.22,7.19,24.71,9.97
425,3.943121396628808,2,12.67,17.88,15.32,15.52,6.35,12.93,8.5,13.06,7.22,24.71,9.85
426,3.943121396628808,2,11.75,17.36,15.08,15.07,5.99,12.38,8.17,12.25,6.97,22.8,9.59
427,3.943121396628808,2,12.52,17.5,10.83,15.01,6.32,12.58,8.08,12.65,7.05,23.67,9.55
428,3.943121396628808,2,12.57,18.5,11,15.26,6.7,12.88,8.37,12.85,7.19,25.07,9.78
429,3.943121396628808,2,12.72,18.74,11.13,15.39,6.81,12.83,8.33,12.85,7.28,25.44,9.93
430,3.943121396628808,2,12.77,18.58,12.58,15.26,6.67,12.88,8.33,12.85,7.25,24.36,9.7
431,3.943121396628808,2,12.87,18.34,13.09,15.52,6.92,12.88,8.56,13.54,7.22,25.07,9.78
432,3.943121396628808,2,12.72,18.26,16.03,15.39,6.81,12.78,8.5,13.88,7.22,24.95,10.01
433,3.943121396628808,2,12.23,17.65,14.18,15.33,7.06,12.78,8.37,13.38,7.19,24.59,9.7
434,3.943121396628808,2,12.52,17.73,11.58,15.46,7.23,12.73,8.37,13.27,7.28,25.44,9.89
435,3.943121396628808,2,12.72,18.03,11.53,15.72,6.75,12.93,8.77,13.76,7.45,24.83,10.01
436,3.943121396628808,2,12.67,17.8,11.9,15.59,7.29,12.93,8.5,14.1,7.39,25.32,10.09
437,3.943121396628808,2,12.62,17.36,11.63,15.39,6.92,12.83,8.56,13.71,7.22,24.48,9.78
438,3.943121396628808,2,12.57,17.21,11.35,15.39,6.78,12.78,8.43,13.82,7.11,25.32,9.78
439,3.943121396628808,2,12.28,16.92,14.95,15.46,7.06,12.63,8.37,13.33,7.19,24.83,9.74
440,3.943121396628808,2,12.57,17.43,11.44,15.46,6.4,13.04,8.53,14.45,7.42,25.32,11.17
441,3.943121396628808,2,12.57,17.43,11.76,15.59,6.59,12.93,8.63,15.83,7.3,25.95,11.34
442,3.943121396628808,2,12.82,17,12.19,15.52,6.81,12.98,8.6,13.01,7.28,25.44,11.3
443,3.943121396628808,2,12.62,16.85,12.24,15.26,7.06,12.78,8.53,14.22,7.13,24.71,9.89
444,3.943121396628808,2,12.72,17,14.53,15.59,6.94,12.98,8.6,13.38,7.33,25.32,10.09
445,3.943121396628808,2,12.37,16.44,14.01,15.52,6.17,12.93,8.46,13.17,7.13,24.48,9.74
446,3.943121396628808,2,12.23,15.9,13.2,14.82,6.67,12.53,8.2,13.65,7.13,24.71,9.62
447,3.943121396628808,2,12.42,16.51,12,15.07,7.14,12.78,8.33,14.16,7.13,24.24,9.74
448,3.943121396628808,2,12.32,16.57,16.72,15.33,7.23,12.63,8.2,15.31,7.19,24.59,9.81
449,3.943121396628808,2,13.03,17,16.72,16.05,7.11,13.35,8.91,13.93,7.39,25.57,10.25
450,3.943121396628808,2,12.67,16.23,16.58,16.05,6.67,12.98,8.7,15.18,7.3,25.44,10.25
451,3.943121396628808,2,12.62,15.58,16.3,15.39,6.07,12.83,8.5,15.06,7.22,24.71,10.05
452,3.943121396628808,2,12.67,15.51,16.17,15.33,7.46,12.78,8.56,15,7.25,25.2,10.05
453,3.943121396628808,2,12.67,15.39,15.97,15.52,6.56,12.83,8.63,14.39,7.28,25.2,9.97
454,3.943121396628808,2,12.77,15.07,11.44,15.39,6.53,12.98,8.46,14.39,7.33,24.83,10.01
455,3.943121396628808,2,12.82,15.32,11.53,15.78,6.48,12.88,8.56,14.57,7.28,25.2,10.05
456,3.943121396628808,2,12.77,15.71,11.9,15.78,7.06,13.09,8.77,16.36,7.54,25.69,10.41
457,3.943121396628808,2,13.03,15.58,12.33,15.99,7.11,13.14,8.77,15.83,7.42,25.44,10.37
458,3.943121396628808,2,13.03,15.26,11.9,15.39,7.03,13.09,8.77,16.23,7.54,24.83,10.13
459,3.943121396628808,2,12.92,15.14,12,15.33,6.59,13.04,8.46,15.63,7.42,24.59,10.25
460,3.943121396628808,2,13.13,15.39,11.95,15.26,6.97,12.93,8.4,13.99,7.39,24.95,10.13
461,3.943121396628808,2,13.29,15.45,11.86,15.85,7.2,13.25,8.7,15.31,7.51,25.07,10.29
462,3.943121396628808,2,13.13,15.26,11.81,15.59,6.56,13.09,9.05,15.12,7.36,25.57,10.33
463,3.943121396628808,2,13.08,14.95,12.78,15.59,7.11,13.14,8.73,15.37,7.33,25.2,10.33
464,3.943121396628808,2,13.24,14.59,13.09,15.72,6.64,13.19,8.63,15.37,7.45,25.69,10.33
465,3.943121396628808,2,13.08,14.13,17.51,15.46,6.7,13.04,8.56,15.25,7.48,25.32,10.33
466,3.943121396628808,2,12.98,14.24,12.48,15.65,6.56,13.09,8.6,15.44,7.39,24.48,10.29
467,3.943121396628808,2,12.98,14.07,12.63,15.33,6.94,12.93,8.56,15.31,7.36,24.13,10.17
468,3.943121396628808,2,12.72,14.13,12.99,15.46,6.17,12.98,8.73,15.44,7.42,25.32,10.33
469,3.943121396628808,2,12.98,14.07,13.52,15.33,7.09,12.83,8.43,15.56,7.36,25.44,10.37
470,3.943121396628808,2,12.98,13.85,16.51,15.46,6.4,12.98,8.53,15.56,7.39,25.07,10.33
471,3.943121396628808,2,12.62,13.57,16.79,15.33,6.56,12.78,8.5,15.31,7.25,24.83,10.17
472,3.943121396628808,2,12.87,14.01,17.14,15.26,6.59,12.88,8.53,15.89,7.48,24.83,10.49
473,3.943121396628808,2,12.82,14.07,16.93,15.33,6.59,12.93,8.63,15.76,7.45,24.83,10.37
474,3.943121396628808,2,12.92,13.68,16.72,15.26,6.83,12.93,8.53,15.12,7.36,25.2,10.37
475,3.943121396628808,2,12.82,13.57,16.79,15.07,6.22,12.78,8.46,16.09,7.36,24.48,10.21
476,3.943121396628808,2,12.92,13.74,16.79,15.07,6.35,12.78,8.33,16.09,7.39,25.32,10.29
477,3.943121396628808,2,13.08,13.68,16.58,15.26,6.32,12.93,8.4,15.76,7.45,24.83,10.29
478,3.943121396628808,2,12.98,13.46,16.65,15.2,6.38,12.78,8.53,15.96,7.36,25.44,10.33
479,3.943121396628808,2,12.82,13.09,16.44,14.89,6.78,12.63,8.11,15.31,7.3,26.33,10.05
480,3.943121396628808,2,12.92,13.2,16.51,15.33,7.23,12.83,8.43,17.07,7.36,25.2,10.45
481,3.9544586377939432,2,12.87,13.25,16.72,15.2,6.94,12.78,8.37,15.83,7.45,24.48,10.37
482,3.9544586377939432,2,12.92,12,16.51,15.07,7.06,12.83,8.3,16.02,7.48,24.48,10.13
483,3.9544586377939432,2,12.77,13.14,16.58,15.33,7.09,12.58,8.3,15.44,7.45,24.83,10.25
484,3.9544586377939432,2,12.67,12.99,16.37,14.82,6.97,12.63,8.33,15.76,7.28,24.13,10.05
485,3.9544586377939432,2,12.62,12.73,16.17,15.14,6.83,12.53,8.33,15.96,7.22,24.59,10.13
486,3.9544586377939432,2,12.57,12.43,16.37,14.64,6.04,12.38,8.08,16.3,7.3,24.83,10.13
487,3.9544586377939432,2,12.57,12.89,16.37,14.7,7.2,12.28,8.01,16.5,7.28,24.24,10.17
488,3.9544586377939432,2,12.62,13.04,16.3,14.7,5.7,12.43,8.01,15.96,7.3,23.78,10.01
489,3.9544586377939432,2,12.37,13.04,16.24,14.64,6.92,12.48,8.05,15.69,7.25,23.45,9.97
490,3.9544586377939432,2,12.72,13.41,16.3,14.64,6.83,12.58,8.33,16.02,7.3,24.01,10.09
491,3.9544586377939432,2,12.52,13.14,16.24,14.76,6.19,12.33,8.08,15.89,7.22,23.9,9.97
492,3.9544586377939432,2,12.72,13.52,16.17,14.76,6.61,12.53,8.08,16.23,7.3,24.13,10.17
493,3.9544586377939432,2,12.72,13.63,16.37,14.76,6.75,12.58,8.3,16.23,7.42,24.24,10.29
494,3.9544586377939432,2,12.62,13.46,16.44,14.64,6.17,12.48,8.33,16.71,7.28,24.36,10.21
495,3.9544586377939432,2,12.57,13.41,16.1,14.58,6.4,12.43,8.05,17.22,7.28,23.34,10.17
496,3.9544586377939432,2,12.42,13.2,15.97,14.58,6.75,12.38,7.95,16.36,7.16,24.13,10.01
497,3.9544586377939432,2,12.32,13.09,16.1,14.46,7,12.23,7.98,16.09,7.22,23.9,10.05
498,3.9544586377939432,2,12.18,13.09,10.83,14.34,6.22,12.09,7.83,16.09,7.13,23.45,9.97
499,3.9544586377939432,2,12.37,13.46,13.63,14.34,6.67,12.33,7.95,16.02,7.25,24.13,10.17
500,3.9544586377939432,2,12.62,13.46,12.58,14.52,6.81,12.43,7.98,16.64,7.25,24.24,10.09
501,3.9544586377939432,2,12.42,13.36,12.68,14.34,6.38,12.14,7.86,16.43,7.19,24.48,10.05
502,3.9544586377939432,2,12.57,13.57,12.78,14.52,6.59,12.28,7.89,15.44,7.16,23.01,10.13
503,3.9544586377939432,2,12.72,13.46,12.73,14.28,6.92,12.14,7.89,15.76,7.22,23.78,10.05
504,3.9544586377939432,2,12.62,13.2,12,14.28,6.92,12.19,7.8,15.63,7.16,23.9,9.85
505,3.9544586377939432,2,12.72,13.25,12.05,14.28,6.64,12.09,7.89,16.09,7.16,24.13,10.13
506,3.9544586377939432,2,12.72,13.41,12.29,14.64,6.4,12.19,7.83,16.09,7.33,24.01,10.17
507,3.9544586377939432,2,12.77,13.36,12.09,14.4,5.97,12.04,7.83,16.09,7.16,24.36,10.01
508,3.9544586377939432,2,12.72,13.3,12.29,14.52,6.19,12.38,7.89,16.36,7.28,24.83,10.17
509,3.9544586377939432,2,12.77,13.46,13.41,14.52,6.75,12.48,7.83,17.67,7.3,24.36,10.17
510,3.9544586377939432,2,12.87,13.74,12.38,14.4,6.81,12.58,7.92,17.59,7.36,24.01,10.13
511,3.9544586377939432,2,13.03,13.41,15.14,14.22,7.14,12.48,8.01,17,7.33,24.24,10.01
512,3.9544586377939432,2,13.03,13.85,12.88,14.28,6.72,12.48,7.95,16.23,7.33,23.78,10.25
513,3.9544586377939432,2,12.92,13.85,13.04,14.64,6.48,12.43,8.05,16.57,7.42,24.24,10.29
514,3.9544586377939432,2,12.87,13.79,13.41,14.46,6.22,12.38,7.98,16.5,7.33,24.71,10.17
515,3.9544586377939432,2,12.82,13.46,12.94,14.22,6.83,12.53,8.01,16.43,7.28,24.01,10.01
516,3.9544586377939432,2,12.72,13.57,12.78,14.11,6.27,12.43,7.95,16.43,7.3,25.32,10.09
517,3.9544586377939432,2,12.77,13.52,13.14,14.52,6.72,12.53,8.01,16.71,7.39,25.95,10.17
518,3.9544586377939432,2,12.82,13.41,18.43,14.46,6.43,12.53,8.14,16.71,7.3,24.13,10.21
519,3.9544586377939432,2,12.62,13.04,12.78,14.4,5.92,12.38,8.11,17.82,7.3,24.36,10.17
520,3.9544586377939432,2,12.52,13.04,12.48,14.22,6.27,12.23,7.98,17.44,7.28,24.13,10.17
521,3.9544586377939432,2,12.57,13.14,12.99,14.16,5.7,12.43,8.05,16.57,7.3,24.01,10.13
522,3.9544586377939432,2,12.92,13.3,12.88,14.46,5.99,12.63,8.3,17.22,7.51,24.83,10.41
523,3.9544586377939432,2,12.57,12.78,12.83,14.34,6.48,12.38,7.98,17.67,7.28,24.36,10.05
524,3.9544586377939432,2,13.18,13.09,13.04,14.82,7.09,12.73,8.37,17.74,7.65,25.07,10.45
525,3.9544586377939432,2,12.77,12.73,12.88,14.46,6.56,12.43,8.01,17.22,7.39,24.36,10.17
526,3.9544586377939432,2,13.03,12.53,12.88,14.52,6.53,12.73,8.4,17.22,7.42,24.95,10.21
527,3.9544586377939432,2,12.82,12.38,12.83,14.4,6.32,12.33,8.17,18.45,7.3,24.59,10.25
528,3.9544586377939432,2,12.92,12.24,12.88,14.64,6.17,12.63,8.24,17.36,7.48,24.83,10.29
529,3.9544586377939432,2,12.52,12.14,12.83,14.16,6.51,12.43,8.17,17.74,7.51,24.48,10.21
530,3.9544586377939432,2,12.57,12,13.85,14.64,6.51,12.23,8.08,18.21,7.3,24.24,10.13
531,3.9544586377939432,2,12.82,12.09,16.79,14.58,6.32,12.38,8.2,17.89,7.33,24.71,10.37
532,3.9544586377939432,2,12.67,11.81,16.58,14.4,6.25,12.28,8.11,17.74,7.51,25.07,10.45
533,3.9544586377939432,2,12.57,11.86,12.99,14.4,6.48,12.38,8.17,17.82,7.42,24.71,10.49
534,3.9544586377939432,2,12.98,11.9,13.3,14.34,6.94,12.58,8.05,17.67,7.42,24.71,10.53
535,3.9544586377939432,2,12.77,11.95,13.36,14.7,6.53,12.63,8.24,18.37,7.54,24.83,10.49
536,3.9544586377939432,2,12.62,11.49,13.57,14.28,6.07,12.19,8.05,18.13,7.39,24.13,10.09
537,3.9544586377939432,2,12.42,11.9,13.3,14.05,5.82,11.99,7.92,17.89,7.19,24.13,10.05
538,3.9544586377939432,2,12.67,11.86,13.9,14.34,6.7,12.33,8.17,18.45,7.42,24.24,10.41
539,3.9544586377939432,2,12.04,11.05,15.9,13.65,5.21,11.81,7.59,18.05,7.05,23.12,9.78
540,3.9544586377939432,2,12.18,10.5,13.41,13.6,5.97,11.81,7.47,18.45,7.22,22.8,9.89
541,3.993666323564176,2,12.13,10.71,13.52,13.49,6.12,11.76,7.56,18.13,7.08,24.71,9.74
542,3.993666323564176,2,12.08,10.83,13.79,13.6,6.27,11.81,7.62,18.05,7.05,22.8,9.74
543,3.993666323564176,2,11.94,10.92,13.85,13.43,6.32,11.58,7.35,18.53,7.08,22.69,9.85
544,3.993666323564176,2,11.89,11.18,13.57,13.49,6.27,11.58,7.56,17.82,6.97,22.69,9.85
545,3.993666323564176,2,11.94,11.45,13.68,13.32,5.44,11.67,7.53,17.59,6.94,22.38,9.78
546,3.993666323564176,2,11.99,11.72,13.46,13.54,5.58,11.58,7.59,17.74,7,22.8,9.89
547,3.993666323564176,2,11.35,11.67,13.74,13.43,6.07,11.67,7.5,17.74,7.02,22.69,9.85
548,3.993666323564176,2,11.85,11.77,13.85,13.38,5.97,11.62,7.5,17.59,6.97,23.23,9.78
549,3.993666323564176,2,11.99,11.95,13.9,13.43,5.7,11.67,7.59,17.59,6.91,22.8,9.78
550,3.993666323564176,2,11.85,11.9,13.46,13.38,5.79,11.67,7.62,19.79,7,23.12,9.78
551,3.993666323564176,2,11.89,11.86,13.46,13.32,5.51,11.53,7.53,17.82,7.02,23.12,9.93
552,3.993666323564176,2,11.99,11.9,18.43,13.54,5.79,11.71,7.56,17.82,6.97,22.8,9.81
553,3.993666323564176,2,11.8,11.58,19.24,13.54,6.09,11.58,7.56,17.74,6.97,23.12,9.93
554,3.993666323564176,2,11.99,11.54,18.91,13.6,6.12,11.62,7.56,17.74,6.97,23.34,9.93
555,3.993666323564176,2,11.89,11.18,18.43,13.49,5.75,11.53,7.62,18.05,7.11,23.34,9.89
556,3.993666323564176,2,12.04,10.92,18.43,13.6,5.67,11.58,7.65,18.85,7.05,23.34,9.85
557,3.993666323564176,2,11.85,11.09,15.71,13.65,5.53,11.58,7.59,19.27,7.13,23.34,10.01
558,3.993666323564176,2,11.75,11.09,18.43,13.54,5.63,11.71,7.59,19.27,7.05,23.45,10.01
559,3.993666323564176,2,11.57,10.83,18.43,13.38,5.39,11.53,8.24,19.1,6.44,23.56,9.89
560,3.993666323564176,2,11.85,10.71,18.27,13.49,5.97,11.44,8.33,18.77,6.34,25.69,9.81
561,3.993666323564176,2,11.53,10.67,18.04,13.43,5.89,11.58,8.46,19.27,6.37,23.34,9.85
562,3.993666323564176,2,12.13,10.83,13.85,13.43,5.89,11.62,8.46,19.19,6.47,24.24,9.97
563,3.993666323564176,2,11.94,10.71,12.58,13.43,5.6,11.53,8.33,19.27,6.34,22.28,9.81
564,3.993666323564176,2,12.08,11.01,12.73,13.49,6.07,11.53,8.33,19.27,6.39,23.9,10.13
565,3.993666323564176,2,12.13,10.96,15.77,13.32,5.53,11.53,8.7,19.44,6.47,23.45,9.97
566,3.993666323564176,2,11.94,11.14,18.43,13.43,5.79,11.67,8.46,19.1,6.37,23.78,10.13
567,3.993666323564176,2,11.99,10.79,17,13.38,5.84,11.49,8.2,19.19,6.44,23.56,10.09
568,3.993666323564176,2,12.04,10.62,12.73,13.27,5.89,11.49,8.46,19.27,6.37,23.23,10.05
569,3.993666323564176,2,11.89,10.58,12.99,13.32,5.97,11.53,8.14,19.36,6.32,22.8,9.89
570,3.993666323564176,2,11.94,10.92,16.37,13.38,5.89,11.53,8.11,19.27,6.37,23.78,10.05
571,3.993666323564176,2,11.99,10.79,17.43,13.38,5.99,11.53,8.14,19.27,6.54,23.78,10.09
572,3.993666323564176,2,12.04,10.46,16.51,13.27,5.65,11.49,8.14,19.44,6.52,23.45,10.09
573,3.993666323564176,2,11.89,10.46,15.51,13.38,5.92,11.53,8.01,19.44,6.47,23.9,10.05
574,3.993666323564176,2,11.75,10.3,16.93,13.27,5.75,11.4,7.89,19.27,6.34,23.45,9.81
575,3.993666323564176,2,11.89,10.38,13.46,13.27,5.6,11.49,7.86,19.27,6.52,23.78,9.93
576,3.993666323564176,2,11.99,10.3,15.77,13.21,5.51,11.4,8.3,19.53,6.47,23.45,10.01
577,3.993666323564176,2,11.99,10.26,14.65,13.27,5.6,11.44,8.01,19.27,6.57,23.9,10.99
578,3.993666323564176,2,11.94,10.1,13.68,13.38,5.75,11.4,7.98,19.44,6.6,23.9,10.95
579,3.993666323564176,2,11.75,9.9,17.07,13.21,5.82,11.35,7.83,19.36,6.65,23.78,10.29
580,3.993666323564176,2,11.71,9.79,16.93,13.11,5.84,11.31,7.83,19.1,6.57,24.01,9.81
581,3.993666323564176,2,11.75,9.75,19.41,13.21,5.72,11.26,7.86,17.82,6.62,23.56,9.81
582,3.993666323564176,2,11.85,9.75,19.24,13.16,5.77,11.44,8.11,17.97,6.83,23.34,10.09
583,3.993666323564176,2,11.85,9.6,19.33,13.16,5.77,11.44,7.8,16.57,6.62,24.71,10.13
584,3.993666323564176,2,11.71,9.45,17.07,13.21,6.04,11.35,7.71,19.88,6.67,23.67,10.01
585,3.993666323564176,2,11.62,9.48,19.07,12.95,5.72,11.31,7.68,17.07,6.62,23.56,9.97
586,3.993666323564176,2,11.75,9.52,19.07,13.11,5.77,11.26,7.71,17,6.65,23.45,10.05
587,3.993666323564176,2,11.8,9.48,18.99,13.16,5.67,11.35,7.62,18.29,6.62,23.9,9.97
588,3.993666323564176,2,11.75,9.34,14.65,13,5.72,11.31,7.65,17,6.65,23.67,9.97
589,3.993666323564176,2,11.71,9.45,14.77,12.95,5.72,11.22,7.65,17.89,6.6,24.13,9.89
590,3.993666323564176,2,11.75,9.75,16.24,12.95,6.02,11.4,7.74,18.37,6.62,23.56,10.09
591,3.993666323564176,2,11.57,9.79,16.03,12.9,5.92,11.26,7.68,17.67,6.67,23.34,10.01
592,3.993666323564176,2,11.75,9.52,13.63,13.06,5.87,11.35,7.62,17.59,6.6,24.01,9.89
593,3.993666323564176,2,11.71,9.6,15.14,12.95,5.67,11.35,7.83,17.67,6.75,24.36,9.97
594,3.993666323564176,2,11.44,9.75,16.51,12.9,5.6,11.26,7.65,17.74,6.67,23.34,10.09
595,3.993666323564176,2,11.62,9.52,15.64,12.85,5.53,11.13,7.5,19.36,6.7,23.23,9.97
596,3.993666323564176,2,11.75,9.71,16.93,12.74,6.04,11.31,7.59,18.77,6.6,23.9,10.13
597,3.993666323564176,2,11.71,9.86,16.3,12.9,5.94,11.22,7.59,20.42,6.73,22.91,10.01
598,3.993666323564176,2,11.71,9.6,13.85,12.9,5.6,11.35,7.65,21.08,6.7,23.56,10.09
599,3.993666323564176,2,11.71,9.45,17.51,12.79,6.17,11.26,7.77,20.61,6.67,23.67,9.93
600,3.993666323564176,2,11.57,9.41,19.07,12.85,5.77,11.17,7.53,20.61,6.73,24.36,9.97
601,3.9997581174861336,2,11.71,9.19,20.02,12.9,5.48,11.26,7.59,20.33,6.75,23.78,9.93
602,3.9997581174861336,2,11.89,9.19,20.37,13.06,5.6,11.31,7.62,20.89,6.91,24.13,10.17
603,3.9997581174861336,2,11.66,8.84,20.02,13,5.3,11.13,7.47,20.61,6.91,23.78,10.01
604,3.9997581174861336,2,11.71,8.84,20.28,13.11,5.94,11.13,7.53,21.18,6.91,23.78,10.09
605,3.9997581174861336,2,11.89,8.63,20.28,12.95,5.67,11.35,7.44,21.08,7.08,25.69,10.25
606,3.9997581174861336,2,11.85,8.6,20.1,13.06,5.44,11.26,7.38,21.47,7.02,24.48,10.13
607,3.9997581174861336,2,11.66,8.57,20.19,12.95,5.46,11.17,7.44,21.57,7.02,23.12,10.21
608,3.9997581174861336,2,11.8,8.5,20.02,13.11,5.72,11.22,7.47,21.47,7,23.67,10.21
609,3.9997581174861336,2,11.66,8.47,20.1,12.95,5.97,11.13,7.41,21.47,7.02,23.34,10.09
610,3.9997581174861336,2,11.66,8.23,20.02,12.85,6.12,11.04,7.29,20.89,7,23.45,9.97
611,3.9997581174861336,2,11.71,8.3,20.1,12.85,5.55,11.09,7.32,21.57,7,23.34,10.01
612,3.9997581174861336,2,11.75,8.2,20.28,13.11,6.22,11.17,7.38,21.47,7.02,23.67,10.09
613,3.9997581174861336,2,11.48,8.07,20.28,13.06,5.7,11.04,7.35,21.67,7.13,23.01,10.09
614,3.9997581174861336,2,11.44,8.04,20.19,12.95,5.79,10.96,7.24,21.18,7.05,23.45,10.01
615,3.9997581174861336,2,11.44,7.98,20.19,12.79,5.94,10.91,7.27,20.06,7.02,23.45,10.05
616,3.9997581174861336,2,11.57,8.01,20.19,12.9,5.28,10.96,7.29,20.89,7.08,23.23,10.01
617,3.9997581174861336,2,11.48,7.85,20.37,12.95,5.32,10.96,7.18,20.99,7.11,23.45,10.09
618,3.9997581174861336,2,11.48,7.85,20.28,12.74,5.28,10.96,7.21,20.99,7.05,23.23,10.01
619,3.9997581174861336,2,11.48,7.85,20.37,12.9,5.58,11,7.15,21.37,7.13,23.12,10.09
620,3.9997581174861336,2,11.53,7.76,20.37,12.9,5.79,10.96,7.18,21.18,7.13,24.01,10.09
621,3.9997581174861336,2,11.53,7.79,20.74,12.79,5.55,10.91,7.13,20.99,7.11,23.23,10.13
622,3.9997581174861336,2,11.75,7.88,20.93,12.85,5.94,11.09,7.27,21.57,7.13,23.45,10.25
623,3.9997581174861336,2,11.57,7.79,20.93,12.79,5.37,11,7.18,21.37,7.08,23.01,10.09
624,3.9997581174861336,2,11.53,7.79,20.74,12.69,5.14,10.83,7.15,21.28,7,22.69,9.93
625,3.9997581174861336,2,11.35,7.49,20.93,12.59,5.21,10.7,6.96,22.49,7.25,22.91,9.93
626,3.9997581174861336,2,11.44,7.34,20.93,12.54,5.3,10.83,6.93,22.18,7.16,22.8,9.93
627,3.9997581174861336,2,11.39,7.49,20.83,12.54,5.94,10.83,6.93,21.67,7.08,23.01,10.09
628,3.9997581174861336,2,11.35,7.52,21.21,12.59,5.65,10.7,7.07,21.47,6.97,23.01,9.97
629,3.9997581174861336,2,11.35,7.58,21.21,12.49,5.44,10.7,7.07,21.57,6.94,22.28,10.09
630,3.9997581174861336,2,11.39,7.52,21.11,12.44,6.04,10.74,7.01,21.67,7.08,23.67,9.93
631,3.9997581174861336,2,11.35,7.58,21.21,12.39,6.12,10.7,7.04,21.77,7,23.01,10.05
632,3.9997581174861336,2,11.39,7.61,21.11,12.54,5.51,10.79,7.04,21.57,7,23.34,9.93
633,3.9997581174861336,2,11.3,7.64,21.31,12.59,5.79,10.79,7.07,21.67,7,23.01,9.89
634,3.9997581174861336,2,11.35,7.61,21.11,12.44,5.55,10.7,7.04,21.87,7.05,22.69,10.09
635,3.9997581174861336,2,11.17,7.52,21.4,12.54,5.16,10.7,7.04,21.97,7.08,22.8,9.97
636,3.9997581174861336,2,11.39,7.61,21.11,12.44,4.77,10.66,7.04,21.97,7.05,22.59,10.01
637,3.9997581174861336,2,11.3,7.55,21.11,12.49,5.32,10.62,7.01,22.08,7.11,22.91,10.01
638,3.9997581174861336,2,11.26,7.43,21.11,12.54,5.34,10.62,6.96,21.57,7.11,21.87,10.05
639,3.9997581174861336,2,11.3,7.55,21.4,12.54,5.34,10.74,6.99,21.67,7,23.23,9.97
640,3.9997581174861336,2,11.3,7.31,21.6,12.14,5.72,10.66,6.88,22.08,7.05,22.38,10.09
641,3.9997581174861336,2,11.35,7.95,21.69,12.29,5.53,10.87,7.1,22.18,7,22.28,10.13
642,3.9997581174861336,2,11.35,8.17,21.69,12.19,5.63,10.79,7.15,22.08,6.81,24.36,10.09
643,3.9997581174861336,2,11.21,8.27,21.6,12.19,5.14,10.74,7.1,21.87,6.86,22.59,10.29
644,3.9997581174861336,2,11.26,8.47,21.79,12.1,5.67,10.74,7.01,21.87,6.78,22.07,10.17
645,3.9997581174861336,2,11.3,8.7,21.6,12,5.21,10.79,7.1,21.18,6.75,22.17,10.05
646,3.9997581174861336,2,11.17,8.77,21.5,11.95,5.84,10.62,7.1,21.37,6.78,22.38,10.09
647,3.9997581174861336,2,11.26,8.98,21.79,11.95,5.77,10.7,7.13,21.18,6.81,22.07,10.05
648,3.9997581174861336,2,11.17,9.12,21.79,12.05,5.72,10.66,7.15,21.28,6.67,22.38,9.97
649,3.9997581174861336,2,11.13,9.26,21.79,11.95,5.46,10.66,7.1,21.57,6.78,22.48,10.21
650,3.9997581174861336,2,11.13,9.19,21.79,11.95,5.3,10.62,7.13,21.37,6.73,21.87,10.21
651,3.9997581174861336,2,11.17,9.41,21.69,11.9,5.28,10.66,7.21,21.47,6.7,21.67,10.09
652,3.9997581174861336,2,11.17,9.48,21.79,12.1,5.92,10.62,7.18,21.57,6.78,22.28,10.25
653,3.9997581174861336,2,11.3,9.45,21.79,12.05,5.79,10.74,7.18,21.57,6.89,22.38,10.09
654,3.9997581174861336,2,11.35,9.45,22.09,12.1,5.39,10.62,7.21,21.87,6.89,22.28,10.37
655,3.9997581174861336,2,11.26,9.37,21.6,12,5.79,10.54,7.15,22.08,6.89,22.07,10.21
656,3.9997581174861336,2,11.39,9.45,21.99,12.19,4.96,10.7,7.27,22.39,6.89,23.12,10.17
657,3.9997581174861336,2,11.44,9.41,21.79,12.14,5.46,10.7,7.32,22.7,7.02,22.69,10.21
658,3.9997581174861336,2,11.3,9.19,21.5,12.14,5.94,10.66,7.24,22.18,6.91,22.69,10.13
659,3.9997581174861336,2,11.35,9.19,21.69,12.19,5.99,10.7,7.24,22.18,7.08,22.48,10.29
660,3.9997581174861336,2,11.44,8.98,21.5,12.19,5.82,10.83,7.21,22.18,7.08,22.59,10.17
661,4.049554083074122,3,11.35,9.05,21.6,12.14,5.82,10.7,7.24,22.39,7.05,22.48,10.41
662,4.049554083074122,3,11.44,8.84,21.5,12.19,5.75,10.74,7.24,21.87,7.08,22.59,10.29
663,4.049554083074122,3,11.39,8.84,21.6,12.1,5.75,10.7,7.13,21.87,7.25,21.57,10.21
664,4.049554083074122,3,11.3,8.91,21.69,12.14,4.92,10.62,7.29,22.18,7.13,22.48,10.21
665,4.049554083074122,3,11.35,8.74,21.6,12.05,5.65,10.74,7.15,21.87,7.16,22.17,10.17
666,4.049554083074122,3,11.26,8.8,21.79,12.1,5.03,10.7,7.35,21.77,7.11,21.97,10.25
667,4.049554083074122,3,11.21,8.87,21.6,12.05,5.41,10.7,7.13,21.57,7.08,22.48,10.33
668,4.049554083074122,3,11.13,8.77,21.69,12.05,4.66,10.54,7.1,21.57,7.08,22.07,10.21
669,4.049554083074122,3,11.13,8.7,21.5,12,5.82,10.49,7.21,21.87,7.05,22.38,10.13
670,4.049554083074122,3,11.04,7.16,20.93,11.95,5.39,10.54,7.15,22.08,7.02,22.59,10.01
671,4.049554083074122,3,11.04,8.77,21.31,11.9,4.71,10.62,7.07,21.77,7.13,22.07,10.17
672,4.049554083074122,3,10.83,8.57,21.21,11.95,5.53,10.45,7.35,22.08,7.08,22.17,10.13
673,4.049554083074122,3,10.87,8.7,21.4,12,5.01,10.54,7.1,22.28,7.08,22.28,10.17
674,4.049554083074122,3,10.95,8.74,21.6,11.9,5.32,10.45,7.04,22.6,7.11,22.07,10.13
675,4.049554083074122,3,10.91,8.7,21.69,11.95,5.82,10.45,7.07,22.7,7,22.38,10.09
676,4.049554083074122,3,10.95,8.77,21.6,11.9,5.51,10.58,7.01,22.6,7.13,22.07,10.21
677,4.049554083074122,3,10.83,8.8,21.5,11.95,5.32,10.45,7.13,23.03,7.11,22.28,10.17
678,4.049554083074122,3,10.87,8.53,21.5,11.76,5.7,10.45,6.85,23.69,7.28,21.67,10.05
679,4.049554083074122,3,10.62,8.43,21.69,11.86,5.34,10.37,6.96,23.47,7.13,22.07,9.89
680,4.049554083074122,3,10.83,8.6,21.6,11.9,5.28,10.41,7.01,23.03,7.13,20.99,9.89
681,4.049554083074122,3,10.91,8.63,21.79,11.86,4.9,10.49,7.01,23.03,7.16,21.57,10.17
682,4.049554083074122,3,10.91,8.6,21.6,11.81,5.32,10.37,7.01,23.36,7.11,22.17,10.17
683,4.049554083074122,3,10.95,8.8,21.69,11.86,5.05,10.37,7.01,23.03,7.08,22.91,10.09
684,4.049554083074122,3,10.91,8.67,21.79,11.86,5.28,10.37,6.96,22.92,7.16,21.97,10.09
685,4.049554083074122,3,10.91,8.74,21.79,11.76,5.12,10.45,6.99,22.81,7.19,22.07,10.13
686,4.049554083074122,3,10.87,8.84,21.79,11.86,5.41,10.45,7.04,23.03,7.13,22.07,10.13
687,4.049554083074122,3,10.87,8.77,21.5,11.72,5.53,10.37,7.13,23.03,7.13,22.07,10.01
688,4.049554083074122,3,10.91,8.8,21.69,11.72,5.23,10.41,6.96,22.6,7.22,21.09,10.13
689,4.049554083074122,3,10.83,8.8,21.5,11.72,4.85,10.41,7.01,22.6,7.13,22.59,10.29
690,4.049554083074122,3,10.74,8.74,21.89,11.81,5.58,10.29,6.99,22.92,7.16,22.38,10.13
691,4.049554083074122,3,10.74,8.63,21.6,11.67,5.48,10.29,6.99,22.81,7.19,22.07,10.05
692,4.049554083074122,3,10.66,8.77,21.6,11.72,5.18,10.25,6.99,22.7,7.08,21.77,10.09
693,4.049554083074122,3,10.91,8.7,21.5,11.76,5.12,10.37,7.01,22.81,7.16,22.48,10.25
694,4.049554083074122,3,10.78,8.63,21.5,11.62,5.25,10.29,6.99,22.7,7.19,21.67,10.09
695,4.049554083074122,3,10.87,8.57,21.6,11.67,5.48,10.41,6.99,22.6,7.22,21.87,10.09
696,4.049554083074122,3,10.74,8.67,21.79,11.76,5.01,10.37,7.1,22.92,7.22,22.28,10.17
697,4.049554083074122,3,10.62,8.6,21.6,11.72,5.46,10.29,6.96,22.81,7.28,22.07,10.13
698,4.049554083074122,3,10.87,8.7,21.79,11.9,5.55,10.41,6.99,22.6,7.22,22.38,9.97
699,4.049554083074122,3,10.66,8.5,21.6,11.72,5.12,10.25,6.93,22.6,7.25,22.17,10.33
700,4.049554083074122,3,10.74,8.53,21.79,11.76,5.28,10.29,6.9,22.7,7.28,22.17,10.13
701,4.049554083074122,3,10.83,8.47,21.6,11.62,5.75,10.37,6.93,22.39,7.3,21.87,10.01
702,4.049554083074122,3,10.7,8.5,21.5,11.67,5.48,10.25,6.9,22.39,7.22,22.59,10.09
703,4.049554083074122,3,10.83,8.53,21.69,11.62,4.6,10.37,6.88,22.18,7.3,21.87,10.09
704,4.049554083074122,3,10.83,8.37,21.79,11.76,5.12,10.33,6.88,22.6,7.33,22.17,10.13
705,4.049554083074122,3,10.78,8.4,21.6,11.67,5.12,10.29,6.99,22.49,7.25,21.87,10.05
706,4.049554083074122,3,10.83,8.3,21.89,11.72,5.23,10.21,6.96,22.6,7.33,21.77,10.13
707,4.049554083074122,3,10.78,8.4,21.6,11.72,4.52,10.21,6.9,22.39,7.45,22.07,10.13
708,4.049554083074122,3,10.78,8.33,21.6,11.67,5.16,10.25,6.93,22.49,7.28,22.69,10.13
709,4.049554083074122,3,10.83,8.23,21.69,11.67,5.44,10.21,6.9,22.6,7.42,21.57,10.05
710,4.049554083074122,3,10.83,8.17,21.31,11.76,5.77,10.17,6.85,22.7,7.39,21.77,10.13
711,4.049554083074122,3,10.78,8.14,21.5,11.72,5.53,10.25,6.88,22.6,7.39,21.77,10.01
712,4.049554083074122,3,10.78,8.04,21.4,11.67,5.37,10.25,6.85,22.6,7.39,21.57,10.01
713,4.049554083074122,3,10.78,7.92,21.5,11.72,4.96,10.25,6.77,22.39,7.45,21.18,10.09
714,4.049554083074122,3,10.83,7.88,21.5,11.67,4.92,10.25,6.77,22.39,7.54,21.38,10.01
715,4.049554083074122,3,10.66,7.98,21.5,11.86,4.92,10.13,6.77,22.49,7.48,21.47,10.17
716,4.049554083074122,3,10.66,7.92,21.6,11.76,4.85,10.17,6.74,22.6,7.65,21.67,10.17
717,4.049554083074122,3,10.62,7.82,21.79,11.76,5.6,10.09,6.8,22.7,7.48,21.38,10.21
718,4.049554083074122,3,10.78,7.88,21.21,11.81,5.72,10.25,6.72,22.81,7.48,21.57,10.17
719,4.049554083074122,3,10.66,7.73,21.5,11.86,5.3,10.13,6.8,22.6,7.51,21.77,10.09
720,4.049554083074122,3,10.66,7.7,21.4,11.76,4.73,10.25,6.66,22.81,7.57,21.47,9.97
721,4.122483910931027,3,10.57,7.82,21.4,11.81,4.85,10.17,6.77,22.39,7.54,21.67,10.21
722,4.122483910931027,3,10.62,7.73,21.21,11.67,5.32,10.21,6.72,22.39,7.6,21.47,10.05
723,4.122483910931027,3,10.78,7.64,21.31,11.72,4.75,10.25,6.72,22.49,7.65,21.38,10.21
724,4.122483910931027,3,10.62,7.73,21.4,12,5.23,10.21,6.82,22.7,7.57,21.67,10.17
725,4.122483910931027,3,10.49,7.55,21.21,11.76,5.18,10.13,6.77,23.03,7.75,21.97,10.29
726,4.122483910931027,3,10.57,7.49,14.24,11.62,5.46,10.05,6.74,22.92,7.6,21.57,10.13
727,4.122483910931027,3,10.49,7.73,14.24,11.62,5.03,10.05,6.69,23.03,7.51,21.47,10.05
728,4.122483910931027,3,10.53,7.76,14.3,11.58,5.01,10.09,6.72,22.81,7.6,21.38,10.17
729,4.122483910931027,3,10.57,7.58,14.47,11.62,5.18,10.13,6.61,23.58,7.75,21.18,10.13
730,4.122483910931027,3,10.57,7.58,14.36,11.67,4.81,10.17,6.77,23.14,7.62,21.67,10.05
731,4.122483910931027,3,10.74,7.7,14.36,11.62,5.32,10.21,6.88,23.36,7.57,21.47,10.25
732,4.122483910931027,3,10.74,7.73,14.42,11.62,5.58,10.17,6.74,23.03,7.62,21.28,10.25
733,4.122483910931027,3,10.7,7.64,14.47,11.67,5.3,10.17,6.72,22.81,7.6,20.8,10.05
734,4.122483910931027,3,10.74,7.76,14.36,11.76,5.44,10.25,6.8,22.92,7.75,21.28,10.25
735,4.122483910931027,3,10.7,7.73,14.47,11.67,5.23,10.17,6.74,23.03,7.71,21.38,10.21
736,4.122483910931027,3,10.57,7.7,14.3,11.67,5.18,10.09,6.82,23.25,7.65,21.77,10.25
737,4.122483910931027,3,10.41,7.79,14.47,11.76,4.9,10.17,6.8,23.25,7.71,21.57,10.21
738,4.122483910931027,3,10.53,7.76,14.47,11.72,5.16,10.05,6.69,23.36,7.71,21.47,10.29
739,4.122483910931027,3,10.62,7.61,14.36,11.67,5.6,10.09,6.72,23.47,7.71,21.67,10.09
740,4.122483910931027,3,10.49,7.7,14.47,11.81,5.25,10.05,6.74,23.92,7.75,21.57,10.25
741,4.122483910931027,3,10.66,7.7,14.47,11.76,5.48,10.09,6.72,23.69,7.81,21.57,10.21
742,4.122483910931027,3,10.57,7.58,14.36,11.72,5.55,10.01,6.77,23.58,7.71,22.28,10.21
743,4.122483910931027,3,10.57,7.52,14.3,11.62,4.81,9.97,6.74,23.92,7.81,21.67,10.33
744,4.122483910931027,3,10.53,7.64,14.47,11.76,4.75,10.01,6.72,24.04,7.75,21.77,10.29
745,4.122483910931027,3,10.53,7.58,14.47,11.81,4.5,10.05,6.69,23.92,7.78,21.77,10.37
746,4.122483910931027,3,10.49,7.52,14.3,11.62,5.58,9.86,6.69,23.92,7.84,21.47,10.17
747,4.122483910931027,3,10.49,7.52,14.42,11.81,5.77,9.97,6.88,24.04,7.71,21.67,10.33
748,4.122483910931027,3,10.53,7.52,14.3,11.58,5.6,9.78,6.72,24.15,7.75,21.47,10.25
749,4.122483910931027,3,10.45,7.55,14.47,11.67,5.39,9.67,6.69,23.92,7.87,21.87,10.17
750,4.122483910931027,3,10.49,7.58,14.42,11.72,5.55,9.82,6.72,23.81,7.78,22.8,10.21
751,4.122483910931027,3,10.49,7.58,14.47,11.62,5.55,9.82,6.77,24.15,7.87,21.77,10.21
752,4.122483910931027,3,10.45,7.49,14.3,11.58,5.48,9.78,6.66,24.27,7.87,21.67,10.25
753,4.122483910931027,3,10.53,7.46,14.36,11.62,5.67,9.7,6.66,24.27,7.87,23.23,10.17
754,4.122483910931027,3,10.45,7.52,14.3,11.58,5.65,9.82,6.66,24.27,7.96,23.34,10.05
755,4.122483910931027,3,10.29,7.43,14.42,11.62,5.63,9.82,6.64,24.51,7.96,21.67,10.17
756,4.122483910931027,3,10.41,7.49,14.3,11.58,5.99,9.86,6.64,24.39,7.96,21.57,10.21
757,4.122483910931027,3,10.33,7.49,14.3,11.62,5.77,9.78,6.66,24.63,7.99,21.38,10.13
758,4.122483910931027,3,10.45,7.52,18.75,11.67,5.82,9.9,6.64,24.15,8.02,21.38,10.25
759,4.122483910931027,3,10.41,7.31,17.66,11.62,5.99,9.86,6.66,24.51,8.05,21.28,10.21
760,4.122483910931027,3,10.21,7.31,19.07,11.76,5.51,9.78,6.61,24.27,8.09,21.57,10.17
761,4.122483910931027,3,10.45,7.25,19.24,11.67,5.55,9.74,6.58,24.15,8.09,21.38,10.37
762,4.122483910931027,3,10.33,7.19,18.27,11.62,5.94,9.78,6.61,24.39,8.02,21.38,10.29
763,4.122483910931027,3,10.29,7.14,18.43,11.67,5.34,9.7,6.64,24.27,8.02,21.38,10.21
764,4.122483910931027,3,10.29,7.02,17.88,11.72,6.04,9.86,6.51,23.92,8.02,21.57,10.09
765,4.122483910931027,3,10.17,7.02,18.04,11.72,5.72,9.78,6.53,24.15,8.05,21.28,10.21
766,4.122483910931027,3,10.29,6.99,18.04,11.67,5.14,9.94,6.48,24.39,8.09,21.67,10.29
767,4.122483910931027,3,10.21,7.02,18.35,11.62,5.37,9.78,6.53,24.39,8.05,21.28,10.25
768,4.122483910931027,3,10.37,6.91,18.27,11.58,5.46,9.94,6.53,24.15,8.05,21.47,10.17
769,4.122483910931027,3,10.33,6.85,18.19,11.72,5.82,9.82,6.53,24.39,8.12,21.47,10.21
770,4.122483910931027,3,10.29,6.91,18.27,11.76,5.89,9.86,6.51,24.15,8.15,21.47,10.17
771,4.122483910931027,3,10.25,6.85,18.19,11.62,5.75,9.82,6.48,24.51,8.18,22.91,10.05
772,4.122483910931027,3,10.29,6.85,18.11,11.58,5.92,9.86,6.48,24.39,8.18,21.28,10.29
773,4.122483910931027,3,10.37,6.88,18.11,11.72,5.79,9.97,6.56,24.15,8.15,21.87,10.17
774,4.122483910931027,3,10.33,6.72,18.43,11.76,5.48,9.94,6.4,24.39,8.15,21.57,10.21
775,4.122483910931027,3,10.33,6.69,18.99,11.67,5.39,9.97,6.43,23.92,8.09,21.57,10.17
776,4.122483910931027,3,10.25,6.72,18.11,11.67,5.28,9.9,6.46,24.04,8.21,21.47,10.21
777,4.122483910931027,3,10.13,6.61,18.11,11.58,5.32,9.82,6.4,24.27,8.21,21.18,10.25
778,4.122483910931027,3,10.41,6.61,18.35,11.72,5.18,9.9,6.38,24.39,8.28,21.47,10.09
779,4.122483910931027,3,10.37,6.53,18.04,11.62,4.92,9.82,6.38,24.27,8.18,21.87,10.25
780,4.122483910931027,3,10.41,6.47,17.96,11.62,4.38,9.9,6.35,24.27,8.31,21.38,10.25
781,4.257484898736022,3,10.29,6.5,17.96,11.58,5.05,9.82,6.56,24.51,8.44,21.38,10.13
782,4.257484898736022,3,10.37,6.42,17.88,11.62,5.12,9.9,6.23,24.04,8.25,21.77,10.13
783,4.257484898736022,3,10.29,6.37,17.88,11.67,4.92,9.78,6.33,24.63,8.28,21.67,10.53
784,4.257484898736022,3,10.25,6.39,17.96,11.62,4.79,9.9,6.3,24.99,8.28,21.57,10.37
785,4.257484898736022,3,10.25,6.29,18.35,11.72,4.96,9.94,6.33,24.75,8.25,23.56,10.41
786,4.257484898736022,3,9.86,6.16,18.04,11.72,4.79,9.94,6.28,24.99,8.38,20.8,10.21
787,4.257484898736022,3,10.25,6.24,18.04,11.67,4.75,9.94,6.35,25.24,8.34,21.47,10.25
788,4.257484898736022,3,10.25,6.29,18.04,11.62,4.88,9.94,6.38,25.24,8.28,21.57,10.21
789,4.257484898736022,3,10.25,6.39,18.04,11.72,5.1,9.94,6.43,25.11,8.18,21.67,10.25
790,4.257484898736022,3,10.17,6.32,18.04,11.62,5.75,9.94,6.3,24.63,8.25,21.09,10.09
791,4.257484898736022,3,10.21,6.24,17.88,11.62,5.39,9.82,6.28,24.39,8.12,21.18,9.93
792,4.257484898736022,3,10.17,6.37,17.88,11.58,5.34,9.9,6.33,24.51,8.15,22.17,9.97
793,4.257484898736022,3,10.05,6.16,17.88,11.53,5.21,9.78,6.28,24.75,8.18,20.43,10.05
794,4.257484898736022,3,10.21,6.16,18.11,11.62,5.55,9.86,6.28,24.39,8.21,20.25,10.17
795,4.257484898736022,3,10.17,6.24,17.88,11.58,5.28,9.86,6.25,24.39,8.21,21.38,10.13
796,4.257484898736022,3,10.21,6.19,18.27,11.67,4.92,9.9,6.28,24.63,8.34,22.28,10.25
797,4.257484898736022,3,10.13,6.14,18.04,11.58,5.46,9.74,6.38,24.75,8.31,21.18,10.09
798,4.257484898736022,3,10.17,6.16,17.96,11.58,4.96,9.78,6.28,24.87,8.25,21.57,10.29
799,4.257484898736022,3,10.05,6.11,17.73,11.53,5.6,9.86,6.25,24.87,8.28,21.18,10.13
800,4.257484898736022,3,10.01,6.14,18.11,11.62,5.34,9.78,6.25,24.87,8.38,21.97,10.25
801,4.257484898736022,3,10.13,6.04,18.04,11.62,5.65,9.7,6.25,24.87,8.31,21.67,10.17
802,4.257484898736022,3,10.09,6.04,17.88,11.67,5.34,9.74,6.13,24.63,8.41,20.99,10.05
803,4.257484898736022,3,10.21,6.04,17.88,11.67,5.14,9.82,6.11,24.39,8.38,21.77,10.17
804,4.257484898736022,3,10.21,5.99,14.42,11.53,4.62,9.7,6.15,24.51,8.34,22.07,10.13
805,4.257484898736022,3,10.21,6.04,14.36,11.72,5.23,9.59,6.18,24.51,8.38,21.18,10.05
806,4.257484898736022,3,10.17,5.99,14.3,11.53,5.39,9.55,6.18,24.63,8.28,21.18,10.17
807,4.257484898736022,3,10.29,5.99,14.3,11.49,5.46,9.7,6.2,24.99,8.21,21.38,10.01
808,4.257484898736022,3,10.25,6.09,14.3,11.58,5.37,9.67,6.25,24.99,8.38,20.9,10.09
809,4.257484898736022,3,10.25,6.04,14.3,11.62,4.81,9.63,6.23,24.51,8.34,21.18,10.17
810,4.257484898736022,3,10.17,5.99,14.47,11.58,5.44,9.63,6.18,24.63,8.38,21.09,10.17
811,4.257484898736022,3,10.17,6.01,14.36,11.53,5.28,9.67,6.18,24.99,8.47,20.8,10.21
812,4.257484898736022,3,10.01,5.89,14.47,11.62,5.37,9.67,6.2,24.87,8.41,20.99,10.25
813,4.257484898736022,3,10.01,5.89,14.47,11.67,5.84,9.63,6.28,24.63,8.47,21.18,10.29
814,4.257484898736022,3,10.01,5.99,14.53,11.58,4.44,9.78,6.18,24.87,8.41,21.28,10.25
815,4.257484898736022,3,10.05,5.91,14.3,11.53,5.3,9.78,6.25,24.87,8.44,21.18,10.13
816,4.257484898736022,3,9.93,5.96,14.36,11.53,5.25,9.7,6.23,25.24,8.44,20.8,10.17
817,4.257484898736022,3,9.93,5.86,14.42,11.53,5.18,9.67,6.18,24.99,8.54,21.18,10.13
818,4.257484898736022,3,10.09,5.86,14.53,11.53,5.39,9.82,6.15,24.87,8.44,20.99,10.21
819,4.257484898736022,3,9.97,5.84,14.42,11.49,4.94,9.7,6.15,24.99,8.51,20.99,10.13
820,4.257484898736022,3,10.09,5.84,14.53,11.53,4.75,9.78,6.18,25.11,8.47,20.9,10.29
821,4.257484898736022,3,9.97,5.84,14.36,11.62,4.99,9.67,6.2,25.24,8.51,20.71,10.13
822,4.257484898736022,3,10.01,5.84,14.59,11.62,5.18,9.67,6.11,25.11,8.51,21.57,10.21
823,4.257484898736022,3,9.97,5.81,14.47,11.53,4.71,9.7,6.13,25.36,8.51,21.09,10.25
824,4.257484898736022,3,10.05,5.79,14.53,11.62,5.23,9.63,6.08,25.36,8.54,20.71,10.25
825,4.257484898736022,3,10.21,5.76,14.47,11.62,5.01,9.74,6.2,25.74,8.71,21.38,10.33
826,4.257484898736022,3,10.17,5.76,14.83,11.58,4.62,9.67,6.13,25.61,8.61,21.67,10.33
827,4.257484898736022,3,10.17,5.74,14.59,11.62,5.1,9.7,6.15,25.61,8.64,20.8,10.25
828,4.257484898736022,3,10.25,5.69,14.77,11.58,4.83,9.78,6.2,25.36,8.64,21.18,10.21
829,4.257484898736022,3,10.05,5.62,14.59,11.53,4.75,9.78,6.11,25.61,8.64,20.71,10.21
830,4.257484898736022,3,10.25,5.64,14.65,11.58,5.07,9.82,6.18,26,8.61,20.99,10.45
831,4.257484898736022,3,10.17,5.62,14.65,11.62,4.42,9.67,6.15,25.61,8.71,20.62,10.21
832,4.257484898736022,3,10.25,5.64,14.83,11.62,5.18,9.78,6.11,25.49,8.64,21.18,10.37
833,4.257484898736022,3,10.21,5.52,14.65,11.58,5.03,9.74,6.13,25.74,8.58,21.18,10.45
834,4.257484898736022,3,10.37,5.62,14.65,11.67,5.18,9.86,6.13,25.36,8.68,21.38,10.21
835,4.257484898736022,3,10.29,5.55,17.88,11.72,5.6,9.78,6.06,25.61,8.95,21.28,10.29
836,4.257484898736022,3,10.29,5.38,18.04,11.62,5.7,9.78,6.01,24.99,8.85,21.38,10.33
837,4.257484898736022,3,10.29,5.43,18.51,11.72,5.44,9.67,6.08,25.74,8.88,21.38,10.37
838,4.257484898736022,3,10.45,5.32,18.19,11.76,5.63,9.82,6.08,25.36,8.95,22.07,10.25
839,4.257484898736022,3,10.37,5.27,18.11,11.72,6.07,9.82,5.96,25.36,9.02,21.97,10.45
840,4.257484898736022,3,10.29,5.22,18.27,11.76,5.6,9.7,6.03,25.61,9.02,20.62,10.41
841,4.942929912481451,3,10.29,5.2,17.96,11.76,5.92,9.7,5.94,25.61,9.1,23.45,10.45
842,4.942929912481451,3,10.37,5.02,17.88,11.62,5.99,9.74,5.91,26,9.13,21.87,10.33
843,4.942929912481451,3,10.13,5.02,17.58,11.86,5.99,9.7,5.98,25.74,9.2,21.28,10.37
844,4.942929912481451,3,10.37,5.05,17,11.81,6.09,9.74,5.96,25.36,9.43,21.38,10.45
845,4.942929912481451,3,10.41,4.85,17.07,11.76,5.65,9.67,5.89,25.11,9.2,21.28,10.25
846,4.942929912481451,3,10.25,4.81,16.93,11.72,5.51,9.59,5.91,25.11,9.28,21.38,10.21
847,4.942929912481451,3,10.41,4.74,16.93,11.76,5.72,9.74,5.89,25.11,9.2,21.57,10.17
848,4.942929912481451,3,10.37,4.72,16.44,11.67,5.63,9.74,5.89,25.36,9.39,22.59,10.37
849,4.942929912481451,3,10.45,4.83,17.36,11.95,4.92,9.82,5.98,26,9.69,21.57,10.41
850,4.942929912481451,3,10.53,4.7,14.83,11.86,5.1,9.82,5.96,25.61,9.39,21.77,10.41
851,4.942929912481451,3,10.49,4.66,14.65,11.76,5.34,9.82,5.98,25.36,9.35,22.07,10.41
852,4.942929912481451,3,10.33,4.53,14.65,11.72,5.58,9.59,5.84,25.24,9.35,20.99,10.33
853,4.942929912481451,3,10.33,4.58,14.71,11.81,5.75,9.7,5.96,25.74,9.35,21.67,10.29
854,4.942929912481451,3,10.09,4.47,14.65,11.72,5.51,9.63,5.89,25.36,9.35,20.99,10.29
855,4.942929912481451,3,10.33,4.47,14.65,11.67,5.53,9.67,5.91,25.24,9.2,21.38,10.37
856,4.942929912481451,3,10.37,4.35,14.65,11.58,5.97,9.7,5.91,25.49,9.24,22.07,10.29
857,4.942929912481451,3,10.21,4.31,14.53,11.72,4.4,9.55,5.91,25.61,9.28,21.18,10.21
858,4.942929912481451,3,10.29,4.29,14.59,11.72,5.21,9.7,5.94,25.36,9.31,22.17,10.25
859,4.942929912481451,3,10.29,4.19,14.59,11.62,5.55,9.63,5.91,25.36,9.24,21.47,10.37
860,4.942929912481451,3,10.21,4.15,14.53,11.67,4.88,9.67,5.89,25.36,9.28,23.45,10.21
861,4.942929912481451,3,10.05,4.09,14.53,11.67,4.77,9.55,5.84,25.61,9.35,21.47,10.25
862,4.942929912481451,3,10.17,4.02,14.83,11.76,5.23,9.63,5.87,25.36,9.39,23.12,10.29
863,4.942929912481451,3,10.17,4,14.59,11.67,5.18,9.7,5.89,25.36,9.35,20.8,10.21
864,4.942929912481451,3,10.53,4,14.95,11.95,5.39,9.86,5.96,25.74,9.61,21.28,10.37
865,4.942929912481451,3,10.21,3.79,14.77,11.67,5.25,9.59,5.75,25.36,9.5,22.48,10.13
866,4.942929912481451,3,10.25,3.75,14.59,11.53,4.6,9.67,5.82,25.61,9.39,21.97,10.21
867,4.942929912481451,3,10.25,3.68,14.71,11.67,5.32,9.55,5.82,25.36,9.43,20.99,10.13
868,4.942929912481451,3,10.49,3.68,14.53,11.58,5.03,9.59,5.84,25.49,9.35,20.71,10.13
869,4.942929912481451,3,10.37,3.64,14.71,11.62,5.53,9.52,5.8,25.36,9.35,21.28,10.09
870,4.942929912481451,3,10.41,3.64,14.71,11.58,4.99,9.55,5.8,25.11,9.24,21.67,10.17
871,4.942929912481451,3,10.25,3.54,14.71,11.67,5.1,9.52,5.8,25.49,9.43,20.07,10.17
872,4.942929912481451,3,10.25,3.57,14.59,11.58,4.85,9.55,5.82,25.49,9.35,20.71,10.25
873,4.942929912481451,3,10.21,3.5,14.53,11.49,5.1,9.48,5.8,25.36,9.35,20.99,10.21
874,4.942929912481451,3,10.05,3.46,14.59,11.49,4.81,9.48,5.82,25.74,9.39,20.8,10.33
875,4.942929912481451,3,10.05,3.45,14.71,11.58,4.81,9.52,5.82,25.74,9.43,20.8,10.33
876,4.942929912481451,3,10.21,3.46,14.71,11.58,4.66,9.48,5.8,25.61,9.39,20.9,10.09
877,4.942929912481451,3,10.29,3.46,14.65,11.58,4.96,9.55,5.8,25.36,9.35,21.28,10.21
878,4.942929912481451,3,9.93,3.41,14.71,11.58,4.96,9.44,5.75,25.36,9.43,21.09,10.21
879,4.942929912481451,3,10.01,3.41,14.65,11.58,4.9,9.44,5.82,25.61,9.46,21.09,10.33
880,4.942929912481451,3,10.01,3.34,14.65,11.62,4.96,9.48,5.84,25.61,9.39,20.99,10.17
881,4.942929912481451,3,9.97,3.39,14.77,11.58,4.79,9.44,5.77,25.24,9.35,20.8,10.29
882,4.942929912481451,3,10.05,3.32,14.71,11.58,5.28,9.52,5.82,25.61,9.46,20.8,10.17
883,4.942929912481451,3,10.13,3.32,14.83,11.53,5.01,9.48,5.77,25.11,9.43,21.18,10.29
884,4.942929912481451,3,9.97,3.31,14.65,11.53,5.1,9.48,5.75,25.49,9.46,21.09,10.29
885,4.942929912481451,3,9.97,3.29,14.53,11.44,5.01,9.48,5.77,25.61,9.54,20.52,10.25
886,4.942929912481451,3,9.97,3.27,14.53,11.58,4.68,9.48,5.73,24.99,9.46,20.71,10.21
887,4.942929912481451,3,10.01,3.27,14.65,11.58,5.1,9.48,5.73,24.99,9.5,20.62,10.21
888,4.942929912481451,3,10.13,3.24,14.59,11.44,5.34,9.37,5.68,25.11,9.5,20.8,10.17
889,4.942929912481451,3,10.13,3.22,14.53,11.49,5.14,9.41,5.68,25.11,9.58,20.9,10.17
890,4.942929912481451,3,9.93,3.22,14.77,11.58,5.23,9.44,5.68,25.11,9.5,20.8,10.37
891,4.942929912481451,3,10.09,3.24,14.71,11.44,5.14,9.37,5.68,24.99,9.61,20.8,10.13
892,4.942929912481451,3,9.7,3.24,14.65,11.49,5.01,9.48,5.7,24.99,9.61,20.71,10.01
893,4.942929912481451,3,10.05,3.22,14.65,11.58,5.1,9.37,5.66,24.99,9.65,20.62,10.09
894,4.942929912481451,3,10.05,3.2,14.53,11.44,4.81,9.44,5.68,25.49,9.65,19.63,10.09
895,4.942929912481451,3,10.13,3.19,14.53,11.44,5.05,9.48,5.68,25.49,9.65,20.34,10.13
896,4.942929912481451,3,10.01,3.14,14.47,11.44,4.81,9.48,5.68,25.74,9.58,20.34,10.25
897,4.942929912481451,3,10.01,3.17,14.53,11.39,5.23,9.44,5.61,25.11,9.65,20.62,10.25
898,4.942929912481451,3,9.93,3.15,14.65,11.49,4.62,9.44,5.63,25.36,9.69,20.71,10.13
899,4.942929912481451,3,10.09,3.15,14.47,11.49,4.52,9.41,5.63,25.36,9.77,20.34,10.37
900,4.942929912481451,3,10.09,3.14,14.65,11.53,4.94,9.44,5.59,25.36,9.69,22.07,10.21
901,5.095707786858631,4,9.89,3.14,14.53,11.53,4.94,9.37,5.59,25.61,9.88,20.34,10.09
902,5.095707786858631,4,10.01,3.09,14.59,11.49,5.1,9.37,5.57,25.11,9.77,20.8,10.17
903,5.095707786858631,4,9.89,3.09,14.65,11.53,5.01,9.37,5.54,25.24,9.85,21.18,10.21
904,5.095707786858631,4,9.97,3.12,14.71,11.44,5.12,9.41,5.54,25.11,9.81,20.25,10.21
905,5.095707786858631,4,10.01,3.07,14.71,11.39,5.46,9.37,5.57,25.74,9.88,20.8,10.13
906,5.095707786858631,4,10.01,3.07,14.65,11.58,5.58,9.33,5.54,25.36,9.92,21.57,10.09
907,5.095707786858631,4,10.05,3.04,14.53,11.39,5.05,9.41,5.54,25.24,9.81,21.18,10.21
908,5.095707786858631,4,9.97,3.07,14.65,11.49,4.92,9.41,5.54,25.11,9.81,20.8,10.21
909,5.095707786858631,4,9.82,3.05,14.53,11.44,4.56,9.44,5.57,25.74,9.85,20.71,10.21
910,5.095707786858631,4,9.97,3.07,14.65,11.49,4.16,9.37,5.54,25.49,10.12,20.52,10.33
911,5.095707786858631,4,9.93,3.04,14.65,11.39,4.38,9.41,5.5,24.87,9.88,20.9,10.33
912,5.095707786858631,4,9.89,3.07,14.65,11.44,4.94,9.37,5.52,25.24,9.96,19.55,10.21
913,5.095707786858631,4,9.78,3.02,14.53,11.44,5.05,9.41,5.5,25.11,10.04,20.34,10.21
914,5.095707786858631,4,9.93,3,14.53,11.49,5.28,9.37,5.43,24.63,10,20.25,10.33
915,5.095707786858631,4,9.86,3.02,14.71,11.44,5.51,9.33,5.43,24.63,9.96,20.8,10.37
916,5.095707786858631,4,9.89,3,14.47,11.53,5.44,9.33,5.54,24.63,10.04,20.34,10.25
917,5.095707786858631,4,9.86,3.04,14.71,11.44,4.99,9.33,5.43,24.63,10.04,20.52,10.29
918,5.095707786858631,4,10.01,2.99,14.65,11.53,5.07,9.37,5.41,24.63,10,20.07,10.37
919,5.095707786858631,4,9.86,3.02,14.53,11.44,5.32,9.48,5.45,24.87,10.04,20.71,10.25
920,5.095707786858631,4,9.82,2.97,14.59,11.39,5.01,9.44,5.45,24.87,10.08,21.28,10.29
921,5.095707786858631,4,9.86,2.99,14.59,11.39,4.24,9.3,5.43,25.24,10.16,20.8,10.37
922,5.095707786858631,4,10.13,2.99,14.42,11.44,5.41,9.41,5.43,25.24,10.08,20.62,10.33
923,5.095707786858631,4,9.82,3.02,14.65,11.49,5.16,9.37,5.36,24.87,10.12,20.34,10.41
924,5.095707786858631,4,9.59,2.97,14.53,11.49,4.38,9.26,5.34,24.87,10.2,20.16,10.25
925,5.095707786858631,4,9.86,2.99,14.47,11.39,4.52,9.26,5.34,24.99,10.33,20.07,10.17
926,5.095707786858631,4,9.82,2.95,14.47,11.53,4.24,9.37,5.43,25.11,10.29,20.16,10.33
927,5.095707786858631,4,9.59,2.99,14.53,11.39,4.44,9.33,5.34,24.87,10.2,20.43,10.37
928,5.095707786858631,4,9.89,2.95,14.59,11.44,4.81,9.41,5.32,25.49,10.2,20.07,10.25
929,5.095707786858631,4,9.93,3,14.59,11.58,4.94,9.3,5.36,25.24,10.33,21.47,10.37
930,5.095707786858631,4,9.82,3.02,14.65,11.49,4.88,9.33,5.32,24.87,10.29,20.52,10.33
931,5.095707786858631,4,9.63,2.97,14.65,11.53,5.21,9.3,5.3,25.11,10.37,20.8,10.21
932,5.095707786858631,4,9.89,2.97,14.47,11.44,4.85,9.33,5.32,25.49,10.45,21.09,10.21
933,5.095707786858631,4,9.93,3,14.71,11.49,5.07,9.33,5.28,25.11,10.41,20.8,10.21
934,5.095707786858631,4,9.89,3,14.53,11.53,5.18,9.3,5.32,25.49,10.41,20.07,10.29
935,5.095707786858631,4,9.86,3,14.47,11.49,5.21,9.41,5.26,25.11,10.37,20.8,10.29
936,5.095707786858631,4,9.86,3,14.47,11.53,4.48,9.37,5.23,25.24,10.49,20.62,10.25
937,5.095707786858631,4,9.97,3,14.65,11.49,4.4,9.37,5.23,25.11,10.49,20.34,10.21
938,5.095707786858631,4,9.63,2.97,14.65,11.49,4.62,9.33,5.3,25.36,10.41,20.99,10.21
939,5.095707786858631,4,9.86,3.04,14.59,11.39,4.9,9.37,5.17,24.99,10.54,20.71,10.33
940,5.095707786858631,4,9.82,3.02,14.65,11.49,4.92,9.37,5.19,25.36,10.54,20.99,10.41
941,5.095707786858631,4,9.74,3.02,14.47,11.35,5.51,9.26,5.17,25.36,10.66,20.25,10.29
942,5.095707786858631,4,9.82,3.02,14.65,11.44,5.18,9.33,5.17,25.11,10.54,22.38,10.45
943,5.095707786858631,4,9.82,3,14.53,11.53,5.39,9.26,5.15,25.61,10.75,20.8,10.29
944,5.095707786858631,4,9.86,3.04,14.71,11.58,4.25,9.26,5.17,25.24,10.62,20.71,10.33
945,5.095707786858631,4,9.86,3.02,14.71,11.39,4.31,9.22,5.15,25.24,10.71,20.9,10.45
946,5.095707786858631,4,9.86,3.05,14.59,11.44,4.62,9.3,5.19,25.74,10.75,21.38,10.41
947,5.095707786858631,4,10.01,3.05,14.53,11.35,4.62,9.3,5.15,25.36,10.75,22.38,10.33
948,5.095707786858631,4,9.93,3.02,14.53,11.44,4.42,9.3,5.15,25.36,10.66,20.25,10.25
949,5.095707786858631,4,9.89,3.05,14.65,11.39,4.29,9.3,5.13,25.36,10.71,20.34,10.37
950,5.095707786858631,4,9.82,3.05,14.65,11.49,4.92,9.22,5.09,25.36,10.66,20.62,10.61
951,5.095707786858631,4,9.86,3.05,14.59,11.49,4.38,9.26,5.19,25.74,10.71,20.34,10.37
952,5.095707786858631,4,9.78,3.05,14.53,11.49,4.64,9.19,5.09,25.49,10.84,20.52,10.25
953,5.095707786858631,4,9.86,3.04,14.71,11.39,4.27,9.3,5.11,25.74,10.79,20.8,10.37
954,5.095707786858631,4,9.7,3.04,14.59,11.49,4.24,9.19,5.09,25.49,10.75,20.8,10.17
955,5.095707786858631,4,9.7,3.09,14.65,11.53,4.12,9.19,5.09,25.36,10.88,20.8,10.25
956,5.095707786858631,4,9.89,3.09,14.59,11.53,4.29,9.26,5.06,25.36,10.88,20.9,10.21
957,5.095707786858631,4,9.93,3.09,14.59,11.49,4.22,9.26,5.06,25.49,10.84,20.62,10.37
958,5.095707786858631,4,9.82,3.1,14.47,11.44,4.58,9.22,5.04,25.61,11.19,20.16,10.37
959,5.095707786858631,4,9.74,3.07,14.65,11.49,4.54,9.15,5,25.61,11.15,20.99,10.61
960,5.095707786858631,4,9.86,3.12,14.53,11.44,4.48,9.22,5,25.61,11.15,20.52,10.37
961,5.1317081826527025,4,9.74,3.07,14.47,11.44,4.62,9.22,5,25.74,11.1,20.8,10.21
962,5.1317081826527025,4,9.86,3.07,14.59,11.49,4.44,9.19,4.98,25.61,11.19,20.9,10.33
963,5.1317081826527025,4,9.89,3.07,14.59,11.53,4.31,9.22,4.96,25.49,11.1,20.9,10.21
964,5.1317081826527025,4,9.7,3.12,14.65,11.53,4.42,9.15,4.96,26.26,11.19,20.62,10.57
965,5.1317081826527025,4,9.89,3.07,14.59,11.44,4.73,9.26,4.96,25.61,11.24,20.62,10.17
966,5.1317081826527025,4,9.89,3.1,14.65,11.49,4.44,9.3,4.9,25.24,11.24,20.8,10.17
967,5.1317081826527025,4,9.89,3.09,14.47,11.39,4.42,9.15,4.9,25.74,11.47,20.34,10.21
968,5.1317081826527025,4,9.89,3.1,14.47,11.39,4.4,9.22,4.9,25.24,11.19,20.16,10.25
969,5.1317081826527025,4,9.86,3.07,14.65,11.53,4.35,9.3,4.88,25.61,11.29,20.25,10.25
970,5.1317081826527025,4,9.78,3.05,14.47,11.49,4.58,9.19,4.86,25.61,11.47,20.25,10.17
971,5.1317081826527025,4,9.78,3.12,14.89,11.53,4.06,9.19,4.84,25.49,11.47,20.34,10.29
972,5.1317081826527025,4,9.86,3.09,14.59,11.44,4.25,9.22,4.82,25.11,11.38,21.77,10.41
973,5.1317081826527025,4,9.86,3.09,14.53,11.35,4.18,9.19,4.84,25.24,11.47,20.34,10.33
974,5.1317081826527025,4,9.86,3.09,14.53,11.49,4.66,9.19,4.86,25.24,11.38,20.34,10.29
975,5.1317081826527025,4,9.82,3.09,14.59,11.53,4.81,9.26,4.82,25.24,11.42,20.34,10.33
976,5.1317081826527025,4,9.74,3.05,14.42,11.35,5.03,9.12,4.74,25.11,11.47,20.34,10.25
977,5.1317081826527025,4,9.78,3.05,14.53,11.49,4.85,9.15,4.8,24.99,11.33,20.99,10.37
978,5.1317081826527025,4,9.86,3.09,14.53,11.49,4.85,9.22,4.8,25.24,11.38,20.52,10.33
979,5.1317081826527025,4,9.86,3.05,14.36,11.49,4.92,9.08,4.8,25.36,11.52,20.52,10.33
980,5.1317081826527025,4,9.78,3.05,14.53,11.49,4.79,9.08,4.76,25.24,11.52,20.43,10.29
981,5.1317081826527025,4,9.82,3.05,14.53,11.49,4.4,9.22,4.74,25.36,11.52,21.38,10.29
982,5.1317081826527025,4,9.7,3.04,14.65,11.44,4.12,9.15,4.7,25.11,11.61,20.62,10.33
983,5.1317081826527025,4,9.89,3.05,14.53,11.49,4.27,9.19,4.74,25.74,11.71,19.72,10.29
984,5.1317081826527025,4,9.82,3.07,14.36,11.49,4.83,9.15,4.72,25.49,11.71,20.8,10.29
985,5.1317081826527025,4,9.82,3.09,14.53,11.53,4.54,9.19,4.66,25.49,11.71,22.17,10.33
986,5.1317081826527025,4,9.86,3.04,14.42,11.35,4.33,9.22,4.7,25.74,11.76,21.28,10.25
987,5.1317081826527025,4,9.74,3.07,14.59,11.53,4.58,9.12,4.62,26.13,11.85,20.71,10.33
988,5.1317081826527025,4,9.66,3.07,14.53,11.53,4.66,9.15,4.6,25.61,11.9,20.9,10.41
989,5.1317081826527025,4,9.59,3,14.42,11.49,4.77,9.15,4.6,25.74,12.25,20.34,10.33
990,5.1317081826527025,4,9.63,3,14.53,11.53,4.64,9.22,4.6,25.61,11.85,20.71,10.45
991,5.1317081826527025,4,9.89,3,14.65,11.44,4.79,9.19,4.62,26.13,12,20.8,10.45
992,5.1317081826527025,4,9.74,3.04,14.53,11.44,4.68,9.15,4.6,26.13,12.05,20.62,10.41
993,5.1317081826527025,4,9.63,2.99,14.53,11.44,4.29,9.08,4.54,25.61,12.35,20.8,10.37
994,5.1317081826527025,4,9.63,3.02,14.36,11.49,4.81,9.08,4.52,25.61,12,20.52,10.45
995,5.1317081826527025,4,9.63,2.97,14.53,11.49,4.68,9.08,4.5,26,12,20.62,10.25
996,5.1317081826527025,4,9.74,3.02,14.42,11.44,4.62,9.12,4.5,26.66,12.2,20.71,10.29
997,5.1317081826527025,4,9.7,2.99,14.59,11.53,4.94,9.12,4.52,26.26,12.05,20.52,10.33
998,5.1317081826527025,4,9.82,2.99,14.53,11.58,4.33,9.15,4.48,27.34,12.2,20.25,10.25
999,5.1317081826527025,4,9.78,2.99,14.59,11.49,4.27,9.08,4.44,26.52,12.2,21.57,10.13
1000,5.1317081826527025,4,9.63,2.92,14.59,11.49,4.42,9.15,4.41,26.39,12.1,20.9,10.21
1001,5.1317081826527025,4,9.78,2.95,14.53,11.39,5.03,9.08,4.46,26,12.4,20.71,10.53
1002,5.1317081826527025,4,9.48,2.92,14.47,11.44,4.6,9.15,4.39,25.61,12.3,20.43,10.21
1003,5.1317081826527025,4,9.86,2.94,14.47,11.39,4.54,9.12,4.41,26.26,12.4,20.07,10.37
1004,5.1317081826527025,4,9.66,2.91,14.53,11.49,5.07,9.19,4.39,26,12.35,20.07,10.45
1005,5.1317081826527025,4,9.66,2.87,14.53,11.49,4.6,9.19,4.33,25.49,12.3,20.25,10.21
1006,5.1317081826527025,4,9.93,2.84,14.47,11.44,5.12,9.15,4.33,24.39,12.45,20.52,10.17
1007,5.1317081826527025,4,9.78,2.84,14.53,11.44,5.14,9.15,4.33,24.63,12.3,20.8,10.17
1008,5.1317081826527025,4,9.63,2.84,14.42,11.39,4.14,9.08,4.27,23.92,12.4,20.16,10.17
1009,5.1317081826527025,4,9.86,2.82,14.36,11.39,4.58,9.15,4.29,24.27,12.4,20.52,10.33
1010,5.1317081826527025,4,9.78,2.87,14.53,11.44,4.79,9.12,4.24,24.63,12.3,20.62,10.33
1011,5.1317081826527025,4,9.86,2.82,14.47,11.49,4.6,9.15,4.22,24.99,12.51,19.72,10.33
1012,5.1317081826527025,4,10.01,2.84,14.47,11.35,4.68,9.04,4.22,25.36,12.77,20.25,10.33
1013,5.1317081826527025,4,9.86,2.86,14.53,11.39,4.96,9.08,4.22,25.49,12.61,20.34,10.41
1014,5.1317081826527025,4,9.59,2.81,14.53,11.53,4.5,9.01,4.18,25.36,12.82,20.34,10.33
1015,5.1317081826527025,4,9.86,2.86,14.59,11.53,4.56,9.15,4.16,25.61,12.77,20.62,10.45
1016,5.1317081826527025,4,9.33,2.82,14.59,11.39,4.96,9.15,4.13,25.49,12.93,20.62,10.41
1017,5.1317081826527025,4,9.7,2.86,14.36,11.44,4.56,9.15,4.11,25.74,12.93,20.43,10.29
1018,5.1317081826527025,4,9.93,2.81,14.53,11.49,5.21,9.15,4.09,26.26,13.09,20.34,10.33
1019,5.1317081826527025,4,9.86,2.82,14.59,11.49,4.88,9.15,4.07,25.61,13.04,20.62,10.41
1020,5.1317081826527025,4,9.82,2.82,14.59,11.44,4.81,9.04,4.07,25.61,13.21,20.8,10.29
1021,5.158727049897808,4,9.89,2.84,14.53,11.39,4.4,9.12,4.02,25.36,13.21,20.34,10.37
1022,5.158727049897808,4,9.82,2.79,14.47,11.44,4.75,9.08,4.09,25.49,13.15,20.99,10.29
1023,5.158727049897808,4,9.86,2.81,14.47,11.44,5.1,9.08,3.97,25.74,13.15,22.17,10.33
1024,5.158727049897808,4,9.97,2.81,14.53,11.44,4.44,9.08,3.93,25.61,13.43,21.87,10.33
1025,5.158727049897808,4,9.97,2.82,14.53,11.49,4.42,9.12,3.95,25.74,13.37,20.07,10.45
1026,5.158727049897808,4,9.89,2.84,14.59,11.39,4.75,9.12,3.91,25.74,13.43,20.52,10.37
1027,5.158727049897808,4,9.93,2.86,14.47,11.53,5.01,9.15,3.91,26,13.49,20.71,10.41
1028,5.158727049897808,4,9.86,2.84,14.59,11.53,4.9,9.12,3.9,25.74,13.54,20.52,10.33
1029,5.158727049897808,4,9.86,2.84,14.59,11.35,4.83,9.12,3.84,25.61,13.54,20.34,10.33
1030,5.158727049897808,4,9.86,2.84,14.47,11.49,4.66,9.12,3.86,25.49,13.49,20.34,10.41
1031,5.158727049897808,4,9.74,2.79,14.42,11.44,4.58,9.08,3.81,25.61,13.54,20.52,10.41
1032,5.158727049897808,4,9.89,2.84,14.59,11.44,5.03,9.01,3.78,25.36,13.72,21.18,10.37
1033,5.158727049897808,4,9.78,2.81,14.59,11.53,4.92,9.01,3.79,25.87,13.9,20.16,10.33
1034,5.158727049897808,4,9.66,2.84,14.65,11.49,4.71,9.01,3.76,25.49,13.72,20.43,10.53
1035,5.158727049897808,4,9.63,2.81,14.53,11.39,4.79,9.01,3.74,25.87,13.96,20.25,10.33
1036,5.158727049897808,4,9.7,2.79,14.42,11.39,5.16,9.01,3.74,26,13.84,20.43,10.45
1037,5.158727049897808,4,9.7,2.79,14.42,11.49,4.92,9.08,3.71,25.61,13.9,20.43,10.49
1038,5.158727049897808,4,9.78,2.84,14.53,11.49,4.75,9.01,3.72,26,13.9,20.62,10.53
1039,5.158727049897808,4,9.78,2.81,14.42,11.3,4.99,9.01,3.69,26,13.84,20.71,10.29
1040,5.158727049897808,4,9.7,2.84,14.53,11.35,5.1,9.01,3.66,25.74,13.96,20.62,10.41
1041,5.158727049897808,4,9.7,2.81,14.59,11.49,4.99,9.01,3.62,25.87,14.14,19.63,10.33
1042,5.158727049897808,4,9.78,2.81,14.53,11.3,4.83,9.08,3.62,25.74,14.08,20.16,10.37
1043,5.158727049897808,4,9.74,2.81,14.59,11.49,4.83,8.97,3.61,25.61,14.14,20.25,10.33
1044,5.158727049897808,4,9.89,2.78,15.14,11.35,4.83,9.08,3.59,25.61,14.44,20.71,10.25
1045,5.158727049897808,4,9.66,2.81,15.14,11.39,5.25,9.04,3.64,25.87,14.2,20.16,10.33
1046,5.158727049897808,4,9.74,2.81,15.08,11.49,5.16,9.04,3.57,25.87,14.32,20.99,10.21
1047,5.158727049897808,4,9.82,2.81,14.89,11.39,4.9,9.01,3.54,25.49,14.51,20.43,10.29
1048,5.158727049897808,4,9.66,2.84,15.08,11.49,4.83,8.94,3.62,25.87,14.63,21.38,10.33
1049,5.158727049897808,4,9.82,2.86,14.83,11.39,4.83,8.97,3.52,25.61,14.76,20.16,10.33
1050,5.158727049897808,4,9.93,2.82,14.83,11.35,4.99,9.01,3.54,25.87,14.89,20.34,10.25
1051,5.158727049897808,4,9.82,2.82,14.71,11.44,5.03,8.97,3.49,25.74,14.96,20.34,10.29
1052,5.158727049897808,4,9.78,2.82,14.65,11.35,4.6,9.04,3.46,25.36,14.76,20.52,10.37
1053,5.158727049897808,4,9.82,2.84,14.59,11.44,5.03,9.04,3.48,25.74,14.76,20.16,10.25
1054,5.158727049897808,4,9.78,2.86,14.71,11.44,4.96,9.04,3.46,26,14.89,20.16,10.33
1055,5.158727049897808,4,9.55,2.81,14.83,11.44,4.92,8.97,3.46,25.74,15.15,20.43,10.33
1056,5.158727049897808,4,9.86,2.82,14.53,11.39,5.05,8.97,3.43,25.49,15.15,20.52,10.37
1057,5.158727049897808,4,9.74,2.86,14.65,11.35,5.16,8.94,3.43,25.74,15.15,20.16,10.33
1058,5.158727049897808,4,9.7,2.87,14.59,11.44,5.21,8.97,3.41,25.74,15.22,20.34,10.49
1059,5.158727049897808,4,9.78,2.89,14.65,11.44,4.96,8.97,3.39,25.61,15.15,20.25,10.29
1060,5.158727049897808,4,9.93,2.87,14.65,11.39,4.81,8.97,3.38,25.61,15.49,20.34,10.29
1061,5.158727049897808,4,9.86,2.87,14.65,11.49,4.31,9.01,3.38,25.74,15.42,20.16,10.17
1062,5.158727049897808,4,9.78,2.84,14.53,11.35,4.68,9.01,3.36,25.74,15.42,20.52,10.21
1063,5.158727049897808,4,9.89,2.87,14.59,11.39,5.25,9.04,3.33,25.61,15.63,20.25,10.29
1064,5.158727049897808,4,9.74,2.87,14.53,11.39,5.41,9.04,3.33,24.27,15.84,19.81,10.33
1065,5.158727049897808,4,9.74,2.84,14.71,11.44,4.85,8.97,3.33,23.69,15.84,19.55,10.37
1066,5.158727049897808,4,9.82,2.84,14.53,11.44,5.12,8.97,3.32,24.27,15.84,20.07,10.29
1067,5.158727049897808,4,9.7,2.84,14.53,11.3,5.37,9.01,3.28,23.69,15.7,20.43,10.29
1068,5.158727049897808,4,9.66,2.84,14.53,11.39,5.01,8.9,3.3,24.15,16.05,20.25,10.29
1069,5.158727049897808,4,9.59,2.86,14.65,11.49,4.77,8.94,3.28,23.92,15.98,20.43,10.33
1070,5.158727049897808,4,9.63,2.84,14.53,11.35,4.81,9.12,3.35,24.75,16.12,20.25,10.37
1071,5.158727049897808,4,9.55,2.84,14.71,11.39,4.08,9.22,3.25,24.39,16.05,20.16,10.33
1072,5.158727049897808,4,9.7,2.87,14.71,11.39,4.12,9.12,3.3,24.27,16.2,20.9,10.29
1073,5.158727049897808,4,10.17,2.86,14.59,11.35,5.07,9.15,3.25,24.27,16.27,20.43,10.33
1074,5.158727049897808,4,9.74,2.86,14.71,11.35,5.01,8.97,3.24,24.15,16.42,20.25,10.45
1075,5.158727049897808,4,9.97,2.91,14.65,11.39,5.48,9.04,3.24,24.27,16.64,20.07,10.49
1076,5.158727049897808,4,10.05,2.86,14.59,11.44,5.6,9.08,3.21,24.39,16.49,20.25,10.37
1077,5.158727049897808,4,10.09,2.91,14.59,11.35,5.23,9.04,3.21,24.63,16.57,19.63,10.41
1078,5.158727049897808,4,9.78,2.92,14.53,11.39,5.32,8.97,3.19,24.51,16.64,20.71,10.53
1079,5.158727049897808,4,9.7,2.92,14.59,11.39,5.37,9.04,3.19,24.27,16.72,20.16,10.45
1080,5.158727049897808,4,9.82,2.87,14.59,11.39,5.58,9.01,3.17,24.39,16.79,20.43,10.33
1081,5.184470594125643,4,9.63,2.89,14.71,11.49,5.1,8.94,3.16,23.69,16.95,20.25,10.33
1082,5.184470594125643,4,9.82,2.87,14.65,11.39,5.1,8.9,3.17,24.39,17.18,20.9,10.33
1083,5.184470594125643,4,9.89,2.92,14.71,11.35,5.05,9.01,3.14,24.04,17.34,20.52,10.37
1084,5.184470594125643,4,9.93,2.92,14.71,11.49,5.28,8.9,3.16,24.04,17.5,20.07,10.41
1085,5.184470594125643,4,9.89,2.89,14.71,11.39,5.37,8.9,3.13,23.81,17.58,20.52,10.33
1086,5.184470594125643,4,10.05,2.87,14.59,11.39,5.12,8.94,3.13,23.81,17.67,19.55,10.37
1087,5.184470594125643,4,9.97,2.86,14.71,11.44,5.25,8.97,3.1,23.69,17.5,20.99,10.33
1088,5.184470594125643,4,9.78,2.87,14.59,11.44,5.48,8.87,3.1,24.04,17.91,20.52,10.25
1089,5.184470594125643,4,9.93,2.84,14.53,11.44,5.23,8.9,3.1,23.69,17.91,20.16,10.29
1090,5.184470594125643,4,9.66,2.87,14.71,11.39,5.28,8.9,3.07,23.81,18,19.98,10.33
1091,5.184470594125643,4,9.74,2.89,14.53,11.35,5.28,8.97,3.08,23.92,18.08,20.16,10.37
1092,5.184470594125643,4,10.01,2.87,14.71,11.39,5.18,8.94,3.08,23.81,18,20.43,10.41
1093,5.184470594125643,4,9.89,2.86,14.71,11.49,5.16,8.83,3.04,23.92,18.25,20.34,10.37
1094,5.184470594125643,4,10.13,2.87,14.59,11.3,5.39,8.9,3.07,23.92,18.08,21.18,10.45
1095,5.184470594125643,4,9.78,2.84,14.53,11.35,5.07,8.83,3.02,24.51,18.17,20.34,10.41
1096,5.184470594125643,4,9.74,2.87,14.59,11.3,5.16,8.87,3.02,24.75,18.25,20.16,10.37
1097,5.184470594125643,4,9.7,2.84,14.53,11.3,5.18,8.9,3.02,24.75,18.34,20.43,10.33
1098,5.184470594125643,4,9.66,2.86,14.53,11.39,5.1,8.8,3.02,24.87,18.69,20.34,10.25
1099,5.184470594125643,4,9.78,2.84,14.53,11.3,5.1,8.9,3.01,24.87,18.43,20.16,10.45
1100,5.184470594125643,4,9.78,2.81,14.59,11.35,5.51,8.9,3.02,24.04,18.43,19.21,10.25
1101,5.184470594125643,4,9.89,2.82,14.71,11.44,5.23,8.9,3.02,24.15,18.43,19.98,10.29
1102,5.184470594125643,4,9.82,2.84,14.59,11.39,5.44,8.8,3.02,24.51,18.78,19.98,10.25
1103,5.184470594125643,4,9.55,2.84,14.71,11.39,4.99,8.8,3.01,24.27,19.05,20.62,10.82
1104,5.184470594125643,4,9.78,2.84,14.77,11.35,5.21,8.9,2.99,22.81,18.78,20.34,10.33
1105,5.184470594125643,4,9.89,2.87,14.71,11.35,5.28,8.9,2.98,22.18,18.87,20.52,10.37
1106,5.184470594125643,4,10.05,2.82,14.53,11.35,5.37,8.83,2.99,24.63,19.42,20.62,10.41
1107,5.184470594125643,4,9.93,2.84,14.65,11.39,5.1,8.87,2.98,24.51,19.42,19.98,10.17
1108,5.184470594125643,4,9.86,2.82,14.71,11.3,5.23,8.8,2.99,24.75,19.52,19.21,10.21
1109,5.184470594125643,4,9.78,2.86,14.53,11.26,5.23,8.77,2.96,22.28,19.33,19.98,10.29
1110,5.184470594125643,4,9.59,2.81,14.59,11.39,5.39,8.87,2.99,22.49,19.52,20.71,10.17
1111,5.184470594125643,4,9.82,2.82,14.53,11.35,5.03,8.87,2.99,24.87,19.61,19.81,10.17
1112,5.184470594125643,4,9.74,2.87,14.65,11.44,5.18,8.83,2.99,22.6,19.8,20.71,10.25
1113,5.184470594125643,4,9.82,2.86,14.71,11.44,5.25,8.8,3.01,20.15,20,19.04,10.49
1114,5.184470594125643,4,9.86,2.84,14.53,11.39,5.28,8.87,2.99,22.28,20.09,19.98,10.21
1115,5.184470594125643,4,9.78,2.82,14.59,11.39,5.53,8.87,2.99,21.97,20,19.81,10.21
1116,5.184470594125643,4,10.01,2.86,14.59,11.3,5.14,8.87,2.98,21.87,20.09,20.07,10.33
1117,5.184470594125643,4,9.89,2.84,14.77,11.3,5.25,8.8,2.96,23.03,20.19,19.63,10.33
1118,5.184470594125643,4,10.01,2.87,14.71,11.35,5.28,8.87,2.99,22.49,20.29,20.34,10.37
1119,5.184470594125643,4,9.59,2.86,14.77,11.3,5.48,8.83,2.98,20.7,20.29,20.62,10.33
1120,5.184470594125643,4,9.7,2.81,14.71,11.35,5.14,8.83,2.99,21.87,20.8,19.89,10.29
1121,5.184470594125643,4,9.7,2.82,14.65,11.3,5.48,8.77,2.96,21.57,20.8,20.25,10.29
1122,5.184470594125643,4,9.7,2.81,14.71,11.44,5.3,8.8,2.96,20.99,20.8,19.98,10.33
1123,5.184470594125643,4,9.4,2.81,14.71,11.49,5.28,8.83,2.98,20.61,21.01,20.43,10.21
1124,5.184470594125643,4,9.59,2.84,14.59,11.35,4.92,8.77,2.98,20.99,21.01,19.81,10.37
1125,5.184470594125643,4,9.82,2.81,14.71,11.35,5.1,8.77,2.96,21.97,21.01,20.07,10.45
1126,5.184470594125643,4,9.63,2.81,14.59,11.3,5.14,8.8,2.99,22.7,21.01,20.43,10.37
1127,5.184470594125643,4,9.37,2.86,14.71,11.39,5.32,8.83,2.98,21.47,20.91,20.43,10.41
1128,5.184470594125643,4,9.7,2.81,14.71,11.44,5.41,8.83,2.98,22.6,21.22,19.98,10.33
1129,5.184470594125643,4,9.66,2.81,14.59,11.35,5.23,8.77,2.96,21.97,21.12,20.43,10.37
1130,5.184470594125643,4,9.78,2.84,14.65,11.35,5.12,8.83,2.96,21.67,21.22,20.52,10.41
1131,5.184470594125643,4,9.82,2.82,14.77,11.39,5.28,8.83,2.99,22.08,21.77,20.43,10.37
1132,5.184470594125643,4,9.89,2.82,14.65,11.44,5.32,8.73,2.98,22.28,21.77,20.34,10.33
1133,5.184470594125643,4,9.63,2.84,14.53,11.26,5.51,8.8,2.98,21.87,21.66,20.16,10.41
1134,5.184470594125643,4,9.55,2.79,14.77,11.44,5.16,8.77,2.98,23.14,21.88,20.25,10.37
1135,5.184470594125643,4,9.93,2.81,14.65,11.44,5.25,8.8,2.99,23.25,22.1,19.81,10.41
1136,5.184470594125643,4,9.59,2.81,14.59,11.3,5.3,8.83,2.99,22.49,21.99,20.16,10.45
1137,5.184470594125643,4,9.59,2.86,14.59,11.3,5.39,8.8,3.01,21.97,21.99,20.16,10.33
1138,5.184470594125643,4,9.59,2.84,14.77,11.3,4.96,8.73,2.96,21.77,21.99,20.43,10.37
1139,5.184470594125643,4,9.51,2.86,14.59,11.39,5.51,8.77,2.98,21.87,21.99,20.16,10.33
1140,5.184470594125643,4,9.66,2.81,14.65,11.3,5.18,8.83,2.99,22.18,22.33,19.72,10.29
1141,5.213297919138807,4,9.55,2.86,14.59,11.3,5.28,8.7,2.98,21.97,22.33,20.25,10.41
1142,5.213297919138807,4,9.55,2.86,14.59,11.35,5.18,8.73,2.96,21.77,22.33,20.8,10.49
1143,5.213297919138807,4,9.74,2.84,14.71,11.35,5.51,8.83,2.98,22.18,22.33,19.81,10.33
1144,5.213297919138807,4,9.51,2.84,14.53,11.44,5.6,8.73,2.96,22.18,22.33,19.81,10.21
1145,5.213297919138807,4,9.59,2.81,14.65,11.35,5.03,8.83,2.98,22.49,22.8,19.81,10.29
1146,5.213297919138807,4,9.63,2.81,14.71,11.3,4.35,8.73,2.96,22.81,22.92,20.07,10.33
1147,5.213297919138807,4,9.59,2.82,14.53,11.35,5.14,8.73,2.96,22.18,22.92,20.16,10.33
1148,5.213297919138807,4,9.55,2.81,14.53,11.39,4.77,8.73,2.98,22.92,23.28,19.98,10.29
1149,5.213297919138807,4,9.63,2.82,14.59,11.39,4.99,8.83,2.98,22.28,23.04,19.72,10.25
1150,5.213297919138807,4,9.51,2.82,14.77,11.44,4.27,8.73,2.92,21.97,23.41,20.25,10.25
1151,5.213297919138807,4,9.55,2.81,14.71,11.44,4.66,8.83,2.98,22.28,23.53,19.98,10.17
1152,5.213297919138807,4,9.48,2.81,14.77,11.26,4.14,8.73,2.96,22.08,23.66,19.98,10.17
1153,5.213297919138807,4,9.48,2.82,14.65,11.39,4.27,8.8,2.96,22.39,23.28,19.81,10.13
1154,5.213297919138807,4,9.48,2.82,14.59,11.3,4.79,8.8,2.95,21.97,23.28,20.07,10.17
1155,5.213297919138807,4,9.44,2.86,14.71,11.44,4.85,8.7,2.95,22.08,24.04,19.81,10.21
1156,5.213297919138807,4,9.59,2.86,14.77,11.44,4.94,8.8,2.93,21.77,23.78,19.89,10.29
1157,5.213297919138807,4,9.51,2.82,14.65,11.35,4.96,8.73,2.92,22.08,23.91,19.89,10.29
1158,5.213297919138807,4,9.44,2.81,14.59,11.35,4.85,8.7,2.93,22.18,24.56,19.81,10.33
1159,5.213297919138807,4,9.51,2.82,14.65,11.35,5.05,8.7,2.9,21.97,24.43,19.81,10.61
1160,5.213297919138807,4,9.63,2.84,14.83,11.44,4.92,8.7,2.92,21.97,24.69,20.52,10.21
1161,5.213297919138807,4,9.4,2.84,14.53,11.39,5.12,8.66,2.89,21.77,24.43,20.16,10.37
1162,5.213297919138807,4,9.63,2.84,14.65,11.3,4.96,8.77,2.92,21.87,24.43,20.34,10.41
1163,5.213297919138807,4,9.51,2.82,14.77,11.39,5.12,8.77,2.89,21.97,24.56,20.43,10.41
1164,5.213297919138807,4,9.55,2.86,14.77,11.35,5.12,8.66,2.89,23.14,24.43,20.34,10.41
1165,5.213297919138807,4,9.51,2.84,14.65,11.3,5.46,8.77,2.87,23.58,24.69,20.25,10.37
1166,5.213297919138807,4,9.48,2.84,14.77,11.3,4.88,8.7,2.87,23.03,25.1,20.25,10.37
1167,5.213297919138807,4,9.33,2.82,14.59,11.3,4.62,8.66,2.84,23.25,24.83,20.9,10.33
1168,5.213297919138807,4,9.37,2.82,14.71,11.39,5.25,8.66,2.87,23.47,25.24,20.34,10.25
1169,5.213297919138807,4,9.48,2.82,14.59,11.3,4.94,8.66,2.87,23.36,25.24,20.34,10.21
1170,5.213297919138807,4,9.33,2.82,14.59,11.3,5.34,8.77,2.86,23.58,24.96,20.25,10.29
1171,5.213297919138807,4,9.22,2.81,14.71,11.26,5.14,8.63,2.84,23.47,25.24,20.16,10.33
1172,5.213297919138807,4,9.26,2.84,14.77,11.3,4.9,8.77,2.86,23.92,25.66,20.16,10.29
1173,5.213297919138807,4,9.4,2.82,14.77,11.35,5.23,8.73,2.84,23.58,25.1,19.98,10.25
1174,5.213297919138807,4,9.33,2.81,14.83,11.39,5.37,8.66,2.83,23.58,25.24,19.98,10.29
1175,5.213297919138807,4,9.33,2.81,14.71,11.3,5.18,8.66,2.83,23.47,25.24,20.25,10.29
1176,5.213297919138807,4,9.74,2.86,14.53,11.26,5.53,8.7,2.86,23.92,25.38,19.89,10.33
1177,5.213297919138807,4,9.55,2.82,14.71,11.35,5.18,8.66,2.83,23.36,25.52,20.25,10.45
1178,5.213297919138807,4,9.4,2.81,14.71,11.26,4.99,8.7,2.84,23.69,25.52,20.34,10.41
1179,5.213297919138807,4,9.59,2.86,14.71,11.3,5.12,8.63,2.82,23.25,25.52,19.89,10.49
1180,5.213297919138807,4,9.74,2.81,14.71,11.35,5.44,8.73,2.83,23.14,25.95,20.43,10.25
1181,5.213297919138807,4,9.59,2.81,14.65,11.26,4.48,8.66,2.82,23.47,25.95,20.25,10.37
1182,5.213297919138807,4,9.51,2.81,14.71,11.39,4.24,8.66,2.82,22.39,25.95,20.52,10.29
1183,5.213297919138807,4,9.7,2.81,14.65,11.26,4.52,8.63,2.79,22.81,25.66,20.62,10.37
1184,5.213297919138807,4,9.7,2.81,14.53,11.35,4.08,8.63,2.79,23.25,25.52,20.43,10.37
1185,5.213297919138807,4,9.66,2.84,14.59,11.26,4.42,8.66,2.79,21.57,25.8,21.38,10.33
1186,5.213297919138807,4,9.74,2.82,14.65,11.35,4.75,8.7,2.8,22.7,25.66,20.52,10.21
1187,5.213297919138807,4,9.86,2.91,14.65,11.39,5.18,8.73,2.77,21.97,25.95,20.52,10.29
1188,5.213297919138807,4,9.82,2.86,14.65,11.3,5.23,8.63,2.76,22.6,26.24,20.52,10.33
1189,5.213297919138807,4,9.89,2.81,14.71,11.35,5.39,8.66,2.76,24.75,26.09,20.62,10.25
1190,5.213297919138807,4,10.01,2.82,14.59,11.44,5.05,8.63,2.74,25.24,26.53,21.47,10.33
1191,5.213297919138807,4,9.86,2.81,14.53,11.44,4.62,8.73,2.73,25.24,26.84,20.34,10.17
1192,5.213297919138807,4,9.78,2.84,14.53,11.39,4.4,8.7,2.7,24.87,26.39,20.34,10.25
1193,5.213297919138807,4,9.86,2.84,14.77,11.39,4.5,8.63,2.7,24.63,26.84,20.34,10.17
1194,5.213297919138807,4,9.66,2.86,14.71,11.35,4.31,8.63,2.7,24.27,26.99,20.34,10.17
1195,5.213297919138807,4,9.86,2.86,14.65,11.53,4.22,8.7,2.69,21.87,26.84,20.52,10.25
1196,5.213297919138807,4,9.86,2.82,14.65,11.44,4.79,8.7,2.66,22.28,26.69,20.43,10.17
1197,5.213297919138807,4,9.82,2.81,14.65,11.3,4.24,8.63,2.64,22.08,26.69,20.34,10.17
1198,5.213297919138807,4,9.7,2.82,14.71,11.39,4.04,8.63,2.62,22.28,26.84,20.07,10.25
1199,5.213297919138807,4,9.55,2.82,14.71,11.26,4.33,8.66,2.66,21.67,27.3,20.52,10.25
1200,5.213297919138807,4,9.22,2.81,14.65,11.3,4.02,8.6,2.62,21.37,27.14,20.07,10.25
1201,5.2269148542287835,4,9.37,2.82,14.65,11.39,4.4,8.7,2.6,21.97,26.69,19.55,10.25
1202,5.2269148542287835,4,9.44,2.81,14.65,11.26,4.81,8.63,2.6,23.69,27.14,19.89,10.17
1203,5.2269148542287835,4,9.48,2.84,14.59,11.39,4.27,8.73,2.63,22.7,26.99,19.21,10.29
1204,5.2269148542287835,4,9.44,2.79,14.53,11.35,4.5,8.66,2.6,21.67,26.99,20.16,10.21
1205,5.2269148542287835,4,9.48,2.86,14.65,11.35,4.29,8.63,2.59,23.47,26.84,20.25,10.25
1206,5.2269148542287835,4,9.44,2.81,14.53,11.39,4.58,8.6,2.57,23.47,26.53,19.89,10.21
1207,5.2269148542287835,4,9.48,2.81,14.59,11.3,4.52,8.63,2.59,24.04,27.46,19.72,10.17
1208,5.2269148542287835,4,9.44,2.81,14.71,11.39,4.62,8.56,2.57,24.27,27.62,19.72,10.13
1209,5.2269148542287835,4,9.4,2.79,14.71,11.39,5.12,8.56,2.56,24.15,27.62,20.07,10.13
1210,5.2269148542287835,4,9.37,2.79,14.53,11.26,4.85,8.56,2.55,24.04,27.46,20.25,10.17
1211,5.2269148542287835,4,9.44,2.84,14.59,11.26,4.96,8.6,2.55,23.81,27.46,19.37,10.21
1212,5.2269148542287835,4,9.44,2.79,14.53,11.26,5.32,8.56,2.56,24.63,27.62,20.16,10.13
1213,5.2269148542287835,4,9.37,2.82,14.53,11.35,5.05,8.63,2.55,24.27,27.78,19.37,10.17
1214,5.2269148542287835,4,9.33,2.82,14.71,11.26,4.94,8.53,2.53,23.69,27.94,20.07,10.05
1215,5.2269148542287835,4,9.37,2.82,14.53,11.26,5.14,8.63,2.55,24.27,28.1,19.55,10.05
1216,5.2269148542287835,4,9.37,2.82,14.59,11.35,5.37,8.6,2.55,22.7,27.62,19.89,10.13
1217,5.2269148542287835,4,9.37,2.82,14.59,11.22,5.44,8.53,2.52,22.39,27.78,20.16,10.25
1218,5.2269148542287835,4,9.37,2.78,14.71,11.35,5.01,8.56,2.53,22.18,28.43,19.72,10.09
1219,5.2269148542287835,4,9.7,2.86,14.53,11.35,5.39,8.63,2.53,22.08,27.62,19.81,10.21
1220,5.2269148542287835,4,9.48,2.79,14.71,11.26,5.39,8.6,2.53,22.28,28.43,19.46,10.17
1221,5.2269148542287835,4,9.59,2.78,14.65,11.35,5.12,8.6,2.53,22.28,28.43,19.72,10.13
1222,5.2269148542287835,4,9.44,2.84,14.71,11.35,5.16,8.63,2.52,22.08,27.94,21.87,10.21
1223,5.2269148542287835,4,9.66,2.78,14.71,11.35,5.32,8.63,2.53,21.67,28.43,19.81,10.17
1224,5.2269148542287835,4,9.4,2.82,14.65,11.22,5.48,8.56,2.52,21.57,28.43,19.72,10.05
1225,5.2269148542287835,4,9.55,2.76,14.53,11.26,5.39,8.63,2.53,21.57,28.27,20.07,10.09
1226,5.2269148542287835,4,9.51,2.78,14.59,11.3,5.14,8.53,2.51,21.57,27.94,20.07,10.09
1227,5.2269148542287835,4,9.33,2.78,14.71,11.26,5.46,8.56,2.51,22.08,27.94,20.25,10.17
1228,5.2269148542287835,4,9.48,2.81,14.53,11.26,5.16,8.53,2.51,21.87,27.94,19.63,10.13
1229,5.2269148542287835,4,9.51,2.82,14.65,11.39,5.65,8.53,2.53,21.18,28.27,19.81,10.13
1230,5.2269148542287835,4,9.7,2.84,14.71,11.26,5.48,8.6,2.55,21.87,28.77,19.89,10.13
1231,5.2269148542287835,4,9.59,2.81,14.71,11.39,5.14,8.53,2.55,23.58,28.77,19.98,10.13
1232,5.2269148542287835,4,9.63,2.79,14.65,11.39,5.44,8.6,2.55,22.18,29.11,19.12,10.17
1233,5.2269148542287835,4,9.44,2.81,14.59,11.3,5.34,8.53,2.52,21.57,28.27,20.07,10.25
1234,5.2269148542287835,4,9.48,2.81,14.65,11.39,5.32,8.53,2.53,22.28,28.6,20.25,10.21
1235,5.2269148542287835,4,9.55,2.86,14.65,11.35,5.46,8.53,2.55,22.28,28.27,20.16,10.21
1236,5.2269148542287835,4,9.4,2.82,14.59,11.35,5.7,8.49,2.56,21.47,28.6,19.89,10.17
1237,5.2269148542287835,4,9.82,2.81,14.71,11.26,5.75,8.56,2.56,21.87,28.77,20.07,10.01
1238,5.2269148542287835,4,9.51,2.81,14.59,11.3,5.46,8.53,2.56,25.74,28.6,19.37,10.09
1239,5.2269148542287835,4,9.63,2.81,14.65,11.35,5.41,8.49,2.56,26.39,28.77,20.25,10.09
1240,5.2269148542287835,4,9.74,2.79,14.65,11.26,5.44,8.6,2.57,26.79,29.11,20.34,10.09
1241,5.2269148542287835,4,9.59,2.82,14.59,11.26,5.44,8.49,2.55,26.39,28.6,20.43,10.13
1242,5.2269148542287835,4,9.7,2.81,14.71,11.39,5.75,8.49,2.56,24.51,29.29,20.25,10.09
1243,5.2269148542287835,4,9.59,2.82,14.65,11.39,5.39,8.53,2.56,24.99,29.46,19.63,10.09
1244,5.2269148542287835,4,9.4,2.79,14.65,11.26,5.18,8.49,2.56,25.87,29.11,19.72,10.13
1245,5.2269148542287835,4,9.78,2.81,14.65,11.44,5.65,8.6,2.57,26.79,29.46,20.16,10.17
1246,5.2269148542287835,4,9.51,2.81,14.47,11.3,5.46,8.53,2.55,26.52,28.77,20.07,10.17
1247,5.2269148542287835,4,9.4,2.84,14.65,11.39,5.84,8.56,2.56,26.79,29.46,20.34,10.09
1248,5.2269148542287835,4,9.44,2.79,14.71,11.49,5.55,8.53,2.55,26.39,28.94,21.18,10.09
1249,5.2269148542287835,4,9.48,2.79,14.53,11.39,5.37,8.56,2.55,26.52,29.11,20.25,10.17
1250,5.2269148542287835,4,9.59,2.79,14.65,11.39,5.75,8.49,2.57,26.79,29.64,19.72,10.09
1251,5.2269148542287835,4,9.51,2.79,14.71,11.3,5.46,8.46,2.56,26.93,29.29,20.07,10.05
1252,5.2269148542287835,4,9.33,2.82,14.53,11.39,5.34,8.46,2.55,26.52,29.11,20.25,10.13
1253,5.2269148542287835,4,9.37,2.81,14.59,11.35,5.46,8.49,2.57,27.2,29.64,20.07,10.13
1254,5.2269148542287835,4,9.4,2.81,14.59,11.35,5.58,8.53,2.57,26.52,29.46,20.07,10.13
1255,5.2269148542287835,4,9.29,2.82,14.53,11.3,5.37,8.53,2.57,26.39,28.94,20.16,10.13
1256,5.2269148542287835,4,9.29,2.81,14.59,11.26,5.77,8.43,2.56,26.26,29.11,19.81,10.13
1257,5.2269148542287835,4,9.37,2.81,14.71,11.3,5.44,8.46,2.56,26.66,29.29,20.16,10.13
1258,5.2269148542287835,4,9.33,2.81,14.71,11.39,5.12,8.43,2.56,25.11,29.29,20.07,10.17
1259,5.2269148542287835,4,9.22,2.82,14.77,11.3,5.37,8.53,2.56,26.39,29.11,19.55,10.17
1260,5.2269148542287835,4,9.15,2.82,14.53,11.3,5.44,8.46,2.56,26.66,29.29,19.29,10.25
1261,5.2316693607181595,4,9.22,2.82,14.71,11.44,5.21,8.49,2.56,26.52,29.29,20.34,10.25
1262,5.2316693607181595,4,9.63,2.82,14.59,11.26,5.72,8.43,2.57,26.52,29.82,20.43,10.21
1263,5.2316693607181595,4,9.51,2.82,14.71,11.39,5.53,8.53,2.57,21.87,30.18,20.07,10.17
1264,5.2316693607181595,4,9.55,2.78,14.71,11.35,5.3,8.46,2.56,21.18,29.64,20.16,10.21
1265,5.2316693607181595,4,9.22,2.78,14.59,11.39,5.23,8.53,2.59,22.92,30.37,19.89,10.13
1266,5.2316693607181595,4,9.33,2.82,14.71,11.26,5.37,8.46,2.56,24.39,29.46,19.98,10.21
1267,5.2316693607181595,4,9.37,2.82,14.65,11.39,5.41,8.53,2.57,23.81,30.18,19.89,10.21
1268,5.2316693607181595,4,9.59,2.81,14.47,11.3,5.55,8.49,2.56,26.66,29.46,20.16,10.21
1269,5.2316693607181595,4,9.44,2.81,14.59,11.3,5.53,8.43,2.56,27.06,30.18,19.81,10.21
1270,5.2316693607181595,4,9.4,2.78,14.59,11.3,5.41,8.43,2.55,26.93,30,19.89,10.17
1271,5.2316693607181595,4,9.63,2.78,14.65,11.39,5.48,8.43,2.56,27.2,30.18,19.55,10.13
1272,5.2316693607181595,4,9.7,2.81,16.93,11.3,5.41,8.43,2.57,27.34,30.18,20.43,10.13
1273,5.2316693607181595,4,9.55,2.82,14.83,11.39,5.51,8.53,2.57,27.62,30.18,19.98,10.25
1274,5.2316693607181595,4,9.55,2.78,14.71,11.44,5.34,8.49,2.55,27.06,29.82,20.99,10.21
1275,5.2316693607181595,4,9.55,2.82,14.77,11.35,4.96,8.43,2.56,27.48,29.82,20.62,10.21
1276,5.2316693607181595,4,9.51,2.79,14.77,11.3,5.1,8.49,2.55,27.34,30,20.07,10.13
1277,5.2316693607181595,4,9.29,2.82,14.83,11.35,4.62,8.49,2.55,27.34,29.64,20.34,10.25
1278,5.2316693607181595,4,9.55,2.84,14.83,11.35,4.27,8.43,2.56,27.48,29.82,20.16,10.25
1279,5.2316693607181595,4,9.4,2.81,14.71,11.3,4.35,8.43,2.53,27.2,30.18,19.98,10.13
1280,5.2316693607181595,4,9.48,2.81,14.83,11.39,4.29,8.46,2.55,27.34,30,20.16,10.21
1281,5.2316693607181595,4,9.48,2.82,14.65,11.35,4.54,8.43,2.53,27.48,30,20.34,10.25
1282,5.2316693607181595,4,9.55,2.82,14.65,11.35,4.1,8.49,2.53,27.48,30.18,19.98,10.25
1283,5.2316693607181595,4,9.63,2.78,13.85,11.3,4.25,8.46,2.56,27.76,30.55,19.98,10.25
1284,5.2316693607181595,4,9.55,2.81,13.96,11.44,4.12,8.53,2.55,27.62,30.55,20.16,10.21
1285,5.2316693607181595,4,9.59,2.84,14.18,11.44,4.46,8.49,2.55,27.62,30.18,19.98,10.21
1286,5.2316693607181595,4,9.55,2.81,14.07,11.39,4.31,8.49,2.53,27.62,30.55,19.98,10.13
1287,5.2316693607181595,4,9.55,2.81,14.13,11.44,4.22,8.39,2.51,27.2,30.55,20.43,10.13
1288,5.2316693607181595,4,9.7,2.81,14.3,11.44,4.54,8.39,2.51,27.06,30.37,21.09,10.21
1289,5.2316693607181595,4,9.63,2.84,14.24,11.39,4.42,8.39,2.53,27.48,30.93,20.07,10.17
1290,5.2316693607181595,4,9.29,2.82,14.42,11.3,4.35,8.39,2.51,27.34,30.37,20.16,10.37
1291,5.2316693607181595,4,9.48,2.78,14.3,11.39,4.33,8.46,2.52,27.48,30.55,20.07,10.13
1292,5.2316693607181595,4,9.4,2.81,14.36,11.26,4.18,8.36,2.49,27.48,30,19.89,10.13
1293,5.2316693607181595,4,9.48,2.81,14.3,11.39,4.24,8.49,2.51,28.05,30.55,20.16,10.05
1294,5.2316693607181595,4,9.44,2.79,14.3,11.35,4.56,8.49,2.51,27.91,30.55,19.98,10.13
1295,5.2316693607181595,4,9.4,2.79,14.3,11.3,4.2,8.39,2.51,27.91,30.74,20.43,10.13
1296,5.2316693607181595,4,9.44,2.86,14.3,11.3,4.56,8.49,2.52,27.91,30.37,20.07,10.13
1297,5.2316693607181595,4,9.4,2.79,14.24,11.44,4.22,8.39,2.49,27.76,30.37,20.43,10.13
1298,5.2316693607181595,4,9.44,2.86,14.18,11.35,4.22,8.46,2.48,27.76,30.37,20.34,10.21
1299,5.2316693607181595,4,9.33,2.82,14.24,11.3,4.88,8.46,2.49,27.91,30.18,19.81,10.09
1300,5.2316693607181595,4,9.4,2.82,14.18,11.35,4.58,8.43,2.49,27.91,30.74,20.8,10.09
1301,5.2316693607181595,4,9.26,2.81,14.24,11.35,4.83,8.36,2.48,28.2,31.12,19.98,10.09
1302,5.2316693607181595,4,9.63,2.81,14.42,11.44,4.9,8.43,2.46,27.91,30.37,20.8,10.13
1303,5.2316693607181595,4,9.55,2.78,14.24,11.3,4.92,8.46,2.45,27.91,30.37,20.34,10.25
1304,5.2316693607181595,4,9.4,2.79,14.47,11.39,5.21,8.43,2.45,28.05,31.32,20.34,10.21
1305,5.2316693607181595,4,9.4,2.84,14.42,11.39,4.73,8.36,2.45,28.05,31.32,20.16,10.25
1306,5.2316693607181595,4,9.26,2.81,14.36,11.3,4.68,8.39,2.46,28.05,31.32,19.98,10.17
1307,5.2316693607181595,4,9.11,2.78,14.42,11.44,4.81,8.39,2.46,28.34,31.32,20.43,10.13
1308,5.2316693607181595,4,9.63,2.86,14.42,11.44,4.83,8.43,2.44,28.05,30.74,19.46,10.25
1309,5.2316693607181595,4,9.78,2.82,14.3,11.35,5.23,8.36,2.45,28.05,31.32,19.98,10.13
1310,5.2316693607181595,4,9.82,2.82,14.36,11.49,5.21,8.39,2.42,27.76,30.37,20.25,10.21
1311,5.2316693607181595,4,9.74,2.82,14.47,11.44,4.6,8.43,2.45,28.49,30.93,20.16,10.29
1312,5.2316693607181595,4,9.59,2.84,14.47,11.35,5.18,8.43,2.44,28.34,31.32,19.81,10.21
1313,5.2316693607181595,4,9.4,2.82,14.47,11.44,4.2,8.36,2.44,28.2,31.32,20.07,10.17
1314,5.2316693607181595,4,9.51,2.84,14.42,11.3,4.29,8.39,2.42,28.05,30.93,20.34,10.29
1315,5.2316693607181595,4,9.63,2.79,14.42,11.35,4.31,8.36,2.42,28.34,31.32,20.25,10.17
1316,5.2316693607181595,4,9.44,2.81,14.47,11.44,4.22,8.36,2.4,28.34,30.93,19.98,10.17
1317,5.2316693607181595,4,9.4,2.81,14.53,11.44,4.24,8.36,2.41,28.64,31.91,20.34,10.13
1318,5.2316693607181595,4,9.37,2.81,14.47,11.39,4.27,8.36,2.4,28.34,31.32,20.43,10.21
1319,5.2316693607181595,4,9.22,2.81,14.59,11.35,4.24,8.39,2.42,28.94,31.71,19.98,10.13
1320,5.2316693607181595,4,9.48,2.81,14.53,11.35,5.01,8.36,2.4,28.64,31.71,19.89,10.17
1321,5.239673136999486,4,9.59,2.81,14.53,11.35,4.81,8.39,2.41,28.64,31.71,20.16,10.21
1322,5.239673136999486,4,9.51,2.81,14.59,11.44,5.03,8.36,2.42,28.64,31.71,19.89,10.17
1323,5.239673136999486,4,9.37,2.81,14.42,11.35,5.05,8.33,2.4,28.49,31.51,20.25,10.21
1324,5.239673136999486,4,9.7,2.81,14.53,11.35,4.66,8.43,2.4,28.49,31.32,20.25,10.21
1325,5.239673136999486,4,9.48,2.81,14.53,11.3,5.12,8.39,2.4,28.49,31.51,20.52,10.17
1326,5.239673136999486,4,9.63,2.79,14.59,11.44,4.66,8.39,2.4,28.2,31.12,20.34,10.21
1327,5.239673136999486,4,9.59,2.86,14.47,11.3,4.75,8.39,2.38,28.05,31.12,20.52,10.21
1328,5.239673136999486,4,9.37,2.81,14.53,11.35,4.79,8.36,2.38,28.34,31.91,20.34,10.21
1329,5.239673136999486,4,8.9,2.78,14.53,11.35,4.83,8.3,2.38,28.34,31.12,20.25,10.17
1330,5.239673136999486,4,8.69,2.82,14.71,11.35,4.81,8.36,2.4,28.64,32.31,20.25,10.25
1331,5.239673136999486,4,9.15,2.82,14.59,11.35,4.62,8.46,2.41,29.1,31.71,20.07,10.29
1332,5.239673136999486,4,8.8,2.81,14.71,11.35,4.14,8.39,2.38,28.49,31.51,20.8,10.25
1333,5.239673136999486,4,8.59,2.84,14.53,11.44,4.6,8.49,2.42,28.79,31.51,19.98,10.29
1334,5.239673136999486,4,9.78,2.89,14.47,11.49,5.41,8.49,2.44,28.34,31.32,20.34,10.33
1335,5.239673136999486,4,9.51,2.84,14.53,11.53,5.12,8.46,2.42,28.79,31.71,19.72,10.29
1336,5.239673136999486,4,9.93,2.91,14.53,11.49,4.71,8.53,2.44,28.79,31.71,20.52,10.45
1337,5.239673136999486,4,9.93,2.89,14.59,11.67,4.77,8.39,2.45,28.64,32.11,20.34,10.29
1338,5.239673136999486,4,9.63,2.91,14.65,11.58,5.14,8.39,2.42,28.2,31.51,19.81,10.41
1339,5.239673136999486,4,10.01,2.89,14.71,11.62,5.03,8.49,2.45,28.79,31.51,20.43,10.37
1340,5.239673136999486,4,10.01,2.94,14.59,11.53,5.41,8.46,2.45,28.49,31.91,20.62,10.49
1341,5.239673136999486,4,9.93,2.91,14.77,11.67,5.25,8.46,2.45,28.49,32.31,20.43,10.37
1342,5.239673136999486,4,10.01,2.91,14.89,11.67,5.32,8.56,2.46,28.64,31.91,20.43,10.41
1343,5.239673136999486,4,9.74,2.91,14.83,11.72,5.18,8.43,2.44,28.49,32.31,20.99,10.45
1344,5.239673136999486,4,9.82,2.95,14.89,11.58,4.99,8.53,2.45,28.94,31.91,20.9,10.49
1345,5.239673136999486,4,9.7,2.99,14.89,11.58,5.16,8.49,2.46,28.49,31.91,20.43,10.57
1346,5.239673136999486,4,9.93,2.92,14.77,11.76,4.83,8.49,2.46,28.79,32.73,20.16,10.45
1347,5.239673136999486,4,9.93,2.95,14.89,11.72,4.99,8.43,2.45,28.49,32.31,19.72,10.53
1348,5.239673136999486,4,9.97,2.89,14.77,11.44,4.64,8.36,2.4,28.34,32.11,20.34,10.41
1349,5.239673136999486,4,9.74,2.86,14.71,11.44,4.5,8.46,2.41,28.79,32.11,20.07,10.33
1350,5.239673136999486,4,9.66,2.89,14.71,11.44,4.6,8.33,2.4,28.34,32.11,21.18,10.41
1351,5.239673136999486,4,9.86,2.87,14.71,11.44,4.68,8.36,2.4,28.2,32.11,20.25,10.33
1352,5.239673136999486,4,10.01,2.87,14.65,11.62,4.68,8.46,2.42,28.2,31.91,20.25,10.41
1353,5.239673136999486,4,9.74,2.89,14.83,11.53,4.96,8.39,2.4,28.2,32.31,19.89,10.37
1354,5.239673136999486,4,10.09,2.95,14.42,11.58,4.99,8.46,2.44,28.64,32.11,20.16,10.45
1355,5.239673136999486,4,9.97,2.89,14.53,11.58,4.9,8.36,2.42,28.05,31.91,20.16,10.33
1356,5.239673136999486,4,10.13,3,14.71,11.72,5.05,8.49,2.48,28.34,31.91,20.62,10.57
1357,5.239673136999486,4,9.86,2.86,14.71,11.44,4.73,8.43,2.41,28.34,32.52,20.16,10.33
1358,5.239673136999486,4,9.97,2.92,14.77,11.53,5.37,8.43,2.45,28.34,32.52,20.71,10.49
1359,5.239673136999486,4,9.82,2.89,14.59,11.53,4.94,8.39,2.41,28.05,31.91,20.62,10.41
1360,5.239673136999486,4,9.7,2.91,14.59,11.53,4.46,8.39,2.4,28.05,32.11,20.52,10.49
1361,5.239673136999486,4,9.48,2.91,14.83,11.58,4.44,8.36,2.4,28.2,32.73,20.43,10.45
1362,5.239673136999486,4,9.7,2.89,14.77,11.67,4.73,8.46,2.44,28.64,32.94,20.25,10.37
1363,5.239673136999486,4,9.86,2.91,14.42,11.62,5.14,8.36,2.41,28.05,32.31,20.16,10.45
1364,5.239673136999486,4,9.51,2.89,14.53,11.62,4.77,8.36,2.4,28.49,32.31,20.99,10.49
1365,5.239673136999486,4,9.33,2.87,14.89,11.58,4.48,8.36,2.38,28.34,31.91,20.43,10.41
1366,5.239673136999486,4,9.37,2.89,14.77,11.53,5.03,8.36,2.42,28.64,32.73,20.71,10.45
1367,5.239673136999486,4,9.4,2.87,14.47,11.49,4.9,8.39,2.4,28.79,32.94,20.16,10.37
1368,5.239673136999486,4,9.48,2.89,14.53,11.49,4.54,8.43,2.38,28.64,32.11,20.43,10.37
1369,5.239673136999486,4,9.37,2.89,14.65,11.49,4.83,8.36,2.4,28.49,32.31,20.62,10.78
1370,5.239673136999486,4,9.08,2.91,14.71,11.58,5.05,8.43,2.41,28.94,32.94,20.34,10.33
1371,5.239673136999486,4,8.83,2.91,14.65,11.44,4.77,8.39,2.38,28.49,32.11,20.34,10.49
1372,5.239673136999486,4,9.01,2.87,14.71,11.53,3.98,8.46,2.41,29.1,32.52,20.16,10.37
1373,5.239673136999486,4,9.08,2.99,14.77,11.67,4.2,8.49,2.51,28.94,32.52,20.52,10.57
1374,5.239673136999486,4,9.7,2.92,14.65,11.44,4.48,8.36,2.42,28.34,32.11,20.43,10.49
1375,5.239673136999486,4,9.59,2.92,14.65,11.58,4.29,8.33,2.4,28.49,32.31,20.52,10.37
1376,5.239673136999486,4,9.74,2.87,14.89,11.53,4.58,8.3,2.4,28.49,31.91,20.16,10.37
1377,5.239673136999486,4,9.63,2.91,14.89,11.49,4.52,8.36,2.38,28.34,31.91,20.43,10.45
1378,5.239673136999486,4,9.7,2.89,14.95,11.35,5.14,8.39,2.41,28.49,31.91,20.43,10.53
1379,5.239673136999486,4,8.83,2.82,15.01,11.3,4.73,8.26,2.37,28.34,32.31,20.34,10.29
1380,5.239673136999486,4,8.83,2.84,14.24,11.49,4.94,8.3,2.4,28.64,32.73,19.98,10.37
1381,5.257494181321206,4,8.87,2.89,14.36,11.39,4.25,8.39,2.41,28.79,32.11,19.46,10.37
1382,5.257494181321206,4,8.97,2.89,14.36,11.49,4.42,8.36,2.42,28.94,32.52,19.98,10.7
1383,5.257494181321206,4,9.01,2.89,14.13,11.53,4.83,8.36,2.41,28.34,32.31,20.07,10.45
1384,5.257494181321206,4,8.97,2.87,14.07,11.49,4.22,8.36,2.42,28.94,32.94,20.16,10.41
1385,5.257494181321206,4,8.97,2.89,13.96,11.62,4.52,8.43,2.42,28.94,32.73,19.98,10.37
1386,5.257494181321206,4,9.01,2.86,13.9,11.53,4.68,8.3,2.4,28.64,32.31,20.34,10.45
1387,5.257494181321206,4,9.11,2.91,13.9,11.49,4.71,8.39,2.41,28.79,32.31,20.43,10.45
1388,5.257494181321206,4,9.08,2.91,13.85,11.44,4.9,8.39,2.42,28.94,32.31,20.34,10.53
1389,5.257494181321206,4,8.9,2.86,13.9,11.44,4.6,8.26,2.4,28.34,32.31,20.07,10.37
1390,5.257494181321206,4,9.26,2.91,14.07,11.44,4.96,8.33,2.42,28.64,32.94,20.34,10.37
1391,5.257494181321206,4,8.9,2.89,14.83,11.53,4.68,8.3,2.41,28.94,33.15,19.72,10.45
1392,5.257494181321206,4,9.33,2.87,14.71,11.49,4.85,8.36,2.42,28.79,32.94,20.43,10.41
1393,5.257494181321206,4,9.11,2.87,14.71,11.49,4.81,8.33,2.41,28.49,32.31,20.16,10.33
1394,5.257494181321206,4,9.11,2.84,14.89,11.3,4.9,8.36,2.41,28.94,32.94,20.07,10.25
1395,5.257494181321206,4,9.15,2.82,14.77,11.44,4.81,8.33,2.41,28.79,32.73,20.25,10.25
1396,5.257494181321206,4,9.01,2.82,14.89,11.44,5.12,8.39,2.42,28.94,32.94,19.89,10.41
1397,5.257494181321206,4,9.01,2.84,14.89,11.39,5.07,8.3,2.4,28.49,32.31,19.98,10.49
1398,5.257494181321206,4,8.97,2.86,14.95,11.44,4.99,8.39,2.42,28.79,32.52,20.07,10.41
1399,5.257494181321206,4,8.94,2.87,14.89,11.44,4.16,8.33,2.42,28.79,32.94,19.89,10.37
1400,5.257494181321206,4,8.94,2.82,14.77,11.44,4.33,8.36,2.42,28.94,32.94,20.25,10.21
1401,5.257494181321206,4,8.97,2.87,14.83,11.3,4.58,8.26,2.42,28.64,32.52,20.16,10.33
1402,5.257494181321206,4,9.01,2.86,14.89,11.39,4.94,8.33,2.42,28.79,32.31,20.16,10.33
1403,5.257494181321206,4,9.33,2.84,14.77,11.3,5.28,8.26,2.4,28.34,31.91,20.16,10.37
1404,5.257494181321206,4,9.29,2.86,14.89,11.35,4.9,8.26,2.42,28.79,32.73,21.67,10.33
1405,5.257494181321206,4,9.18,2.87,14.95,11.44,4.9,8.26,2.42,28.79,32.94,20.07,10.41
1406,5.257494181321206,4,9.11,2.82,15.01,11.3,4.73,8.3,2.4,28.2,32.31,20.25,10.29
1407,5.257494181321206,4,9.44,2.86,14.83,11.44,5.28,8.33,2.42,28.49,32.31,20.07,10.25
1408,5.257494181321206,4,9.33,2.84,14.83,11.44,4.79,8.26,2.41,28.49,32.94,20.62,10.25
1409,5.257494181321206,4,9.4,2.87,14.77,11.49,4.81,8.2,2.41,28.64,32.73,20.16,10.25
1410,5.257494181321206,4,9.22,2.84,14.59,11.44,4.9,8.17,2.4,28.34,32.73,20.25,10.21
1411,5.257494181321206,4,9.48,2.87,14.71,11.53,5.07,8.2,2.37,28.05,32.31,19.89,10.33
1412,5.257494181321206,4,9.48,2.86,14.77,11.49,5.16,8.2,2.4,28.64,32.94,20.43,10.37
1413,5.257494181321206,4,9.7,2.87,14.83,11.49,4.75,8.2,2.38,28.64,32.94,20.52,10.37
1414,5.257494181321206,4,9.66,2.82,14.83,11.49,4.73,8.13,2.36,28.05,32.31,19.89,10.29
1415,5.257494181321206,4,9.63,2.87,14.77,11.58,5.01,8.23,2.38,28.34,32.73,20.43,10.37
1416,5.257494181321206,4,9.22,2.84,14.71,11.49,4.66,8.17,2.36,28.49,32.52,20.34,10.29
1417,5.257494181321206,4,9.63,2.84,14.83,11.49,4.92,8.2,2.36,28.64,32.52,20.52,10.29
1418,5.257494181321206,4,9.7,2.84,14.71,11.58,4.68,8.17,2.37,28.64,33.15,20.43,10.29
1419,5.257494181321206,4,9.4,2.82,14.65,11.58,4.29,8.13,2.36,28.79,32.94,22.07,10.29
1420,5.257494181321206,4,9.51,2.84,14.83,11.53,4.73,8.1,2.34,28.49,32.31,20.34,10.37
1421,5.257494181321206,4,9.48,2.81,14.89,11.58,4.73,8.1,2.33,28.49,32.52,20.25,10.33
1422,5.257494181321206,4,9.63,2.82,14.83,11.44,5.1,8.2,2.36,28.64,32.52,19.72,10.37
1423,5.257494181321206,4,9.55,2.86,14.77,11.49,4.81,8.13,2.36,28.79,33.36,20.62,10.45
1424,5.257494181321206,4,9.55,2.81,14.83,11.53,4.99,8.17,2.34,28.79,32.52,20.8,10.29
1425,5.257494181321206,4,9.66,2.84,14.83,11.44,4.99,8.2,2.36,28.79,32.52,20.9,10.33
1426,5.257494181321206,4,9.82,2.86,14.77,11.58,4.92,8.07,2.33,28.64,32.94,19.63,10.41
1427,5.257494181321206,4,9.66,2.86,14.71,11.58,4.31,8.13,2.33,28.64,32.94,20.52,10.41
1428,5.257494181321206,4,9.86,2.81,14.65,11.58,4.81,8.07,2.32,28.49,32.31,20.62,10.33
1429,5.257494181321206,4,9.78,2.82,14.71,11.58,4.9,8.17,2.33,29.1,33.36,20.25,10.17
1430,5.257494181321206,4,9.33,2.82,14.77,11.49,4.94,8.04,2.32,28.64,32.94,20.62,10.25
1431,5.257494181321206,4,9.59,2.81,14.65,11.53,4.77,8.1,2.3,28.79,32.94,20.07,10.21
1432,5.257494181321206,4,9.89,2.81,14.83,11.49,4.88,8.13,2.34,28.49,32.31,19.63,10.13
1433,5.257494181321206,4,9.7,2.81,14.65,11.53,4.25,8.13,2.33,28.64,32.94,20.34,10.21
1434,5.257494181321206,4,9.63,2.82,14.59,11.53,4.73,8.1,2.32,29.1,33.15,20.52,10.29
1435,5.257494181321206,4,9.74,2.81,14.71,11.49,5.03,8.13,2.3,29.1,33.15,20.25,10.21
1436,5.257494181321206,4,9.78,2.81,14.65,11.58,5.23,8.04,2.32,28.64,32.52,20.34,10.29
1437,5.257494181321206,4,9.82,2.84,14.65,11.53,4.88,8.04,2.32,28.64,32.94,20.52,10.37
1438,5.257494181321206,4,9.4,2.79,14.71,11.44,4.66,8.1,2.32,29.25,33.36,20.16,10.25
1439,5.257494181321206,4,9.74,2.82,13.85,11.53,5.18,8.1,2.32,29.1,33.15,20.62,10.29
1440,5.257494181321206,4,9.63,2.82,14.65,11.49,4.9,8.04,2.3,28.64,32.73,20.99,10.37
1441,5.298932060627791,4,9.4,2.79,14.65,11.53,4.75,8.1,2.3,29.1,33.15,20.62,10.29
1442,5.298932060627791,4,9.59,2.81,14.59,11.35,4.88,7.98,2.29,28.79,32.73,20.16,10.25
1443,5.298932060627791,4,9.22,2.78,14.77,11.35,4.31,8.07,2.3,29.1,33.36,20.16,10.33
1444,5.298932060627791,4,9.51,2.78,14.77,11.35,4.75,8.04,2.28,28.94,32.52,20.16,10.25
1445,5.298932060627791,4,9.51,2.82,14.77,11.35,4.27,8.01,2.28,28.64,32.52,20.07,10.37
1446,5.298932060627791,4,9.29,2.78,14.77,11.44,4.4,7.98,2.28,28.64,32.31,19.98,10.29
1447,5.298932060627791,4,9.29,2.79,14.77,11.3,4.62,8.04,2.29,29.1,33.15,20.71,10.33
1448,5.298932060627791,4,9.44,2.78,14.65,11.53,4.81,7.98,2.28,28.64,32.31,20.16,10.33
1449,5.298932060627791,4,9.22,2.79,14.65,11.35,4.96,8.04,2.3,28.94,32.94,20.34,10.37
1450,5.298932060627791,4,9.51,2.81,14.65,11.44,4.71,7.98,2.29,28.64,32.52,20.43,10.29
1451,5.298932060627791,4,9.51,2.79,14.71,11.3,4.94,7.98,2.28,28.79,32.52,19.98,10.25
1452,5.298932060627791,4,9.48,2.79,14.71,11.3,4.73,7.98,2.27,28.94,32.52,19.63,10.25
1453,5.298932060627791,4,9.44,2.79,13.85,11.44,5.05,8.04,2.28,29.1,32.94,20.25,10.25
1454,5.298932060627791,4,9.66,2.82,13.74,11.44,4.94,7.94,2.29,28.79,32.73,20.43,10.33
1455,5.298932060627791,4,9.37,2.79,14.13,11.39,4.73,7.94,2.28,28.64,32.73,20.16,10.29
1456,5.298932060627791,4,9.37,2.74,14.71,11.26,4.66,8.01,2.28,29.1,33.15,19.29,10.29
1457,5.298932060627791,4,9.4,2.76,14.65,11.39,4.71,7.94,2.25,28.79,32.52,19.29,10.21
1458,5.298932060627791,4,9.51,2.78,14.59,11.3,5.01,7.98,2.3,29.25,33.15,20.43,10.33
1459,5.298932060627791,4,9.26,2.78,14.65,11.44,4.56,7.98,2.28,28.94,32.94,20.16,10.33
1460,5.298932060627791,4,9.74,2.79,14.53,11.39,4.75,7.91,2.27,29.25,33.15,20.16,10.33
1461,5.298932060627791,4,9.74,2.76,14.71,11.3,4.54,7.94,2.28,28.64,32.73,20.25,10.25
1462,5.298932060627791,4,9.66,2.78,14.59,11.39,4.56,7.91,2.24,28.64,32.31,19.98,10.25
1463,5.298932060627791,4,9.59,2.79,14.71,11.39,4.68,7.91,2.27,28.64,32.73,20.43,10.37
1464,5.298932060627791,4,9.44,2.76,14.71,11.3,4.38,7.98,2.28,29.1,32.52,20.07,10.21
1465,5.298932060627791,4,9.26,2.78,14.77,11.3,4.64,7.98,2.28,29.1,32.94,19.98,10.29
1466,5.298932060627791,4,9.66,2.78,14.77,11.35,4.81,7.98,2.28,29.1,32.94,20.07,10.25
1467,5.298932060627791,4,9.51,2.79,14.59,11.49,4.85,7.94,2.29,29.1,33.15,20.43,10.37
1468,5.298932060627791,4,9.33,2.79,14.65,11.35,4.85,7.98,2.29,29.25,33.15,19.81,10.33
1469,5.298932060627791,4,9.33,2.79,14.65,11.39,4.77,7.98,2.29,29.1,33.15,20.62,10.41
1470,5.298932060627791,4,9.59,2.82,14.47,11.39,4.85,7.91,2.25,28.79,32.31,20.25,10.33
1471,5.298932060627791,4,9.37,2.78,14.65,11.53,4.85,7.91,2.27,29.1,32.73,20.25,10.33
1472,5.298932060627791,4,9.33,2.76,14.59,11.35,4.92,7.91,2.28,29.25,33.36,19.81,10.29
1473,5.298932060627791,4,9.66,2.79,14.71,11.49,4.85,7.98,2.28,29.25,33.58,20.16,10.33
1474,5.298932060627791,4,9.51,2.78,14.83,11.44,4.46,7.91,2.27,29.25,33.58,20.34,10.33
1475,5.298932060627791,4,9.44,2.76,14.83,11.44,4.5,7.91,2.27,29.4,33.15,19.98,10.25
1476,5.298932060627791,4,9.44,2.74,14.77,11.58,4.4,7.91,2.27,28.94,32.73,19.98,10.25
1477,5.298932060627791,4,9.82,2.81,14.77,11.81,4.99,7.98,2.28,29.56,33.58,20.52,10.29
1478,5.298932060627791,4,9.66,2.79,14.65,11.95,5.14,7.98,2.29,29.25,33.15,20.25,10.33
1479,5.298932060627791,4,10.05,2.78,14.89,12.1,5.3,7.94,2.3,29.4,33.58,19.98,10.29
1480,5.298932060627791,4,9.93,2.79,14.59,12.19,4.71,7.88,2.28,28.94,32.94,20.34,10.41
1481,5.298932060627791,4,9.86,2.79,14.65,11.9,4.56,7.98,2.29,29.1,32.94,19.98,10.37
1482,5.298932060627791,4,9.74,2.78,14.83,11.86,5.32,8.01,2.29,29.4,33.36,19.98,10.33
1483,5.298932060627791,4,9.55,2.79,14.77,11.9,5.23,7.98,2.27,29.4,33.36,19.98,10.33
1484,5.298932060627791,4,9.55,2.74,14.83,11.81,5.07,7.94,2.28,29.1,32.73,19.81,10.25
1485,5.298932060627791,4,9.86,2.78,14.65,11.95,5.16,7.91,2.27,28.79,32.73,19.72,10.29
1486,5.298932060627791,4,9.89,2.79,14.65,11.95,5.16,7.88,2.29,28.94,33.36,20.43,10.29
1487,5.298932060627791,4,9.78,2.74,14.53,11.9,5.25,7.94,2.3,29.25,33.36,19.89,10.25
1488,5.298932060627791,4,9.82,2.74,14.83,11.67,4.88,7.98,2.28,29.4,32.73,19.46,10.25
1489,5.298932060627791,4,9.55,2.76,14.89,11.53,4.88,7.88,2.28,28.79,32.73,19.81,10.33
1490,5.298932060627791,4,9.59,2.74,14.89,11.49,4.92,8.01,2.29,29.4,33.58,19.98,10.25
1491,5.298932060627791,4,9.78,2.74,14.71,11.62,4.99,7.98,2.29,28.94,32.52,19.55,10.25
1492,5.298932060627791,4,9.74,2.79,14.89,11.44,4.9,8.01,2.3,29.72,33.15,19.98,10.29
1493,5.298932060627791,4,9.59,2.78,14.83,11.35,5.01,7.94,2.29,29.25,32.52,19.72,10.33
1494,5.298932060627791,4,9.48,2.76,14.71,11.39,4.81,7.98,2.29,29.25,32.73,19.46,10.29
1495,5.298932060627791,4,9.7,2.79,14.83,11.35,4.9,7.94,2.3,29.25,32.52,20.16,10.25
1496,5.298932060627791,4,9.59,2.78,14.89,11.39,4.88,7.98,2.32,29.25,32.73,19.89,10.33
1497,5.298932060627791,4,9.74,2.78,14.89,11.26,4.9,8.04,2.33,29.72,33.36,20.9,10.37
1498,5.298932060627791,4,9.63,2.81,14.95,11.3,4.81,8.04,2.36,30.04,33.15,19.63,10.37
1499,5.298932060627791,4,9.7,2.81,14.95,11.35,4.77,7.94,2.34,29.56,33.15,19.72,10.29
1500,5.298932060627791,4,9.7,2.81,14.77,11.3,4.5,7.94,2.33,29.25,32.73,19.46,10.29
1501,5.412588874668555,4,9.66,2.81,14.83,11.39,4.68,8.04,2.36,29.72,33.15,19.72,10.33
1502,5.412588874668555,4,9.7,2.82,13.85,11.3,4.88,7.98,2.34,29.25,32.31,19.04,10.25
1503,5.412588874668555,4,9.66,2.81,13.9,11.44,4.25,8.04,2.37,29.72,32.94,19.37,10.29
1504,5.412588874668555,4,9.7,2.86,13.74,11.58,4.77,8.04,2.37,29.72,33.15,20.52,10.37
1505,5.412588874668555,4,9.89,2.82,13.79,11.76,5.1,8.04,2.38,29.72,32.52,19.89,10.33
1506,5.412588874668555,4,9.86,2.81,13.68,11.81,5.3,8.04,2.36,29.56,32.94,19.89,10.33
1507,5.412588874668555,4,9.86,2.79,13.74,11.58,5.05,8.04,2.37,29.72,33.15,19.98,10.25
1508,5.412588874668555,4,9.44,2.78,13.63,11.9,5.14,7.98,2.36,29.56,32.52,19.46,10.21
1509,5.412588874668555,4,9.89,2.82,13.74,11.81,4.94,7.98,2.37,29.56,32.94,20.07,10.29
1510,5.412588874668555,4,9.78,2.81,17.88,12.1,4.9,8.01,2.37,29.4,32.31,19.72,10.25
1511,5.412588874668555,4,9.63,2.86,18.83,11.86,5.28,7.94,2.36,29.1,32.31,19.72,10.33
1512,5.412588874668555,4,9.59,2.81,19.24,11.86,5.14,7.91,2.37,29.56,32.94,20.07,10.25
1513,5.412588874668555,4,9.59,2.81,19.75,11.58,5.3,7.91,2.34,29.1,32.52,20.07,10.21
1514,5.412588874668555,4,9.51,2.78,19.49,11.67,5.03,7.94,2.34,29.1,32.31,19.37,10.21
1515,5.412588874668555,4,9.7,2.78,19.67,11.58,4.88,7.91,2.33,28.94,32.31,19.55,10.21
1516,5.412588874668555,4,9.74,2.81,18.67,11.58,5.03,7.98,2.37,29.56,32.94,20.07,10.21
1517,5.412588874668555,4,9.82,2.82,18.59,11.53,4.73,7.91,2.37,29.4,32.94,19.72,10.29
1518,5.412588874668555,4,9.78,2.78,19.24,11.58,4.75,7.88,2.34,28.94,32.73,19.81,10.29
1519,5.412588874668555,4,9.55,2.86,17.96,11.72,4.64,7.91,2.36,29.4,33.15,19.63,10.29
1520,5.412588874668555,4,9.59,2.81,18.51,11.67,4.18,7.85,2.34,29.25,32.52,19.81,10.29
1521,5.412588874668555,4,9.89,2.78,17.81,11.58,5.07,7.98,2.36,29.1,32.31,19.81,10.21
1522,5.412588874668555,4,9.4,2.86,17.73,11.81,4.77,7.88,2.34,29.1,32.94,20.07,10.25
1523,5.412588874668555,4,9.86,2.82,18.51,11.86,5.14,7.94,2.34,29.4,32.52,19.63,10.33
1524,5.412588874668555,4,9.55,2.82,18.04,11.67,4.75,7.91,2.34,29.4,33.15,19.63,10.21
1525,5.412588874668555,4,9.74,2.84,19.33,11.72,5.41,7.98,2.36,29.25,32.94,20.16,10.29
1526,5.412588874668555,4,9.78,2.84,19.07,12,4.81,7.94,2.36,29.4,32.73,19.89,10.33
1527,5.412588874668555,4,9.22,2.82,18.67,12.44,4.85,7.88,2.33,29.1,32.31,19.63,10.13
1528,5.412588874668555,4,9.51,2.84,19.84,12.1,5.25,7.98,2.36,29.72,33.15,19.89,10.25
1529,5.412588874668555,4,9.74,2.81,19.33,12.1,5.1,7.94,2.33,29.4,32.31,20.16,10.25
1530,5.412588874668555,4,9.89,2.81,19.58,12.05,5.12,7.94,2.36,29.72,32.94,20.25,10.21
1531,5.412588874668555,4,9.78,2.82,19.49,12.24,5.07,7.94,2.36,29.88,32.94,19.81,10.25
1532,5.412588874668555,4,9.66,2.81,19.93,12.1,5.21,7.94,2.36,30.04,32.94,20.16,10.21
1533,5.412588874668555,4,9.18,2.82,19.93,12.14,5.1,7.88,2.33,29.56,32.52,20.34,10.21
1534,5.412588874668555,4,9.93,2.81,19.67,12.19,5.28,7.85,2.34,29.72,32.73,19.55,10.21
1535,5.412588874668555,4,9.78,2.81,19.41,12.14,5.03,7.94,2.36,29.72,33.15,19.37,10.17
1536,5.412588874668555,4,9.86,2.81,20.28,12,4.99,7.94,2.36,29.72,32.73,19.89,10.29
1537,5.412588874668555,4,9.7,2.79,19.16,11.95,4.9,7.88,2.33,29.25,32.31,19.63,10.21
1538,5.412588874668555,4,9.66,2.86,19.58,11.72,5.18,7.91,2.33,29.25,32.31,19.89,10.29
1539,5.412588874668555,4,9.89,2.86,19.58,11.86,5.05,7.98,2.36,29.72,33.36,19.63,10.21
1540,5.412588874668555,4,9.66,2.81,19.49,12,4.5,7.94,2.36,29.72,33.15,20.07,10.17
1541,5.412588874668555,4,9.55,2.81,18.43,11.95,5.25,7.98,2.36,29.72,33.36,19.81,10.21
1542,5.412588874668555,4,9.15,2.86,18.59,11.81,4.96,7.88,2.34,29.72,33.36,19.29,10.37
1543,5.412588874668555,4,9.74,2.81,19.49,11.72,5.44,7.91,2.33,29.25,32.31,19.98,10.41
1544,5.412588874668555,4,9.93,2.81,19.67,11.76,5.25,7.88,2.33,29.25,32.52,19.81,10.25
1545,5.412588874668555,4,9.97,2.87,20.28,11.81,4.6,7.94,2.36,29.72,33.36,19.55,10.41
1546,5.412588874668555,4,9.44,2.84,20.02,11.81,4.27,7.91,2.34,29.72,33.15,19.46,10.33
1547,5.412588874668555,4,9.66,2.82,19.84,11.81,5.23,7.88,2.34,29.72,33.15,19.81,10.37
1548,5.412588874668555,4,9.89,2.82,19.84,11.9,5.32,7.94,2.34,29.25,32.31,19.81,10.25
1549,5.412588874668555,4,9.82,2.84,20.28,11.76,5.07,7.88,2.32,29.25,32.94,19.29,10.33
1550,5.412588874668555,4,9.97,2.86,20.55,11.76,5.16,7.88,2.32,29.56,32.73,19.72,10.41
1551,5.412588874668555,4,10.05,2.84,20.55,11.76,5.23,7.94,2.33,29.56,32.52,19.72,10.37
1552,5.412588874668555,4,9.66,2.84,19.33,11.67,5.41,7.85,2.32,29.56,32.31,20.16,10.37
1553,5.412588874668555,4,9.86,2.81,18.83,11.62,5.1,7.91,2.32,29.56,32.31,20.25,10.33
1554,5.412588874668555,4,9.74,2.86,19.41,11.81,5.32,7.94,2.33,29.72,33.15,19.98,10.37
1555,5.412588874668555,4,9.86,2.84,19.75,11.86,5.12,7.82,2.33,29.4,32.94,19.81,10.37
1556,5.412588874668555,4,9.74,2.84,20.19,11.86,4.33,7.88,2.33,29.72,33.36,20.9,10.29
1557,5.412588874668555,4,9.93,2.86,20.02,11.81,4.88,7.91,2.33,29.25,32.31,20.07,10.29
1558,5.412588874668555,4,9.82,2.81,20.28,11.81,5.46,7.91,2.33,29.56,32.31,19.89,10.41
1559,5.412588874668555,4,9.82,2.82,19.84,11.67,5.14,7.88,2.3,29.56,32.52,21.67,10.45
1560,5.412588874668555,4,10.01,2.81,20.28,11.86,5.03,7.91,2.32,29.4,32.73,19.81,10.33
1561,5.473782773477036,4,9.74,2.84,20.93,11.67,4.77,7.91,2.29,29.4,32.52,19.72,10.45
1562,5.473782773477036,4,9.78,2.78,21.4,11.76,5.32,7.88,2.33,29.72,33.36,19.55,10.33
1563,5.473782773477036,4,9.66,2.81,21.02,11.76,4.96,7.91,2.32,29.72,33.36,19.46,10.33
1564,5.473782773477036,4,9.86,2.81,20.93,11.76,4.92,7.85,2.29,29.25,32.94,19.55,10.17
1565,5.473782773477036,4,9.63,2.79,20.93,11.62,5.21,7.88,2.32,29.4,33.36,19.63,10.29
1566,5.473782773477036,4,9.37,2.82,20.46,11.67,4.58,7.85,2.29,29.25,32.94,20.8,10.37
1567,5.473782773477036,4,9.29,2.81,20.55,11.53,4.79,7.85,2.32,29.56,33.36,19.63,10.25
1568,5.473782773477036,4,9.66,2.84,20.83,11.49,4.85,7.85,2.29,29.25,32.73,19.89,10.41
1569,5.473782773477036,4,9.48,2.78,20.65,11.44,5.05,7.88,2.3,29.4,32.52,19.55,10.33
1570,5.473782773477036,4,9.37,2.78,21.02,11.58,4.79,7.82,2.32,29.4,32.94,19.37,10.37
1571,5.473782773477036,4,9.4,2.79,20.74,11.53,4.88,7.79,2.3,29.4,33.36,20.16,10.25
1572,5.473782773477036,4,9.37,2.78,20.74,11.62,5.12,7.88,2.32,29.88,33.15,19.55,10.33
1573,5.473782773477036,4,9.59,2.82,20.93,11.67,4.88,7.91,2.33,30.04,32.52,19.81,10.37
1574,5.473782773477036,4,9.37,2.82,20.83,11.67,4.88,7.91,2.32,29.56,32.94,19.37,10.41
1575,5.473782773477036,4,9.44,2.78,20.28,11.72,4.81,7.85,2.33,29.56,33.15,19.46,10.29
1576,5.473782773477036,4,9.29,2.81,20.28,11.9,4.88,7.79,2.29,29.4,32.94,19.55,10.25
1577,5.473782773477036,4,9.4,2.81,20.37,11.81,4.85,7.82,2.32,29.56,32.73,19.46,10.41
1578,5.473782773477036,4,9.4,2.82,19.93,11.72,4.83,7.82,2.3,29.72,33.36,19.98,10.33
1579,5.473782773477036,4,9.59,2.82,19.84,11.76,5.23,7.82,2.29,29.25,32.52,19.63,10.37
1580,5.473782773477036,4,9.89,2.78,19.93,11.62,5.39,7.82,2.32,29.4,32.94,19.37,10.29
1581,5.473782773477036,4,9.51,2.78,19.75,11.72,4.99,7.85,2.32,29.88,33.36,19.37,10.25
1582,5.473782773477036,4,9.7,2.78,19.75,11.86,4.96,7.82,2.32,29.72,33.15,19.63,10.25
1583,5.473782773477036,4,9.63,2.78,19.75,11.9,4.81,7.88,2.32,29.4,32.52,21.09,10.37
1584,5.473782773477036,4,9.29,2.78,19.49,11.9,4.5,7.79,2.29,29.4,32.52,18.47,10.33
1585,5.473782773477036,4,9.44,2.82,19.49,12.1,4.75,7.88,2.3,29.56,32.52,19.46,10.49
1586,5.473782773477036,4,9.22,2.79,19.41,12.14,4.18,7.79,2.3,29.88,33.15,19.29,10.29
1587,5.473782773477036,4,9.48,2.81,19.67,11.95,4.81,7.85,2.29,29.4,32.31,20.07,10.25
1588,5.473782773477036,4,9.82,2.84,20.1,12.39,5.23,7.85,2.32,29.72,33.36,20.16,10.33
1589,5.473782773477036,4,9.22,2.87,20.1,12.1,4.85,7.76,2.29,29.56,32.73,20.25,10.41
1590,5.473782773477036,4,9.78,2.82,19.84,12.05,5.18,7.73,2.32,29.72,32.94,20.43,10.33
1591,5.473782773477036,4,9.89,2.84,19.75,12.05,4.68,7.76,2.3,29.4,33.36,20.07,10.37
1592,5.473782773477036,4,9.59,2.86,20.02,11.9,4.73,7.7,2.3,29.56,32.94,20.16,10.61
1593,5.473782773477036,4,9.66,2.81,19.84,11.95,4.27,7.7,2.29,29.4,32.94,20.25,10.25
1594,5.473782773477036,4,9.74,2.81,19.75,12.05,5.1,7.76,2.28,29.72,33.15,19.98,10.29
1595,5.473782773477036,4,9.59,2.79,19.93,12,4.94,7.76,2.3,29.88,33.36,20.52,10.33
1596,5.473782773477036,4,9.37,2.81,19.75,12.1,4.24,7.76,2.3,29.56,32.94,20.25,10.37
1597,5.473782773477036,4,9.86,2.81,19.84,12.34,5.46,7.76,2.3,29.72,33.36,19.89,10.37
1598,5.473782773477036,4,9.59,2.81,19.93,12.44,4.94,7.7,2.25,29.25,32.52,19.89,10.33
1599,5.473782773477036,4,9.51,2.82,19.93,12.39,4.18,7.67,2.25,29.4,32.52,19.89,10.41
1600,5.473782773477036,4,9.55,2.86,19.84,12.29,4.38,7.76,2.28,29.72,33.36,19.98,10.41
1601,5.473782773477036,4,9.37,2.79,19.84,12.39,4.44,7.67,2.25,29.56,32.73,19.72,10.37
1602,5.473782773477036,4,9.4,2.79,20.02,12.1,4.75,7.73,2.27,29.25,32.73,20.43,10.37
1603,5.473782773477036,4,9.44,2.78,20.1,11.86,5.07,7.73,2.28,29.72,33.36,19.89,10.25
1604,5.473782773477036,4,9.74,2.86,18.91,12.49,5.34,7.73,2.27,29.25,33.15,20.16,10.33
1605,5.473782773477036,4,9.44,2.78,20.83,12.34,4.38,7.7,2.27,29.72,33.36,19.81,10.25
1606,5.473782773477036,4,9.51,2.78,20.46,12.44,4.79,7.7,2.27,29.56,33.36,19.89,10.29
1607,5.473782773477036,4,9.59,2.78,20.46,12.44,4.6,7.64,2.24,29.4,32.73,19.89,10.33
1608,5.473782773477036,4,9.44,2.78,20.74,12.29,5.07,7.64,2.24,29.88,32.73,20.07,10.29
1609,5.473782773477036,4,9.59,2.82,18.83,12.29,4.77,7.7,2.25,29.72,33.15,20.34,10.45
1610,5.473782773477036,4,9.66,2.78,18.51,12.39,4.24,7.64,2.24,29.4,32.73,20.25,10.33
1611,5.473782773477036,4,9.66,2.81,18.51,12.95,4.92,7.67,2.27,29.56,32.73,19.72,10.49
1612,5.473782773477036,4,9.74,2.82,17.81,12.14,5.03,7.64,2.27,29.56,32.73,20.25,10.41
1613,5.473782773477036,4,9.4,2.78,18.27,12.34,5.23,7.67,2.27,29.56,33.15,20.25,9.78
1614,5.473782773477036,4,9.4,2.81,18.11,12.34,5.05,7.67,2.24,29.72,33.15,20.07,10.37
1615,5.473782773477036,4,9.44,2.78,17.66,12.44,4.96,7.7,2.25,30.04,32.73,20.25,10.37
1616,5.473782773477036,4,9.59,2.76,18.19,12.34,5.39,7.64,2.25,29.56,33.15,19.89,10.37
1617,5.473782773477036,4,10.01,2.81,17.21,12.49,5.55,7.67,2.25,30.04,33.15,20.07,10.53
1618,5.473782773477036,4,9.86,2.82,18.83,12.59,5.39,7.64,2.27,29.88,33.36,20.99,10.57
1619,5.473782773477036,4,9.89,2.78,18.59,12.59,5.07,7.67,2.25,30.2,33.15,19.98,10.57
1620,5.473782773477036,4,9.93,2.81,18.43,12.39,5.51,7.67,2.27,30.04,33.36,20.25,10.45
1621,5.5391314075682505,4,9.89,2.78,18.51,12.34,5.1,7.64,2.27,29.56,32.73,20.07,10.37
1622,5.5391314075682505,4,9.66,2.78,18.43,12.59,4.77,7.58,2.25,29.88,33.36,20.07,10.37
1623,5.5391314075682505,4,9.51,2.79,18.35,12.95,5.25,7.64,2.27,29.88,33.36,20.25,10.57
1624,5.5391314075682505,4,9.63,2.81,17.81,12.54,4.99,7.58,2.24,29.88,33.36,20.34,10.61
1625,5.5391314075682505,4,9.4,2.76,17.66,12.79,4.88,7.61,2.24,29.88,32.94,20.25,10.53
1626,5.5391314075682505,4,9.15,2.78,17.43,12.95,5.05,7.61,2.24,29.72,33.15,20.07,10.45
1627,5.5391314075682505,4,9.4,2.78,17.43,13.16,5.01,7.64,2.25,30.2,33.15,19.72,10.37
1628,5.5391314075682505,4,9.59,2.79,18.19,12.34,4.94,7.58,2.24,29.88,32.73,20.16,10.49
1629,5.5391314075682505,4,9.29,2.78,17.36,12.14,5.05,7.58,2.24,29.88,32.94,20.07,10.53
1630,5.5391314075682505,4,9.37,2.79,17.43,11.86,4.66,7.61,2.25,29.56,32.94,20.16,10.49
1631,5.5391314075682505,4,9.37,2.82,19.67,11.9,5.18,7.58,2.24,29.88,32.94,19.98,10.45
1632,5.5391314075682505,4,9.26,2.79,19.93,12,4.5,7.58,2.24,29.56,32.73,21.77,10.45
1633,5.5391314075682505,4,9.51,2.78,20.19,12.05,4.56,7.67,2.27,29.88,33.58,19.46,10.53
1634,5.5391314075682505,4,9.97,2.81,20.02,12.34,5.34,7.58,2.27,29.56,32.73,19.63,10.61
1635,5.5391314075682505,4,9.7,2.78,20.19,12.44,5.01,7.64,2.27,30.04,33.36,19.89,10.41
1636,5.5391314075682505,4,9.55,2.81,20.19,12.29,4.92,7.64,2.27,30.04,33.36,20.07,10.37
1637,5.5391314075682505,4,9.29,2.78,20.19,12.05,5.34,7.64,2.25,30.04,32.73,19.98,10.41
1638,5.5391314075682505,4,9.7,2.78,20.93,11.86,4.96,7.67,2.27,30.2,33.58,19.98,10.45
1639,5.5391314075682505,4,9.66,2.79,21.11,11.95,5.18,7.67,2.25,30.04,32.73,19.89,10.53
1640,5.5391314075682505,4,9.74,2.79,21.31,11.72,5.1,7.64,2.25,30.04,33.15,20.07,10.41
1641,5.5391314075682505,4,9.37,2.81,21.11,11.72,5.34,7.64,2.27,29.72,32.94,19.98,10.41
1642,5.5391314075682505,4,9.93,2.78,21.31,11.62,5.34,7.67,2.25,30.04,33.36,19.72,10.49
1643,5.5391314075682505,4,9.89,2.78,20.83,11.53,5.48,7.58,2.24,29.88,32.94,19.55,10.53
1644,5.5391314075682505,4,10.21,2.78,21.02,11.49,5.01,7.67,2.27,29.88,33.36,19.72,10.37
1645,5.5391314075682505,4,10.05,2.78,21.11,11.44,5.05,7.64,2.27,29.88,33.58,19.81,10.45
1646,5.5391314075682505,4,9.44,2.78,20.1,11.35,4.94,7.64,2.27,30.04,33.36,19.81,10.45
1647,5.5391314075682505,4,9.08,2.79,21.69,11.3,4.92,7.58,2.25,30.04,33.36,20.62,10.49
1648,5.5391314075682505,4,9.33,2.76,21.4,11.08,5.16,7.64,2.27,30.04,33.36,19.72,10.45
1649,5.5391314075682505,4,9.63,2.74,21.11,11.08,4.92,7.58,2.23,29.72,32.73,19.81,10.45
1650,5.5391314075682505,4,9.18,2.76,21.21,11.17,4.75,7.61,2.25,30.04,33.36,19.72,10.49
1651,5.5391314075682505,4,9.44,2.78,21.11,11.08,4.83,7.58,2.24,29.56,32.73,20.07,10.53
1652,5.5391314075682505,4,9.59,2.78,21.11,11.13,4.88,7.58,2.24,29.72,32.52,19.63,10.57
1653,5.5391314075682505,4,9.26,2.74,21.21,10.91,4.77,7.54,2.23,29.56,32.73,19.63,10.53
1654,5.5391314075682505,4,9.11,2.74,21.11,11.04,4.02,7.54,2.24,29.56,32.73,19.98,10.45
1655,5.5391314075682505,4,9.63,2.81,21.31,11,4.25,7.64,2.27,30.2,33.15,18.79,10.53
1656,5.5391314075682505,4,9.4,2.79,21.4,11,4.24,7.64,2.27,30.2,33.58,19.72,10.49
1657,5.5391314075682505,4,9.26,2.78,21.31,10.87,4.33,7.58,2.24,29.88,32.94,19.04,10.45
1658,5.5391314075682505,4,9.29,2.76,21.21,10.82,4.46,7.54,2.24,29.56,32.73,20.16,10.57
1659,5.5391314075682505,4,8.97,2.78,21.11,10.87,4.64,7.58,2.24,29.56,32.52,19.81,10.57
1660,5.5391314075682505,4,9.29,2.78,21.11,10.82,4.96,7.54,2.24,29.56,32.73,19.72,10.45
1661,5.5391314075682505,4,9.11,2.79,21.31,10.82,4.79,7.54,2.24,29.56,32.73,19.72,10.45
1662,5.5391314075682505,4,9.4,2.78,21.21,10.91,5.14,7.61,2.25,30.2,32.73,19.72,10.49
1663,5.5391314075682505,4,9.59,2.74,21.21,10.74,5.05,7.61,2.27,29.88,33.15,19.29,10.49
1664,5.5391314075682505,4,9.51,2.78,21.11,10.74,5.32,7.61,2.24,29.72,32.73,19.55,10.53
1665,5.5391314075682505,4,9.44,2.76,21.31,10.74,5.32,7.64,2.25,29.88,33.58,19.72,10.49
1666,5.5391314075682505,4,9.7,2.78,21.21,10.82,5.32,7.64,2.25,30.04,32.73,19.81,10.61
1667,5.5391314075682505,4,9.48,2.78,21.11,10.7,5.14,7.58,2.25,29.56,32.73,19.81,10.53
1668,5.5391314075682505,4,9.63,2.74,21.21,10.82,5.12,7.61,2.24,29.88,33.36,19.37,10.45
1669,5.5391314075682505,4,9.55,2.74,21.31,10.65,5.28,7.64,2.27,30.04,33.58,18.55,10.45
1670,5.5391314075682505,4,9.4,2.7,21.31,10.57,5.16,7.61,2.24,29.88,33.15,18.87,10.49
1671,5.5391314075682505,4,9.74,2.76,21.31,10.61,5.1,7.61,2.24,29.56,32.73,19.55,10.53
1672,5.5391314075682505,4,9.51,2.73,21.11,10.57,5.01,7.58,2.23,29.56,32.73,19.55,10.45
1673,5.5391314075682505,4,9.48,2.78,21.21,10.74,5.3,7.67,2.25,30.2,32.94,19.81,10.45
1674,5.5391314075682505,4,9.4,2.76,21.21,10.65,4.48,7.64,2.24,29.88,32.73,19.63,10.41
1675,5.5391314075682505,4,9.59,2.74,21.21,10.53,5.01,7.67,2.25,30.36,33.58,18.71,10.45
1676,5.5391314075682505,4,9.26,2.74,21.31,10.45,5.32,7.7,2.25,29.88,32.73,19.04,10.45
1677,5.5391314075682505,4,10.17,2.78,21.21,10.53,5.37,7.73,2.27,30.2,33.58,18.96,10.49
1678,5.5391314075682505,4,9.55,2.79,21.11,10.41,5.34,7.76,2.27,30.36,32.94,18.79,10.45
1679,5.5391314075682505,4,9.86,2.79,21.02,10.41,4.9,7.76,2.25,29.88,32.73,19.04,10.37
1680,5.5391314075682505,4,9.89,2.79,21.21,10.57,4.66,7.67,2.25,29.56,32.73,19.81,10.49
1681,5.6111427069017825,4,9.4,2.82,21.02,10.74,4.88,7.7,2.25,29.88,32.73,19.63,10.41
1682,5.6111427069017825,4,9.44,2.78,20.93,10.74,5.18,7.7,2.27,30.2,33.15,19.89,10.45
1683,5.6111427069017825,4,9.29,2.79,20.74,10.57,4.96,7.7,2.27,30.2,33.36,19.21,10.37
1684,5.6111427069017825,4,9.29,2.78,21.02,10.61,5.07,7.61,2.25,29.56,32.73,19.21,10.41
1685,5.6111427069017825,4,9.48,2.78,20.74,10.7,4.77,7.61,2.27,30.04,33.36,19.89,10.29
1686,5.6111427069017825,4,9.11,2.78,19.58,10.82,4.6,7.64,2.28,29.72,33.58,19.72,10.37
1687,5.6111427069017825,4,9.33,2.79,18.99,10.49,4.79,7.64,2.27,29.56,32.52,18.79,10.49
1688,5.6111427069017825,4,9.33,2.79,19.41,10.61,4.56,7.76,2.27,30.04,32.52,19.46,10.49
1689,5.6111427069017825,4,9.29,2.81,19.33,10.57,5.07,7.76,2.32,29.88,33.36,19.29,10.45
1690,5.6111427069017825,4,9.22,2.78,19.33,10.49,4.73,7.76,2.3,29.4,32.94,19.37,10.41
1691,5.6111427069017825,4,9.44,2.78,19.58,10.49,5.01,7.85,2.34,30.04,32.52,19.37,10.41
1692,5.6111427069017825,4,9.04,2.78,20.28,10.53,4.83,7.79,2.34,29.72,33.36,19.29,10.41
1693,5.6111427069017825,4,9.97,2.78,20.55,10.45,5.1,7.82,2.34,29.25,32.52,19.46,10.49
1694,5.6111427069017825,4,9.08,2.78,20.37,10.41,4.35,7.88,2.36,29.4,32.52,18.55,10.41
1695,5.6111427069017825,4,9.26,2.78,20.46,10.49,4.75,7.88,2.41,29.72,32.52,19.63,10.45
1696,5.6111427069017825,4,9.18,2.82,20.28,10.49,4.81,7.88,2.38,29.56,32.31,19.21,10.53
1697,5.6111427069017825,4,9.26,2.81,20.46,10.41,5.01,7.88,2.4,29.25,32.31,19.81,10.49
1698,5.6111427069017825,4,9.08,2.84,20.46,10.53,5.01,7.88,2.44,29.72,32.94,19.72,10.53
1699,5.6111427069017825,4,8.87,2.82,20.65,10.61,4.77,7.98,2.46,29.72,32.73,20.16,10.49
1700,5.6111427069017825,4,9.4,2.86,20.28,10.49,5.12,7.98,2.45,29.72,32.52,19.81,10.49
1701,5.6111427069017825,4,9.22,2.82,20.37,10.53,5.39,7.91,2.48,29.72,32.94,19.72,10.45
1702,5.6111427069017825,4,9.29,2.82,20.37,10.61,5.32,7.94,2.48,29.72,32.73,19.81,10.45
1703,5.6111427069017825,4,9.04,2.87,20.37,10.49,5.01,7.94,2.49,29.88,33.58,19.81,10.65
1704,5.6111427069017825,4,9.51,2.82,20.37,10.45,5.41,8.01,2.51,29.72,32.52,20.07,10.45
1705,5.6111427069017825,4,9.18,2.86,20.19,10.61,5.44,7.94,2.51,29.4,32.94,20.25,10.45
1706,5.6111427069017825,4,9.08,2.82,20.19,10.57,4.79,8.04,2.53,29.72,32.31,19.81,10.45
1707,5.6111427069017825,4,9.26,2.87,20.55,10.57,4.9,7.98,2.55,30.04,33.15,20.25,10.49
1708,5.6111427069017825,4,9.26,2.87,19.67,10.61,4.83,7.98,2.56,29.72,32.73,20.16,10.41
1709,5.6111427069017825,4,10.13,2.91,19.58,10.57,5.32,8.04,2.56,29.4,32.94,20.25,10.41
1710,5.6111427069017825,4,8.69,2.89,20.28,10.74,4.96,8.04,2.55,29.72,32.31,20.62,10.41
1711,5.6111427069017825,4,9.26,2.84,20.1,10.57,4.64,7.94,2.55,29.72,32.94,20.34,10.33
1712,5.6111427069017825,4,8.97,2.91,19.93,10.91,4.38,8.04,2.55,29.4,32.31,21.38,10.41
1713,5.6111427069017825,4,9.04,2.91,18.83,10.87,4.71,7.94,2.55,29.25,32.73,21.77,10.41
1714,5.6111427069017825,4,8.63,2.91,19.58,10.95,4.42,8.01,2.52,29.56,32.52,21.09,10.37
1715,5.6111427069017825,4,9.01,2.91,19.84,10.91,4.73,7.94,2.51,29.25,32.52,21.38,10.37
1716,5.6111427069017825,4,9.15,2.89,19.75,10.91,4.75,7.88,2.49,29.25,32.31,20.71,10.37
1717,5.6111427069017825,4,9.15,2.89,19.75,10.91,5.21,8.01,2.49,29.25,32.31,20.8,10.41
1718,5.6111427069017825,4,9.04,2.84,19.75,10.91,5.14,7.88,2.49,29.25,32.31,20.8,10.37
1719,5.6111427069017825,4,8.97,2.87,19.84,10.82,4.9,7.98,2.52,29.56,32.94,20.34,10.49
1720,5.6111427069017825,4,9.51,2.91,19.84,10.95,4.83,7.98,2.52,29.56,32.94,21.09,10.45
1721,5.6111427069017825,4,9.18,2.86,20.02,11,4.58,8.01,2.52,29.72,33.15,20.99,10.41
1722,5.6111427069017825,4,9.44,2.86,19.58,11,4.73,7.91,2.48,29.1,32.31,21.18,10.49
1723,5.6111427069017825,4,9.51,2.86,20.02,11,4.85,8.01,2.49,30.04,32.73,21.28,10.53
1724,5.6111427069017825,4,9.51,2.82,19.41,10.87,4.35,7.94,2.49,30.04,33.15,21.18,10.41
1725,5.6111427069017825,4,9.33,2.82,19.41,10.95,4.77,7.91,2.48,29.4,32.31,21.38,10.45
1726,5.6111427069017825,4,8.97,2.84,19.33,10.87,4.88,8.01,2.49,29.88,33.15,20.43,10.41
1727,5.6111427069017825,4,9.48,2.82,19.49,10.82,4.66,7.94,2.48,29.88,32.94,21.28,10.41
1728,5.6111427069017825,4,9.4,2.84,19.33,10.91,4.81,7.94,2.48,29.56,32.31,21.28,10.45
1729,5.6111427069017825,4,9.48,2.87,19.49,10.87,4.79,8.01,2.52,30.04,32.52,21.09,10.45
1730,5.6111427069017825,4,9.63,2.82,19.16,10.87,4.96,8.01,2.48,29.4,32.31,21.47,10.21
1731,5.6111427069017825,4,9.63,2.86,19.33,10.82,5.16,7.94,2.49,29.88,32.94,21.09,10.09
1732,5.6111427069017825,4,9.33,2.82,19.16,10.91,4.88,7.98,2.46,29.72,32.31,21.67,10.33
1733,5.6111427069017825,4,9.59,2.82,19.24,10.82,5.14,7.98,2.48,29.56,32.31,21.38,10.41
1734,5.6111427069017825,4,9.44,2.87,19.24,10.91,5.12,7.98,2.46,29.72,32.52,21.47,10.45
1735,5.6111427069017825,4,9.59,2.86,19.49,10.87,5.14,7.91,2.45,29.72,32.31,21.77,10.45
1736,5.6111427069017825,4,9.66,2.84,18.99,10.95,4.9,8.04,2.46,30.04,32.52,20.52,10.33
1737,5.6111427069017825,4,9.51,2.84,19.16,10.82,4.92,7.91,2.44,29.88,32.73,21.57,10.53
1738,5.6111427069017825,4,9.37,2.79,18.83,10.87,4.83,7.91,2.44,29.56,32.52,21.38,10.37
1739,5.6111427069017825,4,9.18,2.78,19.41,10.87,4.77,7.94,2.42,29.88,32.31,20.9,10.37
1740,5.6111427069017825,4,9.55,2.79,18.99,10.87,5.32,8.01,2.44,30.2,32.31,21.57,10.33
1741,5.636574515923481,4,9.26,2.78,19.07,10.91,4.29,7.98,2.42,30.36,33.15,20.43,10.21
1742,5.636574515923481,4,8.83,2.84,19.41,10.82,4.85,7.98,2.44,30.36,33.15,21.38,10.49
1743,5.636574515923481,4,9.4,2.79,19.33,10.82,5.14,7.91,2.41,29.88,32.73,21.57,10.33
1744,5.636574515923481,4,9.48,2.82,19.16,10.82,4.83,7.88,2.42,30.2,32.94,21.28,10.37
1745,5.636574515923481,4,9.44,2.84,18.99,10.87,4.92,7.91,2.44,30.2,33.15,21.47,10.05
1746,5.636574515923481,4,9.15,2.82,18.99,10.87,4.81,7.88,2.4,29.88,32.52,20.99,10.25
1747,5.636574515923481,4,9.11,2.79,18.99,10.87,4.66,7.98,2.41,30.36,33.15,21.09,10.25
1748,5.636574515923481,4,9.18,2.82,18.99,10.87,4.99,7.98,2.42,30.36,32.94,20.99,10.25
1749,5.636574515923481,4,9.33,2.78,19.24,10.87,4.68,7.94,2.42,30.36,33.15,21.18,10.25
1750,5.636574515923481,4,9.51,2.82,18.83,10.95,5.18,7.94,2.41,30.36,32.52,20.99,10.29
1751,5.636574515923481,4,9.4,2.86,18.11,10.91,5.18,7.85,2.38,29.88,32.31,21.18,10.41
1752,5.636574515923481,4,9.08,2.84,18.51,10.87,4.9,7.85,2.4,30.04,32.94,21.28,10.45
1753,5.636574515923481,4,9.48,2.81,18.99,10.95,4.94,7.88,2.41,30.04,32.73,23.12,10.33
1754,5.636574515923481,4,9.37,2.81,18.99,10.91,4.94,7.85,2.4,30.04,32.52,20.8,10.29
1755,5.636574515923481,4,9.26,2.82,19.33,10.82,4.75,7.82,2.37,29.56,32.31,20.8,10.25
1756,5.636574515923481,4,9.22,2.82,19.41,10.87,5.14,7.91,2.38,30.04,32.11,20.9,10.33
1757,5.636574515923481,4,9.37,2.82,19.67,10.91,4.77,7.88,2.38,29.88,31.91,21.87,10.09
1758,5.636574515923481,4,9.4,2.81,19.41,10.87,4.71,7.85,2.38,30.04,32.11,21.09,10.33
1759,5.636574515923481,4,9.29,2.78,19.67,10.78,4.73,7.79,2.37,29.4,32.31,21.18,10.29
1760,5.636574515923481,4,9.4,2.81,19.67,10.78,4.54,7.79,2.37,29.56,32.11,20.9,10.33
1761,5.636574515923481,4,9.04,2.79,19.84,10.78,4.6,7.79,2.36,29.56,32.31,20.8,10.13
1762,5.636574515923481,4,9.22,2.84,19.84,10.78,4.35,7.76,2.36,29.72,32.31,20.16,10.29
1763,5.636574515923481,4,9.37,2.79,19.84,10.82,4.79,7.76,2.34,29.4,32.31,20.8,10.21
1764,5.636574515923481,4,9.15,2.79,19.67,10.82,4.94,7.82,2.33,29.56,31.71,21.67,10.21
1765,5.636574515923481,4,9.29,2.81,19.93,11,4.66,7.85,2.36,29.88,32.11,20.8,10.25
1766,5.636574515923481,4,8.97,2.78,19.67,10.74,4.25,7.76,2.33,29.56,31.91,20.9,10.29
1767,5.636574515923481,4,9.11,2.81,19.84,10.82,4.16,7.85,2.36,30.04,32.52,20.34,10.13
1768,5.636574515923481,4,9.26,2.82,20.1,10.91,4.5,7.91,2.36,30.36,33.36,20.9,10.29
1769,5.636574515923481,4,9.01,2.79,19.84,10.91,4.73,7.91,2.36,30.53,33.36,20.9,10.21
1770,5.636574515923481,4,9.29,2.78,19.84,10.91,4.88,7.88,2.36,30.2,32.52,20.99,10.17
1771,5.636574515923481,4,9.48,2.78,20.1,10.82,4.96,7.85,2.34,30.2,32.94,20.9,10.25
1772,5.636574515923481,4,9.51,2.82,20.28,10.91,4.73,7.94,2.37,31.03,33.15,21.09,10.21
1773,5.636574515923481,4,9.04,2.82,20.1,10.87,4.58,7.85,2.34,30.36,32.94,20.52,10.41
1774,5.636574515923481,4,9.18,2.84,20.1,10.95,4.94,7.85,2.36,30.69,33.8,21.28,10.37
1775,5.636574515923481,4,9.18,2.82,20.46,10.95,4.85,7.88,2.37,31.03,33.8,20.25,10.41
1776,5.636574515923481,4,9.51,2.78,20.1,10.91,5.37,7.94,2.37,31.03,33.58,20.9,10.41
1777,5.636574515923481,4,9.37,2.82,20.28,10.91,5.32,7.88,2.37,31.03,33.8,21.38,10.41
1778,5.636574515923481,4,9.44,2.82,20.02,11,5.01,7.98,2.36,31.2,33.15,20.52,10.45
1779,5.636574515923481,4,9.11,2.81,20.28,10.95,4.85,7.88,2.33,30.53,33.15,20.99,10.41
1780,5.636574515923481,4,9.29,2.81,20.28,11,5.07,7.91,2.33,31.03,32.94,21.09,10.41
1781,5.636574515923481,4,9.26,2.81,20.02,10.87,5.25,7.98,2.34,30.53,33.15,20.8,10.45
1782,5.636574515923481,4,9.29,2.82,20.19,10.95,4.99,8.01,2.36,31.03,33.8,20.34,10.37
1783,5.636574515923481,4,8.8,2.82,19.84,10.91,4.79,7.94,2.33,30.86,33.36,20.9,10.49
1784,5.636574515923481,4,9.4,2.78,20.02,10.95,4.22,8.01,2.34,31.03,33.36,19.81,10.37
1785,5.636574515923481,4,9.33,2.78,19.33,10.87,5.46,7.85,2.33,30.86,33.36,20.8,10.37
1786,5.636574515923481,4,9.22,2.82,19.84,11,5.07,7.94,2.34,30.69,33.15,20.52,10.41
1787,5.636574515923481,4,9.33,2.81,19.58,10.95,4.99,7.94,2.34,31.03,33.36,20.71,10.29
1788,5.636574515923481,4,9.26,2.79,18.59,10.82,5.01,7.88,2.3,30.86,33.15,20.62,10.25
1789,5.636574515923481,4,9.18,2.78,19.75,10.87,5.28,7.91,2.33,30.86,33.8,20.62,10.25
1790,5.636574515923481,4,9.08,2.78,19.41,10.91,4.92,7.88,2.33,31.03,33.36,20.34,10.29
1791,5.636574515923481,4,9.37,2.79,20.02,10.82,5.37,7.82,2.32,30.53,32.94,20.62,10.33
1792,5.636574515923481,4,9.22,2.82,20.28,10.78,5.1,7.82,2.29,30.36,32.73,20.62,10.41
1793,5.636574515923481,4,9.26,2.81,20.37,10.91,5.34,8.13,2.32,30.69,32.73,20.34,10.37
1794,5.636574515923481,4,9.33,2.81,20.37,10.91,5.05,7.79,2.3,30.36,32.73,20.71,10.45
1795,5.636574515923481,4,9.08,2.82,20.55,10.91,4.94,7.88,2.32,30.86,33.58,22.07,10.33
1796,5.636574515923481,4,8.94,2.81,20.55,10.78,4.79,7.88,2.3,30.53,32.73,20.52,10.41
1797,5.636574515923481,4,8.97,2.82,20.46,10.78,5.05,7.79,2.33,31.03,33.36,20.52,10.41
1798,5.636574515923481,4,9.04,2.79,20.55,10.95,5.1,7.79,2.32,30.86,33.58,20.62,10.33
1799,5.636574515923481,4,9.33,2.79,20.37,10.82,5.21,7.79,2.33,30.53,32.94,20.71,10.41
1800,5.636574515923481,4,9.15,2.78,20.65,11,5.07,7.79,2.32,30.36,33.15,20.62,10.45
1801,5.644984905269979,4,9.26,2.79,20.46,11.08,4.18,7.82,2.34,30.86,33.58,20.52,10.33
1802,5.644984905269979,4,9.01,2.78,20.55,11.04,4.92,7.88,2.33,30.53,33.15,20.34,10.33
1803,5.644984905269979,4,9.11,2.79,20.65,10.91,4.22,7.79,2.32,30.53,33.36,20.71,10.33
1804,5.644984905269979,4,9.29,2.81,19.93,10.95,4.77,7.82,2.34,30.86,33.8,20.43,10.29
1805,5.644984905269979,4,9.15,2.82,19.24,10.82,4.79,7.79,2.32,30.69,33.58,20.62,10.41
1806,5.644984905269979,4,8.94,2.81,20.02,10.91,5.14,7.88,2.32,31.03,33.15,20.34,10.41
1807,5.644984905269979,4,8.97,2.79,20.02,11,4.12,7.85,2.32,30.36,32.94,20.52,10.37
1808,5.644984905269979,4,8.83,2.81,20.1,10.87,4.88,7.82,2.3,30.36,32.73,20.34,10.45
1809,5.644984905269979,4,9.37,2.79,20.46,11,4.88,7.82,2.3,30.53,32.73,20.8,10.41
1810,5.644984905269979,4,9.4,2.82,20.46,11,4.94,7.85,2.32,31.03,33.15,19.98,10.45
1811,5.644984905269979,4,9.15,2.86,20.19,11.04,4.81,7.82,2.3,30.69,32.73,20.62,10.45
1812,5.644984905269979,4,9.08,2.81,20.55,10.95,4.5,7.82,2.3,30.69,33.58,21.09,10.33
1813,5.644984905269979,4,9.11,2.82,20.55,11,4.64,7.85,2.32,30.36,32.94,19.89,10.41
1814,5.644984905269979,4,9.15,2.79,20.37,11,4.71,7.85,2.34,31.03,33.15,20.62,10.33
1815,5.644984905269979,4,9.22,2.79,20.37,10.95,4.9,7.82,2.3,30.69,32.73,20.62,10.33
1816,5.644984905269979,4,9.04,2.82,20.55,11,4.35,7.79,2.32,30.53,32.94,20.52,10.41
1817,5.644984905269979,4,9.15,2.79,20.37,11,4.62,7.88,2.3,30.69,33.15,20.34,10.37
1818,5.644984905269979,4,8.76,2.81,20.37,11.04,4.99,7.79,2.32,30.86,33.58,20.8,10.33
1819,5.644984905269979,4,8.87,2.78,20.55,10.91,4.85,7.91,2.29,30.53,33.15,20.43,10.33
1820,5.644984905269979,4,9.15,2.81,20.55,10.95,4.96,8.01,2.3,30.69,32.94,20.16,10.45
1821,5.644984905269979,4,9.18,2.78,20.55,11.04,4.75,7.88,2.3,30.53,33.58,20.25,10.41
1822,5.644984905269979,4,9.08,2.78,20.55,10.91,4.81,7.94,2.29,30.69,32.94,20.43,10.41
1823,5.644984905269979,4,9.18,2.79,20.65,10.95,4.99,7.85,2.3,30.86,33.58,19.81,10.41
1824,5.644984905269979,4,9.18,2.78,20.37,10.91,5.28,7.94,2.3,30.69,32.73,20.43,10.33
1825,5.644984905269979,4,9.01,2.81,20.65,11,4.85,7.85,2.29,30.86,33.8,19.81,10.41
1826,5.644984905269979,4,8.97,2.76,20.46,10.95,5.1,7.82,2.29,30.53,33.58,19.89,10.33
1827,5.644984905269979,4,8.97,2.81,20.55,10.91,5.23,7.94,2.3,30.86,33.15,20.25,10.41
1828,5.644984905269979,4,9.22,2.78,20.37,11.17,5.23,7.94,2.32,30.86,33.58,20.34,10.45
1829,5.644984905269979,4,8.97,2.81,20.28,11.04,4.48,7.91,2.29,30.86,33.36,20.25,10.45
1830,5.644984905269979,4,8.87,2.84,20.46,11.13,4.27,7.85,2.29,30.69,33.8,20.16,10.53
1831,5.644984905269979,4,9.01,2.79,20.55,11.04,4.42,7.91,2.29,30.36,32.94,19.81,10.57
1832,5.644984905269979,4,8.87,2.78,20.37,11.04,4.18,7.82,2.29,30.2,33.58,19.89,10.45
1833,5.644984905269979,4,8.97,2.82,20.37,11.17,4.08,7.91,2.3,31.03,33.58,20.07,10.49
1834,5.644984905269979,4,9.15,2.78,20.46,10.95,4.06,7.76,2.28,30.36,32.94,19.89,10.45
1835,5.644984905269979,4,8.97,2.79,20.65,11,4.77,7.76,2.29,30.36,32.94,19.81,10.45
1836,5.644984905269979,4,9.08,2.78,20.55,10.95,4.44,7.73,2.28,30.36,32.94,19.81,10.45
1837,5.644984905269979,4,9.11,2.81,20.46,10.95,4.38,7.85,2.3,31.03,33.36,19.72,10.53
1838,5.644984905269979,4,9.11,2.76,20.37,11.08,4.14,7.76,2.3,30.53,33.36,18.63,10.41
1839,5.644984905269979,4,9.26,2.79,20.55,10.95,4.83,7.76,2.28,30.53,33.15,19.04,10.45
1840,5.644984905269979,4,8.59,2.81,20.55,11.08,4.2,7.7,2.28,30.69,33.8,18.96,10.53
1841,5.644984905269979,4,9.01,2.78,20.55,11.13,4.25,7.85,2.29,30.53,32.73,19.55,10.45
1842,5.644984905269979,4,8.9,2.78,20.46,11.13,4.48,7.79,2.29,30.53,33.58,19.55,10.49
1843,5.644984905269979,4,8.8,2.78,20.46,11,4.44,7.82,2.3,31.03,32.94,19.63,10.37
1844,5.644984905269979,4,8.76,2.78,20.65,11.08,4.52,7.85,2.28,30.69,32.73,19.72,10.41
1845,5.644984905269979,4,9.01,2.78,20.65,11.13,4.33,7.79,2.27,30.36,32.73,19.46,10.45
1846,5.644984905269979,4,9.01,2.81,20.65,11.04,4,7.76,2.29,30.86,33.8,19.29,10.53
1847,5.644984905269979,4,8.94,2.79,20.28,11.08,3.91,7.76,2.27,30.36,32.94,19.72,10.45
1848,5.644984905269979,4,8.87,2.76,19.24,10.95,4.38,7.76,2.27,29.88,32.73,19.29,10.41
1849,5.644984905269979,4,9.04,2.76,19.84,11.08,4.68,7.85,2.28,30.69,32.52,19.37,10.45
1850,5.644984905269979,4,8.8,2.79,20.02,11,4.31,7.79,2.27,30.69,32.73,19.29,10.45
1851,5.644984905269979,4,8.94,2.78,18.19,11.13,4.52,7.79,2.28,31.03,33.36,18.55,10.57
1852,5.644984905269979,4,8.73,2.78,19.24,11.13,4.6,7.73,2.27,30.2,33.15,19.63,10.49
1853,5.644984905269979,4,8.8,2.79,19.41,11.08,4.31,7.82,2.3,30.86,33.58,19.29,10.45
1854,5.644984905269979,4,8.63,2.79,20.93,11.26,4.5,7.76,2.28,30.2,33.15,19.29,10.49
1855,5.644984905269979,4,8.97,2.78,20.83,11.39,4.31,7.76,2.28,30.53,33.58,19.21,10.49
1856,5.644984905269979,4,8.9,2.81,21.11,12.24,4.68,7.76,2.28,30.86,33.58,19.63,10.53
1857,5.644984905269979,4,8.8,2.78,21.02,12.54,4.27,7.76,2.28,30.86,33.8,19.37,10.45
1858,5.644984905269979,4,8.97,2.79,20.74,12.69,4.5,7.76,2.27,30.53,33.15,19.46,10.45
1859,5.644984905269979,4,8.97,2.79,20.93,12.74,4.25,7.85,2.28,31.03,33.15,19.46,10.57
1860,5.644984905269979,4,8.8,2.78,20.93,12.74,4.68,7.79,2.28,31.03,33.15,19.72,10.53
1861,5.65997489713184,4,8.8,2.76,20.83,12.64,4.79,7.73,2.27,30.53,33.15,19.55,10.41
1862,5.65997489713184,4,9.04,2.76,20.93,12.79,4.44,7.73,2.27,30.53,32.94,19.37,10.45
1863,5.65997489713184,4,8.76,2.79,20.55,12.74,4.73,7.79,2.28,31.03,33.15,19.12,10.57
1864,5.65997489713184,4,9.15,2.79,20.19,12.85,4.9,7.73,2.25,30.2,33.8,19.21,10.53
1865,5.65997489713184,4,9.04,2.76,19.84,12.64,4.22,7.73,2.25,30.53,32.94,18.87,10.41
1866,5.65997489713184,4,8.94,2.76,19.49,12.54,4.79,7.79,2.25,30.53,33.15,19.46,10.49
1867,5.65997489713184,4,8.9,2.76,19.41,12.54,4.16,7.76,2.27,30.86,33.58,19.37,10.45
1868,5.65997489713184,4,9.08,2.78,20.19,12.39,4.42,7.79,2.27,30.53,32.94,19.72,10.53
1869,5.65997489713184,4,8.94,2.74,20.1,12.79,4.35,7.79,2.25,30.53,33.58,19.46,10.41
1870,5.65997489713184,4,9.04,2.81,19.84,12.79,4.27,7.79,2.28,31.03,33.8,19.29,10.45
1871,5.65997489713184,4,9.08,2.74,19.16,12.85,3.96,7.73,2.27,30.53,32.94,19.81,10.49
1872,5.65997489713184,4,8.83,2.76,19.41,12.79,4.29,7.85,2.25,30.69,32.94,18.87,10.45
1873,5.65997489713184,4,8.73,2.79,19.07,12.74,4.46,7.85,2.27,31.03,33.15,20.43,10.49
1874,5.65997489713184,4,8.56,2.79,20.55,12.69,4.5,7.82,2.25,30.53,32.94,19.63,10.53
1875,5.65997489713184,4,9.08,2.78,20.02,12.74,3.85,7.76,2.25,30.53,33.58,19.89,10.41
1876,5.65997489713184,4,9.04,2.79,20.28,12.79,4.1,7.79,2.24,30.53,33.15,19.04,10.37
1877,5.65997489713184,4,8.97,2.81,20.1,12.9,4.58,7.76,2.27,30.69,33.8,19.04,10.45
1878,5.65997489713184,4,9.04,2.78,20.37,12.85,4.71,7.76,2.27,30.69,33.58,19.21,10.41
1879,5.65997489713184,4,8.73,2.76,20.46,12.95,4.02,7.76,2.24,30.53,32.94,19.37,10.49
1880,5.65997489713184,4,9.26,2.76,20.19,12.9,4.2,7.85,2.27,31.2,33.36,19.04,10.49
1881,5.65997489713184,4,9.08,2.76,20.28,12.85,4.54,7.79,2.27,30.86,33.8,18.71,10.41
1882,5.65997489713184,4,9.04,2.79,20.37,12.9,4.58,7.85,2.25,31.03,33.15,19.04,10.49
1883,5.65997489713184,4,9.04,2.79,19.75,13,4.77,7.76,2.27,31.03,33.8,18.96,10.57
1884,5.65997489713184,4,8.9,2.78,19.84,12.85,4.14,7.76,2.27,31.03,33.8,19.37,10.53
1885,5.65997489713184,4,9.08,2.81,20.46,13,4.73,7.82,2.27,30.69,32.94,18.87,10.57
1886,5.65997489713184,4,9.04,2.74,20.46,13.06,4.48,7.82,2.27,30.86,33.36,20.9,10.49
1887,5.65997489713184,4,9.08,2.76,20.28,12.95,4.5,7.76,2.24,30.36,32.94,19.21,10.57
1888,5.65997489713184,4,9.04,2.79,20.02,12.9,4.38,7.82,2.27,31.03,33.36,19.04,10.57
1889,5.65997489713184,4,8.94,2.73,19.93,12.95,4.68,7.73,2.24,30.53,33.15,18.87,10.45
1890,5.65997489713184,4,8.26,2.74,20.02,12.9,4.12,7.73,2.24,30.53,33.58,19.12,10.53
1891,5.65997489713184,4,8.87,2.74,20.02,12.95,4.58,7.82,2.24,30.36,33.15,19.46,10.49
1892,5.65997489713184,4,9.04,2.74,20.02,13.06,4.2,7.85,2.27,30.86,33.58,19.21,10.45
1893,5.65997489713184,4,8.9,2.73,20.19,12.69,4.24,7.79,2.27,30.86,33.8,18.55,10.57
1894,5.65997489713184,4,8.9,2.74,20.02,12.64,4.24,7.82,2.27,31.03,33.8,18.71,10.57
1895,5.65997489713184,4,8.87,2.73,19.93,12.54,4.58,7.82,2.27,30.69,33.58,17.92,10.45
1896,5.65997489713184,4,8.94,2.78,20.02,12.69,4.48,7.91,2.28,30.69,32.94,18.79,10.49
1897,5.65997489713184,4,9.15,2.74,19.93,12.59,4.08,7.88,2.29,31.37,33.15,18.47,10.53
1898,5.65997489713184,4,9.18,2.78,20.1,12.69,4.73,7.85,2.28,30.69,33.8,18.55,10.65
1899,5.65997489713184,4,9.11,2.78,20.02,12.64,4.66,7.79,2.3,31.37,33.8,18.63,10.57
1900,5.65997489713184,4,9.08,2.78,19.93,12.64,4.22,7.88,2.29,30.53,32.94,19.98,10.49
1901,5.65997489713184,4,9.26,2.76,20.28,12.79,3.98,7.88,2.28,30.53,32.94,18.79,10.45
1902,5.65997489713184,4,9.04,2.78,20.28,12.74,4.52,7.85,2.32,31.03,33.15,18.39,10.57
1903,5.65997489713184,4,9.26,2.78,20.19,12.85,4.38,7.91,2.3,31.03,32.73,18.71,10.57
1904,5.65997489713184,4,9.11,2.79,20.1,12.64,4.31,7.91,2.32,31.37,33.58,18.31,10.57
1905,5.65997489713184,4,9.18,2.78,20.02,12.64,4.62,7.91,2.29,30.69,33.58,18.79,10.82
1906,5.65997489713184,4,9.15,2.81,19.84,12.79,4.12,7.88,2.32,30.86,32.73,18.39,10.53
1907,5.65997489713184,4,9.11,2.82,19.75,12.64,4.24,7.85,2.32,31.03,32.94,18.47,10.7
1908,5.65997489713184,4,9.51,2.79,19.84,12.74,4.54,7.91,2.29,30.69,32.94,18.39,10.53
1909,5.65997489713184,4,9.01,2.81,20.02,12.74,4.44,7.88,2.3,30.69,32.94,18.23,10.53
1910,5.65997489713184,4,9.11,2.82,19.67,12.69,4.2,7.88,2.32,31.03,32.73,18.39,10.53
1911,5.65997489713184,4,9.22,2.81,19.84,12.74,4.14,7.85,2.3,31.03,33.15,18.23,10.65
1912,5.65997489713184,4,8.73,2.79,20.1,12.59,4.44,7.94,2.3,30.69,32.94,18.71,10.53
1913,5.65997489713184,4,9.33,2.81,19.75,12.69,4.54,7.94,2.29,30.53,32.73,18.87,10.53
1914,5.65997489713184,4,9.29,2.81,18.67,12.74,4.6,7.88,2.32,30.86,33.36,18.07,10.57
1915,5.65997489713184,4,9.4,2.81,18.59,12.69,4.77,7.88,2.33,31.03,32.94,18.55,10.57
1916,5.65997489713184,4,9.44,2.84,19.24,12.85,4.58,7.88,2.33,31.03,32.73,18.79,10.65
1917,5.65997489713184,4,9.51,2.81,18.83,12.69,4.54,7.91,2.3,30.53,32.94,18.15,10.53
1918,5.65997489713184,4,9.4,2.81,20.02,12.69,4.56,7.85,2.32,30.86,33.58,18.31,10.65
1919,5.65997489713184,4,9.48,2.79,19.75,12.59,4.79,7.91,2.29,30.53,32.94,18.47,10.49
1920,5.65997489713184,4,9.29,2.86,19.24,12.79,4.25,7.94,2.32,30.53,32.73,18.55,10.65
1921,5.683538089942097,4,9.29,2.81,18.99,12.59,4.46,7.94,2.33,30.69,32.73,17.92,10.57
1922,5.683538089942097,4,9.29,2.81,18.91,12.69,4.22,7.94,2.29,30.36,32.73,18.07,10.41
1923,5.683538089942097,4,9.11,2.81,19.41,12.79,4.35,7.85,2.33,30.86,33.15,18.39,10.49
1924,5.683538089942097,4,9.4,2.81,19.58,12.74,4.64,7.91,2.3,30.36,32.52,18.23,10.41
1925,5.683538089942097,4,9.15,2.86,19.58,12.9,4.29,7.85,2.29,30.53,33.58,18,10.53
1926,5.683538089942097,4,9.44,2.86,19.16,12.9,4.56,7.94,2.32,30.53,32.73,17.62,10.45
1927,5.683538089942097,4,9.15,2.81,19.33,12.85,4.6,7.91,2.3,30.53,32.73,17.69,10.57
1928,5.683538089942097,4,9.18,2.86,19.07,12.79,4.4,7.85,2.32,30.53,33.36,17.62,10.53
1929,5.683538089942097,4,9.29,2.81,18.99,12.85,4.6,7.91,2.32,31.03,32.73,18.15,10.53
1930,5.683538089942097,4,9.4,2.84,18.99,12.85,4.54,7.94,2.3,30.53,32.94,18.07,10.49
1931,5.683538089942097,4,9.04,2.79,19.16,12.95,4.27,7.88,2.32,31.03,32.73,18.15,10.53
1932,5.683538089942097,4,9.51,2.82,18.83,12.95,4.44,7.98,2.32,30.53,32.73,18.39,10.45
1933,5.683538089942097,4,9.08,2.81,18.99,12.85,4.56,7.91,2.32,31.03,32.73,18.23,10.45
1934,5.683538089942097,4,9.4,2.79,19.75,13.11,4.64,7.88,2.3,31.03,32.73,18.23,10.41
1935,5.683538089942097,4,9.33,2.81,20.37,13,4.31,7.88,2.32,31.2,32.52,18.23,10.41
1936,5.683538089942097,4,9.44,2.82,20.74,13.11,4.68,7.98,2.32,30.86,32.73,18.31,10.53
1937,5.683538089942097,4,9.15,2.81,20.83,13.06,4.27,7.88,2.3,31.03,33.58,18.15,10.33
1938,5.683538089942097,4,9.4,3.31,19.93,13,4.6,7.94,2.32,31.03,32.52,18.55,10.41
1939,5.683538089942097,4,9.55,2.86,20.74,12.59,4.75,7.91,2.29,30.69,33.36,18.07,10.49
1940,5.683538089942097,4,9.11,2.84,20.65,12.54,4.79,7.85,2.3,30.69,33.58,18.07,10.53
1941,5.683538089942097,4,9.29,2.84,20.93,12.64,4.27,7.94,2.29,30.53,32.73,17.92,10.41
1942,5.683538089942097,4,9.29,2.86,20.93,12.64,4.16,7.88,2.32,31.03,33.36,18,10.53
1943,5.683538089942097,4,9.33,2.81,21.11,12.79,4.35,7.88,2.3,31.71,33.58,18.39,10.53
1944,5.683538089942097,4,9.29,2.81,21.02,12.69,4.44,7.98,2.3,30.69,32.73,18.31,10.45
1945,5.683538089942097,4,9.26,2.84,20.02,12.79,4.04,7.98,2.33,30.86,32.73,18.39,10.49
1946,5.683538089942097,4,9.22,2.89,19.93,12.95,4.33,7.88,2.32,30.69,33.58,19.04,10.49
1947,5.683538089942097,4,9.04,2.87,20.74,12.9,4.33,7.91,2.29,30.69,32.73,18.39,10.49
1948,5.683538089942097,4,9.08,2.87,20.93,13.21,4.2,7.88,2.3,31.37,33.36,17.69,10.53
1949,5.683538089942097,4,9.11,2.92,19.67,13.27,4.38,7.88,2.3,31.03,33.36,18.63,10.57
1950,5.683538089942097,4,9.44,2.92,19.67,13.16,4.81,7.88,2.3,30.69,32.73,18.39,10.61
1951,5.683538089942097,4,9.18,2.87,19.75,13.21,4.42,7.85,2.32,30.86,33.58,18.96,10.53
1952,5.683538089942097,4,9.08,2.84,19.67,13.11,4.5,7.88,2.29,30.86,32.73,18.79,10.57
1953,5.683538089942097,4,9.29,2.84,20.02,13.21,4.42,7.82,2.29,30.2,32.73,18.47,10.61
1954,5.683538089942097,4,9.26,2.87,19.75,13.21,4.35,7.76,2.29,31.03,33.58,18.55,10.57
1955,5.683538089942097,4,9.08,2.82,20.1,13.27,4.77,7.76,2.28,30.69,33.36,18.55,10.53
1956,5.683538089942097,4,8.8,2.82,20.46,13,4.38,7.79,2.28,31.03,33.58,19.04,10.53
1957,5.683538089942097,4,8.83,2.81,20.83,12.54,4.54,7.79,2.27,31.03,32.94,18.55,10.57
1958,5.683538089942097,4,9.01,2.84,20.93,12.64,4.31,7.79,2.25,30.53,32.94,18.79,10.61
1959,5.683538089942097,4,9.26,2.81,20.93,12.59,4.54,7.85,2.28,31.03,33.15,18.55,10.61
1960,5.683538089942097,4,9.01,2.78,21.02,12.69,4.35,7.76,2.27,30.69,33.36,18.31,10.49
1961,5.683538089942097,4,9.01,2.84,21.02,12.59,4.75,7.82,2.25,30.53,32.94,18.71,10.57
1962,5.683538089942097,4,9.18,2.81,20.93,12.64,4.54,7.79,2.27,30.53,32.94,18.71,10.57
1963,5.683538089942097,4,9.01,2.82,20.93,12.69,4.46,7.85,2.28,31.37,33.36,18,10.53
1964,5.683538089942097,4,9.08,2.81,20.93,12.85,4.68,7.82,2.25,30.69,32.94,18.87,10.53
1965,5.683538089942097,4,9.01,2.78,20.93,13,4.92,7.85,2.25,30.53,32.94,18.55,10.53
1966,5.683538089942097,4,9.15,2.79,20.83,12.95,4.81,7.85,2.27,31.37,33.8,18.47,10.53
1967,5.683538089942097,4,9.04,2.84,21.21,13,4.6,7.85,2.28,31.54,33.36,18.55,10.61
1968,5.683538089942097,4,9.22,2.81,20.93,13,4.4,7.85,2.29,31.37,33.8,18.31,10.57
1969,5.683538089942097,4,8.97,2.82,20.93,12.9,4.48,7.82,2.28,31.37,33.58,18.31,10.61
1970,5.683538089942097,4,8.73,2.79,21.02,12.95,4.35,7.76,2.27,30.69,33.36,18.39,10.61
1971,5.683538089942097,4,9.18,2.81,21.11,12.95,4.22,7.85,2.27,31.71,33.36,18.47,10.7
1972,5.683538089942097,4,8.94,2.84,21.11,12.95,4.71,7.85,2.28,31.37,38.73,18.47,10.65
1973,5.683538089942097,4,8.87,2.84,21.11,13.06,4.38,7.76,2.27,31.03,33.36,18.55,10.65
1974,5.683538089942097,4,8.76,2.86,20.93,13.06,4.25,7.85,2.3,31.71,33.8,18.47,10.7
1975,5.683538089942097,4,8.94,2.86,21.11,13.16,4.25,7.85,2.3,31.71,33.15,18.55,10.65
1976,5.683538089942097,4,9.33,2.84,21.02,13,4.44,7.88,2.29,31.37,33.58,18.63,10.65
1977,5.683538089942097,4,8.83,2.82,20.93,12.95,4.54,7.88,2.3,31.71,32.94,18.55,10.74
1978,5.683538089942097,4,8.87,2.82,21.11,13.06,4.2,7.85,2.28,31.2,32.94,18.47,10.7
1979,5.683538089942097,4,9.04,2.86,21.11,13.21,4.29,7.79,2.29,31.37,33.8,18.47,10.78
1980,5.683538089942097,4,9.22,2.87,20.93,13.06,4.58,7.82,2.29,31.54,33.8,18.31,10.7
1981,5.723414046731876,4,9.4,2.89,21.11,13.21,4.75,7.79,2.29,31.2,33.8,18.31,10.74
1982,5.723414046731876,4,8.87,2.86,21.21,13.21,4.52,7.82,2.29,31.71,33.8,18.39,10.78
1983,5.723414046731876,4,8.9,2.84,21.21,13.11,4.6,7.88,2.3,31.71,33.8,18.47,10.78
1984,5.723414046731876,4,8.87,2.86,20.93,13.16,4.71,7.82,2.29,31.54,33.8,18.31,10.7
1985,5.723414046731876,4,9.66,2.82,21.31,13.16,4.25,7.88,2.27,31.37,32.94,17.92,10.78
1986,5.723414046731876,4,9.33,2.86,21.31,13.32,4.54,7.88,2.28,31.2,33.15,18.55,10.74
1987,5.723414046731876,4,9.15,2.87,21.02,13.06,4.22,7.79,2.29,31.37,34.02,18.55,10.82
1988,5.723414046731876,4,9.22,2.87,21.11,13.06,4.29,7.88,2.3,31.71,33.8,18.47,10.82
1989,5.723414046731876,4,9.29,2.89,21.11,13.11,4.42,7.91,2.3,31.71,33.36,18.39,10.82
1990,5.723414046731876,4,9.08,2.86,21.11,13.11,4.68,7.82,2.3,31.2,33.8,18.47,10.82
1991,5.723414046731876,4,8.97,2.82,21.31,13.21,4.35,7.88,2.29,31.2,33.15,18.55,10.78
1992,5.723414046731876,4,8.87,2.84,21.21,13.11,4.35,7.88,2.29,31.37,33.15,18.55,10.87
1993,5.723414046731876,4,8.49,2.86,21.02,13.16,4.1,7.82,2.3,31.89,33.8,18.47,10.82
1994,5.723414046731876,4,8.87,2.84,21.11,13.21,4.5,7.85,2.29,31.2,33.36,18.23,10.78
1995,5.723414046731876,4,9.22,2.87,21.21,12.79,4.24,7.91,2.3,31.71,33.36,18.39,10.87
1996,5.723414046731876,4,9.08,2.84,21.31,12.95,4.46,7.82,2.29,31.2,33.58,18.55,10.78
1997,5.723414046731876,4,9.15,2.84,21.11,13.06,4.64,7.91,2.32,31.71,33.8,18.31,10.82
1998,5.723414046731876,4,9.04,2.87,21.11,13.16,4.66,7.82,2.3,31.37,33.8,18.39,10.82
1999,5.723414046731876,4,9.18,2.89,21.11,13.06,4.77,7.82,2.3,31.54,33.8,18.15,10.87
2000,5.723414046731876,4,8.8,2.89,21.11,13.06,4.52,7.79,2.3,31.54,34.02,18.15,10.87
2001,5.723414046731876,4,9.01,2.87,21.31,13.27,4.71,7.85,2.29,31.2,33.58,18.39,10.78
2002,5.723414046731876,4,9.37,2.89,21.02,13.11,4.62,7.85,2.32,31.71,33.8,18.47,10.82
2003,5.723414046731876,4,9.15,2.87,21.11,13.06,4.64,7.85,2.32,31.54,33.8,18.47,10.91
2004,5.723414046731876,4,9.15,2.89,21.31,13.16,4.88,7.88,2.32,31.2,33.58,18.31,10.82
2005,5.723414046731876,4,9.11,2.92,21.11,13.11,5.07,7.91,2.33,31.71,33.58,18.31,10.91
2006,5.723414046731876,4,8.94,2.94,21.31,13.21,4.71,7.88,2.32,31.54,34.02,18.63,10.91
2007,5.723414046731876,4,9.08,2.94,21.4,13.32,4.9,7.88,2.34,31.71,34.02,18.47,10.95
2008,5.723414046731876,4,8.9,2.87,21.11,13.16,4.83,7.91,2.33,31.37,33.36,18.55,10.91
2009,5.723414046731876,4,9.33,2.92,21.4,13.38,4.31,7.94,2.3,31.2,33.8,18.96,10.99
2010,5.723414046731876,4,8.94,2.87,21.11,13.38,5.05,7.88,2.34,32.07,33.15,18.31,10.87
2011,5.723414046731876,4,9.33,2.92,21.11,13.21,4.29,7.88,2.34,31.89,33.36,18.47,10.95
2012,5.723414046731876,4,9.11,2.87,21.31,13.21,4.1,7.94,2.33,31.37,33.15,18.23,10.82
2013,5.723414046731876,4,8.83,2.92,21.11,13.27,4.92,7.88,2.33,31.89,34.25,18.31,10.82
2014,5.723414046731876,4,9.04,2.91,21.11,13.16,4.83,7.98,2.36,32.07,33.36,18.63,10.91
2015,5.723414046731876,4,8.97,2.92,21.31,13.21,4.31,7.85,2.29,31.2,33.8,17.69,10.87
2016,5.723414046731876,4,8.83,2.87,21.11,13.16,4.04,7.94,2.36,31.71,33.58,18.47,10.95
2017,5.723414046731876,4,8.83,2.89,21.31,13.21,3.96,7.91,2.29,31.37,33.36,18.31,10.87
2018,5.723414046731876,4,9.29,3.1,21.69,13.65,5.03,8.17,2.51,32.24,34.47,18.79,11.26
2019,5.723414046731876,4,9.08,3.05,21.5,13.49,4.96,8.1,2.46,32.24,34.7,17.77,11.26
2020,5.723414046731876,4,9.11,3.12,21.69,13.6,4.79,8.23,2.51,32.42,34.47,19.12,11.26
2021,5.723414046731876,4,9.63,3.2,21.79,13.71,5.16,8.39,2.63,32.79,34.93,18.15,11.3
2022,5.723414046731876,4,9.55,3.22,21.99,13.93,5.12,8.23,2.52,32.79,34.25,18.71,11.43
2023,5.723414046731876,4,9.15,3.19,22.09,13.88,4.85,8.3,2.55,32.79,34.47,18.63,11.43
2024,5.723414046731876,4,9.29,3.1,21.69,13.6,4.75,8.17,2.51,32.24,34.25,18.87,11.17
2025,5.723414046731876,4,9.04,3.14,21.69,13.6,4.92,8.17,2.51,32.61,34.93,19.29,11.26
2026,5.723414046731876,4,8.94,3.26,22.09,13.76,5.07,8.26,2.6,33.16,35.4,19.21,11.43
2027,5.723414046731876,4,9.01,3,21.6,13.43,4.88,8.07,2.4,31.89,34.02,18.39,11.04
2028,5.723414046731876,4,9.44,2.99,21.31,13.38,4.96,8.07,2.41,32.07,33.58,18.07,10.91
2029,5.723414046731876,4,8.83,3,21.5,13.38,5.16,7.98,2.41,32.24,34.47,18.31,10.95
2030,5.723414046731876,4,8.97,3,21.4,13.49,4.6,8.07,2.38,31.89,34.47,18.31,11.04
2031,5.723414046731876,4,8.97,2.99,21.6,13.43,4.71,8.01,2.4,32.24,34.47,17.39,11.08
2032,5.723414046731876,4,8.87,2.99,21.6,13.54,4.85,8.04,2.38,31.71,33.58,18.31,11.08
2033,5.723414046731876,4,9.26,3.04,21.69,13.43,4.92,8.1,2.4,31.54,33.8,17.84,11.04
2034,5.723414046731876,4,8.63,3.05,21.4,13.27,4.6,8.1,2.42,31.89,34.25,18,11.04
2035,5.723414046731876,4,9.01,2.97,21.5,13.32,4.66,8.07,2.4,32.42,34.02,17.77,11.08
2036,5.723414046731876,4,9.29,3.04,21.5,13.32,5.1,8.04,2.41,32.07,34.47,18.07,11.08
2037,5.723414046731876,4,9.44,3,21.4,13.38,4.9,8.04,2.4,32.24,34.47,18.63,11.12
2038,5.723414046731876,4,8.83,2.99,21.5,13.32,4.81,8.07,2.42,32.42,33.8,18.87,11.08
2039,5.723414046731876,4,9.11,3.05,21.79,13.43,4.54,8.13,2.41,32.24,33.8,18.31,11.17
2040,5.723414046731876,4,9.18,3,21.79,13.38,4.79,8.13,2.42,32.07,34.02,18.79,11.08
2041,5.731030382283858,4,9.26,3.05,21.5,13.43,4.85,8.07,2.45,32.42,34.47,18.23,11.17
2042,5.731030382283858,4,8.76,3.04,21.69,13.43,5.1,8.13,2.44,32.42,33.8,18.15,11.17
2043,5.731030382283858,4,9.37,3.07,21.6,13.54,5.12,8.04,2.45,32.07,34.47,18,11.12
2044,5.731030382283858,4,9.26,3.02,21.79,13.54,4.71,8.17,2.46,32.24,33.8,18.55,11.17
2045,5.731030382283858,4,9.08,3.04,21.79,13.6,5.12,8.17,2.46,32.79,34.02,18.47,11.21
2046,5.731030382283858,4,8.9,3.04,21.79,13.49,4.92,8.17,2.44,32.07,33.58,18.15,11.12
2047,5.731030382283858,4,9.18,3.09,21.6,13.6,4.35,8.2,2.45,32.07,34.47,17.62,11.34
2048,5.731030382283858,4,9.11,3.1,21.89,13.6,4.96,8.13,2.48,32.79,34.25,17.84,11.12
2049,5.731030382283858,4,9.11,3.1,21.79,13.65,4.4,8.13,2.46,32.24,34.47,18,11.12
2050,5.731030382283858,4,9.22,3.15,21.6,13.54,4.99,8.17,2.51,32.79,34.7,17.62,11.21
2051,5.731030382283858,4,9.63,3.34,22.3,13.93,4.79,8.56,2.67,32.97,34.93,19.04,11.57
2052,5.731030382283858,4,9.18,3,21.4,13.43,4.5,7.98,2.38,31.89,34.25,17.92,11.12
2053,5.731030382283858,4,8.83,3.02,21.69,13.49,4.38,8.07,2.38,32.07,34.7,18.23,11.17
2054,5.731030382283858,4,8.94,2.99,21.69,13.43,4.64,8.07,2.38,31.89,34.25,18.15,10.99
2055,5.731030382283858,4,8.83,3.05,21.79,13.49,4.42,8.07,2.41,31.89,34.02,18.07,11.04
2056,5.731030382283858,4,8.8,3.02,21.69,13.43,4.75,8.13,2.45,32.42,34.02,18.07,11.08
2057,5.731030382283858,4,9.15,3.07,21.6,13.54,4.64,8.17,2.45,32.07,34.7,18.15,11.17
2058,5.731030382283858,4,9.08,3.1,21.69,13.65,4.48,8.2,2.52,32.97,34.7,18.23,11.26
2059,5.731030382283858,4,9.44,3.34,22.4,14.11,5.01,8.56,2.67,32.97,34.93,18.96,11.75
2060,5.731030382283858,4,9.51,3.39,22.4,14.22,4.99,8.53,2.72,33.73,35.64,18.47,11.71
2061,5.731030382283858,4,9.26,3.24,21.99,13.88,4.85,8.3,2.55,32.24,34.7,18.63,11.39
2062,5.731030382283858,4,9.22,3.38,22.61,14.11,4.6,8.49,2.72,33.54,35.4,19.21,11.75
2063,5.731030382283858,4,9.4,3.38,22.5,14.22,5.16,8.46,2.67,33.16,35.16,19.04,11.66
2064,5.731030382283858,4,9.44,3.38,22.3,14.11,5.23,8.43,2.66,33.54,35.16,19.29,11.62
2065,5.731030382283858,4,9.15,3.1,21.89,13.76,5.14,8.17,2.51,32.24,34.02,18.15,11.21
2066,5.731030382283858,4,9.4,3.2,21.99,13.82,5.1,8.56,2.69,32.79,34.93,20.07,11.39
2067,5.731030382283858,4,9.04,3.17,22.09,13.71,4.54,8.3,2.57,32.79,34.25,18.55,11.39
2068,5.731030382283858,4,8.87,3.09,21.89,13.71,4.46,8.17,2.51,32.61,34.7,18.07,11.26
2069,5.731030382283858,4,8.94,3.05,21.79,13.6,4.6,8.04,2.45,32.42,33.8,18,11.17
2070,5.731030382283858,4,9.04,3.15,21.99,13.82,4.99,8.23,2.55,32.79,34.25,17.69,11.39
2071,5.731030382283858,4,8.97,3.19,22.09,13.88,4.94,8.23,2.53,32.79,35.16,18.39,11.39
2072,5.731030382283858,4,9.4,3.27,22.19,14.11,5.16,8.53,2.72,33.73,35.64,18.63,11.48
2073,5.731030382283858,4,9.08,3.14,21.69,13.76,4.81,8.3,2.57,33.35,35.64,18.63,11.34
2074,5.731030382283858,4,8.8,3.15,21.69,13.76,5.05,8.26,2.56,33.16,35.4,18.79,11.3
2075,5.731030382283858,4,9.15,3.15,21.99,13.99,4.81,8.33,2.53,32.61,34.25,18.31,11.39
2076,5.731030382283858,4,9.4,3.39,22.61,14.22,5.3,8.6,2.73,33.54,34.93,18.96,11.71
2077,5.731030382283858,4,8.83,3.32,22.4,13.93,4.88,8.26,2.63,33.73,35.64,18.87,11.71
2078,5.731030382283858,4,9.26,3.14,21.89,13.88,4.99,8.33,2.59,32.61,34.47,18.71,11.26
2079,5.731030382283858,4,9.01,3.12,21.79,13.82,4.94,8.2,2.52,33.16,34.7,18.31,11.39
2080,5.731030382283858,4,8.87,3.32,22.5,14.05,4.9,8.49,2.64,32.97,35.16,18.55,11.66
2081,5.731030382283858,4,9.22,3.39,22.61,14.28,4.56,8.63,2.7,33.35,35.4,18.96,11.8
2082,5.731030382283858,4,8.87,3.34,22.4,14.11,5.23,8.53,2.69,33.35,35.88,18.71,11.66
2083,5.731030382283858,4,9.08,3.36,22.4,14.11,4.88,8.56,2.69,33.16,35.4,18.87,11.8
2084,5.731030382283858,4,8.94,3.36,22.61,14.28,5.07,8.63,2.7,33.16,35.16,19.12,11.75
2085,5.731030382283858,4,9.55,3.39,22.5,14.22,5.14,8.56,2.69,33.35,35.64,18.79,11.75
2086,5.731030382283858,4,9.18,3.39,22.61,14.28,5.07,8.53,2.69,33.16,34.93,18.87,11.66
2087,5.731030382283858,4,9.22,3.34,22.4,14.16,4.99,8.46,2.69,33.73,35.64,18.47,11.71
2088,5.731030382283858,4,9.26,3.39,22.4,14.16,4.94,8.49,2.7,33.73,35.64,18.87,11.8
2089,5.731030382283858,4,9.48,3.36,22.61,14.28,4.52,8.53,2.72,33.73,35.4,19.04,11.8
2090,5.731030382283858,4,9.29,3.39,22.5,14.16,5.03,8.49,2.72,33.73,35.64,18.47,11.75
2091,5.731030382283858,4,9.51,3.39,22.5,14.22,5.23,8.53,2.7,33.73,35.64,18.87,11.8
2092,5.731030382283858,4,8.97,3.36,22.61,14.28,4.77,8.46,2.7,33.73,35.4,19.04,11.71
2093,5.731030382283858,4,9.37,3.36,22.61,14.28,5.25,8.56,2.72,33.54,34.93,18.96,11.8
2094,5.731030382283858,4,9.51,3.39,22.5,14.16,5.18,8.53,2.72,33.73,35.64,18.79,11.75
2095,5.731030382283858,4,9.22,3.36,22.3,14.05,4.52,8.46,2.7,33.54,35.64,18.79,11.75
2096,5.731030382283858,4,9.4,3.39,22.61,14.22,5.37,8.49,2.69,33.16,35.4,19.21,11.71
2097,5.731030382283858,4,9.4,3.38,22.5,14.16,5.14,8.6,2.7,33.35,35.64,18.47,11.8
2098,5.731030382283858,4,9.29,3.39,22.61,14.28,5.12,8.6,2.72,33.16,35.16,18.15,11.66
2099,5.731030382283858,4,9.26,3.38,22.5,14.11,4.9,8.53,2.69,33.16,34.93,18.63,11.66
2100,5.731030382283858,4,9.26,3.34,22.61,14.22,5.3,8.49,2.72,33.92,35.16,18.96,11.8
2101,5.746957728968659,4,9.37,3.36,22.61,14.22,5.21,8.53,2.7,33.73,35.4,18.96,11.71
2102,5.746957728968659,4,8.94,3.02,21.69,14.05,4.79,8.13,2.45,32.24,33.8,17.39,11.21
2103,5.746957728968659,4,8.69,2.82,21.21,13.16,4.06,7.82,2.29,31.89,33.8,16.96,10.91
2104,5.746957728968659,4,8.56,2.79,21.11,12.95,4.52,7.91,2.29,31.71,33.15,17.25,10.87
2105,5.746957728968659,4,8.66,2.81,21.11,13.06,4.71,7.91,2.28,32.07,33.36,17.54,10.78
2106,5.746957728968659,4,8.56,2.78,21.21,13.11,3.87,7.82,2.27,31.54,33.8,17.03,10.74
2107,5.746957728968659,4,8.56,2.76,21.21,13,4.31,7.88,2.28,31.2,33.15,18.39,10.87
2108,5.746957728968659,4,8.63,2.78,21.11,12.95,4.83,7.88,2.25,32.07,33.15,17.32,10.87
2109,5.746957728968659,4,8.52,2.81,21.21,13.16,4.75,7.82,2.25,31.89,33.58,17.1,10.78
2110,5.746957728968659,4,8.59,2.79,20.93,13.06,4.81,7.88,2.27,32.24,33.36,16.96,10.78
2111,5.746957728968659,4,8.56,2.82,20.93,13.06,4.71,7.82,2.27,31.89,34.02,17.1,10.87
2112,5.746957728968659,4,8.56,2.81,21.02,13.11,4.22,7.85,2.28,32.24,34.02,16.81,10.78
2113,5.746957728968659,4,8.56,2.84,21.31,13.11,4.79,7.88,2.27,32.42,33.15,17.1,10.95
2114,5.746957728968659,4,8.59,2.82,21.11,13.16,4.56,7.88,2.27,32.07,34.02,17.1,10.95
2115,5.746957728968659,4,8.49,2.79,21.21,13.16,4.52,7.79,2.24,31.71,33.36,17.32,10.74
2116,5.746957728968659,4,8.66,2.82,21.21,13.11,4.42,7.85,2.27,32.07,34.25,16.96,10.74
2117,5.746957728968659,4,8.59,2.79,21.11,13,4.75,7.82,2.27,31.89,33.8,16.81,10.74
2118,5.746957728968659,4,8.56,2.84,21.11,12.95,4.52,7.85,2.27,32.24,33.8,17.03,10.78
2119,5.746957728968659,4,8.59,2.81,21.31,12.9,4.35,7.82,2.24,31.54,33.58,17.25,10.82
2120,5.746957728968659,4,8.76,2.78,21.11,12.9,4.08,7.85,2.24,31.54,33.36,17.47,10.74
2121,5.746957728968659,4,8.76,2.81,21.21,12.9,4.48,7.88,2.25,31.71,32.94,17.1,10.74
2122,5.746957728968659,4,8.76,2.84,21.4,13.06,4.35,7.82,2.24,31.71,34.25,16.67,10.82
2123,5.746957728968659,4,8.69,2.82,21.4,13,4.54,7.82,2.24,31.54,33.58,17.03,10.74
2124,5.746957728968659,4,8.59,2.86,21.11,13.06,4.54,7.82,2.25,32.07,34.02,16.4,10.87
2125,5.746957728968659,4,8.66,2.81,21.4,13,4.46,7.88,2.28,32.07,33.15,17.03,10.78
2126,5.746957728968659,4,8.63,2.82,21.21,13,4.66,7.79,2.25,31.89,34.02,16.96,10.91
2127,5.746957728968659,4,8.39,2.78,21.4,13,4.52,7.85,2.25,31.89,33.58,16.88,10.87
2128,5.746957728968659,4,8.73,2.84,21.31,12.95,4.92,7.88,2.27,32.24,33.36,16.88,10.91
2129,5.746957728968659,4,8.59,2.81,21.4,12.79,4.48,7.88,2.27,32.07,33.15,16.96,10.91
2130,5.746957728968659,4,8.69,2.84,21.31,13,4.5,7.82,2.27,31.54,33.58,16.88,10.82
2131,5.746957728968659,4,8.66,2.82,21.21,12.85,4.85,7.85,2.29,32.07,34.02,17.03,10.99
2132,5.746957728968659,4,8.63,2.84,21.5,13.06,4.68,7.88,2.29,32.24,34.02,16.88,10.87
2133,5.746957728968659,4,8.69,2.82,21.11,13.11,4.66,7.85,2.25,31.54,33.58,17.17,10.78
2134,5.746957728968659,4,8.8,2.82,21.21,13.06,4.33,7.91,2.28,32.07,33.36,17.17,10.87
2135,5.746957728968659,4,8.76,2.82,21.21,13.06,4.48,7.88,2.29,32.24,34.02,17.1,10.87
2136,5.746957728968659,4,8.66,2.86,21.5,13.16,4.4,7.94,2.27,31.71,33.15,17.17,10.87
2137,5.746957728968659,4,8.8,2.87,21.21,13.27,4.25,7.88,2.29,32.07,34.25,16.26,10.78
2138,5.746957728968659,4,8.83,2.86,21.21,13.16,4.73,7.94,2.28,32.42,33.8,16.96,10.78
2139,5.746957728968659,4,8.8,2.84,21.5,13.21,4.54,7.91,2.28,32.24,34.25,17.25,10.78
2140,5.746957728968659,4,8.8,2.82,21.5,13.21,4.77,7.91,2.25,31.71,33.15,17.03,10.78
2141,5.746957728968659,4,8.73,2.81,21.4,13.27,4.96,7.85,2.24,31.54,33.36,16.88,10.74
2142,5.746957728968659,4,8.76,2.84,21.4,13.32,4.6,7.88,2.27,31.89,33.8,16.88,10.7
2143,5.746957728968659,4,8.8,2.82,21.11,13.21,4.44,7.94,2.25,32.07,33.15,17.03,10.78
2144,5.746957728968659,4,8.8,2.82,21.11,13.27,4.54,7.94,2.25,31.54,33.15,17.1,10.78
2145,5.746957728968659,4,8.83,2.84,21.5,13.21,4.9,7.88,2.27,31.71,33.15,17.17,10.82
2146,5.746957728968659,4,8.76,2.86,21.31,13.21,4.22,7.94,2.25,32.42,33.15,16.96,10.78
2147,5.746957728968659,4,8.69,2.79,21.4,13.38,4.62,7.91,2.25,31.71,33.15,16.96,10.78
2148,5.746957728968659,4,8.59,2.81,21.31,13.32,4.64,7.85,2.24,31.54,33.36,16.96,10.7
2149,5.746957728968659,4,8.66,2.81,19.93,13.21,4.73,7.85,2.27,31.89,33.8,17.17,10.82
2150,5.746957728968659,4,8.73,2.82,20.93,13.32,5.05,7.85,2.28,31.89,34.02,17.03,10.87
2151,5.746957728968659,4,8.83,2.81,21.02,13.38,4.6,7.91,2.27,32.24,33.8,16.81,10.74
2152,5.746957728968659,4,8.8,2.86,21.11,13.49,3.96,7.94,2.28,32.24,33.8,16.67,10.78
2153,5.746957728968659,4,8.73,2.86,21.11,13.21,4.18,7.85,2.24,31.89,33.15,16.96,10.87
2154,5.746957728968659,4,8.73,2.86,21.21,13.43,4.4,7.85,2.27,31.71,33.15,16.96,10.87
2155,5.746957728968659,4,8.73,2.84,21.4,13.54,4.25,7.85,2.27,31.71,33.36,17.03,10.78
2156,5.746957728968659,4,8.73,2.86,21.11,13.32,4.62,7.94,2.25,32.07,33.15,16.88,10.87
2157,5.746957728968659,4,8.76,2.82,21.4,13.49,4.81,7.88,2.24,31.89,33.15,16.96,10.78
2158,5.746957728968659,4,8.63,2.86,20.93,13.27,4.22,7.88,2.25,31.71,33.36,16.88,10.78
2159,5.746957728968659,4,8.66,2.82,21.11,13.32,3.87,7.88,2.27,31.89,34.02,16.67,10.65
2160,5.746957728968659,4,8.8,2.87,21.21,13.54,4.31,7.88,2.25,31.89,33.8,16.96,10.7
2161,5.75803314653214,4,8.73,2.84,20.19,13.49,4.18,7.91,2.27,32.07,33.15,17.1,10.61
2162,5.75803314653214,4,8.76,2.86,20.1,13.43,4.27,7.85,2.27,31.54,33.8,16.81,10.7
2163,5.75803314653214,4,8.69,2.87,20.28,13.65,4.14,7.85,2.27,31.89,33.8,16.96,10.7
2164,5.75803314653214,4,8.73,2.84,21.02,13.6,3.98,7.91,2.27,31.89,33.8,16.74,10.7
2165,5.75803314653214,4,8.73,2.82,20.93,13.43,4.48,7.88,2.27,31.89,34.02,16.81,10.65
2166,5.75803314653214,4,8.8,2.87,21.21,13.16,4.14,7.94,2.25,31.89,33.15,16.96,10.61
2167,5.75803314653214,4,8.8,2.81,21.02,13.32,4.66,7.94,2.28,32.42,33.36,17.1,10.87
2168,5.75803314653214,4,8.8,2.82,20.93,13.27,4.29,7.91,2.25,31.89,33.15,16.88,10.87
2169,5.75803314653214,4,8.8,2.82,21.21,13.32,4.46,7.94,2.27,32.42,33.58,16.88,10.99
2170,5.75803314653214,4,8.69,2.86,21.11,13.27,4.4,7.88,2.25,31.89,33.8,17.62,10.99
2171,5.75803314653214,4,8.73,2.84,20.83,13.21,4.77,7.94,2.28,32.24,33.8,16.67,10.91
2172,5.75803314653214,4,8.8,2.84,20.93,13.32,4.62,7.98,2.28,32.07,33.15,16.53,10.87
2173,5.75803314653214,4,8.73,2.81,21.21,13.32,4.6,7.91,2.25,31.71,33.15,16.67,11.04
2174,5.75803314653214,4,8.69,2.82,20.83,13.32,4.94,7.91,2.28,32.24,34.02,16.53,10.87
2175,5.75803314653214,4,8.76,2.82,21.02,13.16,4.92,7.98,2.27,32.07,33.15,16.96,10.99
2176,5.75803314653214,4,8.73,2.82,20.83,13.38,4.58,7.94,2.28,32.42,33.36,16.67,10.87
2177,5.75803314653214,4,8.66,2.84,21.02,13.43,4.96,7.88,2.28,31.89,33.8,16.67,10.95
2178,5.75803314653214,4,8.66,2.86,20.93,13.49,4.73,7.91,2.27,31.89,33.8,16.53,10.95
2179,5.75803314653214,4,8.66,2.79,21.21,13.6,5.07,7.94,2.25,31.54,33.15,16.88,10.91
2180,5.75803314653214,4,8.76,2.86,21.02,13.49,4.79,7.91,2.27,31.89,33.8,16.74,10.91
2181,5.75803314653214,4,8.66,2.82,21.02,13.38,4.88,7.94,2.24,31.89,33.15,16.88,10.95
2182,5.75803314653214,4,8.56,2.82,20.93,13.38,4.88,7.88,2.25,32.07,34.25,16.67,10.82
2183,5.75803314653214,4,8.69,2.84,20.93,13.38,4.62,7.94,2.27,32.07,33.8,16.12,10.99
2184,5.75803314653214,4,8.69,2.86,21.02,13.21,4.44,7.98,2.27,32.42,33.8,16.6,10.99
2185,5.75803314653214,4,8.69,2.86,21.11,13.32,4.9,7.91,2.24,31.71,33.15,16.6,10.91
2186,5.75803314653214,4,8.63,2.86,21.11,13.38,3.94,7.91,2.24,31.71,32.94,16.81,10.99
2187,5.75803314653214,4,8.66,2.82,20.93,13.43,4.42,7.88,2.27,32.24,33.8,16.53,10.91
2188,5.75803314653214,4,8.76,2.84,21.11,13.32,4.6,7.91,2.25,31.54,33.8,15.99,11.04
2189,5.75803314653214,4,8.73,2.84,20.93,13.49,4.35,7.94,2.25,32.24,33.8,16.46,10.78
2190,5.75803314653214,4,8.63,2.86,21.11,13.32,4.46,7.94,2.24,31.54,33.36,16.74,10.91
2191,5.75803314653214,4,8.63,2.79,21.11,13.27,4.33,7.91,2.25,31.89,33.15,16.74,10.87
2192,5.75803314653214,4,8.66,2.84,20.93,13.27,4.68,7.88,2.24,31.89,33.8,16.53,10.82
2193,5.75803314653214,4,8.63,2.79,21.11,13.32,4.48,7.88,2.24,31.71,33.15,16.4,10.82
2194,5.75803314653214,4,8.69,2.86,21.11,13.32,4.79,7.98,2.25,32.42,33.36,16.6,10.95
2195,5.75803314653214,4,8.76,2.84,20.93,13.21,4.96,7.98,2.27,32.42,33.36,16.6,10.82
2196,5.75803314653214,4,8.63,2.86,21.02,13.38,4.6,7.91,2.25,31.89,33.8,16.81,10.78
2197,5.75803314653214,4,8.69,2.86,20.02,13.27,4.64,7.98,2.25,32.07,33.15,16.74,10.87
2198,5.75803314653214,4,8.63,2.82,20.19,13.27,4.48,7.94,2.25,32.07,32.73,16.96,11.04
2199,5.75803314653214,4,8.63,2.84,20.02,13.32,4.64,7.98,2.25,32.07,33.15,16.81,10.87
2200,5.75803314653214,4,8.59,2.82,20.37,13.27,4.38,7.98,2.27,32.24,33.8,16.6,10.95
2201,5.75803314653214,4,8.73,2.86,20.19,13.27,4.54,7.98,2.25,32.07,33.15,16.81,10.95
2202,5.75803314653214,4,8.56,2.81,21.02,13.21,4.58,7.88,2.23,31.71,33.15,16.74,10.95
2203,5.75803314653214,4,8.59,2.78,20.93,13.43,4.56,7.98,2.27,32.42,33.8,16.46,11.04
2204,5.75803314653214,4,8.63,2.81,20.74,13.27,4.2,7.91,2.25,32.24,33.8,16.74,10.95
2205,5.75803314653214,4,8.63,2.86,19.93,13.43,4.92,7.94,2.25,31.54,33.36,16.67,10.87
2206,5.75803314653214,4,8.73,2.84,20.65,13.43,3.89,7.88,2.25,32.07,33.8,16.53,10.99
2207,5.75803314653214,4,8.76,2.81,21.02,13.38,4.4,7.98,2.25,31.89,33.15,16.6,10.91
2208,5.75803314653214,4,8.63,2.82,20.93,13.21,4.92,7.91,2.24,31.54,33.36,16.6,10.95
2209,5.75803314653214,4,8.73,2.82,20.93,13.27,4.6,7.98,2.25,32.24,33.36,16.53,10.95
2210,5.75803314653214,4,8.63,2.86,21.11,13.21,4.96,7.98,2.24,31.71,33.15,16.67,10.99
2211,5.75803314653214,4,8.66,2.84,21.02,13.32,4.81,7.94,2.23,31.71,33.15,16.53,10.95
2212,5.75803314653214,4,8.63,2.82,20.93,13.32,4.96,7.91,2.24,32.07,34.25,16.4,10.91
2213,5.75803314653214,4,8.66,2.86,20.74,13.27,4.29,7.94,2.24,32.07,33.15,16.53,10.99
2214,5.75803314653214,4,8.63,2.86,21.02,13.38,4.54,7.88,2.24,31.89,33.8,16.46,10.95
2215,5.75803314653214,4,8.63,2.82,21.02,13.38,4.2,7.94,2.24,31.71,33.36,16.26,10.95
2216,5.75803314653214,4,8.69,2.78,21.02,13.32,3.87,7.88,2.24,32.42,33.8,16.33,10.87
2217,5.75803314653214,4,8.69,2.84,21.02,13.32,4.16,7.94,2.24,32.24,33.8,16.46,10.99
2218,5.75803314653214,4,8.76,2.82,21.11,13.27,4.73,8.01,2.25,32.61,33.58,16.6,10.95
2219,5.75803314653214,4,8.73,2.82,21.31,13.27,4.4,8.01,2.25,32.42,33.58,16.81,10.99
2220,5.75803314653214,4,8.8,2.81,21.11,13.32,4.68,8.04,2.24,32.07,33.58,16.74,10.95
