Minute,TVC,Label,MQ135,MQ136,MQ137,MQ138,MQ2,MQ3,MQ4,MQ5,MQ6,MQ8,MQ9
1,1.87589,1,14.64,45.12,2.75,26.75,8.51,24.53,35.81,4.57,2.81,50.23,17.86
2,1.87589,1,14.52,45.72,2.83,27.17,8.47,24.42,36.27,4.43,2.84,46.51,17.94
3,1.87589,1,13.89,44.24,2.62,26.33,8.31,23.29,35.81,4.19,2.67,45.88,16.98
4,1.87589,1,14.23,44.82,2.7,26.61,8.61,24.18,35.13,4.43,2.7,45.26,17.12
5,1.87589,1,14.64,45.12,2.8,26.88,8.21,24.18,34.68,4.35,2.8,45.88,17.41
6,1.87589,1,14.75,46.02,2.94,27.45,8.74,24.53,35.58,4.35,2.91,47.15,18.09
7,1.87589,1,14.94,46.33,3.01,27.89,8.99,25.01,35.81,4.53,2.98,48.48,18.09
8,1.87589,1,14.52,45.12,2.89,27.31,8.31,24.42,34.47,4.63,2.88,45.57,17.79
9,1.87589,1,15.18,46.65,3.16,28.64,8.81,25.01,36.04,4.95,3.03,48.82,18.64
10,1.87589,1,14.17,43.67,2.73,26.88,8.15,23.51,32.6,4.29,2.78,45.26,14.17
11,1.87589,1,14.34,44.24,2.83,27.31,8.28,23.51,34.04,4.31,2.85,45.57,14.29
12,1.87589,1,14.4,44.24,2.83,27.17,8.18,23.96,33.41,4.53,2.85,46.19,17.34
13,1.87589,1,14.34,44.24,2.83,27.17,8.05,23.73,33.62,4.49,2.87,46.51,17.19
14,1.87589,1,14.4,43.95,2.81,27.02,8.24,23.51,33.2,4.41,2.85,45.26,15.25
15,1.87589,1,14.34,43.95,2.8,26.88,8.37,23.18,33.2,4.39,2.81,44.66,16.49
16,1.87589,1,14.34,43.95,2.8,26.75,8.24,23.4,33.2,4.49,2.88,45.26,16.7
17,1.87589,1,14.34,43.67,2.8,27.02,8.37,23.51,33,4.43,2.87,46.83,16.91
18,1.87589,1,14.28,43.39,2.8,27.6,8.57,23.51,32.6,4.37,2.88,45.88,16.91
19,1.87589,1,14.52,43.39,2.81,27.02,8.15,23.4,32.6,4.41,2.9,46.19,16.22
20,1.87589,1,15.18,43.39,2.84,26.88,8.99,23.73,32.4,4.27,2.92,45.57,16.7
21,1.87589,1,14.52,43.39,2.83,27.02,8.37,23.62,32.21,4.31,2.88,45.57,16.49
22,1.87589,1,14.58,43.67,2.86,27.31,8.64,23.73,32.21,4.35,2.95,46.19,16.49
23,1.87589,1,14.75,43.11,2.86,27.02,8.47,23.73,32.01,4.43,2.9,44.37,16.56
24,1.87589,1,14.58,43.11,2.88,27.89,8.57,23.84,31.82,4.41,2.98,46.19,16.02
25,1.87589,1,14.64,43.11,2.88,28.34,8.85,23.84,31.63,4.43,3,45.88,15.88
26,1.87589,1,14.75,43.11,2.89,28.49,8.57,23.73,31.63,4.49,2.97,51.71,16.42
27,1.87589,1,14.64,43.11,2.88,28.49,8.71,23.73,33.62,4.37,3.01,47.81,16.56
28,1.87589,1,14.58,42.83,2.88,28.49,8.88,23.73,31.63,4.41,3,46.51,16.35
29,1.87589,1,14.64,42.83,2.89,28.34,8.81,23.73,31.26,4.39,3.05,44.37,16.15
30,1.87589,1,14.69,42.83,2.89,28.04,8.47,23.73,31.26,4.55,3.04,46.51,15.88
31,1.87589,1,14.69,42.56,2.89,27.89,8.71,23.62,31.07,4.47,3.04,47.15,15.95
32,1.87589,1,14.69,42.29,2.88,28.19,8.92,23.51,29.83,4.47,3.04,45.57,16.35
33,1.87589,1,14.64,42.03,2.86,28.19,8.57,23.51,30.53,4.43,3.04,45.88,16.49
34,1.87589,1,14.58,42.03,2.84,28.19,8.85,23.4,30.53,4.37,2.98,46.19,16.08
35,1.87589,1,14.64,42.03,2.86,28.04,8.41,23.4,30,4.51,3.05,46.19,16.08
36,1.87589,1,14.46,42.03,2.84,28.19,8.54,23.29,32.21,4.41,3.04,43.5,14.88
37,1.87589,1,14.52,41.76,2.86,28.49,8.37,23.29,30.18,4.47,3.05,47.48,16.7
38,1.87589,1,14.52,41.76,2.86,28.04,8.51,23.4,30,4.47,3.1,45.88,12.82
39,1.87589,1,14.52,42.03,2.88,28.04,9.06,23.29,29.83,4.51,3.08,44.96,11.12
40,1.87589,1,14.58,42.03,2.89,28.19,8.78,23.4,30,4.51,3.07,45.88,15.43
41,1.87589,1,14.81,41.76,2.88,27.45,8.51,23.4,30.18,4.82,3.11,46.19,15.37
42,1.87589,1,14.52,41.5,2.84,28.04,8.51,23.29,29.83,4.51,3.13,46.51,15.25
43,1.87589,1,14.58,41.24,2.84,27.89,9.24,23.07,29.66,4.49,3.11,47.81,15.31
44,1.87589,1,14.69,41.24,2.88,28.04,8.81,23.18,29.66,4.41,3.2,47.15,13.83
45,1.87589,1,14.58,41.24,2.83,27.74,8.51,23.07,29.49,4.49,3.07,46.19,15.31
46,1.87589,1,14.58,41.24,2.84,27.89,8.51,23.07,29.32,4.53,3.08,46.19,15.18
47,1.87589,1,14.64,40.99,2.86,27.74,8.71,23.07,29.32,4.55,3.11,45.57,15.18
48,1.87589,1,14.52,40.99,2.84,27.74,8.64,22.86,29.32,4.53,3.16,46.51,15.12
49,1.87589,1,14.69,40.99,2.86,27.74,8.51,22.96,29.83,4.84,3.13,45.57,15.12
50,1.87589,1,14.75,40.99,2.83,27.74,8.95,22.86,29.32,4.55,3.13,46.19,14.82
51,1.87589,1,14.64,40.99,2.88,27.89,8.71,22.96,28.82,4.63,3.26,51.34,12.87
52,1.87589,1,14.4,40.48,2.86,27.45,9.02,22.75,28.82,4.59,3.14,42.94,12.87
53,1.87589,1,14.52,40.73,2.86,27.6,8.54,22.86,29.32,4.45,3.17,44.37,15.18
54,1.87589,1,14.69,40.48,2.84,28.04,8.68,22.64,28.82,4.49,3.16,45.57,14.7
55,1.87589,1,14.58,40.48,2.88,27.6,8.92,22.54,28.66,4.51,3.17,45.26,12.52
56,1.87589,1,14.64,40.48,2.93,27.45,8.54,22.44,28.66,4.51,3.17,46.19,14.82
57,1.87589,1,14.58,40.48,2.86,27.45,8.44,22.33,28.5,4.43,3.25,46.19,15.18
58,1.87589,1,14.46,40.23,2.84,27.89,8.54,22.33,28.18,4.55,3.17,46.19,14.94
59,1.87589,1,14.52,40.48,2.86,27.6,8.85,22.13,28.34,4.57,3.17,47.15,14.82
60,1.87589,1,14.52,40.48,2.88,27.45,9.2,22.23,28.34,4.65,3.22,44.66,15
61,2.14988,1,14.52,40.23,2.88,27.45,8.78,22.23,28.03,4.31,3.2,42.94,14.82
62,2.14988,1,14.75,40.23,2.86,27.31,9.13,22.23,27.41,4.59,3.26,44.37,15
63,2.14988,1,14.64,40.23,2.86,27.17,8.54,22.13,28.03,4.67,3.2,44.96,15
64,2.14988,1,14.58,39.99,2.89,27.31,8.34,22.03,27.87,4.69,3.22,46.19,14.88
65,2.14988,1,14.64,40.23,2.89,27.17,8.74,22.03,29.49,4.73,3.25,45.57,14.94
66,2.14988,1,14.64,39.99,2.94,26.61,8.64,22.03,27.56,4.67,3.23,42.94,13.5
67,2.14988,1,14.58,39.99,2.88,26.75,8.85,21.93,27.56,4.69,3.25,45.26,14.94
68,2.14988,1,14.52,39.99,2.89,26.61,8.47,21.93,27.56,4.67,3.25,46.51,14.58
69,2.14988,1,14.52,39.99,2.89,26.61,9.06,21.73,27.56,4.78,3.25,45.26,14.58
70,2.14988,1,14.58,39.99,2.89,26.47,8.28,21.63,27.26,4.69,3.26,45.57,14.46
71,2.14988,1,14.34,39.74,2.88,26.07,9.17,21.63,27.41,4.65,3.25,44.96,14.52
72,2.14988,1,14.64,39.74,2.91,26.2,8.51,22.03,27.41,4.67,3.31,45.26,14.58
73,2.14988,1,14.52,39.74,2.89,26.07,8.51,21.93,27.26,4.9,3.25,45.26,14.58
74,2.14988,1,14.69,39.74,2.91,25.93,8.74,22.23,27.11,4.67,3.29,45.57,14.46
75,2.14988,1,14.52,39.5,2.89,25.8,9.02,21.93,26.82,4.69,3.28,45.57,14.46
76,2.14988,1,14.52,39.5,2.91,25.8,8.37,21.93,26.82,4.8,3.34,46.83,14.46
77,2.14988,1,14.58,39.26,2.86,25.41,8.95,22.23,26.82,4.69,3.26,45.88,14.11
78,2.14988,1,14.46,39.26,2.89,25.67,8.41,21.83,26.67,4.78,3.31,45.57,14.34
79,2.14988,1,14.52,39.5,2.89,25.67,8.99,21.83,26.53,4.76,3.28,44.37,14.46
80,2.14988,1,14.23,39.26,2.88,25.41,8.54,21.83,26.53,4.76,3.28,44.07,14.11
81,2.14988,1,14.11,39.26,2.89,25.41,8.34,21.24,26.67,4.65,3.29,44.96,14.34
82,2.14988,1,14.17,39.26,2.88,25.28,8.92,21.33,25.69,4.51,3.29,44.96,14.06
83,2.14988,1,14.17,39.26,2.88,25.28,8.99,21.43,26.96,4.59,3.34,44.96,13.83
84,2.14988,1,14.23,39.26,2.88,25.16,8.95,20.95,26.39,4.9,3.29,48.48,14.34
85,2.14988,1,14.23,39.26,2.89,25.16,9.09,21.83,26.1,4.84,3.32,44.07,14.11
86,2.14988,1,14.28,39.26,2.88,25.16,8.37,21.43,26.39,4.71,3.31,44.96,14
87,2.14988,1,14.17,39.03,2.88,24.78,8.37,21.24,26.67,4.78,3.29,44.37,14.17
88,2.14988,1,14.23,39.03,2.88,24.9,8.54,21.43,25.55,4.82,3.35,45.26,14.23
89,2.14988,1,14.34,39.26,2.89,25.03,8.44,21.53,26.1,4.82,3.32,45.26,14.17
90,2.14988,1,14.23,39.03,2.89,24.9,8.54,21.53,26.82,4.82,3.35,45.88,13.4
91,2.14988,1,14.28,39.26,2.96,24.9,8.99,21.63,26.1,4.92,3.42,45.57,14.29
92,2.14988,1,14.17,39.03,2.89,24.66,8.92,21.33,25.96,4.82,3.35,45.26,14.17
93,2.14988,1,14.23,39.03,2.89,24.53,8.15,21.43,25.96,4.78,3.35,45.26,14.11
94,2.14988,1,14.28,39.03,2.89,24.66,8.57,21.33,25.96,4.55,3.35,45.26,14.17
95,2.14988,1,14.28,39.03,2.88,24.53,9.06,21.05,25.82,4.61,3.39,45.26,14.17
96,2.14988,1,14.17,39.03,2.89,24.41,9.09,21.24,25.82,4.71,3.39,45.57,14.23
97,2.14988,1,14.28,38.79,2.89,24.41,8.85,21.14,25.69,4.78,3.43,42.66,14.4
98,2.14988,1,14.28,38.79,2.89,24.41,8.78,21.05,25.55,4.78,3.43,44.66,14.46
99,2.14988,1,14.34,39.03,2.93,24.66,9.2,21.05,25.15,4.82,3.45,45.57,14.46
100,2.14988,1,14.34,38.79,2.91,24.41,8.71,21.14,25.55,4.82,3.43,45.88,14.34
101,2.14988,1,14.46,38.79,2.91,24.29,9.02,21.33,25.42,4.9,3.37,46.19,14.29
102,2.14988,1,13.78,39.03,2.93,24.29,8.54,21.14,25.69,4.95,3.46,45.26,14.29
103,2.14988,1,15.24,39.03,2.93,24.29,8.57,21.14,25.28,4.92,3.46,45.57,14.4
104,2.14988,1,13.72,38.79,2.91,24.41,8.54,21.24,25.15,4.99,3.46,46.19,14.06
105,2.14988,1,14.34,38.79,2.93,24.05,9.09,20.77,25.15,5.08,3.43,45.57,13.94
106,2.14988,1,13.67,38.79,2.93,23.94,8.85,21.05,25.02,5.05,3.45,44.96,14.06
107,2.14988,1,13.61,38.79,2.96,24.41,8.31,21.24,24.89,5.12,3.5,44.96,13.94
108,2.14988,1,13.72,38.79,2.96,24.17,9.02,21.24,24.37,5.14,3.5,45.26,14.23
109,2.14988,1,13.78,38.79,2.96,23.82,9.02,21.33,25.69,5.14,3.54,44.96,13.89
110,2.14988,1,13.72,38.79,2.94,23.82,8.21,20.67,25.15,5.12,3.54,46.51,14.17
111,2.14988,1,13.56,38.79,2.99,23.7,8.71,20.95,24.76,5.1,3.5,44.66,14.29
112,2.14988,1,13.56,38.56,2.93,23.7,8.31,21.05,24.63,5.1,3.5,44.96,14.23
113,2.14988,1,13.56,38.79,2.94,23.7,8.64,20.95,24.12,5.12,3.53,45.26,13.83
114,2.14988,1,13.56,38.56,2.94,23.59,8.44,20.77,24.63,5.12,3.53,45.26,14.29
115,2.14988,1,13.67,38.56,2.91,23.59,8.64,20.77,24.5,5.08,3.51,42.94,14.4
116,2.14988,1,13.45,38.33,2.89,23.47,8.78,20.67,24.5,5.03,3.51,45.57,14.46
117,2.14988,1,13.45,38.33,2.93,23.36,8.92,20.58,24.37,5.1,3.58,45.26,14.34
118,2.14988,1,13.5,38.33,2.94,23.47,8.44,20.77,24.25,5.19,3.58,45.26,14.06
119,2.14988,1,13.5,38.33,2.89,23.13,8.85,20.77,24.12,5.21,3.58,44.96,14.11
120,2.14988,1,13.56,38.33,2.93,23.7,8.57,20.86,24.25,5.25,3.56,44.96,13.83
121,2.40975,1,13.56,38.1,2.93,23.7,8.47,20.67,24.12,5.25,3.59,43.78,14.06
122,2.40975,1,13.61,38.1,2.93,23.7,8.64,20.58,24.12,5.23,3.54,42.11,14
123,2.40975,1,13.56,37.88,2.93,23.47,8.44,20.58,24,5.3,3.61,43.5,13.83
124,2.40975,1,13.56,38.1,2.93,23.47,8.85,20.49,24,5.28,3.56,45.26,13.83
125,2.40975,1,13.56,38.1,2.93,23.47,8.31,20.67,24,5.16,3.51,45.26,13.78
126,2.40975,1,13.56,37.88,2.93,23.47,8.34,20.67,23.88,5.16,3.54,44.66,13.56
127,2.40975,1,13.61,38.1,2.93,23.47,8.37,20.67,24.12,5.1,3.58,45.57,14
128,2.40975,1,13.4,37.88,2.93,23.36,8.41,20.58,23.75,5.21,3.58,46.19,13.94
129,2.40975,1,13.4,37.88,2.93,23.36,8.37,20.86,23.51,5.34,3.58,45.57,13.83
130,2.40975,1,13.4,37.88,2.93,23.36,8.71,20.4,23.75,5.21,3.58,43.5,13.67
131,2.40975,1,13.5,37.88,2.93,23.36,8.34,20.58,23.88,5.25,3.62,45.26,13.78
132,2.40975,1,13.56,37.88,2.93,23.13,8.61,20.31,23.75,5.28,3.59,45.57,14.06
133,2.40975,1,13.5,37.88,2.93,23.13,8.24,20.4,23.88,5.28,3.66,45.26,13.61
134,2.40975,1,13.56,37.88,2.94,23.24,8.57,20.58,23.63,5.25,3.62,46.19,13.72
135,2.40975,1,13.5,37.65,2.93,23.02,8.15,20.4,23.75,5.28,3.58,45.88,13.67
136,2.40975,1,13.61,37.65,2.93,22.91,8.24,20.22,22.92,5.1,3.58,44.96,13.83
137,2.40975,1,13.67,37.88,2.94,22.91,8.24,20.13,23.16,5.34,3.59,45.26,13.89
138,2.40975,1,13.56,37.65,2.93,22.91,8.44,20.13,23.27,5.28,3.62,46.19,13.89
139,2.40975,1,13.5,37.88,2.96,22.8,8.61,20.04,23.39,5.37,3.64,43.22,14
140,2.40975,1,13.4,37.65,2.94,22.69,8.34,19.86,23.16,5.43,3.62,47.15,13.72
141,2.40975,1,13.56,37.43,2.93,22.69,8.99,19.95,23.51,5.37,3.62,44.37,13.89
142,2.40975,1,13.56,37.43,2.94,22.58,8.74,19.77,23.16,5.39,3.67,44.37,14.11
143,2.40975,1,13.5,37.21,2.94,22.37,8.41,19.86,22.81,5.3,3.62,43.22,14.23
144,2.40975,1,13.56,37.65,2.96,22.58,8.34,19.86,23.04,5.5,3.66,45.57,14.17
145,2.40975,1,13.45,37.65,2.96,22.58,9.02,20.04,22.92,5.5,3.64,44.66,14.06
146,2.40975,1,13.5,37.65,2.97,22.47,8.34,19.95,22.92,5.37,3.62,44.66,14.29
147,2.40975,1,13.4,37.43,2.94,22.26,8.31,19.69,22.7,5.48,3.58,44.07,13.83
148,2.40975,1,13.5,37.43,2.94,22.26,8.61,19.51,22.58,5.43,3.51,45.57,13.61
149,2.40975,1,13.72,37.65,3.01,22.37,9.06,19.86,23.04,5.62,3.62,44.66,14.06
150,2.40975,1,13.56,37.43,2.96,22.26,8.64,19.6,23.27,5.57,3.54,42.38,13.94
151,2.40975,1,13.5,37.43,2.96,22.05,8.81,19.6,22.58,5.43,3.74,44.96,13.89
152,2.40975,1,13.5,37.65,2.93,21.53,8.88,19.69,22.58,5.67,3.59,45.26,13.94
153,2.40975,1,13.45,37.43,2.96,21.74,8.05,19.34,22.47,5.55,3.61,44.96,13.94
154,2.40975,1,13.45,37.43,2.94,21.43,8.47,19.34,22.36,5.57,3.62,44.66,13.78
155,2.40975,1,13.5,37.43,2.96,21.43,8.47,19.34,22.25,5.46,3.59,49.87,14.11
156,2.40975,1,13.45,37.21,2.94,21.23,8.71,19.51,22.25,5.6,3.56,44.66,14.34
157,2.40975,1,13.61,37.65,2.97,21.33,8.61,19.43,24.76,5.46,3.39,46.51,14.11
158,2.40975,1,13.5,38.1,2.94,21.33,8.68,19.34,25.42,5.28,3.28,45.26,14.34
159,2.40975,1,13.45,38.56,2.94,21.43,8.44,19.26,25.96,5.19,3.19,45.88,14.34
160,2.40975,1,13.45,39.03,2.94,21.53,8.61,19.34,25.69,5.16,3.17,43.22,14.4
161,2.40975,1,13.34,39.5,2.93,21.14,8.57,19.18,25.82,5.21,3.14,45.88,14.34
162,2.40975,1,13.4,39.99,2.94,21.23,8.71,19.51,26.1,5.12,3.16,44.66,13.94
163,2.40975,1,13.4,40.23,2.93,21.74,8.64,19.51,25.82,5.16,3.13,44.66,14.17
164,2.40975,1,13.5,40.48,2.91,21.14,8.54,19.6,25.96,5.1,3.11,44.66,14.06
165,2.40975,1,13.45,40.48,2.89,21.14,8.78,19.6,25.96,5.05,3.13,44.96,14.11
166,2.40975,1,13.4,40.73,2.91,21.04,8.28,19.6,25.96,5.16,3.14,44.96,14.34
167,2.40975,1,13.45,40.48,2.91,21.14,8.57,19.43,25.82,5.03,3.14,51.34,14
168,2.40975,1,13.34,40.73,2.93,21.74,8.85,19.43,25.28,5.08,3.17,45.26,14.23
169,2.40975,1,13.24,40.48,2.89,21.14,8.74,19.18,26.39,5.01,3.13,47.48,14.06
170,2.40975,1,13.34,40.48,2.91,20.94,8.31,19.34,25.55,5.16,3.17,46.19,14.06
171,2.40975,1,13.34,40.48,2.89,20.94,8.57,19.26,24.89,5.1,3.26,45.88,13.89
172,2.40975,1,13.24,40.48,2.89,21.33,8.68,19.51,25.28,5.08,3.14,43.78,13.4
173,2.40975,1,13.29,40.48,2.91,20.94,8.68,19.26,25.02,5.1,3.17,44.96,14
174,2.40975,1,13.29,40.48,2.93,21.53,8.92,19.18,24.76,5.12,3.16,46.19,13.5
175,2.40975,1,13.24,40.48,2.93,20.94,9.02,19.18,25.69,5.16,3.19,44.96,13.72
176,2.40975,1,13.13,40.23,2.94,20.65,8.61,18.93,24.76,5.16,3.22,43.5,11.66
177,2.40975,1,13.24,39.99,2.89,20.75,8.05,18.93,24.63,5.1,3.11,45.57,14.29
178,2.40975,1,13.24,40.23,2.91,21.23,8.68,18.93,24.37,5.19,3.17,45.26,13.89
179,2.40975,1,13.13,39.99,2.91,21.23,8.44,19.01,24.76,5.08,3.17,45.26,13.94
180,2.40975,1,13.13,39.99,2.93,21.23,8.54,19.01,24.63,5.21,3.25,45.57,13.89
181,2.65592,1,13.13,39.99,2.93,21.23,8.51,18.84,24.12,5.19,3.2,43.78,13.83
182,2.65592,1,13.13,39.99,2.93,21.14,8.41,18.84,24.12,5.05,3.23,43.78,13.45
183,2.65592,1,13.13,39.99,2.91,21.23,8.78,19.18,24.12,5.19,3.25,46.19,13.83
184,2.65592,1,13.13,39.99,2.93,21.14,7.99,19.01,24,5.19,3.23,45.57,14.11
185,2.65592,1,13.13,39.74,2.93,21.14,8.37,18.84,24,5.1,3.25,44.37,14.06
186,2.65592,1,13.08,39.74,2.93,21.33,8.05,18.93,23.75,5.23,3.25,44.37,13.89
187,2.65592,1,13.08,39.74,2.94,21.14,8.37,18.76,23.88,5.12,3.26,44.66,14
188,2.65592,1,13.08,39.74,2.97,21.04,8.81,18.84,23.88,5.14,3.26,44.96,13.72
189,2.65592,1,13.08,39.5,2.94,20.94,8.61,18.93,24,5.19,3.28,45.26,13.83
190,2.65592,1,13.13,39.5,2.94,21.04,8.99,18.93,23.51,5.34,3.22,44.37,13.94
191,2.65592,1,13.13,39.74,2.96,21.04,8.31,18.93,23.39,5.16,3.22,44.66,13.72
192,2.65592,1,13.08,39.74,2.94,21.04,8.34,18.84,23.51,5.21,3.22,45.57,14.11
193,2.65592,1,13.13,39.5,2.94,20.94,8.37,18.68,23.51,5.23,3.17,44.66,13.94
194,2.65592,1,13.08,39.5,2.94,20.94,8.71,18.6,23.51,5.14,3.22,45.26,14
195,2.65592,1,13.13,39.74,2.96,20.94,8.28,18.52,23.51,5.14,3.25,44.96,13.94
196,2.65592,1,13.13,39.74,2.96,21.04,8.71,18.84,23.39,5.21,3.26,44.66,14.06
197,2.65592,1,13.03,39.5,2.96,20.94,8.41,18.93,23.75,5.14,3.23,47.15,13.29
198,2.65592,1,13.13,39.5,3.02,20.94,8.85,18.6,23.04,5.19,3.26,49.17,13.45
199,2.65592,1,13.08,39.5,2.96,20.84,8.24,18.93,22.36,5.32,3.26,46.83,13.45
200,2.65592,1,13.08,39.5,2.96,20.94,8.44,19.01,23.04,5.37,3.25,45.57,13.94
201,2.65592,1,13.03,39.26,2.97,20.94,8.78,18.76,22.47,5.3,3.22,47.15,13.4
202,2.65592,1,13.08,39.5,2.99,20.94,8.41,18.13,22.92,5.25,3.31,45.57,14
203,2.65592,1,13.08,39.5,2.99,20.84,8.95,18.84,23.16,5.28,3.31,44.96,14
204,2.65592,1,13.13,39.5,3.02,20.94,8.51,18.93,22.92,5.34,3.32,45.57,14.11
205,2.65592,1,13.08,39.5,3.02,20.84,8.81,18.68,22.47,5.28,3.31,44.96,14
206,2.65592,1,13.03,39.26,2.97,20.75,7.99,18.84,23.39,5.23,3.31,45.26,13.89
207,2.65592,1,13.08,39.26,3.01,20.84,8.57,18.84,22.58,5.37,3.34,45.57,13.78
208,2.65592,1,13.03,39.26,2.99,20.65,8.71,18.6,22.36,5.39,3.32,45.88,13.45
209,2.65592,1,13.03,39.26,3.02,20.75,8.78,18.52,22.25,5.41,3.34,45.88,13.56
210,2.65592,1,12.98,39.03,2.99,20.56,8.81,18.68,22.14,5.37,3.31,45.26,13.08
211,2.65592,1,12.98,39.03,2.97,20.56,8.24,18.76,22.14,5.39,3.31,46.19,13.45
212,2.65592,1,12.92,39.03,2.97,20.46,8.51,18.68,22.25,5.41,3.31,44.66,13.72
213,2.65592,1,13.18,39.5,3.07,20.84,8.47,18.6,22.47,5.5,3.48,42.66,14
214,2.65592,1,13.18,39.26,3.06,20.75,8.99,18.84,22.36,5.43,3.4,45.88,13.61
215,2.65592,1,13.18,39.26,3.06,20.65,8.24,18.84,22.25,5.46,3.4,45.26,13.89
216,2.65592,1,13.03,39.03,2.99,20.46,8.15,18.68,22.03,5.34,3.32,44.66,13.24
217,2.65592,1,13.08,39.03,2.99,20.65,8.24,18.68,22.03,5.41,3.37,43.78,13.5
218,2.65592,1,13.03,38.79,2.99,20.37,8.44,18.52,21.49,5.37,3.34,44.66,13.4
219,2.65592,1,12.87,38.79,2.99,20.27,8.11,18.36,21.71,5.39,3.35,43.22,13.67
220,2.65592,1,13.08,39.03,3.07,20.56,8.71,18.6,21.81,5.48,3.42,43.78,13.61
221,2.65592,1,13.08,39.03,3.09,20.46,8.57,18.6,21.71,5.5,3.43,44.07,13.72
222,2.65592,1,12.67,38.56,3.04,20.27,8.21,18.36,21.6,5.37,3.37,44.37,13.13
223,2.65592,1,12.92,38.56,3.02,20.27,8.74,18.44,21.6,5.43,3.39,44.37,13.72
224,2.65592,1,12.98,38.79,3.06,20.37,8.64,18.6,21.6,5.34,3.42,43.78,13.78
225,2.65592,1,12.87,38.56,3.02,20.18,8.51,18.6,21.18,5.41,3.39,44.07,13.61
226,2.65592,1,12.92,38.56,3.02,20.46,8.81,18.68,21.49,5.48,3.45,44.07,13.78
227,2.65592,1,12.87,38.56,3.02,20.37,8.64,18.68,21.18,5.39,3.46,44.37,13.67
228,2.65592,1,12.87,38.56,3.04,20.09,8.54,18.28,21.39,5.64,3.45,45.88,13.29
229,2.65592,1,12.98,38.79,3.06,20.09,8.85,18.44,21.18,5.43,3.46,44.07,13.4
230,2.65592,1,13.08,38.79,3.07,20.18,8.37,18.36,21.18,5.46,3.45,43.5,13.45
231,2.65592,1,13.18,39.03,3.17,20.27,9.02,18.68,21.29,5.69,3.58,45.57,14.06
232,2.65592,1,13.08,39.03,3.19,20.37,9.02,18.68,21.18,5.55,3.61,46.51,14.46
233,2.65592,1,12.92,38.79,3.07,20.18,8.47,18.52,20.58,5.53,3.54,44.96,13.89
234,2.65592,1,12.98,39.03,3.16,20.27,8.02,18.68,21.08,5.5,3.56,45.26,13.83
235,2.65592,1,13.03,38.79,3.12,20.27,8.47,18.6,20.58,5.6,3.53,44.96,14.06
236,2.65592,1,13.03,38.79,3.11,20.18,8.57,18.68,20.58,5.6,3.46,44.96,13.56
237,2.65592,1,13.03,39.03,3.14,20.09,8.34,18.68,20.78,5.6,3.54,45.26,14
238,2.65592,1,13.08,38.79,3.17,20.09,8.81,18.6,20.48,5.5,3.61,44.96,11.48
239,2.65592,1,13.18,39.03,3.28,20.27,9.06,18.84,20.68,5.76,3.61,45.57,13.83
240,2.65592,1,13.08,39.03,3.19,20.18,8.47,18.52,20.48,5.71,3.62,45.88,14.11
241,2.88881,1,13.13,39.03,3.24,20.27,8.41,18.68,19.9,5.74,3.67,45.26,13.56
242,2.88881,1,13.13,38.79,3.21,20.09,8.37,18.6,20.68,5.67,3.67,45.26,13.72
243,2.88881,1,13.03,38.56,3.21,20,8.51,18.68,20.98,5.64,3.62,44.96,13.89
244,2.88881,1,12.98,38.56,3.19,19.91,8.99,18.68,21.08,5.74,3.59,44.96,14.17
245,2.88881,1,13.13,38.56,3.21,19.91,8.57,18.68,21.18,5.98,3.62,44.96,14.17
246,2.88881,1,13.18,38.79,3.23,20,8.95,18.68,21.49,5.62,3.67,44.66,13.72
247,2.88881,1,13.08,38.79,3.26,20,8.61,18.68,21.29,5.74,3.69,46.83,14.17
248,2.88881,1,13.13,38.79,3.24,19.91,8.44,18.68,21.92,5.81,3.69,44.66,14.52
249,2.88881,1,13.18,38.79,3.29,19.91,9.13,18.6,22.14,6.13,3.72,45.26,14.29
250,2.88881,1,12.87,37.88,3.14,19.55,8.78,18.13,21.71,5.69,3.64,44.66,13.5
251,2.88881,1,13.4,38.1,3.16,19.55,8.41,18.28,22.03,5.74,3.59,44.07,13.5
252,2.88881,1,13.24,38.79,3.31,19.91,8.68,18.6,22.47,6.16,3.76,44.96,14.58
253,2.88881,1,13.08,38.79,3.29,19.91,8.78,18.52,22.47,5.84,3.72,45.26,14.06
254,2.88881,1,12.87,38.33,3.19,19.55,8.47,18.44,22.14,5.86,3.58,42.38,13.89
255,2.88881,1,12.87,38.33,3.19,19.46,8.24,18.44,22.25,5.93,3.67,44.37,13.56
256,2.88881,1,12.92,38.33,3.19,19.55,8.11,18.13,22.36,5.71,3.59,44.37,13.56
257,2.88881,1,12.87,38.1,3.17,19.46,8.71,18.2,22.58,5.64,3.62,44.37,14
258,2.88881,1,12.98,38.33,3.21,19.55,8.81,18.44,22.7,5.74,3.69,44.66,13.89
259,2.88881,1,13.03,38.33,3.23,19.55,8.44,18.44,22.58,5.98,3.74,43.22,14.06
260,2.88881,1,13.03,38.56,3.21,19.55,8.44,18.13,22.7,5.93,3.71,44.66,13.78
261,2.88881,1,13.03,38.56,3.23,19.55,8.21,18.28,22.81,5.6,3.71,44.96,14.06
262,2.88881,1,13.13,39.03,3.33,19.82,8.47,18.52,23.16,5.74,3.79,46.83,14.23
263,2.88881,1,12.87,38.33,3.21,19.37,8.51,18.36,23.27,6.03,3.67,44.96,13.89
264,2.88881,1,12.92,38.33,3.23,19.29,9.09,18.2,22.7,5.93,3.67,44.96,14.17
265,2.88881,1,12.98,38.33,3.29,19.29,8.54,18.28,22.81,6.16,3.67,46.51,14.17
266,2.88881,1,13.08,38.56,3.31,19.46,8.95,18.44,22.92,5.98,3.72,44.66,14.06
267,2.88881,1,13.13,38.79,3.36,19.55,8.54,18.52,23.04,6.16,3.84,44.66,14.06
268,2.88881,1,12.87,38.1,3.24,19.11,8.21,18.2,22.25,5.96,3.61,42.94,13.83
269,2.88881,1,12.92,38.1,3.23,19.11,8.31,18.13,22.81,5.84,3.64,44.07,13.94
270,2.88881,1,12.82,37.88,3.23,19.03,8.92,17.97,22.81,5.81,3.61,43.5,13.83
271,2.88881,1,12.92,38.1,3.28,19.2,9.02,18.36,22.92,5.86,3.66,44.37,14.17
272,2.88881,1,13.03,37.21,3.35,19.37,8.99,18.44,22.58,5.98,3.71,41.05,14.23
273,2.88881,1,12.87,37.88,3.28,19.11,8.47,18.36,22.7,5.93,3.64,46.51,14
274,2.88881,1,12.87,38.1,3.26,19.03,8.85,18.2,22.81,5.96,3.64,44.37,14.17
275,2.88881,1,13.03,38.1,3.26,19.11,8.99,18.28,22.92,6.06,3.64,44.37,14.06
276,2.88881,1,13.03,38.79,3.29,19.11,8.51,18.2,22.92,6.11,3.64,44.96,13.89
277,2.88881,1,12.98,38.1,3.29,19.11,8.81,18.13,23.04,6.06,3.66,44.37,14
278,2.88881,1,13.18,38.56,3.45,19.37,8.81,18.52,23.04,6.11,3.74,44.66,14.4
279,2.88881,1,13.13,38.56,3.4,19.37,8.41,18.52,23.16,6.03,3.72,45.26,13.83
280,2.88881,1,13.24,37.43,3.43,19.37,8.54,18.6,24.25,6.16,3.77,43.22,13.89
281,2.88881,1,13.13,38.33,3.4,19.2,8.61,18.44,22.92,6.08,3.72,42.11,13.29
282,2.88881,1,13.13,38.33,3.4,19.11,8.64,18.36,22.92,6.16,3.72,45.88,13.94
283,2.88881,1,13.24,38.56,3.45,19.29,9.17,18.52,23.51,6.26,3.77,45.26,13.83
284,2.88881,1,13.13,38.33,3.42,19.11,8.51,18.36,22.92,6.23,3.71,45.26,14.29
285,2.88881,1,13.18,38.56,3.47,19.2,9.09,18.52,23.04,6.31,3.79,45.57,13.94
286,2.88881,1,12.98,38.1,3.36,19.03,8.81,18.13,22.92,6.11,3.72,46.19,14.06
287,2.88881,1,12.98,38.1,3.36,18.94,8.51,18.2,23.04,6.16,3.71,44.96,14.11
288,2.88881,1,12.92,38.1,3.36,18.86,8.64,18.13,22.58,6.28,3.76,44.37,13.94
289,2.88881,1,13.03,38.1,3.33,18.94,8.64,18.2,22.92,6.13,3.72,45.26,14
290,2.88881,1,13.18,38.56,3.45,19.11,8.64,18.44,23.27,6.44,3.77,45.26,14.17
291,2.88881,1,13.08,38.33,3.45,19.03,8.64,18.2,22.7,6.33,3.76,45.57,13.72
292,2.88881,1,13.03,38.1,3.38,18.94,8.51,18.28,22.81,6.08,3.72,45.26,13.67
293,2.88881,1,13.08,38.33,3.4,18.94,8.51,18.36,23.04,6.13,3.74,45.57,12.13
294,2.88881,1,13.03,38.1,3.38,18.69,8.95,18.28,23.04,6.16,3.74,44.96,14
295,2.88881,1,12.92,37.88,3.35,18.69,8.95,18.2,22.58,6.18,3.72,44.96,13.45
296,2.88881,1,13.08,38.1,3.38,18.77,8.68,18.28,22.92,6.26,3.74,42.11,13.56
297,2.88881,1,13.08,38.33,3.42,18.86,8.51,18.36,23.51,6.6,3.74,44.96,13.56
298,2.88881,1,13.03,38.1,3.42,18.94,8.24,18.2,22.47,6.33,3.74,44.07,14
299,2.88881,1,13.13,38.33,3.45,18.86,9.02,18.36,22.03,6.49,3.74,45.26,14.06
300,2.88881,1,13.08,38.1,3.4,18.61,8.85,17.97,22.25,6.28,3.74,44.37,13.72
301,3.10884,2,13.24,38.56,3.52,18.86,8.81,18.44,22.47,6.46,3.89,45.88,13.78
302,3.10884,2,13.18,38.1,3.42,18.61,8.54,18.28,22.47,6.26,3.77,44.66,14.06
303,3.10884,2,13.29,38.33,3.47,18.69,8.74,18.44,22.47,6.46,3.81,45.26,13.83
304,3.10884,2,13.24,38.1,3.43,18.69,8.51,18.44,22.58,6.54,3.81,44.66,14.23
305,3.10884,2,13.13,38.1,3.42,18.52,9.02,18.36,22.03,6.57,3.79,44.66,13.72
306,3.10884,2,13.08,37.88,3.4,18.44,8.64,18.28,22.03,6.23,3.77,44.07,13.72
307,3.10884,2,13.08,37.88,3.42,18.52,9.13,18.28,21.71,6.28,3.77,44.37,14.29
308,3.10884,2,13.13,38.1,3.43,18.52,8.51,18.36,21.92,6.36,3.79,44.66,14.23
309,3.10884,2,13.18,38.1,3.47,18.52,9.02,18.36,21.6,6.46,3.81,44.66,13.89
310,3.10884,2,13.13,37.88,3.43,18.69,8.57,18.28,21.71,6.49,3.79,45.57,13.78
311,3.10884,2,13.13,37.88,3.45,18.44,8.64,18.44,21.92,6.33,3.81,44.96,13.67
312,3.10884,2,13.29,38.33,3.54,18.61,8.74,18.6,22.03,6.52,3.89,44.96,13.89
313,3.10884,2,13.08,37.88,3.45,18.44,8.95,18.44,21.18,6.46,3.79,45.26,14.17
314,3.10884,2,13.03,37.65,3.42,18.28,8.85,18.36,20.29,6.46,3.81,44.37,14.06
315,3.10884,2,12.98,37.65,3.43,18.28,8.99,18.36,20.88,6.52,3.81,44.96,14.06
316,3.10884,2,13.29,38.1,3.5,18.44,9.24,18.44,20.78,6.84,3.82,44.37,13.83
317,3.10884,2,13.24,37.88,3.5,18.36,8.54,18.44,20.29,6.62,3.82,44.66,14.17
318,3.10884,2,13.4,38.1,3.56,18.44,9.13,18.44,21.08,6.49,3.92,45.26,12.82
319,3.10884,2,13.34,37.65,3.49,18.2,8.74,18.28,20.98,6.57,3.82,44.37,11.04
320,3.10884,2,13.18,37.88,3.5,18.28,8.74,18.36,20.88,6.6,3.86,43.22,13.4
321,3.10884,2,13.13,37.65,3.47,18.12,9.17,18.28,20.88,6.54,3.82,43.22,13.94
322,3.10884,2,13.13,37.65,3.5,18.2,8.51,18.36,20.29,6.57,3.86,45.26,14.23
323,3.10884,2,13.18,37.65,3.5,18.12,8.99,18.28,20.78,6.54,3.77,42.94,14
324,3.10884,2,13.24,37.65,3.54,18.2,8.99,18.36,20.98,7.32,3.87,41.84,14.06
325,3.10884,2,13.13,37.65,3.5,18.12,9.09,18.28,20.58,6.49,3.84,44.07,13.78
326,3.10884,2,13.13,37.43,3.5,18.12,9.31,18.2,20.78,6.62,3.82,43.78,14.06
327,3.10884,2,13.18,37.65,3.54,18.12,8.78,18.2,20.48,6.84,3.87,44.07,13.72
328,3.10884,2,13.13,37.65,3.52,18.04,8.68,18.2,20.29,6.73,3.92,48.14,14.17
329,3.10884,2,13.18,37.43,3.52,18.04,8.61,18.2,20.48,6.9,3.89,42.66,14.17
330,3.10884,2,13.18,37.65,3.54,18.04,8.78,18.2,20.98,6.68,3.91,43.78,13.89
331,3.10884,2,13.18,37.65,3.57,18.04,8.71,18.13,21.08,6.54,3.91,43.78,13.83
332,3.10884,2,13.13,37.43,3.56,17.96,8.92,18.05,20.88,6.57,3.84,42.94,13.83
333,3.10884,2,13.29,37.43,3.57,18.04,9.2,18.13,20.98,6.79,3.89,43.5,13.83
334,3.10884,2,13.29,37.21,3.61,17.96,8.64,18.13,20.98,6.87,3.91,43.78,12.03
335,3.10884,2,13.29,37.65,3.63,18.04,9.06,18.2,21.29,6.92,3.97,41.84,14.46
336,3.10884,2,13.29,37.43,3.63,18.04,8.74,18.13,21.39,6.68,3.94,42.94,14.11
337,3.10884,2,13.29,37.43,3.65,17.96,9.38,18.28,21.6,7.06,3.92,42.94,14.34
338,3.10884,2,13.34,37.43,3.65,18.04,9.31,18.36,21.39,6.79,3.97,43.22,14.46
339,3.10884,2,13.34,37.65,3.68,18.04,9.27,18.44,21.49,6.87,3.99,43.78,14.46
340,3.10884,2,13.45,37.65,3.76,18.2,9.09,18.44,21.49,7.06,4.03,40.54,14.58
341,3.10884,2,13.24,37.21,3.68,17.96,8.68,18.2,20.98,6.95,3.96,42.94,13.94
342,3.10884,2,13.34,37.43,3.79,18.04,9.06,18.36,21.29,7.38,4.03,42.94,14.52
343,3.10884,2,13.45,37.43,3.79,18.12,9.49,18.44,21.39,7.32,4.03,42.66,14.46
344,3.10884,2,13.45,37.65,3.79,18.04,8.99,18.36,21.71,7.01,4.1,42.94,14.52
345,3.10884,2,13.5,37.43,3.85,18.12,9.38,18.52,21.81,7.09,4.08,44.07,14.4
346,3.10884,2,13.56,37.65,3.89,18.12,9.53,18.28,21.71,7.32,4.15,44.37,14.23
347,3.10884,2,13.5,37.43,3.91,18.04,8.99,18.52,21.49,7.21,4.11,43.22,14.11
348,3.10884,2,13.78,37.65,3.91,18.2,9.57,18.52,21.29,7.32,4.13,44.37,14.17
349,3.10884,2,13.67,37.43,3.89,18.04,9.17,18.28,21.18,7.26,4.13,43.22,14.29
350,3.10884,2,13.61,37.21,3.91,18.04,9.57,18.52,21.29,7.38,4.03,43.22,14.11
351,3.10884,2,13.61,37.21,3.94,17.96,9.27,18.44,21.81,7.44,4.2,41.05,14.46
352,3.10884,2,13.5,36.99,3.92,17.88,9.2,18.36,21.08,7.5,4.13,43.22,13.94
353,3.10884,2,13.56,37.21,3.94,17.96,9.61,18.44,21.6,7.77,4.13,42.66,14.11
354,3.10884,2,13.61,37.21,3.92,17.88,8.92,18.44,21.39,7.23,4.15,44.37,14.23
355,3.10884,2,13.56,37.21,3.96,17.8,8.85,18.36,21.39,7.15,4.13,42.94,14.11
356,3.10884,2,13.61,36.99,3.98,17.88,9.31,18.44,21.29,7.83,4.17,44.37,14.46
357,3.10884,2,13.56,36.99,3.94,17.8,9.57,18.28,20.98,7.41,4.13,42.94,14.64
358,3.10884,2,13.72,36.99,4,17.8,9.06,18.6,21.08,7.44,4.2,41.84,14.4
359,3.10884,2,13.67,36.99,3.98,17.73,9.06,18.6,21.18,7.59,4.19,42.11,14.29
360,3.10884,2,13.67,36.99,4,17.73,8.99,18.44,20.98,7.62,4.15,42.94,14.29
361,3.31643,2,13.67,36.99,4.02,17.73,9.06,18.52,20.98,7.47,4.17,43.22,15
362,3.31643,2,13.5,36.57,3.96,17.5,8.85,18.36,20.88,7.59,4.15,42.38,14.76
363,3.31643,2,13.56,36.78,4,17.57,8.99,18.52,21.08,7.5,4.17,44.37,14.34
364,3.31643,2,13.61,36.99,4.04,17.65,9.31,18.6,20.88,7.5,4.28,42.11,14.23
365,3.31643,2,13.56,36.99,4.02,17.8,9.17,18.6,20.78,7.53,4.19,42.94,14.52
366,3.31643,2,13.5,36.78,3.98,17.5,9.38,18.52,20.29,7.56,4.13,42.66,14.4
367,3.31643,2,13.56,36.78,4.04,17.5,9.17,18.6,20.38,8.15,4.17,42.94,14.88
368,3.31643,2,13.18,36.14,3.83,17.05,8.54,18.2,20.78,7.21,4.04,41.58,14.4
369,3.31643,2,12.92,35.73,3.63,16.61,8.99,17.82,20.38,7.18,3.99,40.54,14.06
370,3.31643,2,13.13,36.35,3.76,16.9,8.61,18.13,20.58,7.21,4.17,41.58,14.4
371,3.31643,2,13.24,36.57,3.83,17.12,9.49,18.28,21.18,7.65,4.11,41.05,11.99
372,3.31643,2,13.34,36.99,3.91,17.27,8.85,18.36,20.48,7.59,4.15,42.66,14.23
373,3.31643,2,13.45,36.99,3.94,17.34,8.95,18.52,20.19,7.47,4.22,44.07,14.58
374,3.31643,2,13.5,36.99,4,17.42,8.88,18.6,19.81,7.65,4.17,44.07,14.7
375,3.31643,2,13.5,36.78,4,17.42,9.35,18.6,19.72,7.8,4.2,43.22,14.29
376,3.31643,2,13.45,36.57,4,17.27,9.53,18.44,19.81,7.74,4.17,43.22,14.4
377,3.31643,2,13.45,36.57,4.02,17.27,9.35,18.44,20.38,7.77,4.19,42.66,14.94
378,3.31643,2,13.34,36.35,4,17.19,9.49,18.36,19.81,8.47,4.17,41.84,14.76
379,3.31643,2,13.5,36.35,3.98,17.12,9.38,18.36,19.72,7.41,4.17,41.84,14.52
380,3.31643,2,13.5,36.35,4.02,17.19,9.46,18.44,19.72,8.08,4.2,41.84,14.82
381,3.31643,2,13.56,36.57,4.06,17.27,9.42,18.44,19.44,7.65,4.24,42.11,14.52
382,3.31643,2,13.45,36.14,4.02,17.12,9.17,18.36,18.91,7.71,4.22,41.84,14.88
383,3.31643,2,13.5,35.94,4.04,17.05,8.99,18.28,18.99,7.71,4.19,41.84,14.58
384,3.31643,2,13.45,35.94,4.02,16.97,8.95,18.2,19.44,7.83,4.17,41.58,14.58
385,3.31643,2,13.45,35.94,4.04,16.97,9.24,18.13,18.73,7.8,4.13,41.84,14.94
386,3.31643,2,13.34,35.73,4.04,16.9,8.95,18.05,18.73,7.77,4.19,40.8,14.58
387,3.31643,2,13.4,35.94,4.06,16.9,8.88,18.36,18.82,7.99,4.2,41.84,14.94
388,3.31643,2,13.34,35.73,4.06,16.9,8.92,18.28,18.99,7.83,4.15,41.32,14.94
389,3.31643,2,13.34,35.73,4.06,16.83,9.42,18.28,19.17,7.89,4.19,41.32,14.82
390,3.31643,2,13.29,35.73,4.06,16.83,8.78,18.2,18.48,7.89,4.22,41.32,14.76
391,3.31643,2,13.45,35.73,4.08,16.83,9.13,18.05,18.48,7.96,4.22,41.32,14.82
392,3.31643,2,13.45,35.73,4.1,16.83,8.99,18.2,18.39,7.99,4.22,41.58,14.76
393,3.31643,2,13.45,35.73,4.1,16.9,9.35,18.28,18.73,8.18,4.24,43.22,15
394,3.31643,2,13.45,35.53,4.1,16.83,8.81,18.28,18.99,8.15,4.24,41.58,14.94
395,3.31643,2,13.4,35.32,4.08,16.61,8.85,18.2,18.14,8.08,4.37,41.32,14.76
396,3.31643,2,13.5,35.73,4.12,16.76,9.46,18.36,17.73,8.05,4.26,41.84,14.82
397,3.31643,2,13.34,35.32,4.12,16.61,9.53,18.2,18.39,8.11,4.22,41.05,14.82
398,3.31643,2,13.45,35.53,4.1,16.68,9.06,18.28,18.22,7.99,4.26,40.04,14.76
399,3.31643,2,13.5,35.53,4.1,16.61,8.95,18.2,17.65,8.05,4.24,41.05,14.76
400,3.31643,2,13.4,35.53,4.12,16.61,9.17,18.28,17.98,8.15,4.37,41.58,14.82
401,3.31643,2,13.45,35.53,4.14,16.61,9.27,18.28,17.65,8.18,4.24,41.58,14.76
402,3.31643,2,13.4,35.32,4.12,16.54,9.35,18.2,17.26,8.11,4.24,41.32,14.76
403,3.31643,2,13.34,35.12,4.12,16.47,9.02,18.2,17.42,8.15,4.26,42.11,14.64
404,3.31643,2,13.34,35.32,4.19,16.54,8.85,18.2,17.9,8.08,4.24,41.05,14.7
405,3.31643,2,13.13,34.93,4.02,16.19,9.2,17.97,17.11,7.96,4.29,39.06,14.46
406,3.31643,2,13.13,34.93,3.98,16.12,8.78,17.97,17.03,7.96,4.2,39.06,14.46
407,3.31643,2,13.34,35.32,4.12,16.47,8.81,18.2,17.42,8.15,4.28,40.54,14.64
408,3.31643,2,13.18,35.12,4.1,16.33,8.85,18.13,16.81,8.11,4.26,41.05,14.52
409,3.31643,2,13.34,35.12,4.14,16.4,8.88,18.2,17.03,8.28,4.29,40.54,14.64
410,3.31643,2,13.29,35.12,4.16,16.33,9.49,18.13,17.11,8.18,4.29,40.8,14.52
411,3.31643,2,13.34,35.12,4.16,16.4,8.95,18.13,17.19,8.21,4.28,40.54,14.58
412,3.31643,2,13.34,35.12,4.19,16.4,8.85,18.2,18.31,8.24,4.4,41.05,14.64
413,3.31643,2,13.29,34.93,4.16,16.54,9.24,18.2,16.73,8.18,4.29,41.05,14.7
414,3.31643,2,13.34,34.93,4.19,16.33,9.38,18.2,17.57,8.31,4.29,41.05,14.4
415,3.31643,2,13.29,34.93,4.19,16.33,9.06,18.13,17.81,8.34,4.31,46.83,14.46
416,3.31643,2,13.34,34.73,4.17,16.26,8.92,18.2,17.73,8.37,4.31,41.32,14.52
417,3.31643,2,13.34,34.73,4.25,16.33,9.35,18.13,17.65,8.34,4.31,41.05,12.37
418,3.31643,2,13.29,34.73,4.23,16.26,9.27,18.13,17.73,8.31,4.28,40.8,14.58
419,3.31643,2,13.24,34.34,4.21,16.12,9.35,18.05,17.42,8.34,4.29,40.8,14.58
420,3.31643,2,13.29,34.53,4.23,16.19,9.02,18.13,17.65,8.37,4.33,42.66,14.58
421,3.943121396628808,2,13.29,34.53,4.23,16.12,8.99,18.05,17.26,8.44,4.35,46.19,14.52
422,3.943121396628808,2,13.34,34.53,4.23,16.12,8.95,18.13,17.42,8.28,4.35,42.94,14.34
423,3.943121396628808,2,13.18,34.34,4.17,15.99,8.81,17.97,16.96,8.34,4.29,41.58,14.4
424,3.943121396628808,2,13.08,34.15,4.1,15.85,8.99,17.74,16.59,8.44,4.19,40.8,14.29
425,3.943121396628808,2,13.18,34.34,4.16,15.99,8.81,17.89,16.73,8.41,4.29,41.84,14.46
426,3.943121396628808,2,13.24,34.34,4.19,15.92,9.61,17.89,16.44,8.44,4.31,40.29,14.4
427,3.943121396628808,2,13.03,33.96,4.12,15.72,9.35,17.82,16.51,8.15,4.24,39.79,14.34
428,3.943121396628808,2,13.03,34.15,4.14,15.78,9.35,17.89,16.73,8.37,4.26,39.79,14.29
429,3.943121396628808,2,13.03,34.15,4.16,15.78,9.02,17.89,16.66,8.41,4.28,41.32,14.34
430,3.943121396628808,2,13.08,34.34,4.19,15.85,8.74,17.97,16.44,8.41,4.33,40.04,14.34
431,3.943121396628808,2,13.08,34.15,4.17,15.78,9.02,17.97,16.37,8.41,4.28,44.37,14.17
432,3.943121396628808,2,13.03,33.96,4.17,15.72,8.81,17.89,16.22,8.41,4.35,39.3,14.17
433,3.943121396628808,2,13.03,33.96,4.17,15.72,8.71,17.89,16.15,8.34,4.33,40.54,14.06
434,3.943121396628808,2,13.08,34.15,4.21,15.78,9.42,17.97,16.66,8.47,4.33,41.32,14.17
435,3.943121396628808,2,13.03,33.96,4.17,15.65,9.17,17.89,16.15,8.51,4.29,40.54,14.23
436,3.943121396628808,2,13.08,33.96,4.23,15.65,8.95,17.89,16.15,8.57,4.33,41.84,14.29
437,3.943121396628808,2,13.03,33.96,4.19,15.52,8.81,17.82,16.3,8.71,4.31,41.32,14.17
438,3.943121396628808,2,13.08,33.96,4.21,15.65,9.31,17.89,16.15,8.61,4.28,40.8,14.34
439,3.943121396628808,2,13.03,33.77,4.19,15.59,9.17,17.82,15.87,8.57,4.33,39.55,14.29
440,3.943121396628808,2,12.98,33.77,4.21,15.52,8.92,17.82,15.6,8.47,4.31,40.29,14.4
441,3.943121396628808,2,13.08,33.96,4.21,15.59,8.92,17.89,15.87,8.54,4.37,40.29,14.46
442,3.943121396628808,2,13.03,33.77,4.21,15.52,8.81,17.74,14.88,8.21,4.4,39.79,13.94
443,3.943121396628808,2,12.98,33.58,4.21,15.46,8.85,17.67,15.67,8.57,4.35,39.3,14.34
444,3.943121396628808,2,13.08,33.77,4.27,15.59,9.09,17.74,15.94,8.67,4.35,39.55,14.4
445,3.943121396628808,2,12.92,33.58,4.23,15.46,8.78,17.59,15.2,8.74,4.39,38.83,14.34
446,3.943121396628808,2,12.98,33.4,4.21,15.39,9.2,17.52,15.47,8.67,4.33,39.3,13.61
447,3.943121396628808,2,12.87,33.4,4.17,15.33,9.2,17.52,15.4,8.54,4.33,38.12,14.06
448,3.943121396628808,2,12.87,33.4,4.21,15.33,8.68,17.52,15.4,8.64,4.35,40.04,14.34
449,3.943121396628808,2,12.82,33.21,4.19,15.33,8.81,17.44,15.14,8.57,4.33,37.44,14.4
450,3.943121396628808,2,12.98,33.21,4.21,15.33,9.09,17.52,15.01,8.99,4.33,38.59,13.78
451,3.943121396628808,2,12.87,33.03,4.19,15.2,9.38,17.37,14.88,8.74,4.31,38.83,14.29
452,3.943121396628808,2,12.87,33.21,4.21,15.2,9.38,17.37,15.01,8.88,4.31,38.83,13.72
453,3.943121396628808,2,12.92,33.03,4.21,15.26,8.78,17.37,14.95,8.71,4.33,40.04,14.34
454,3.943121396628808,2,12.87,33.03,4.21,15.14,9.2,17.3,14.82,8.51,4.33,38.36,14
455,3.943121396628808,2,12.87,33.03,4.19,15.14,8.68,17.3,14.69,8.64,4.31,39.3,14.23
456,3.943121396628808,2,12.82,33.03,4.23,15.2,8.99,17.3,14.45,8.54,4.37,39.06,14.23
457,3.943121396628808,2,12.77,33.03,4.17,15.14,8.64,17.3,15.2,8.67,4.33,38.12,14.17
458,3.943121396628808,2,12.67,32.67,4.14,14.95,8.57,17.08,14.57,8.71,4.29,39.55,13.56
459,3.943121396628808,2,12.67,32.85,4.16,15.01,8.61,17.15,14.32,8.64,4.4,38.36,14.11
460,3.943121396628808,2,12.77,33.03,4.19,15.01,8.64,17.22,14.51,8.74,4.33,39.06,14.29
461,3.943121396628808,2,12.72,33.03,4.17,15.07,8.68,17.22,14.32,8.28,4.33,39.06,14.23
462,3.943121396628808,2,12.47,32.49,4.1,14.89,8.54,16.93,14.38,8.64,4.29,38.59,13.94
463,3.943121396628808,2,12.67,33.03,4.17,15.01,8.85,17.08,14.45,8.67,4.26,38.36,14
464,3.943121396628808,2,12.62,32.67,4.17,14.89,8.61,17.01,14.95,8.67,4.33,38.12,13.94
465,3.943121396628808,2,12.52,32.49,4.06,14.7,8.47,16.86,14.45,8.15,4.28,37.67,13.83
466,3.943121396628808,2,12.52,33.03,4.14,14.95,9.06,17.01,14.03,8.71,4.33,37.67,14
467,3.943121396628808,2,12.67,32.85,4.12,14.89,8.71,17.01,14.57,8.28,4.28,42.66,13.94
468,3.943121396628808,2,12.37,32.32,4,14.58,8.31,16.72,13.51,8.67,4.22,37,13.78
469,3.943121396628808,2,12.32,32.32,3.96,14.52,8.95,16.65,14.32,9.02,4.22,37.67,13.61
470,3.943121396628808,2,12.82,32.49,4,14.58,8.71,16.72,14.45,8.57,4.24,38.83,13.61
471,3.943121396628808,2,13.03,32.85,4.12,14.82,8.81,16.93,14.69,8.99,4.31,37.9,13.61
472,3.943121396628808,2,12.57,32.67,4.12,14.82,8.41,17.01,14.88,9.06,4.35,37.9,13.89
473,3.943121396628808,2,12.47,32.49,4.06,14.64,8.61,16.79,14.82,8.78,4.29,37,13.56
474,3.943121396628808,2,12.32,32.32,4.02,14.58,8.71,16.65,14.57,8.78,4.26,37,13.67
475,3.943121396628808,2,12.57,32.67,4.16,14.82,9.27,16.93,14.76,8.81,4.33,37.9,13.89
476,3.943121396628808,2,12.42,32.49,4.08,14.64,8.57,16.72,14.57,8.78,4.4,37.44,13.78
477,3.943121396628808,2,12.47,32.49,4.08,14.7,9.27,16.72,14.51,8.41,4.31,37.67,13.83
478,3.943121396628808,2,12.23,31.97,3.98,14.4,8.92,16.44,14.09,8.78,4.22,37,13.67
479,3.943121396628808,2,12.52,32.85,4.1,14.76,9.38,16.86,14.32,7.96,4.28,37.67,13.94
480,3.943121396628808,2,12.32,32.14,4.02,14.52,8.92,16.58,13.91,8.44,4.31,37.22,13.72
481,3.9544586377939432,2,12.32,32.49,4.04,14.58,8.71,16.65,14.09,8.64,4.26,38.83,13.78
482,3.9544586377939432,2,12.28,32.14,4,14.46,8.47,16.58,13.4,8.57,4.26,37.9,13.67
483,3.9544586377939432,2,12.32,32.32,4.04,14.58,8.44,16.58,13.18,8.47,4.39,36.14,13.89
484,3.9544586377939432,2,12.32,32.32,4.06,14.52,8.31,16.65,13.4,9.24,4.29,37.44,14
485,3.9544586377939432,2,12.28,31.97,4.02,14.4,8.64,16.51,13.18,8.57,4.26,37.44,13.89
486,3.9544586377939432,2,12.52,32.32,4.14,14.64,8.64,16.72,13.34,9.27,4.35,37.44,14.11
487,3.9544586377939432,2,12.28,31.63,4.04,14.28,8.34,16.38,12.75,8.51,4.28,36.78,13.72
488,3.9544586377939432,2,12.42,32.14,4.08,14.52,8.68,16.58,13.02,8.37,4.24,36.14,13.83
489,3.9544586377939432,2,12.23,31.97,3.96,14.28,8.34,16.38,12.96,9.16,4.28,36.14,13.56
490,3.9544586377939432,2,12.23,32.14,3.96,14.28,8.92,16.38,12.86,8.44,4.28,36.14,13.61
491,3.9544586377939432,2,12.32,32.14,4.04,14.46,8.95,16.51,12.65,8.67,4.29,36.78,13.56
492,3.9544586377939432,2,12.42,32.32,4.12,14.58,8.41,16.65,13.07,8.78,4.33,37.22,13.83
493,3.9544586377939432,2,12.23,31.8,4.06,14.46,8.47,16.51,12.75,9.06,4.29,36.35,13.83
494,3.9544586377939432,2,12.18,31.63,4.04,14.34,8.24,16.44,12.65,8.71,4.29,35.93,13.83
495,3.9544586377939432,2,12.18,31.63,4.02,14.28,8.57,16.38,12.49,8.95,4.28,34.12,13.78
496,3.9544586377939432,2,12.28,31.63,4.06,14.34,8.57,16.44,12.44,8.67,4.33,34.51,13.67
497,3.9544586377939432,2,12.18,31.63,4.02,14.22,8.54,16.38,12.39,8.99,4.31,38.83,13.67
498,3.9544586377939432,2,12.32,31.97,4.1,14.52,8.92,16.44,12.39,8.64,4.37,36.78,13.94
499,3.9544586377939432,2,12.13,31.63,4.02,14.28,8.51,16.38,12.19,9.45,4.31,37,13.78
500,3.9544586377939432,2,12.37,31.97,4.14,14.52,9.31,16.51,12.24,9.2,4.37,37.67,13.89
501,3.9544586377939432,2,12.42,31.97,4.14,14.52,8.78,16.58,12.24,9.06,4.39,35.93,13.78
502,3.9544586377939432,2,12.23,31.46,4.14,14.28,8.74,16.38,11.95,9.09,4.35,38.83,13.67
503,3.9544586377939432,2,12.18,31.29,4.04,14.16,8.34,16.24,11.8,8.92,4.29,36.35,13.67
504,3.9544586377939432,2,12.13,31.46,4.02,14.16,8.64,16.24,11.85,9.38,4.31,36.14,13.67
505,3.9544586377939432,2,12.13,31.46,4,14.11,8.24,16.17,11.85,8.71,4.33,36.57,13.61
506,3.9544586377939432,2,12.08,31.46,3.98,14.11,8.34,16.17,11.8,8.74,4.31,36.57,13.78
507,3.9544586377939432,2,12.08,31.63,4,14.11,8.81,16.17,11.71,8.47,4.31,35.72,13.83
508,3.9544586377939432,2,12.18,31.63,4.02,14.11,8.85,16.17,11.66,8.88,4.31,35.31,13.89
509,3.9544586377939432,2,12.28,31.63,4.1,14.34,8.57,16.31,11.57,8.95,4.35,36.14,13.83
510,3.9544586377939432,2,12.23,31.46,4.12,14.22,8.28,16.24,11.47,9.2,4.35,35.72,14
511,3.9544586377939432,2,12.23,31.46,4.14,14.28,8.41,16.31,11.43,8.95,4.37,36.35,14
512,3.9544586377939432,2,12.23,31.29,4.14,14.28,8.37,16.31,11.34,8.95,4.39,36.57,13.89
513,3.9544586377939432,2,12.23,31.29,4.16,14.28,8.34,16.31,11.25,8.88,4.44,37,14.06
514,3.9544586377939432,2,12.18,30.96,4.1,14.11,8.28,16.17,11.16,9.06,4.35,35.93,13.89
515,3.9544586377939432,2,12.23,30.96,4.23,14.16,8.61,16.24,11.11,9.34,4.39,37,14
516,3.9544586377939432,2,12.13,30.8,4.06,13.99,8.41,16.11,10.98,9.42,4.31,35.51,13.83
517,3.9544586377939432,2,12.32,31.46,4.19,14.34,8.85,16.31,11.16,9.42,4.31,36.57,13.89
518,3.9544586377939432,2,12.08,30.63,4.1,13.99,8.71,15.97,10.76,9.06,4.29,35.51,13.61
519,3.9544586377939432,2,12.18,30.63,4.14,14.05,8.37,16.11,10.76,9.42,4.35,35.31,13.67
520,3.9544586377939432,2,12.28,30.63,4.19,14.16,8.37,16.24,10.72,9.45,4.39,36.14,13.89
521,3.9544586377939432,2,12.32,30.8,4.23,14.16,8.54,16.31,10.47,9.57,4.42,39.79,14.17
522,3.9544586377939432,2,12.23,30.47,4.19,14.11,8.54,16.24,11.43,9.2,4.4,37.22,14
523,3.9544586377939432,2,12.13,30.31,4.12,13.93,8.99,16.11,10.81,9.02,4.37,35.72,13.83
524,3.9544586377939432,2,12.28,30.63,4.19,14.11,8.57,16.31,11.43,9.2,4.33,36.35,13.72
525,3.9544586377939432,2,12.08,30.15,4.12,13.88,8.51,16.11,10.89,9.09,4.29,35.72,13.78
526,3.9544586377939432,2,12.42,30.63,4.27,14.22,8.41,16.38,11.16,9.57,4.42,36.57,14.23
527,3.9544586377939432,2,12.08,29.84,4.12,13.82,8.74,16.04,10.89,9.42,4.39,35.93,13.83
528,3.9544586377939432,2,11.99,30,4.1,13.76,8.81,15.97,10.85,8.85,4.33,34.91,13.4
529,3.9544586377939432,2,11.99,30,4.1,13.76,8.44,16.04,10.63,9.24,4.33,35.72,13.89
530,3.9544586377939432,2,11.99,30.15,4.1,13.82,8.57,16.04,10.94,9.38,4.39,36.78,13.83
531,3.9544586377939432,2,12.13,30.15,4.21,13.99,8.21,16.17,10.98,9.49,4.44,35.93,13.94
532,3.9544586377939432,2,12.04,30,4.14,13.82,8.54,16.04,10.89,9.2,4.42,34.71,13.78
533,3.9544586377939432,2,12.13,30.31,4.23,14.05,8.15,16.24,10.98,9.02,4.42,35.93,14
534,3.9544586377939432,2,12.23,30.31,4.27,14.05,8.47,16.31,11.02,9.09,4.44,35.72,14
535,3.9544586377939432,2,12.04,29.53,4.17,13.82,8.71,16.04,10.63,8.99,4.39,35.11,13.78
536,3.9544586377939432,2,11.99,29.38,4.16,13.71,8.41,15.91,10.63,9.45,4.33,38.36,13.67
537,3.9544586377939432,2,11.99,29.53,4.12,13.65,8.92,15.91,10.63,9.2,4.4,35.72,13.67
538,3.9544586377939432,2,12.18,29.84,4.23,13.93,9.02,16.11,10.76,9.49,4.42,36.57,13.72
539,3.9544586377939432,2,12.08,30.15,4.21,13.88,8.71,15.97,10.55,9.13,4.4,35.72,13.67
540,3.9544586377939432,2,11.99,29.38,4.12,13.65,8.78,15.91,10.51,9.38,4.39,35.51,13.56
541,3.993666323564176,2,11.94,29.38,4.12,13.65,8.71,15.91,10.26,10.22,4.37,35.51,13.5
542,3.993666323564176,2,11.89,29.53,4.1,13.6,8.57,15.84,10.38,9.09,4.35,36.35,13.45
543,3.993666323564176,2,11.99,29.53,4.16,13.6,8.34,15.91,10.43,9.09,4.35,33.36,13.78
544,3.993666323564176,2,11.99,29.23,4.17,13.65,8.81,15.91,10.26,9.53,4.4,35.31,13.89
545,3.993666323564176,2,11.94,29.23,4.16,13.6,8.71,15.84,10.26,9.64,4.39,34.71,13.03
546,3.993666323564176,2,12.04,29.23,4.21,13.76,8.74,15.91,10.3,9.6,4.42,34.31,13.67
547,3.993666323564176,2,11.94,28.93,4.23,13.65,8.61,15.91,10.14,9.31,4.42,34.31,13.34
548,3.993666323564176,2,12.08,29.23,4.25,13.76,8.34,15.97,10.22,10.14,4.42,35.11,13.89
549,3.993666323564176,2,11.99,28.93,4.25,13.71,8.44,15.91,10.06,9.6,4.42,34.91,13.72
550,3.993666323564176,2,11.85,28.63,4.14,13.6,8.74,15.71,9.94,9.57,4.39,33.36,13.67
551,3.993666323564176,2,11.89,28.78,4.16,13.54,8.57,15.78,9.26,9.45,4.37,34.12,13.13
552,3.993666323564176,2,11.85,28.63,4.16,13.49,8.02,15.71,10.06,10.1,4.35,37,13.5
553,3.993666323564176,2,11.94,28.63,4.17,13.54,8.21,15.71,10.1,10.47,4.46,34.31,13.78
554,3.993666323564176,2,12.08,28.49,4.29,13.71,8.54,15.84,9.98,10.34,4.39,32.81,13.89
555,3.993666323564176,2,11.99,28.34,4.25,13.6,8.11,15.78,9.86,9.83,4.44,34.51,13.78
556,3.993666323564176,2,11.94,28.06,4.21,13.49,8.18,15.71,9.75,9.83,4.4,34.31,13.61
557,3.993666323564176,2,11.85,28.2,4.17,13.43,8.31,15.65,9.75,9.64,4.39,32.81,13.45
558,3.993666323564176,2,11.85,28.34,4.16,13.43,8.44,15.58,9.71,9.02,4.39,34.12,13.29
559,3.993666323564176,2,11.89,28.34,4.16,13.43,8.37,15.58,9.75,8.78,4.35,34.31,13.5
560,3.993666323564176,2,11.85,28.06,4.19,13.38,8.51,15.52,9.67,8.92,4.35,33.93,13.24
561,3.993666323564176,2,11.8,28.06,4.16,13.38,8.37,15.52,9.63,9.24,4.37,34.12,13.13
562,3.993666323564176,2,12.18,28.63,4.33,13.76,8.74,15.91,9.83,9.49,4.46,35.11,14.06
563,3.993666323564176,2,11.94,27.78,4.29,13.54,8.37,15.71,9.52,10.34,4.44,34.31,13.83
564,3.993666323564176,2,11.85,27.92,4.21,13.43,8.74,15.58,9.6,10.18,4.37,33.93,13.61
565,3.993666323564176,2,11.85,28.06,4.17,13.49,8.28,15.65,9.52,9.53,4.39,33.74,13.72
566,3.993666323564176,2,12.13,28.63,4.39,13.88,8.24,15.97,9.71,9.64,4.54,35.31,14.11
567,3.993666323564176,2,12.04,28.2,4.31,13.71,8.71,15.84,9.56,10.76,4.48,34.31,13.67
568,3.993666323564176,2,11.99,27.64,4.33,13.6,8.92,15.71,9.41,10.43,4.44,34.51,13.56
569,3.993666323564176,2,11.99,27.36,4.35,13.6,8.57,15.71,9.34,10.3,4.44,35.11,13.89
570,3.993666323564176,2,11.8,27.23,4.23,13.32,8.57,15.52,9.23,9.42,4.44,33.36,13.29
571,3.993666323564176,2,11.8,27.5,4.23,13.38,8.34,15.45,9.3,9.49,4.4,32.81,13.24
572,3.993666323564176,2,11.8,27.5,4.21,13.38,8.28,15.52,9.3,9.6,4.42,33.74,13.61
573,3.993666323564176,2,12.08,28.06,4.39,13.76,8.44,15.84,9.45,9.6,4.54,34.91,13.4
574,3.993666323564176,2,11.94,27.5,4.31,13.6,8.81,15.65,9.23,10.39,4.48,34.31,13.61
575,3.993666323564176,2,11.8,27.09,4.29,13.43,8.08,15.52,9.01,9.31,4.42,34.12,13.56
576,3.993666323564176,2,11.75,27.23,4.25,13.32,8.54,15.45,9.01,9.6,4.42,33.74,13.08
577,3.993666323564176,2,11.75,27.23,4.25,13.32,8.15,15.39,9.15,9.87,4.39,35.72,13.08
578,3.993666323564176,2,12.08,27.64,4.45,13.71,8.95,15.78,8.46,9.91,4.57,34.71,13.72
579,3.993666323564176,2,11.99,27.09,4.43,13.6,8.51,15.65,8.7,9.53,4.48,33.74,13.67
580,3.993666323564176,2,11.8,26.82,4.31,13.38,8.41,15.39,8.67,10.18,4.46,34.31,13.5
581,3.993666323564176,2,11.8,26.82,4.29,13.38,8.81,15.39,8.8,10.14,4.46,33.93,13.08
582,3.993666323564176,2,11.8,26.82,4.29,13.38,8.24,15.39,8.94,10.1,4.46,35.11,13.5
583,3.993666323564176,2,11.75,26.69,4.29,13.32,8.64,15.33,9.08,9.95,4.42,33.36,13.24
584,3.993666323564176,2,11.75,26.69,4.31,13.32,8.34,15.39,9.19,10.22,4.39,33.93,13.4
585,3.993666323564176,2,11.8,26.3,4.39,13.43,8.15,15.45,9.3,10.26,4.46,34.31,13.4
586,3.993666323564176,2,11.99,26.56,4.47,13.65,8.57,15.45,9.52,10.14,4.54,34.12,13.67
587,3.993666323564176,2,11.8,26.17,4.33,13.38,8.41,15.2,9.52,10.1,4.48,34.31,13.4
588,3.993666323564176,2,11.8,26.3,4.33,13.32,7.99,15.2,9.79,10.06,4.5,34.71,13.34
589,3.993666323564176,2,11.8,26.43,4.35,13.38,7.99,15.02,9.56,10.03,4.52,34.31,13.45
590,3.993666323564176,2,11.85,26.56,4.35,13.43,8.08,15.08,9.79,9.91,4.48,33.36,13.5
591,3.993666323564176,2,11.99,26.43,4.5,13.54,8.37,15.26,9.86,10.14,4.54,37.67,13.61
592,3.993666323564176,2,11.8,26.04,4.37,13.32,7.92,15.08,9.83,10.03,4.46,33.55,13.4
593,3.993666323564176,2,11.75,26.04,4.35,13.27,8.37,15.08,9.9,9.95,4.46,34.12,13.45
594,3.993666323564176,2,11.75,26.17,4.33,13.27,7.74,15.08,10.02,9.95,4.48,34.91,13.34
595,3.993666323564176,2,11.71,26.17,4.31,13.27,8.11,15.08,10.1,9.91,4.52,34.12,12.98
596,3.993666323564176,2,11.99,26.43,4.47,13.6,8.64,15.33,10.3,9.99,4.55,34.31,13.56
597,3.993666323564176,2,12.04,25.92,4.5,13.54,8.57,15.26,10.22,10.1,4.57,34.12,13.13
598,3.993666323564176,2,11.75,25.67,4.39,13.32,8.37,15.14,10.1,10.14,4.55,33.36,13.4
599,3.993666323564176,2,11.8,25.79,4.37,13.27,8.18,15.08,10.22,9.49,4.52,32.27,13.29
600,3.993666323564176,2,11.57,25.92,4.33,13.21,7.99,15.08,10.3,9.53,4.48,33.17,13.18
601,3.9997581174861336,2,11.8,25.92,4.37,13.27,8.18,15.08,10.38,9.79,4.5,31.92,13.29
602,3.9997581174861336,2,12.04,25.92,4.56,13.6,8.31,15.33,10.51,10.06,4.59,33.17,13.5
603,3.9997581174861336,2,11.8,25.42,4.41,13.27,8.02,15.14,10.3,10.06,4.54,33.74,13.4
604,3.9997581174861336,2,11.8,25.54,4.41,13.27,7.89,15.14,10.55,10.03,4.54,34.12,13.45
605,3.9997581174861336,2,11.8,25.54,4.39,13.27,8.11,15.08,10.72,10.03,4.48,34.51,13.4
606,3.9997581174861336,2,11.71,25.54,4.37,13.27,8.37,15.08,10.55,9.95,4.52,33.74,13.61
607,3.9997581174861336,2,11.99,26.17,4.56,13.65,8.28,15.39,10.94,10.1,4.61,33.17,13.61
608,3.9997581174861336,2,11.85,25.3,4.47,13.32,8.31,15.14,10.63,9.87,4.52,34.12,13.72
609,3.9997581174861336,2,11.8,25.17,4.43,13.27,8.11,15.02,10.68,10.06,4.57,34.31,13.56
610,3.9997581174861336,2,11.89,25.42,4.47,13.32,8.21,15.14,10.85,9.64,4.55,34.51,13.67
611,3.9997581174861336,2,11.94,25.17,4.52,13.43,8.51,15.2,10.85,9.91,4.57,37.44,13.78
612,3.9997581174861336,2,11.8,24.82,4.45,13.21,8.28,15.02,10.76,9.68,4.54,33.93,13.5
613,3.9997581174861336,2,11.75,25.05,4.41,13.21,8.21,15.02,10.89,10.1,4.54,32.63,13.45
614,3.9997581174861336,2,11.75,25.05,4.39,13.16,8.71,14.95,10.85,10.14,4.54,33.55,13.4
615,3.9997581174861336,2,11.75,25.17,4.37,13.16,8.41,14.95,10.94,9.57,4.48,33.74,13.45
616,3.9997581174861336,2,11.71,25.17,4.37,13.16,8.24,14.95,10.94,9.83,4.5,32.09,13.45
617,3.9997581174861336,2,11.71,25.17,4.37,13.16,8.54,14.95,10.89,9.75,4.5,33.55,12.98
618,3.9997581174861336,2,11.75,25.17,4.37,13.16,8.37,14.95,11.07,9.75,4.46,33.36,13.4
619,3.9997581174861336,2,11.75,25.17,4.41,13.16,8.47,14.95,11.16,10.43,4.65,36.78,13.03
620,3.9997581174861336,2,11.48,25.17,4.41,13.21,8.21,14.95,11.2,10.3,4.57,33.36,13.08
621,3.9997581174861336,2,11.89,24.93,4.54,13.43,8.88,15.14,11.2,10.1,4.59,34.12,13.56
622,3.9997581174861336,2,11.94,24.93,4.54,13.43,8.21,15.14,11.25,10.1,4.59,34.91,13.61
623,3.9997581174861336,2,11.8,24.7,4.47,13.21,8.78,14.95,11.47,10.3,4.54,33.55,13.5
624,3.9997581174861336,2,11.94,24.82,4.52,13.32,8.68,15.08,11.71,10.18,4.59,34.12,13.45
625,3.9997581174861336,2,12.08,24.7,4.68,13.54,8.51,15.26,11.38,11.23,4.63,34.71,13.94
626,3.9997581174861336,2,11.94,24.35,4.58,13.32,8.74,15.08,11.34,10.67,4.59,37.44,13.72
627,3.9997581174861336,2,12.13,24.46,4.66,13.49,8.64,15.2,11.43,10.8,4.63,34.51,13.67
628,3.9997581174861336,2,11.94,23.89,4.56,13.21,8.54,14.95,11.34,10.22,4.59,33.36,13.56
629,3.9997581174861336,2,12.04,24.35,4.62,13.43,8.95,15.14,11.47,10.14,4.63,32.63,13.61
630,3.9997581174861336,2,11.94,23.89,4.6,13.32,9.35,15.08,11.29,10.22,4.61,33.74,13.45
631,3.9997581174861336,2,11.71,23.89,4.62,13.38,9.2,15.02,11.47,10.39,4.59,34.12,13.67
632,3.9997581174861336,2,11.89,23.78,4.52,13.16,9.2,14.89,11.38,10.3,4.55,33.55,13.61
633,3.9997581174861336,2,12.04,23.89,4.7,13.43,8.81,15.02,11.61,10.51,4.59,34.12,13.78
634,3.9997581174861336,2,12.18,24,4.7,13.49,9.06,15.14,11.66,10.59,4.67,34.51,13.61
635,3.9997581174861336,2,11.85,23.34,4.6,13.21,8.85,14.89,11.43,10.59,4.59,33.74,13.67
636,3.9997581174861336,2,11.75,23.56,4.64,13.38,9.35,14.77,11.57,10.47,4.59,33.74,13.78
637,3.9997581174861336,2,12.08,24,4.77,13.6,9.35,15.2,11.8,10.59,4.71,35.11,13.94
638,3.9997581174861336,2,11.99,23.56,4.7,13.54,9.49,15.08,11.57,10.51,4.65,34.51,13.83
639,3.9997581174861336,2,11.8,23.12,4.58,13.16,9.13,14.77,11.43,10.43,4.52,32.27,13.18
640,3.9997581174861336,2,11.99,23.34,4.7,13.38,9.53,14.71,11.52,10.51,4.59,33.93,13.78
641,3.9997581174861336,2,11.57,22.91,4.64,13.21,8.68,14.77,11.47,10.67,4.57,33.17,13.56
642,3.9997581174861336,2,11.99,23.23,4.74,13.38,9.38,14.95,11.66,10.59,4.65,33.17,13.83
643,3.9997581174861336,2,11.89,22.8,4.7,13.32,9.09,14.77,11.52,10.47,4.73,34.12,13.24
644,3.9997581174861336,2,11.8,22.7,4.62,13.11,8.78,14.71,11.57,10.51,4.59,32.81,13.08
645,3.9997581174861336,2,11.8,22.8,4.6,13.16,9.38,14.77,11.57,11.28,4.59,33.74,13.72
646,3.9997581174861336,2,11.94,22.91,4.64,13.21,9.42,14.77,11.57,9.99,4.59,35.72,13.72
647,3.9997581174861336,2,11.99,22.59,4.7,13.27,9.53,14.83,11.47,10.34,4.57,34.12,13.56
648,3.9997581174861336,2,11.85,22.49,4.68,13.21,8.92,14.77,11.85,10.47,4.57,33.74,13.24
649,3.9997581174861336,2,11.99,22.7,4.79,13.38,9.02,15.02,11.71,10.67,4.63,37,13.72
650,3.9997581174861336,2,11.85,21.98,4.7,13.16,8.85,14.77,11.43,10.51,4.59,32.99,13.72
651,3.9997581174861336,2,11.8,22.28,4.64,13.11,8.47,14.77,11.66,10.63,4.59,31.74,13.61
652,3.9997581174861336,2,11.75,22.39,4.64,13.06,8.34,14.77,11.71,10.22,4.61,33.55,13.45
653,3.9997581174861336,2,11.75,22.49,4.6,13.21,8.24,14.77,11.75,10.39,4.61,33.74,13.34
654,3.9997581174861336,2,11.8,22.49,4.6,13.11,8.34,14.77,11.71,10.39,4.61,34.31,13.45
655,3.9997581174861336,2,11.71,22.49,4.6,13.11,8.34,14.77,11.71,10.43,4.59,33.55,13.56
656,3.9997581174861336,2,11.75,22.39,4.62,13.11,8.28,14.77,11.75,10.43,4.57,33.17,13.4
657,3.9997581174861336,2,11.85,22.39,4.62,13.11,8.44,14.77,11.75,10.67,4.55,32.81,13.45
658,3.9997581174861336,2,11.85,22.28,4.6,13.06,8.37,14.77,11.8,10.47,4.52,31.57,13.4
659,3.9997581174861336,2,11.8,22.28,4.6,13.06,8.24,14.71,11.66,10.47,4.59,33.93,13.45
660,3.9997581174861336,2,11.8,22.28,4.62,13.06,8.85,14.77,11.95,10.43,4.63,32.99,13.56
661,4.049554083074122,3,11.85,22.28,4.66,13.16,8.57,14.83,11.9,10.47,4.61,31.74,13.56
662,4.049554083074122,3,11.99,21.88,4.77,13.32,8.64,14.95,11.57,10.59,4.65,33.17,13.67
663,4.049554083074122,3,11.99,21.59,4.83,13.27,8.68,14.95,11.75,10.97,4.69,33.55,13.67
664,4.049554083074122,3,12.28,21.68,4.92,13.43,9.31,15.08,11.85,10.8,4.69,33.55,13.89
665,4.049554083074122,3,12.23,21.49,4.89,13.43,8.92,15.08,11.85,10.76,4.63,33.55,13.83
666,4.049554083074122,3,12.18,21.39,4.92,13.38,8.51,15.08,11.9,10.84,4.73,33.36,13.89
667,4.049554083074122,3,11.99,20.92,4.83,13.16,8.92,14.83,11.75,10.76,4.63,32.81,13.61
668,4.049554083074122,3,12.08,21.1,4.92,13.38,8.85,15.08,11.85,10.93,4.73,33.93,13.89
669,4.049554083074122,3,11.89,20.73,4.79,13.06,8.88,14.83,11.71,10.76,4.63,33.55,13.56
670,4.049554083074122,3,11.99,20.82,4.89,13.27,8.64,14.95,11.71,10.63,4.59,33.93,13.78
671,4.049554083074122,3,11.89,20.55,4.79,13.11,8.81,14.83,11.8,10.72,4.59,32.63,13.61
672,4.049554083074122,3,11.89,20.64,4.81,13.11,8.81,14.83,11.61,10.8,4.57,32.81,13.56
673,4.049554083074122,3,12.13,20.82,4.96,13.38,8.88,15.08,11.85,10.89,4.63,34.91,13.72
674,4.049554083074122,3,12.08,20.64,4.96,13.32,8.57,15.02,11.9,10.93,4.67,33.74,13.72
675,4.049554083074122,3,11.89,20.27,4.85,13.11,8.85,14.83,11.75,10.84,4.63,34.51,13.61
676,4.049554083074122,3,11.85,20.36,4.79,13,8.31,14.77,11.85,10.72,4.63,31.74,13.5
677,4.049554083074122,3,11.85,20.46,4.79,13.11,8.61,14.77,11.85,10.67,4.63,32.63,13.67
678,4.049554083074122,3,11.85,20.46,4.81,13.06,8.44,14.83,11.85,10.8,4.61,32.81,13.67
679,4.049554083074122,3,12.08,20.55,5,13.43,8.92,15.08,11.9,10.93,4.69,33.74,14
680,4.049554083074122,3,11.85,20.01,4.83,13,8.78,14.71,11.75,10.8,4.59,33.55,13.29
681,4.049554083074122,3,11.85,20.1,4.81,13,8.44,14.77,11.9,10.84,4.57,33.74,13.18
682,4.049554083074122,3,11.85,20.19,4.79,13,8.64,14.77,11.85,10.76,4.63,33.55,13.56
683,4.049554083074122,3,11.85,20.19,4.79,13,8.71,14.71,11.85,10.8,4.61,33.36,13.4
684,4.049554083074122,3,11.85,20.19,4.79,13,8.68,14.71,11.99,10.51,4.67,33.74,13.45
685,4.049554083074122,3,11.99,20.19,4.81,13.11,8.74,14.77,11.9,10.93,4.65,32.63,13.5
686,4.049554083074122,3,12.04,19.83,4.87,13.16,8.28,14.83,11.75,10.67,4.69,33.17,13.56
687,4.049554083074122,3,12.04,19.66,4.92,13.16,8.21,14.83,11.75,10.67,4.61,33.93,13.67
688,4.049554083074122,3,11.85,19.57,4.83,13,8.44,14.71,11.85,10.84,4.57,32.81,13.45
689,4.049554083074122,3,11.85,19.66,4.81,13,8.34,14.71,11.85,10.72,4.61,32.27,13.45
690,4.049554083074122,3,11.85,19.75,4.81,12.95,8.57,14.65,11.85,10.63,4.59,32.99,13.29
691,4.049554083074122,3,11.89,19.66,4.83,13,8.68,14.65,11.9,10.76,4.63,32.09,13.34
692,4.049554083074122,3,11.85,19.66,4.83,13.06,8.21,14.71,11.8,10.67,4.65,32.45,13.29
693,4.049554083074122,3,12.13,19.92,5.03,13.38,8.92,15.02,12.04,11.32,4.73,33.36,13.72
694,4.049554083074122,3,12.04,19.24,5,13.32,8.34,14.89,11.8,10.97,4.69,33.55,13.29
695,4.049554083074122,3,12.13,19.32,5.11,13.43,8.44,15.02,11.95,11.01,4.75,33.36,13.89
696,4.049554083074122,3,11.99,18.82,5,13.16,8.34,14.83,11.8,11.19,4.61,31.74,13.29
697,4.049554083074122,3,12.04,18.74,5.09,13.27,8.21,14.83,11.75,11.19,4.67,32.99,13.78
698,4.049554083074122,3,11.99,18.58,5.07,13.21,8.24,14.83,11.75,11.06,4.67,32.81,13.56
699,4.049554083074122,3,11.8,18.5,5.05,13.16,8.34,14.77,11.85,11.28,4.67,32.81,13.34
700,4.049554083074122,3,12.04,18.58,5.09,13.21,8.44,14.83,11.9,11.01,4.79,35.72,13.45
701,4.049554083074122,3,11.89,18.19,5.03,13.11,8.08,14.71,11.66,10.8,4.71,32.81,13.34
702,4.049554083074122,3,11.8,18.34,4.96,13,8.51,14.65,11.85,10.97,4.79,31.23,13.29
703,4.049554083074122,3,11.85,18.5,4.96,13,8.81,14.53,11.85,10.89,4.65,32.45,13.29
704,4.049554083074122,3,12.08,18.82,5.11,13.32,8.78,14.71,11.85,11.15,4.79,33.17,13.89
705,4.049554083074122,3,11.99,18.19,5.11,13.21,8.85,14.65,11.75,11.01,4.67,32.99,13.78
706,4.049554083074122,3,12.04,18.11,5.14,13.21,8.44,14.71,11.85,11.19,4.71,33.36,13.5
707,4.049554083074122,3,12.13,18.11,5.2,13.32,8.74,14.83,11.9,11.1,4.73,32.27,13.5
708,4.049554083074122,3,11.94,17.65,5.14,13.11,8.81,14.83,11.57,11.06,4.71,33.17,13.72
709,4.049554083074122,3,11.89,17.8,5.05,13,8.31,14.77,11.8,11.15,4.67,33.17,12.98
710,4.049554083074122,3,11.89,17.88,5.05,13.06,8.31,14.77,11.85,11.1,4.69,31.74,13.29
711,4.049554083074122,3,12.23,18.34,5.25,13.43,8.51,15.08,12.09,11.1,4.81,32.45,13.78
712,4.049554083074122,3,12.13,17.73,5.27,13.32,8.21,15.02,11.61,11.15,4.67,31.74,13.5
713,4.049554083074122,3,11.99,17.36,5.2,13.16,8.41,14.83,11.75,11.1,4.71,32.27,13.78
714,4.049554083074122,3,12.08,17.28,5.27,13.27,8.99,14.95,11.75,11.15,4.73,33.36,13.94
715,4.049554083074122,3,12.04,17.28,5.23,13.32,8.31,14.89,11.85,11.15,4.75,32.81,13.24
716,4.049554083074122,3,12.08,17.28,5.27,13.27,8.68,14.89,11.85,11.15,4.75,32.81,13.45
717,4.049554083074122,3,12.13,17.21,5.29,13.38,8.61,14.95,11.95,11.19,4.79,32.81,14
718,4.049554083074122,3,11.99,16.92,5.23,13.21,8.95,14.83,11.71,11.41,4.73,32.09,13.34
719,4.049554083074122,3,12.23,17.14,5.46,13.43,8.74,15.08,11.95,11.5,4.81,32.99,14
720,4.049554083074122,3,12.08,17.07,5.29,13.27,8.95,14.95,11.8,11.15,4.67,32.81,13.89
721,4.122483910931027,3,12.04,16.78,5.29,13.21,8.99,14.89,11.71,11.1,4.67,34.71,13.67
722,4.122483910931027,3,12.13,16.78,5.36,13.27,8.44,14.89,11.75,11.28,4.77,32.63,13.56
723,4.122483910931027,3,12.08,16.78,5.32,13.21,9.24,14.89,11.9,11.1,4.77,33.17,13.29
724,4.122483910931027,3,12.04,16.44,5.34,13.21,8.68,14.83,11.66,11.19,4.77,32.27,13.72
725,4.122483910931027,3,11.99,16.44,5.29,13.16,8.71,14.65,11.66,11.15,4.75,31.74,13.61
726,4.122483910931027,3,11.94,16.44,5.27,13.11,8.81,14.71,11.66,11.19,4.73,31.74,13.72
727,4.122483910931027,3,12.23,16.64,5.46,13.43,8.54,14.95,11.8,11.32,4.79,32.63,13.5
728,4.122483910931027,3,11.99,16.1,5.32,13.11,8.34,14.71,11.52,11.23,4.61,31.4,13.56
729,4.122483910931027,3,11.94,16.3,5.27,13.06,8.44,14.71,11.71,11.19,4.69,32.45,13.4
730,4.122483910931027,3,12.13,16.64,5.41,13.32,8.95,14.95,11.8,10.93,4.71,31.74,13.56
731,4.122483910931027,3,12.04,16.17,5.36,13.16,8.95,14.83,11.71,10.8,4.75,33.74,13.72
732,4.122483910931027,3,12.18,16.3,5.46,13.32,8.92,15.02,11.8,11.15,4.87,32.99,13.4
733,4.122483910931027,3,12.28,16.17,5.5,13.38,9.17,15.02,11.75,11.1,4.83,33.55,13.67
734,4.122483910931027,3,12.23,16.03,5.48,13.32,8.64,15.02,11.75,11.23,4.91,32.63,13.83
735,4.122483910931027,3,12.28,16.1,5.46,13.27,9.06,15.02,11.85,11.19,4.83,32.63,13.45
736,4.122483910931027,3,12.13,15.77,5.48,13.21,8.44,14.95,11.52,10.97,4.73,32.09,13.89
737,4.122483910931027,3,12.08,15.71,5.46,13.21,8.61,14.89,11.61,10.93,4.87,31.92,13.78
738,4.122483910931027,3,12.18,15.9,5.5,13.27,8.61,14.95,11.8,10.93,4.81,32.81,13.61
739,4.122483910931027,3,12.18,15.71,5.5,13.27,8.85,14.95,11.71,11.06,4.79,32.45,13.34
740,4.122483910931027,3,12.18,15.71,5.55,13.32,9.06,15.02,11.71,11.06,4.81,32.99,13.56
741,4.122483910931027,3,12.13,15.64,5.5,13.27,8.54,14.95,11.66,11.06,4.81,32.27,13.61
742,4.122483910931027,3,12.04,15.51,5.46,13.16,8.99,14.89,11.9,11.1,4.77,31.92,13.29
743,4.122483910931027,3,12.08,15.45,5.53,13.21,8.92,14.89,11.52,11.5,4.75,32.27,13.67
744,4.122483910931027,3,12.13,15.51,5.53,13.27,8.99,14.95,11.66,11.19,4.73,32.27,13.45
745,4.122483910931027,3,12.18,15.58,5.57,13.27,8.99,15.02,11.61,11.41,4.77,31.92,11.17
746,4.122483910931027,3,12.13,15.32,5.57,13.21,8.74,14.77,11.57,11.37,4.77,32.27,13.89
747,4.122483910931027,3,12.18,15.26,5.62,13.32,8.71,14.77,11.57,11.37,4.81,32.45,13.78
748,4.122483910931027,3,12.13,15.2,5.6,13.27,9.02,14.59,11.57,11.32,4.81,32.99,13.56
749,4.122483910931027,3,12.13,15.07,5.62,13.27,8.57,14.59,11.66,11.19,4.85,31.92,13.89
750,4.122483910931027,3,11.99,15.01,5.48,13.06,8.92,14.71,11.52,11.1,4.73,31.92,13.29
751,4.122483910931027,3,11.94,15.07,5.46,13.06,8.74,14.59,11.57,11.01,4.73,33.36,12.98
752,4.122483910931027,3,12.04,15.32,5.5,13.27,8.95,14.65,11.75,11.23,4.75,32.27,13.67
753,4.122483910931027,3,12.28,15.2,5.67,13.38,8.41,14.89,11.95,11.46,4.81,33.17,13.56
754,4.122483910931027,3,12.13,14.95,5.57,13.27,8.71,14.77,11.52,11.41,4.79,31.23,13.56
755,4.122483910931027,3,12.18,14.89,5.6,13.21,8.68,14.77,11.57,11.37,4.93,32.99,13.67
756,4.122483910931027,3,12.23,14.95,5.67,13.38,8.71,14.89,11.52,11.23,4.85,31.92,13.89
757,4.122483910931027,3,12.28,14.89,5.69,13.43,8.64,14.83,11.57,11.37,4.85,32.81,13.4
758,4.122483910931027,3,12.23,14.71,5.72,13.38,8.41,14.89,11.47,11.55,4.81,33.36,13.78
759,4.122483910931027,3,12.18,14.59,5.67,13.27,8.74,14.77,11.47,11.32,4.91,32.63,13.45
760,4.122483910931027,3,12.18,14.59,5.76,13.38,8.99,14.89,11.71,11.46,4.79,33.36,13.45
761,4.122483910931027,3,12.13,14.65,5.72,13.27,9.02,14.77,11.52,11.41,4.81,32.99,13.29
762,4.122483910931027,3,12.04,14.36,5.69,13.21,8.85,14.77,11.38,11.46,4.79,31.74,13.61
763,4.122483910931027,3,12.18,14.59,5.76,13.38,8.88,14.95,11.57,11.69,4.81,31.92,13.61
764,4.122483910931027,3,12.18,14.47,5.79,13.32,8.54,14.95,11.43,11.59,4.87,32.27,13.72
765,4.122483910931027,3,12.18,14.36,5.79,13.38,8.54,14.89,11.38,11.41,4.83,32.09,14
766,4.122483910931027,3,12.18,14.42,5.74,13.38,8.74,14.89,11.52,11.46,4.79,31.92,13.78
767,4.122483910931027,3,12.23,14.24,5.84,13.38,8.78,14.89,11.38,11.32,4.79,31.74,13.94
768,4.122483910931027,3,12.18,14.01,5.76,13.21,8.99,14.77,11.29,11.37,4.77,32.45,13.78
769,4.122483910931027,3,12.37,14.18,5.81,13.38,8.99,14.89,11.43,11.69,4.87,32.27,13.94
770,4.122483910931027,3,12.18,13.96,5.81,13.38,8.41,14.83,11.34,11.5,4.87,31.74,13.72
771,4.122483910931027,3,12.32,14.13,5.99,13.43,9.06,15.02,11.38,11.06,4.95,31.06,13.89
772,4.122483910931027,3,12.28,14.07,5.84,13.38,9.06,14.83,11.47,11.23,4.93,32.27,13.94
773,4.122483910931027,3,12.37,14.01,5.94,13.43,8.61,15.02,11.34,11.28,4.97,32.27,13.5
774,4.122483910931027,3,12.18,13.79,5.86,13.32,8.71,14.83,11.34,11.32,4.89,32.45,13.67
775,4.122483910931027,3,12.18,13.85,5.81,13.27,9.09,14.83,11.38,11.41,4.87,32.45,13.78
776,4.122483910931027,3,12.32,13.9,5.96,13.43,8.85,14.95,11.34,11.64,4.91,31.06,13.89
777,4.122483910931027,3,12.18,13.63,5.86,13.27,8.41,14.77,11.2,11.41,4.87,31.74,13.29
778,4.122483910931027,3,12.32,13.9,5.94,13.38,8.54,15.02,11.34,11.5,4.93,32.27,13.89
779,4.122483910931027,3,12.23,13.79,5.91,13.32,8.54,14.89,11.34,11.55,4.95,31.06,13.24
780,4.122483910931027,3,12.28,13.85,5.99,13.49,8.37,15.02,11.25,11.46,5.07,32.99,13.34
781,4.257484898736022,3,12.28,13.79,5.96,13.43,8.92,15.02,11.29,11.5,4.99,32.09,13.72
782,4.257484898736022,3,12.13,13.57,5.91,13.27,8.81,14.83,11.25,11.37,4.89,32.27,13.5
783,4.257484898736022,3,12.08,13.57,5.84,13.16,8.15,14.77,11.25,11.55,4.87,31.4,13.29
784,4.257484898736022,3,12.32,13.79,5.99,13.49,8.99,14.95,11.38,11.37,4.97,32.81,14
785,4.257484898736022,3,12.32,13.57,6.04,13.43,8.99,15.02,11.2,11.46,4.97,32.27,13.24
786,4.257484898736022,3,12.18,13.41,5.96,13.27,8.37,15.08,11.2,11.5,4.87,32.63,13.78
787,4.257484898736022,3,12.47,13.41,5.86,13.16,8.71,14.89,11.25,11.41,4.91,33.36,13.5
788,4.257484898736022,3,12.08,13.57,5.81,13.21,8.34,14.89,11.25,11.5,4.91,31.74,13.03
789,4.257484898736022,3,12.13,13.63,5.84,13.21,8.61,14.83,11.25,11.55,4.89,31.4,13.78
790,4.257484898736022,3,12.37,13.79,6.01,13.54,8.74,15.08,11.25,11.82,4.97,32.45,13.72
791,4.257484898736022,3,12.32,13.52,6.04,13.49,8.78,15.02,11.2,11.59,4.95,32.45,13.45
792,4.257484898736022,3,12.28,13.3,6.04,13.43,8.64,14.89,11.11,11.73,4.89,31.23,13.45
793,4.257484898736022,3,12.32,13.41,6.04,13.43,8.92,14.95,11.25,11.69,4.95,32.27,13.89
794,4.257484898736022,3,12.42,13.36,6.14,13.54,8.64,15.02,11.16,11.82,5.01,32.27,13.78
795,4.257484898736022,3,12.32,13.09,6.06,13.38,8.24,14.89,11.02,11.78,4.91,32.99,13.34
796,4.257484898736022,3,12.32,13.2,6.11,13.49,8.54,14.95,11.07,11.73,4.91,32.27,13.83
797,4.257484898736022,3,12.37,13.25,6.16,13.54,8.47,15.02,11.11,11.97,4.71,31.92,13.67
798,4.257484898736022,3,12.42,13.14,6.19,13.54,8.47,14.95,11.07,11.97,4.65,32.63,13.45
799,4.257484898736022,3,12.18,12.94,6.04,13.27,8.34,14.77,11.07,11.78,4.65,31.57,13.56
800,4.257484898736022,3,12.37,13.14,6.19,13.54,8.47,14.95,11.07,11.73,4.67,32.09,13.72
801,4.257484898736022,3,12.52,13.14,6.27,13.6,8.44,15.08,11.07,11.87,4.79,31.06,13.94
802,4.257484898736022,3,12.32,12.89,6.14,13.38,8.51,14.83,10.94,11.41,4.59,32.63,13.24
803,4.257484898736022,3,12.32,12.89,6.21,13.43,8.37,14.89,10.94,12.3,4.81,32.63,13.94
804,4.257484898736022,3,12.47,13.04,6.27,13.6,9.02,14.89,11.02,11.69,4.85,33.55,14.23
805,4.257484898736022,3,12.32,12.83,6.14,13.38,8.41,14.71,10.94,11.23,4.77,32.63,13.94
806,4.257484898736022,3,12.37,12.89,6.19,13.38,8.78,14.71,11.11,11.28,4.67,32.63,13.56
807,4.257484898736022,3,12.42,12.89,6.24,13.43,8.41,14.77,10.98,11.87,4.85,32.27,13.89
808,4.257484898736022,3,12.47,12.78,6.21,13.38,9.27,14.71,10.94,12.06,4.85,32.09,13.61
809,4.257484898736022,3,12.42,12.78,6.24,13.43,8.99,14.65,10.81,11.92,4.65,32.45,13.67
810,4.257484898736022,3,12.37,12.73,6.27,13.49,8.88,14.71,10.89,11.78,4.87,32.45,13.4
811,4.257484898736022,3,12.37,12.78,6.34,13.43,8.85,14.83,10.94,11.55,4.89,32.63,13.61
812,4.257484898736022,3,12.28,12.63,6.21,13.32,8.44,14.71,10.85,11.41,4.83,32.81,13.83
813,4.257484898736022,3,12.32,12.73,6.21,13.38,8.47,14.77,10.81,11.55,4.85,31.74,13.89
814,4.257484898736022,3,12.42,12.83,6.32,13.54,8.78,14.89,10.85,11.64,4.93,32.45,13.45
815,4.257484898736022,3,12.52,12.83,6.37,13.6,8.57,15.02,10.89,11.82,4.91,32.81,13.89
816,4.257484898736022,3,12.28,12.48,6.24,13.32,8.71,14.71,10.72,11.78,4.81,32.09,13.72
817,4.257484898736022,3,12.52,12.68,6.34,13.49,8.99,14.89,10.85,11.46,4.85,32.09,13.61
818,4.257484898736022,3,12.57,12.63,6.42,13.6,8.54,14.95,10.81,11.69,4.65,31.92,13.72
819,4.257484898736022,3,12.57,12.58,6.42,13.6,8.57,14.95,10.76,11.69,4.95,31.92,13.78
820,4.257484898736022,3,12.47,12.38,6.34,13.43,8.64,14.83,10.72,11.59,4.85,31.23,14.06
821,4.257484898736022,3,12.52,12.53,6.42,13.6,9.2,14.95,10.72,11.78,5.01,31.92,14.06
822,4.257484898736022,3,12.52,12.48,6.45,13.65,9.13,15.02,10.72,11.78,5.09,32.99,13.5
823,4.257484898736022,3,12.42,12.29,6.4,13.43,8.41,14.83,10.63,11.78,4.75,32.09,13.94
824,4.257484898736022,3,12.67,12.43,6.5,13.6,8.37,14.89,11.02,11.82,5.07,31.92,13.4
825,4.257484898736022,3,12.67,12.38,6.53,13.6,9.02,14.89,10.76,11.64,5.11,31.74,14.17
826,4.257484898736022,3,12.37,12.09,6.37,13.32,8.37,14.65,10.51,11.55,4.93,31.06,14
827,4.257484898736022,3,12.52,12.38,6.45,13.49,8.57,14.89,10.76,11.82,5.01,30.41,14.11
828,4.257484898736022,3,12.62,12.34,6.5,13.76,8.54,15.02,10.68,11.69,5.05,31.74,14.17
829,4.257484898736022,3,12.98,12.09,6.47,13.49,8.57,14.89,10.47,11.78,5.01,31.4,13.72
830,4.257484898736022,3,13.08,12.29,6.5,13.54,9.17,14.95,10.59,11.97,5.03,31.74,14.11
831,4.257484898736022,3,12.72,12.19,6.47,13.54,8.31,14.95,10.51,11.78,5.03,31.92,13.89
832,4.257484898736022,3,12.72,12.19,6.53,13.6,8.81,14.89,10.47,11.73,5.03,31.74,14.11
833,4.257484898736022,3,12.72,12.19,6.55,13.65,8.47,14.95,10.51,11.69,5.09,32.45,13.56
834,4.257484898736022,3,12.67,12.14,6.53,13.54,8.31,14.89,10.47,11.69,5.22,31.23,13.94
835,4.257484898736022,3,12.57,12.09,6.5,13.49,8.37,14.89,10.47,11.69,5.15,31.92,13.34
836,4.257484898736022,3,12.72,12.24,6.58,13.71,8.47,15.02,10.51,11.73,5.22,31.92,13.29
837,4.257484898736022,3,12.77,12.19,6.61,13.71,8.71,15.08,10.55,11.78,5.19,31.92,14.17
838,4.257484898736022,3,12.47,11.95,6.5,13.43,8.37,14.83,10.34,11.64,5.07,31.23,13.89
839,4.257484898736022,3,12.67,12.19,6.5,13.54,8.64,14.95,10.47,11.59,5.07,30.73,14
840,4.257484898736022,3,12.72,12.24,6.61,13.65,8.78,15.08,10.47,11.73,5.15,31.92,13.78
841,4.942929912481451,3,12.72,12.19,6.66,13.71,8.78,15.14,10.47,11.82,5.05,31.92,14.06
842,4.942929912481451,3,12.67,12.09,6.66,13.65,8.64,15.08,10.38,11.69,5.24,31.92,14
843,4.942929912481451,3,12.47,12,6.66,13.54,8.81,15.02,10.3,11.69,5.15,29.77,13.67
844,4.942929912481451,3,12.47,12.24,6.69,13.71,8.61,15.2,10.51,11.82,5.17,31.57,13.61
845,4.942929912481451,3,12.37,12,6.58,13.65,8.44,15.02,10.22,11.69,5.17,31.92,14.17
846,4.942929912481451,3,12.47,11.95,6.69,13.6,8.78,15.02,10.22,12.06,5.19,31.74,14
847,4.942929912481451,3,12.42,11.95,6.63,13.6,8.47,15.08,10.1,11.64,5.28,31.57,14.06
848,4.942929912481451,3,12.57,12,6.69,13.71,8.81,15.2,10.26,11.78,5.19,31.92,13.78
849,4.942929912481451,3,12.52,12,6.66,13.65,9.17,15.14,10.26,11.78,5.28,31.74,14.11
850,4.942929912481451,3,12.67,12.14,6.8,13.88,9.35,15.33,10.34,12.3,5.37,32.09,14.06
851,4.942929912481451,3,12.42,11.86,6.69,13.6,9.27,15.08,10.14,11.78,5.3,31.92,13.61
852,4.942929912481451,3,12.62,12,6.77,13.71,9.2,15.08,10.22,11.69,5.5,32.09,14.23
853,4.942929912481451,3,12.52,11.9,6.72,13.71,9.13,14.95,10.34,11.5,5.39,31.92,13.78
854,4.942929912481451,3,12.47,11.86,6.72,13.71,8.92,15.08,10.1,11.69,5.54,32.81,13.89
855,4.942929912481451,3,12.42,11.77,6.69,13.65,8.81,15.08,9.98,11.97,5.63,31.92,13.61
856,4.942929912481451,3,12.57,12,6.8,13.88,8.85,15.39,10.18,12.06,5.58,32.63,13.83
857,4.942929912481451,3,12.42,11.77,6.72,13.71,8.92,15.2,9.98,11.87,5.54,32.63,13.24
858,4.942929912481451,3,12.42,11.77,6.74,13.71,8.99,15.26,9.98,11.92,5.65,32.09,12.77
859,4.942929912481451,3,12.32,11.72,6.72,13.6,8.37,15.2,10.02,11.82,5.54,32.09,13.94
860,4.942929912481451,3,12.37,11.81,6.69,13.6,9.09,15.26,10.1,11.78,5.91,31.74,13.5
861,4.942929912481451,3,12.42,11.77,6.72,13.65,8.74,15.26,9.98,11.73,6,31.57,13.45
862,4.942929912481451,3,12.52,11.86,6.83,13.82,9.13,15.45,10.1,11.73,6,32.09,13.94
863,4.942929912481451,3,12.42,11.81,6.74,13.71,9.09,15.39,9.98,11.78,5.88,32.27,14.06
864,4.942929912481451,3,12.52,11.86,6.8,13.82,9.35,15.45,9.94,12.06,5.95,32.09,13.72
865,4.942929912481451,3,12.62,11.9,6.85,13.93,9.2,15.52,9.98,11.92,6.02,32.27,13.78
866,4.942929912481451,3,11.94,11.72,6.83,13.88,8.41,15.39,9.9,11.87,5.98,31.92,13.78
867,4.942929912481451,3,12.62,11.63,6.83,13.76,9.24,15.45,9.86,11.82,5.98,31.4,13.67
868,4.942929912481451,3,13.03,11.77,6.88,13.88,8.57,15.52,9.9,12.25,5.98,31.92,14.06
869,4.942929912481451,3,12.62,11.54,6.8,13.76,8.74,15.39,9.79,11.78,6.05,31.57,14.06
870,4.942929912481451,3,12.72,11.58,6.88,13.82,8.47,15.45,9.67,12.06,6.07,31.57,13.78
871,4.942929912481451,3,12.87,11.67,6.88,13.88,8.57,15.52,9.86,12.06,6.1,31.74,13.67
872,4.942929912481451,3,12.82,11.49,6.85,13.76,8.71,15.45,9.79,11.73,6.02,31.4,13.13
873,4.942929912481451,3,12.57,11.63,6.91,13.93,9.13,15.45,9.75,12.11,6.07,31.74,13.61
874,4.942929912481451,3,12.47,11.49,6.85,13.76,9.17,15.39,9.67,11.82,6.1,31.4,13.45
875,4.942929912481451,3,12.47,11.45,6.83,13.82,8.28,15.33,9.67,11.73,6.07,31.23,14.23
876,4.942929912481451,3,12.52,11.45,6.88,13.82,8.85,15.39,9.6,11.82,6.12,31.57,13.56
877,4.942929912481451,3,12.52,11.45,6.94,13.88,8.99,15.45,9.63,11.87,6.17,31.57,13.89
878,4.942929912481451,3,12.57,11.31,6.88,13.76,8.99,15.33,9.45,11.73,6.17,31.92,13.34
879,4.942929912481451,3,12.57,11.36,6.94,13.88,8.61,15.45,9.41,11.87,6.24,31.23,13.67
880,4.942929912481451,3,12.72,11.45,6.97,13.93,8.74,15.52,9.56,11.97,6.27,31.57,13.67
881,4.942929912481451,3,13.03,11.36,6.99,13.93,8.74,15.58,9.48,12.16,6.32,31.74,14.17
882,4.942929912481451,3,13.13,11.4,6.99,13.99,9.27,15.71,9.52,12.01,6.34,31.92,13.13
883,4.942929912481451,3,13.03,11.31,6.99,13.93,9.09,15.52,9.48,12.25,6.32,31.57,13.61
884,4.942929912481451,3,12.98,11.27,6.99,13.93,8.51,15.58,9.45,11.92,6.37,31.74,14.06
885,4.942929912481451,3,12.87,11.18,6.94,13.76,8.54,15.58,9.45,12.16,6.32,32.27,14.11
886,4.942929912481451,3,12.98,11.27,6.91,13.76,9.09,15.45,9.48,12.01,6.34,31.4,13.72
887,4.942929912481451,3,13.13,11.27,6.97,13.88,9.09,15.58,9.41,11.82,6.44,32.27,13.94
888,4.942929912481451,3,13.13,11.36,6.99,13.99,9.53,15.71,9.63,11.87,6.6,32.63,13.72
889,4.942929912481451,3,14.06,11.22,6.97,13.93,9.99,15.65,9.34,11.82,6.62,31.74,13.78
890,4.942929912481451,3,13.4,11.22,6.99,13.99,8.95,15.65,9.3,11.87,6.67,31.74,13.83
891,4.942929912481451,3,13.56,11.22,7.05,13.99,8.68,15.65,9.26,12.11,6.75,31.74,13.4
892,4.942929912481451,3,13.67,11.31,7.11,14.11,9.64,15.78,9.37,12.55,6.78,31.74,14.11
893,4.942929912481451,3,14.58,11.18,7.02,13.99,9.72,15.65,9.37,12.65,6.81,31.74,14.11
894,4.942929912481451,3,14.06,11.18,7.08,13.93,9.46,15.65,9.26,12.21,6.89,32.27,13.29
895,4.942929912481451,3,13.61,11.05,7.05,13.93,9.49,15.58,9.23,11.73,6.97,32.09,14
896,4.942929912481451,3,13.78,11.22,7.11,14.05,9.42,15.71,9.3,12.06,6.97,32.09,14.06
897,4.942929912481451,3,13.08,11.05,7.05,13.93,8.57,15.65,9.19,11.97,7.02,31.57,12.62
898,4.942929912481451,3,12.87,11.14,7.05,13.99,8.61,15.65,9.23,12.06,7.05,35.11,14.06
899,4.942929912481451,3,13.45,11.09,7.08,14.05,9.17,15.71,9.08,11.73,7.22,31.74,14
900,4.942929912481451,3,13.78,11.01,7.05,13.93,9.35,15.58,9.01,11.82,7.19,32.09,13.72
901,5.095707786858631,4,13.56,11.22,7.16,14.22,9.13,15.84,9.19,11.87,7.3,31.74,13.5
902,5.095707786858631,4,13.4,11.01,7.08,13.99,8.85,15.71,9.08,11.82,7.3,31.4,13.83
903,5.095707786858631,4,13.83,11.05,7.11,14.11,9.38,15.71,9.08,12.11,7.42,30.9,14.11
904,5.095707786858631,4,12.82,11.09,7.19,14.16,8.54,15.84,9.23,12.06,7.39,32.27,13.94
905,5.095707786858631,4,12.82,11.09,7.28,14.16,8.88,15.84,9.08,12.06,7.33,32.27,14.17
906,5.095707786858631,4,12.67,10.88,7.16,14.05,8.54,15.71,8.94,13.22,8.28,32.63,13.67
907,5.095707786858631,4,12.72,10.92,7.19,14.05,8.99,15.71,8.91,12.01,7.75,32.09,13.61
908,5.095707786858631,4,12.82,10.96,7.28,14.22,8.74,15.84,8.98,12.11,7.68,30.9,14.11
909,5.095707786858631,4,12.77,10.88,7.28,14.16,8.85,15.78,8.87,12.06,7.36,32.63,13.72
910,5.095707786858631,4,12.72,10.75,7.25,14.11,8.68,15.71,8.87,12.11,7.16,32.63,13.61
911,5.095707786858631,4,12.82,10.83,7.34,14.22,8.54,15.91,8.87,12.01,7.16,32.45,13.56
912,5.095707786858631,4,12.82,10.67,7.28,14.05,9.13,15.65,8.77,11.97,6.94,32.09,14.11
913,5.095707786858631,4,12.87,10.71,7.31,14.11,8.61,15.78,8.8,12.11,6.83,32.27,14.11
914,5.095707786858631,4,12.82,10.67,7.34,14.11,8.92,15.84,8.77,12.25,6.78,32.27,14
915,5.095707786858631,4,12.92,10.75,7.4,14.22,8.64,15.84,8.8,12.45,6.75,32.45,13.94
916,5.095707786858631,4,12.92,10.71,7.4,14.28,9.02,15.84,8.7,12.16,6.65,32.45,13.83
917,5.095707786858631,4,12.82,10.58,7.34,14.11,9.09,15.78,8.7,12.16,6.65,32.09,14.06
918,5.095707786858631,4,12.82,10.58,7.4,14.22,9.02,15.78,8.63,12.06,6.49,32.27,14
919,5.095707786858631,4,12.82,10.58,7.46,14.22,8.95,15.84,8.63,12.25,6.19,33.36,12.62
920,5.095707786858631,4,12.77,10.46,7.43,14.11,8.51,15.78,8.6,12.16,6.22,32.45,13.89
921,5.095707786858631,4,12.87,10.58,7.55,14.28,8.81,15.97,8.7,12.21,6.22,33.17,13.78
922,5.095707786858631,4,12.87,10.54,7.58,14.28,8.88,15.97,8.67,12.3,6.17,33.36,14.4
923,5.095707786858631,4,12.82,10.46,7.52,14.22,8.61,15.91,8.6,12.11,5.88,31.57,13.72
924,5.095707786858631,4,12.87,10.5,7.58,14.28,8.68,15.97,8.6,12.16,6.05,32.09,13.94
925,5.095707786858631,4,12.77,10.5,7.55,14.11,9.17,15.97,8.56,12.25,6,32.09,13.83
926,5.095707786858631,4,12.72,10.34,7.52,14.11,8.51,15.84,8.5,12.25,6.14,31.92,13.94
927,5.095707786858631,4,12.77,10.38,7.55,14.16,9.06,15.91,8.67,12.16,6.34,31.4,14.11
928,5.095707786858631,4,12.77,10.38,7.58,14.28,8.92,15.97,8.46,12.21,6.34,33.17,13.94
929,5.095707786858631,4,12.72,10.22,7.55,14.11,9.06,15.84,8.4,12.06,6.49,32.63,14.23
930,5.095707786858631,4,12.47,10.3,7.58,14.16,8.54,15.97,8.43,12.65,6.34,32.63,13.83
931,5.095707786858631,4,12.47,10.26,7.61,14.16,8.51,15.97,8.4,12.16,6.39,32.81,13.83
932,5.095707786858631,4,12.82,10.38,7.64,14.28,8.71,16.04,8.43,12.21,6.39,32.81,14.23
933,5.095707786858631,4,12.77,10.18,7.55,14.16,9.13,15.91,8.37,12.35,6.37,34.31,13.67
934,5.095707786858631,4,12.87,10.3,7.7,14.28,9.27,16.11,8.37,12.3,6.44,32.27,14.46
935,5.095707786858631,4,12.87,10.18,7.73,14.28,8.64,16.11,8.3,12.25,6.42,31.57,14.17
936,5.095707786858631,4,12.77,10.06,7.67,14.16,8.85,16.04,8.24,12.06,6.12,32.27,14.11
937,5.095707786858631,4,12.77,10.06,7.67,14.16,8.68,16.04,8.2,12.16,6.12,31.57,13.83
938,5.095707786858631,4,12.92,10.18,7.73,14.28,8.88,16.24,8.3,12.21,6.1,32.09,14.4
939,5.095707786858631,4,12.87,10.14,7.73,14.28,9.13,16.17,8.14,12.01,6,32.09,13.78
940,5.095707786858631,4,12.87,10.06,7.73,14.22,8.74,16.11,8.11,12.11,6.02,32.45,14.11
941,5.095707786858631,4,12.92,10.14,7.79,14.28,8.99,16.17,8.17,12.6,6,32.63,14.06
942,5.095707786858631,4,12.72,9.9,7.67,14.05,8.61,16.04,8.08,11.87,5.88,31.4,13.61
943,5.095707786858631,4,12.77,9.98,7.7,14.16,8.78,16.11,8.08,11.92,5.91,31.92,13.56
944,5.095707786858631,4,12.92,10.1,7.79,14.34,8.71,16.24,8.33,12.11,5.93,32.09,14.29
945,5.095707786858631,4,12.87,9.94,7.79,14.28,8.95,16.24,8.08,11.92,5.88,33.55,12.87
946,5.095707786858631,4,12.92,10.02,7.82,14.28,9.31,16.31,8.08,12.11,6,33.74,14.4
947,5.095707786858631,4,12.77,9.86,7.79,14.16,9.13,16.17,7.98,12.11,5.98,32.45,13.78
948,5.095707786858631,4,12.77,9.86,7.76,14.16,9.06,16.17,7.95,12.25,5.95,31.92,14.06
949,5.095707786858631,4,12.98,9.98,7.85,14.34,9.27,16.38,7.98,12.25,5.98,32.27,14.29
950,5.095707786858631,4,12.92,9.86,7.82,14.22,8.92,16.24,7.89,12.11,5.93,32.45,12.67
951,5.095707786858631,4,12.87,9.79,7.82,14.16,9.06,16.17,7.86,12.16,5.91,32.09,13.72
952,5.095707786858631,4,12.98,9.86,7.92,14.28,8.51,16.38,7.89,12.21,5.98,32.45,13.56
953,5.095707786858631,4,13.03,9.94,7.95,14.4,8.88,16.44,7.95,12.21,6,31.92,13.83
954,5.095707786858631,4,12.82,9.75,7.85,14.16,8.68,16.24,7.86,11.97,5.93,32.45,14.06
955,5.095707786858631,4,12.87,9.82,7.95,14.28,9.02,16.38,7.89,12.55,5.98,32.81,13.83
956,5.095707786858631,4,12.82,9.79,7.95,14.28,8.74,16.31,7.8,12.55,6,32.63,14.11
957,5.095707786858631,4,12.72,9.63,7.88,14.28,8.54,16.24,7.71,12.45,5.98,32.45,13.94
958,5.095707786858631,4,12.82,9.79,7.95,14.34,8.92,16.38,7.77,12.4,5.95,32.09,13.89
959,5.095707786858631,4,12.82,9.75,8.01,14.34,8.88,16.44,7.77,12.55,6.05,31.92,13.83
960,5.095707786858631,4,12.77,9.6,7.98,14.22,9.09,16.31,7.74,12.35,5.95,32.81,13.67
961,5.1317081826527025,4,12.77,9.6,7.98,14.22,8.68,16.38,7.68,12.3,5.98,32.99,13.83
962,5.1317081826527025,4,12.82,9.63,8.01,14.28,8.61,16.31,7.68,12.35,5.98,33.17,13.94
963,5.1317081826527025,4,12.77,9.56,8.04,14.22,8.51,16.31,7.77,12.35,5.98,32.81,13.72
964,5.1317081826527025,4,12.77,9.56,8.01,14.22,8.54,16.24,7.62,12.6,6.02,32.27,13.83
965,5.1317081826527025,4,12.77,9.56,8.01,14.22,8.78,16.38,7.62,12.3,6.05,35.31,13.83
966,5.1317081826527025,4,12.72,9.52,8.01,14.22,9.2,16.24,7.53,12.3,5.91,32.45,13.67
967,5.1317081826527025,4,12.82,9.56,8.07,14.28,8.71,16.31,7.59,12.5,5.98,33.17,13.89
968,5.1317081826527025,4,12.87,9.56,8.14,14.34,8.95,16.38,7.59,12.5,6.02,32.99,14.29
969,5.1317081826527025,4,12.77,9.48,8.11,14.22,9.09,16.31,7.53,12.3,5.95,32.45,13.89
970,5.1317081826527025,4,12.82,9.52,8.14,14.28,8.88,16.38,7.56,12.4,6.07,32.09,13.72
971,5.1317081826527025,4,12.82,9.48,8.17,14.34,8.88,16.51,7.53,12.45,6.1,31.57,14.11
972,5.1317081826527025,4,12.67,9.37,8.07,14.16,8.57,16.31,7.47,12.35,6.05,32.27,14.17
973,5.1317081826527025,4,12.72,9.37,8.11,14.16,8.99,16.38,7.41,12.35,6.07,31.4,13.24
974,5.1317081826527025,4,12.77,9.41,8.11,14.28,8.81,16.44,7.38,12.45,6.12,32.09,13.61
975,5.1317081826527025,4,12.77,9.41,8.14,14.22,8.61,16.44,7.38,12.65,6.17,32.45,13.89
976,5.1317081826527025,4,12.82,9.41,8.2,14.28,9.02,16.44,7.38,12.3,6.19,31.74,13.94
977,5.1317081826527025,4,12.72,9.3,8.17,14.16,8.28,16.44,7.27,12.21,6.17,31.4,13.94
978,5.1317081826527025,4,12.82,9.37,8.23,14.34,9.13,16.58,7.38,12.55,6.17,31.57,13.78
979,5.1317081826527025,4,12.72,9.23,8.14,14.05,8.61,16.38,7.27,12.21,6.22,31.57,13.67
980,5.1317081826527025,4,12.72,9.3,8.2,14.16,8.61,16.51,7.29,12.16,6.17,31.4,13.61
981,5.1317081826527025,4,12.77,9.34,8.27,14.28,8.81,16.58,7.27,12.21,6.34,34.71,13.61
982,5.1317081826527025,4,12.72,9.23,8.27,14.22,9.02,16.44,7.35,12.06,6.37,31.57,13.78
983,5.1317081826527025,4,12.67,9.12,8.23,14.11,9.09,16.38,7.1,12.06,6.34,31.57,13.89
984,5.1317081826527025,4,12.62,9.09,8.27,14.11,8.74,16.38,7.07,12.06,6.32,31.57,13.83
985,5.1317081826527025,4,12.52,9.01,8.23,14.05,8.81,16.24,7.04,12.01,6.32,29.93,13.72
986,5.1317081826527025,4,12.77,9.05,8.3,14.11,8.41,16.38,7.07,12.35,6.39,31.23,14
987,5.1317081826527025,4,12.82,9.09,8.33,14.16,8.78,16.44,7.07,12.3,6.37,30.41,13.89
988,5.1317081826527025,4,12.72,8.98,8.33,14.05,8.57,16.31,7.01,11.82,6.44,31.4,13.94
989,5.1317081826527025,4,12.77,8.98,8.33,14.11,9.02,16.38,6.99,12.06,6.44,31.57,13.83
990,5.1317081826527025,4,12.32,8.94,8.33,14.05,8.74,16.38,6.96,12.11,6.49,31.4,13.67
991,5.1317081826527025,4,12.57,8.91,8.36,14.05,8.71,16.31,6.9,12.01,6.49,30.09,13.56
992,5.1317081826527025,4,12.72,9.01,8.46,14.22,8.64,16.44,6.96,12.01,6.54,31.57,13.72
993,5.1317081826527025,4,12.72,8.94,8.46,14.16,8.81,16.51,6.96,12.01,6.62,31.92,13.78
994,5.1317081826527025,4,12.82,9.01,8.56,14.28,9.02,16.58,6.99,11.92,6.65,31.92,14.11
995,5.1317081826527025,4,12.62,8.8,8.43,14.05,8.85,16.31,6.88,11.87,6.57,31.57,13.83
996,5.1317081826527025,4,12.72,8.91,8.5,14.16,8.68,16.38,6.88,12.06,6.54,31.92,13.78
997,5.1317081826527025,4,12.72,8.87,8.53,14.16,8.54,16.44,6.96,12.11,6.62,31.74,13.78
998,5.1317081826527025,4,12.28,8.77,8.46,13.99,8.41,16.31,6.82,12.06,6.6,31.23,13.83
999,5.1317081826527025,4,12.72,8.91,8.53,14.11,8.81,16.44,6.88,12.11,6.65,35.11,13.94
1000,5.1317081826527025,4,12.57,9.01,8.63,14.34,8.71,16.65,6.9,12.35,6.78,32.27,13.89
1001,5.1317081826527025,4,12.62,8.77,8.5,14.05,8.51,16.38,6.77,12.21,6.7,31.23,13.72
1002,5.1317081826527025,4,12.67,8.8,8.5,14.11,8.68,16.38,6.77,12.01,6.67,31.57,13.78
1003,5.1317081826527025,4,12.92,8.87,8.63,14.22,8.78,16.58,6.85,12.45,6.75,32.63,13.83
1004,5.1317081826527025,4,12.67,8.7,8.56,13.99,8.51,16.31,6.69,12.25,6.73,31.57,13.72
1005,5.1317081826527025,4,12.67,8.7,8.56,14.05,8.74,16.31,6.69,12.11,6.73,32.63,13.78
1006,5.1317081826527025,4,12.67,8.74,8.6,14.11,8.88,16.38,6.69,12.21,6.78,31.4,13.72
1007,5.1317081826527025,4,12.52,8.57,8.56,13.93,8.68,16.38,6.61,12.16,6.7,31.06,13.56
1008,5.1317081826527025,4,12.67,8.74,8.63,14.11,9.42,16.51,6.72,12.25,6.83,31.74,13.45
1009,5.1317081826527025,4,12.67,8.7,8.6,14.11,9.24,16.44,6.64,12.3,6.83,31.74,13.18
1010,5.1317081826527025,4,12.72,8.74,8.67,14.16,8.71,16.51,6.66,12.25,6.86,31.92,13.83
1011,5.1317081826527025,4,12.67,8.63,8.63,14.05,8.68,16.51,6.58,12.16,6.86,31.92,14.23
1012,5.1317081826527025,4,12.77,8.7,8.73,14.22,9.13,16.58,6.66,12.3,6.89,31.57,14.34
1013,5.1317081826527025,4,12.62,8.57,8.67,14.05,9.06,16.44,6.53,12.21,6.86,31.74,14
1014,5.1317081826527025,4,12.67,8.6,8.7,14.05,9.06,16.51,6.61,12.25,6.94,32.09,14.11
1015,5.1317081826527025,4,12.67,8.6,8.73,14.11,9.17,16.51,6.56,12.25,6.94,31.92,13.72
1016,5.1317081826527025,4,12.72,8.6,8.77,14.11,8.74,16.58,6.56,12.06,6.97,31.57,13.72
1017,5.1317081826527025,4,12.62,8.53,8.73,14.05,9.31,16.51,6.48,12.06,7,31.23,13.5
1018,5.1317081826527025,4,12.67,8.57,8.73,14.05,8.34,16.51,6.46,12.21,7.02,31.92,13.72
1019,5.1317081826527025,4,12.82,8.67,8.91,14.28,8.95,16.72,6.56,12.35,7.19,31.06,13.67
1020,5.1317081826527025,4,12.62,8.5,8.87,14.05,8.81,16.51,6.46,12.21,7.02,31.74,13.5
1021,5.158727049897808,4,12.23,8.5,8.8,14.05,8.44,16.58,6.43,12.25,7.02,31.57,13.83
1022,5.158727049897808,4,12.72,8.53,8.87,14.11,8.92,16.65,6.48,12.11,7.11,32.27,13.89
1023,5.158727049897808,4,12.67,8.37,8.77,13.93,9.31,16.44,6.35,12.06,7.05,31.92,13.72
1024,5.158727049897808,4,12.77,8.47,8.8,14.05,9.17,16.58,6.4,12.25,7.08,32.27,13.83
1025,5.158727049897808,4,12.82,8.53,8.94,14.11,9.17,16.65,6.43,12.25,7.13,32.99,14.11
1026,5.158727049897808,4,12.72,8.4,8.84,13.99,8.81,16.51,6.33,12.25,7.16,32.63,14.23
1027,5.158727049897808,4,12.77,8.47,8.87,14.05,8.99,16.65,6.35,12.35,7.19,31.74,14.23
1028,5.158727049897808,4,12.77,8.47,8.91,14.11,8.81,16.65,6.35,12.3,7.22,31.92,14.23
1029,5.158727049897808,4,12.62,8.37,8.87,13.93,8.34,16.58,6.43,12.21,7.16,32.63,13.89
1030,5.158727049897808,4,12.67,8.43,8.94,14.05,8.78,16.65,6.35,12.35,7.22,33.36,13.5
1031,5.158727049897808,4,12.62,8.4,8.91,13.99,9.09,16.65,6.3,12.65,7.22,32.63,13.34
1032,5.158727049897808,4,12.57,8.33,8.91,13.93,8.85,16.58,6.25,12.21,7.22,32.99,13.83
1033,5.158727049897808,4,12.52,8.33,8.87,13.88,8.51,16.58,6.25,12.35,7.16,32.63,13.78
1034,5.158727049897808,4,12.72,8.43,8.98,14.05,8.61,16.79,6.28,12.4,7.36,31.92,13.67
1035,5.158727049897808,4,12.67,8.4,8.98,14.05,9.2,16.72,6.25,12.35,7.39,31.74,13.67
1036,5.158727049897808,4,12.57,8.37,9.01,13.99,9.17,16.72,6.25,12.35,7.36,32.45,13.78
1037,5.158727049897808,4,12.52,8.27,8.94,13.93,9.13,16.65,6.2,12.4,7.33,32.81,13.4
1038,5.158727049897808,4,12.62,8.33,9.01,13.99,8.85,16.72,6.2,12.55,7.36,33.17,13.61
1039,5.158727049897808,4,12.57,8.33,9.05,14.05,8.85,16.72,6.3,12.6,7.36,33.55,14.29
1040,5.158727049897808,4,12.52,8.2,9.01,13.88,9.17,16.65,6.11,12.55,7.42,32.27,13.56
1041,5.158727049897808,4,12.52,8.2,8.98,13.82,8.99,16.65,6.13,12.5,7.42,32.09,14.23
1042,5.158727049897808,4,12.67,8.33,9.05,13.99,9.13,16.86,6.18,12.6,7.51,32.81,14.46
1043,5.158727049897808,4,12.67,8.33,9.08,14.05,9.2,16.86,6.18,12.55,7.6,32.63,13.72
1044,5.158727049897808,4,12.62,8.27,9.08,13.99,8.78,16.79,6.13,12.55,7.6,32.99,13.94
1045,5.158727049897808,4,12.62,8.23,9.08,13.99,9.02,16.86,6.13,12.5,7.6,33.55,13.83
1046,5.158727049897808,4,12.62,8.23,9.12,13.99,8.88,16.86,6.11,12.4,7.62,33.36,13.89
1047,5.158727049897808,4,12.67,8.2,9.16,13.93,8.54,16.79,6.11,12.96,7.62,32.63,14
1048,5.158727049897808,4,12.67,8.27,9.19,14.05,8.44,16.86,6.13,12.5,7.68,32.99,13.72
1049,5.158727049897808,4,12.67,8.2,9.19,13.99,8.64,16.86,6.08,12.55,7.71,32.99,14.06
1050,5.158727049897808,4,12.62,8.2,9.23,14.05,9.24,16.86,6.06,12.91,7.75,32.99,14.46
1051,5.158727049897808,4,12.62,8.14,9.19,13.93,8.99,16.86,6.03,12.5,7.78,32.99,14
1052,5.158727049897808,4,12.62,8.14,9.23,13.93,8.95,16.86,5.98,12.55,7.81,32.45,14.23
1053,5.158727049897808,4,12.52,8.07,9.19,13.88,9.02,16.79,5.98,12.55,7.75,32.45,14.34
1054,5.158727049897808,4,12.57,8.11,9.26,14.05,8.71,16.86,5.98,12.45,7.45,32.27,14
1055,5.158727049897808,4,12.72,8.2,9.34,14.11,8.74,17.01,6.06,12.55,8.02,31.4,14.23
1056,5.158727049897808,4,12.52,8.01,9.19,13.82,8.54,16.79,5.94,12.4,8.09,32.81,14.34
1057,5.158727049897808,4,12.62,8.04,9.23,13.88,8.47,16.86,6.01,12.45,8.21,32.63,13.89
1058,5.158727049897808,4,12.62,8.04,9.26,13.93,8.88,16.93,5.94,12.5,8.47,32.45,13.83
1059,5.158727049897808,4,12.57,8.01,9.26,13.76,8.85,16.86,5.91,12.4,8.38,32.45,13.56
1060,5.158727049897808,4,12.52,8.04,9.3,13.88,8.92,16.93,5.89,12.5,8.34,31.4,13.89
1061,5.158727049897808,4,12.52,7.98,9.26,13.82,8.54,16.86,5.87,12.4,8.34,31.23,13.72
1062,5.158727049897808,4,12.47,7.98,9.26,13.82,8.54,16.86,5.84,12.4,8.44,34.31,13.94
1063,5.158727049897808,4,12.57,8.04,9.34,13.93,8.78,16.93,5.91,13.06,8.58,32.81,14.17
1064,5.158727049897808,4,12.62,8.04,9.37,13.99,8.81,17.01,5.89,12.6,8.68,32.45,14.23
1065,5.158727049897808,4,12.52,7.92,9.3,13.76,8.78,16.93,5.87,12.91,8.71,32.27,13.89
1066,5.158727049897808,4,12.62,8.01,9.37,13.93,8.71,17.01,5.87,13.06,8.85,32.45,14
1067,5.158727049897808,4,12.57,7.95,9.37,13.88,9.02,16.93,5.82,13.01,8.78,32.45,13.89
1068,5.158727049897808,4,12.52,7.88,9.34,13.76,8.31,16.93,5.82,12.65,9.1,31.74,14.29
1069,5.158727049897808,4,12.57,7.95,9.34,13.88,8.57,17.01,5.8,12.75,9.43,31.74,14.29
1070,5.158727049897808,4,12.57,7.95,9.37,13.88,8.68,17.01,5.77,12.75,9.73,30.73,14.17
1071,5.158727049897808,4,12.52,7.88,9.37,13.76,8.68,16.93,5.77,13.38,9.65,32.09,14.29
1072,5.158727049897808,4,12.52,7.88,9.41,13.82,8.78,16.93,5.75,13.22,9.73,32.99,14.46
1073,5.158727049897808,4,12.67,7.98,9.48,13.88,9.06,17.22,5.89,13.33,9.92,32.63,14.52
1074,5.158727049897808,4,12.52,7.82,9.45,13.76,8.54,17.08,5.73,12.8,9.96,31.92,14.17
1075,5.158727049897808,4,12.52,7.85,9.48,13.76,8.85,17.08,5.75,12.6,9.88,32.45,14.34
1076,5.158727049897808,4,12.52,7.85,9.48,13.82,8.54,17.08,5.73,12.85,9.92,31.92,14.34
1077,5.158727049897808,4,12.42,7.7,9.48,13.71,8.99,16.93,5.66,12.3,9.85,31.92,14.23
1078,5.158727049897808,4,12.72,7.85,9.48,13.82,8.64,17.08,5.73,12.4,9.96,30.73,14.52
1079,5.158727049897808,4,12.37,7.82,9.52,13.82,8.41,17.08,5.68,12.96,10.08,32.27,14.52
1080,5.158727049897808,4,12.67,7.82,9.6,13.88,8.78,17.08,5.7,13.01,10.25,30.57,14.34
1081,5.184470594125643,4,12.52,7.7,9.48,13.65,8.47,16.93,5.63,12.5,10.16,32.81,14.4
1082,5.184470594125643,4,12.57,7.76,9.56,13.76,8.81,17.08,5.68,11.97,10.25,31.23,14.06
1083,5.184470594125643,4,12.42,7.64,9.48,13.6,8.81,16.93,5.61,11.87,10.08,31.74,14.17
1084,5.184470594125643,4,12.47,7.7,9.45,13.6,8.74,17.01,5.61,12.06,10.25,32.09,14.23
1085,5.184470594125643,4,12.57,7.76,9.6,13.76,8.92,17.15,5.66,11.97,10.33,31.4,14
1086,5.184470594125643,4,12.42,7.67,9.52,13.65,8.47,17.08,5.57,12.25,10.45,33.36,13.45
1087,5.184470594125643,4,12.57,7.73,9.52,13.71,9.13,17.15,5.61,12.85,10.62,32.27,13.78
1088,5.184470594125643,4,12.57,7.7,9.56,13.65,8.95,17.15,5.59,12.91,10.71,32.45,14.11
1089,5.184470594125643,4,12.67,7.79,9.67,13.82,8.68,17.22,5.63,13.33,10.84,32.63,14.11
1090,5.184470594125643,4,12.62,7.73,9.63,13.76,8.41,17.22,5.59,15.69,10.93,32.81,13.89
1091,5.184470594125643,4,12.52,7.61,9.6,13.6,8.54,16.93,5.54,15.12,10.97,32.63,14
1092,5.184470594125643,4,12.57,7.64,9.67,13.71,9.35,17.15,5.57,12.55,11.06,32.99,13.78
1093,5.184470594125643,4,12.52,7.58,9.63,13.6,8.95,17.01,5.52,12.7,11.1,32.09,13.94
1094,5.184470594125643,4,12.62,7.64,9.71,13.65,8.78,17.15,5.54,12.65,11.29,31.23,14.34
1095,5.184470594125643,4,12.67,7.64,9.67,13.71,8.44,17.15,5.54,12.65,11.42,32.45,14.4
1096,5.184470594125643,4,12.77,7.55,9.63,13.6,8.74,17.08,5.48,12.5,11.52,32.45,14
1097,5.184470594125643,4,12.57,7.49,9.6,13.49,8.78,17.01,5.45,12.25,11.56,30.73,14.06
1098,5.184470594125643,4,12.67,7.58,9.67,13.6,8.81,17.15,5.5,12.6,11.66,33.36,13.94
1099,5.184470594125643,4,12.72,7.64,9.71,13.65,8.57,17.3,5.54,13.11,11.8,32.81,14.17
1100,5.184470594125643,4,12.28,7.55,9.71,13.6,8.64,17.22,5.48,13.54,11.8,35.93,14.52
1101,5.184470594125643,4,12.57,7.49,9.71,13.49,8.47,17.15,5.45,13.17,11.85,32.27,14.29
1102,5.184470594125643,4,12.37,7.43,9.63,13.38,8.92,16.93,5.41,13.17,11.9,31.74,14.23
1103,5.184470594125643,4,12.47,7.43,9.63,13.38,8.85,17.01,5.41,13.06,11.95,32.27,14.23
1104,5.184470594125643,4,12.57,7.55,9.71,13.49,8.51,17.15,5.45,13.22,12.15,32.09,13.94
1105,5.184470594125643,4,12.62,7.58,9.79,13.65,8.81,17.22,5.45,13.27,12.35,32.99,14.17
1106,5.184470594125643,4,12.52,7.52,9.75,13.54,8.68,17.08,5.41,13.38,12.35,31.74,14.23
1107,5.184470594125643,4,12.47,7.46,9.79,13.49,8.68,17.08,5.39,13.27,12.45,31.4,14
1108,5.184470594125643,4,12.42,7.43,9.79,13.49,9.13,17.08,5.36,13.38,12.56,31.4,13.78
1109,5.184470594125643,4,12.57,7.52,9.9,13.6,8.88,17.3,5.43,13.33,12.66,31.92,14.06
1110,5.184470594125643,4,12.47,7.34,9.82,13.38,8.74,17.08,5.34,13.27,12.72,31.92,13.72
1111,5.184470594125643,4,12.62,7.43,9.86,13.49,9.09,17.22,5.36,13.22,12.82,32.09,14.23
1112,5.184470594125643,4,12.67,7.43,9.94,13.54,9.17,17.3,5.39,13.44,12.99,30.9,14.17
1113,5.184470594125643,4,12.72,7.4,9.94,13.54,9.2,17.22,5.34,13.49,13.09,31.92,14.17
1114,5.184470594125643,4,12.67,7.37,9.94,13.43,8.64,17.22,5.32,13.27,13.26,32.45,14.34
1115,5.184470594125643,4,12.57,7.28,9.9,13.32,8.57,17.01,5.32,13.33,13.26,31.74,13.72
1116,5.184470594125643,4,12.67,7.34,9.98,13.49,8.68,17.01,5.3,13.33,13.26,32.63,14.11
1117,5.184470594125643,4,12.62,7.31,9.98,13.49,8.61,17.01,5.32,14.51,13.43,31.74,13.72
1118,5.184470594125643,4,12.57,7.28,9.98,13.43,9.13,17.15,5.32,13.44,13.43,32.99,13.94
1119,5.184470594125643,4,12.57,7.25,10.02,13.43,8.51,17.08,5.28,13.38,13.49,31.92,13.94
1120,5.184470594125643,4,12.62,7.31,10.1,13.54,8.78,17.22,5.32,13.49,13.78,32.45,14.11
1121,5.184470594125643,4,12.72,7.25,10.1,13.43,8.81,17.15,5.28,13.44,13.84,33.36,14.23
1122,5.184470594125643,4,12.67,7.25,10.06,13.43,9.24,17.15,5.28,13.65,13.78,31.74,14.46
1123,5.184470594125643,4,12.13,7.19,10.06,13.32,8.74,17.08,5.21,13.76,14.02,32.27,13.83
1124,5.184470594125643,4,12.13,7.22,10.1,13.43,8.57,17.22,5.26,13.82,14.08,32.81,14.34
1125,5.184470594125643,4,12.18,7.22,10.14,13.38,8.57,17.3,5.26,13.93,14.32,32.63,14.4
1126,5.184470594125643,4,12.04,7.11,10.1,13.27,8.61,17.15,5.21,13.88,14.51,33.55,14.4
1127,5.184470594125643,4,12.13,7.19,10.1,13.38,8.47,17.15,5.23,13.82,14.44,31.4,14.29
1128,5.184470594125643,4,12.13,7.19,10.18,13.43,8.71,17.22,5.26,13.82,14.57,33.17,14.29
1129,5.184470594125643,4,12.13,7.22,10.22,13.49,8.41,17.3,5.26,13.93,14.7,31.57,14.23
1130,5.184470594125643,4,12.08,7.19,10.22,13.43,8.51,17.37,5.26,15.25,14.76,31.92,14.46
1131,5.184470594125643,4,12.13,7.16,10.3,13.38,8.37,17.3,5.21,13.93,14.89,32.45,14.11
1132,5.184470594125643,4,11.89,7.16,10.22,13.38,8.78,17.3,5.21,14.16,15.02,31.92,14.17
1133,5.184470594125643,4,12.23,7.11,10.22,13.32,8.47,17.3,5.17,13.93,15.02,30.09,13.67
1134,5.184470594125643,4,11.99,7.11,10.26,13.38,8.37,17.22,5.21,14.05,15.22,31.57,14.29
1135,5.184470594125643,4,12.08,7.08,10.26,13.32,8.44,17.22,5.17,13.99,15.35,32.99,14.52
1136,5.184470594125643,4,12.13,7.14,10.34,13.43,8.44,17.37,5.21,14.45,15.42,34.91,14.06
1137,5.184470594125643,4,12.18,7.02,10.26,13.27,8.95,17.22,5.15,14.05,15.7,32.45,14.4
1138,5.184470594125643,4,12.28,7.11,10.34,13.38,8.51,17.37,5.21,14.05,16.12,32.27,14.4
1139,5.184470594125643,4,12.23,7.05,10.3,13.32,8.68,17.37,5.17,13.99,15.77,32.45,13.89
1140,5.184470594125643,4,12.28,7.05,10.34,13.32,9.06,17.37,5.15,14.05,16.42,32.45,14.17
1141,5.213297919138807,4,11.66,6.94,10.3,13.21,8.41,17.22,5.09,14.22,16.34,30.73,13.61
1142,5.213297919138807,4,11.8,6.91,10.26,13.11,8.85,17.15,5.09,13.93,15.84,31.92,13.61
1143,5.213297919138807,4,11.89,6.91,10.22,13.16,8.68,17.15,5.09,13.93,15.49,31.06,14
1144,5.213297919138807,4,11.85,6.99,10.3,13.21,8.81,17.3,5.13,14.05,15.15,32.27,14.23
1145,5.213297919138807,4,12.04,7.02,10.34,13.32,8.37,17.37,5.13,14.28,15.02,32.27,13.94
1146,5.213297919138807,4,11.94,7.02,10.42,13.32,8.61,17.44,5.15,13.99,15.42,33.36,14.34
1147,5.213297919138807,4,12.04,6.91,10.38,13.32,8.15,17.3,5.09,13.99,15.22,32.45,14.17
1148,5.213297919138807,4,12.13,6.97,10.42,13.27,8.54,17.44,5.11,14.05,15.02,31.23,14.34
1149,5.213297919138807,4,12.08,6.94,10.42,13.27,8.68,17.37,5.09,14.1,15.56,31.06,14.06
1150,5.213297919138807,4,12.18,7.05,10.54,13.32,8.68,17.52,5.15,14.22,15.84,31.74,14.58
1151,5.213297919138807,4,12.08,6.91,10.5,13.32,8.61,17.37,5.06,14.1,15.98,30.73,14
1152,5.213297919138807,4,12.13,6.94,10.54,13.27,8.51,17.37,5.11,14.28,15.49,33.93,14.06
1153,5.213297919138807,4,12.18,6.91,10.54,13.27,8.18,17.37,5.09,14.69,15.49,33.36,13.89
1154,5.213297919138807,4,12.13,6.88,10.54,13.21,8.92,17.37,5.06,14.28,15.56,32.99,14.11
1155,5.213297919138807,4,12.23,6.97,10.66,13.38,8.41,17.52,5.13,14.39,15.49,32.63,14.34
1156,5.213297919138807,4,12.13,6.83,10.62,13.21,8.57,17.37,5.04,14.28,15.35,33.36,14.17
1157,5.213297919138807,4,12.13,6.83,10.54,13.21,8.37,17.37,5.04,14.22,15.42,33.74,14.11
1158,5.213297919138807,4,12.13,6.85,10.62,13.21,8.21,17.37,5.04,14.69,15.29,31.4,14.11
1159,5.213297919138807,4,12.18,6.88,10.66,13.27,8.81,17.37,5.06,15.5,15.63,32.63,14.11
1160,5.213297919138807,4,11.85,6.83,10.66,13.21,8.51,17.37,5.02,14.81,15.63,30.9,13.89
1161,5.213297919138807,4,11.85,6.83,10.71,13.21,8.78,17.44,5.02,14.81,15.84,32.63,14.29
1162,5.213297919138807,4,12.08,6.72,10.58,13.11,8.51,17.3,4.98,14.81,15.77,30.73,14.11
1163,5.213297919138807,4,12.28,6.8,10.66,13.16,8.31,17.44,5.02,14.81,15.7,31.4,14.23
1164,5.213297919138807,4,12.28,6.8,10.71,13.21,8.74,17.37,5.02,14.81,15.77,31.57,14.11
1165,5.213297919138807,4,12.32,6.83,10.79,13.27,8.85,17.44,5.04,14.69,16.12,31.06,13.83
1166,5.213297919138807,4,12.23,6.72,10.75,13.16,8.99,17.44,5,14.81,15.84,30.73,14.17
1167,5.213297919138807,4,12.23,6.77,10.79,13.27,8.51,17.52,5,15,15.49,31.57,14.34
1168,5.213297919138807,4,12.23,6.77,10.83,13.27,8.37,17.52,5.02,14.87,15.56,31.74,13.83
1169,5.213297919138807,4,12.28,6.8,10.92,13.32,8.74,17.67,5.04,15,15.77,30.41,14.34
1170,5.213297919138807,4,11.99,6.69,10.88,13.21,8.44,17.59,5,15.18,16.12,34.51,14.23
1171,5.213297919138807,4,12.42,6.77,10.88,13.32,8.88,17.67,5.02,15.18,15.98,32.27,14.34
1172,5.213297919138807,4,12.42,6.74,10.96,13.32,8.64,17.67,5.02,14.57,15.84,32.09,14.4
1173,5.213297919138807,4,12.62,6.83,11.09,13.49,8.71,17.82,5.09,14.57,16.72,31.57,14.29
1174,5.213297919138807,4,12.28,6.63,10.92,13.21,9.09,17.59,4.98,14.51,16.27,31.92,14.34
1175,5.213297919138807,4,12.62,6.72,10.96,13.32,8.71,17.67,5.04,14.39,16.87,30.41,14.11
1176,5.213297919138807,4,12.28,6.74,10.96,13.32,8.88,17.74,5.04,14.51,17.18,31.4,14.58
1177,5.213297919138807,4,12.28,6.74,11,13.27,8.61,17.82,5.02,14.63,17.26,32.27,14.58
1178,5.213297919138807,4,12.28,6.72,11,13.32,8.37,17.67,5,14.51,17.03,31.74,14.46
1179,5.213297919138807,4,12.18,6.61,11,13.11,8.74,17.59,4.96,14.57,16.79,31.06,13.83
1180,5.213297919138807,4,12.18,6.58,10.92,13.16,8.92,17.59,4.96,14.51,16.57,30.9,14.17
1181,5.213297919138807,4,12.32,6.72,11,13.38,8.28,17.82,5.04,14.69,16.49,32.99,14.23
1182,5.213297919138807,4,12.47,6.83,11.18,13.49,9.38,18.05,5.11,16.3,16.57,31.74,14
1183,5.213297919138807,4,12.23,6.61,11.05,13.21,9.13,17.74,4.96,16.09,16.42,32.63,14.11
1184,5.213297919138807,4,12.32,6.66,11.13,13.32,8.95,17.82,5,16.16,16.49,34.31,14.11
1185,5.213297919138807,4,12.28,6.63,11.13,13.27,8.74,17.82,5,16.36,16.49,31.74,14.17
1186,5.213297919138807,4,12.37,6.72,11.22,13.43,8.92,17.97,5.04,16.09,16.64,32.81,14.29
1187,5.213297919138807,4,12.23,6.58,11.13,13.21,8.99,17.74,4.96,16.09,16.49,32.27,14.11
1188,5.213297919138807,4,12.23,6.58,11.18,13.27,8.99,17.82,4.98,14.57,16.49,32.63,14.11
1189,5.213297919138807,4,12.23,6.58,11.13,13.27,8.95,17.82,4.96,14.69,17.26,30.57,13.83
1190,5.213297919138807,4,12.23,6.58,11.18,13.27,8.81,17.82,4.96,14.81,17.5,32.27,13.83
1191,5.213297919138807,4,12.28,6.61,11.27,13.32,8.85,17.89,5,15.18,17.5,32.09,14.58
1192,5.213297919138807,4,12.32,6.58,11.27,13.32,8.99,17.82,4.98,14.69,17.5,32.99,14.46
1193,5.213297919138807,4,12.23,6.5,11.27,13.21,9.24,17.82,4.94,14.75,17.03,32.81,14.29
1194,5.213297919138807,4,12.28,6.58,11.31,13.27,8.85,17.97,4.98,14.81,17.18,32.63,14.11
1195,5.213297919138807,4,12.28,6.55,11.4,13.27,9.49,17.89,4.96,15.56,16.95,30.57,14.4
1196,5.213297919138807,4,12.47,6.61,11.35,13.38,8.71,17.97,5,14.75,16.64,32.27,11.99
1197,5.213297919138807,4,12.37,6.47,11.31,13.21,9.09,17.89,4.94,14.75,15.42,34.51,14.4
1198,5.213297919138807,4,12.42,6.55,11.4,13.32,8.95,17.97,4.98,14.81,16.95,31.74,14.64
1199,5.213297919138807,4,12.42,6.55,11.44,13.32,8.71,17.97,4.96,15.12,17.03,32.99,14.4
1200,5.213297919138807,4,12.28,6.42,11.35,13.16,8.41,17.82,4.9,14.81,16.87,31.92,14.06
1201,5.2269148542287835,4,12.23,6.45,11.4,13.16,8.71,17.82,4.92,15.06,16.72,30.57,14.34
1202,5.2269148542287835,4,11.71,6.47,11.44,13.21,8.71,17.89,4.94,15,16.95,32.09,14.46
1203,5.2269148542287835,4,12.32,6.45,11.44,13.21,8.68,17.89,4.94,15.06,16.79,32.27,14
1204,5.2269148542287835,4,12.28,6.42,11.44,13.21,8.47,17.89,4.94,14.87,17.75,31.92,13.72
1205,5.2269148542287835,4,12.28,6.42,11.49,13.21,8.47,17.89,4.94,15.37,18,32.09,13.72
1206,5.2269148542287835,4,12.28,6.42,11.49,13.27,8.68,17.89,4.94,14.93,16.79,31.92,14.4
1207,5.2269148542287835,4,12.18,6.37,11.44,13.11,8.15,17.89,4.9,15,16.79,31.57,14.34
1208,5.2269148542287835,4,12.13,6.37,11.44,13.16,8.28,17.89,4.9,15.25,16.57,31.57,14
1209,5.2269148542287835,4,12.13,6.37,11.44,13.16,8.54,17.82,4.9,15.44,17.26,31.74,14.17
1210,5.2269148542287835,4,12.13,6.34,11.49,13.11,9.02,17.82,4.9,15,16.87,31.4,14.11
1211,5.2269148542287835,4,12.08,6.26,11.44,13.06,8.47,17.74,4.86,14.87,17.26,31.92,14
1212,5.2269148542287835,4,12.13,6.34,11.53,13.11,8.64,17.89,4.92,15.44,17.5,31.92,14
1213,5.2269148542287835,4,12.13,6.34,11.53,13.16,8.15,17.97,4.92,15.06,17.26,32.09,13.89
1214,5.2269148542287835,4,12.13,6.34,11.58,13.16,8.61,17.74,4.92,15.12,17.91,35.51,14.34
1215,5.2269148542287835,4,12.13,6.32,11.53,13.11,8.44,17.67,4.9,15.06,18,32.09,14.4
1216,5.2269148542287835,4,12.13,6.26,11.53,13.06,8.57,17.74,4.88,15,18.17,32.09,13.94
1217,5.2269148542287835,4,12.23,6.32,11.49,13.11,8.47,17.82,4.9,14.93,18.08,32.27,14.06
1218,5.2269148542287835,4,12.23,6.29,11.53,13.11,8.31,17.82,4.88,15.06,17.91,32.45,13.83
1219,5.2269148542287835,4,12.32,6.32,11.58,13.16,8.95,17.89,4.9,15.25,17.67,32.09,14.34
1220,5.2269148542287835,4,14.11,6.24,11.63,13,8.92,17.82,4.86,15.25,17.67,32.09,13.5
1221,5.2269148542287835,4,15.31,6.29,11.53,13.11,9.31,17.82,4.88,15.37,17.91,31.57,14.46
1222,5.2269148542287835,4,14.69,6.26,11.53,13.11,9.42,17.89,4.86,15.37,17.58,32.27,14.29
1223,5.2269148542287835,4,14.58,6.29,11.58,13.06,9.2,17.89,4.9,15.37,23.66,32.09,14.17
1224,5.2269148542287835,4,14.58,6.32,11.58,13.16,9.57,17.97,4.92,16.23,21.12,32.81,14
1225,5.2269148542287835,4,14.46,6.29,11.63,13.11,9.27,17.97,4.9,15.31,20.7,32.27,14.29
1226,5.2269148542287835,4,14.4,6.21,11.53,13,9.09,17.82,4.84,15.12,21.12,32.45,13.83
1227,5.2269148542287835,4,14.46,6.29,11.58,13.11,9.46,17.97,4.9,15.25,21.66,33.55,14.06
1228,5.2269148542287835,4,14.52,6.26,11.72,13.11,9.76,17.97,4.88,15.25,21.12,32.09,14.4
1229,5.2269148542287835,4,14.52,6.26,11.58,13.11,9.61,17.89,4.88,15.25,21.01,30.9,14.34
1230,5.2269148542287835,4,14.52,6.29,11.63,13.16,9.83,17.97,4.9,15.25,20.91,32.27,14.17
1231,5.2269148542287835,4,14.34,6.19,11.58,13.06,9.64,17.82,4.84,15.06,20.6,32.09,13.94
1232,5.2269148542287835,4,14.34,6.16,11.53,12.95,8.99,17.74,4.82,16.09,20.19,32.09,14
1233,5.2269148542287835,4,14.34,6.19,11.49,12.95,9.02,17.74,4.82,15.31,20.19,31.23,13.83
1234,5.2269148542287835,4,14.52,6.29,11.63,13.16,9.49,17.97,4.9,15.31,20.29,31.92,14.4
1235,5.2269148542287835,4,14.58,6.29,11.72,13.16,9.24,17.89,4.9,15.37,19.52,32.09,14.4
1236,5.2269148542287835,4,14.4,6.16,11.63,13,9.61,17.74,4.82,15.12,22.56,32.81,14.52
1237,5.2269148542287835,4,14.34,6.11,11.58,12.95,9.2,17.67,4.8,15.18,19.8,31.57,14.46
1238,5.2269148542287835,4,14.4,6.11,11.58,12.95,9.49,17.74,4.8,15.31,20.6,31.4,14.17
1239,5.2269148542287835,4,14.52,6.21,11.72,13.11,9.53,17.82,4.86,15.44,21.66,31.74,14.06
1240,5.2269148542287835,4,14.58,6.21,11.76,13.11,9.31,17.89,4.88,15.31,20.8,31.92,14.46
1241,5.2269148542287835,4,14.52,6.26,11.81,13.21,9.09,18.05,4.9,15.44,19.71,32.63,14.34
1242,5.2269148542287835,4,14.4,6.16,11.76,13.06,9.83,17.89,4.84,15.37,19.14,31.92,13.72
1243,5.2269148542287835,4,14.4,6.16,11.86,13.11,9.61,17.89,4.86,15.25,21.88,30.57,14.4
1244,5.2269148542287835,4,14.4,6.14,11.76,13.06,9.53,17.82,4.82,15.12,21.88,31.06,14.34
1245,5.2269148542287835,4,14.58,6.19,11.86,13.16,9.2,17.97,4.86,15.44,21.01,31.4,14.11
1246,5.2269148542287835,4,14.52,6.11,11.86,13.11,8.99,17.82,4.82,15.5,20.39,32.45,14.23
1247,5.2269148542287835,4,14.58,6.09,11.86,13,9.17,17.82,4.8,15.31,20.29,33.17,13.94
1248,5.2269148542287835,4,14.64,6.11,11.9,13.06,9.76,17.89,4.82,15.37,20.49,31.23,13.83
1249,5.2269148542287835,4,14.75,6.16,11.95,13.16,9.31,18.05,4.88,15.5,20.8,31.57,14.23
1250,5.2269148542287835,4,14.81,6.19,12,13.21,9.38,18.05,4.88,15.56,21.33,31.57,14.52
1251,5.2269148542287835,4,14.64,6.06,11.95,13.11,9.06,17.89,4.82,15.56,21.33,31.06,14.29
1252,5.2269148542287835,4,14.58,6.01,11.9,12.95,9.76,17.74,4.76,15.31,21.33,30.57,13.83
1253,5.2269148542287835,4,14.58,5.99,11.9,12.9,9.06,17.52,4.76,16.57,21.33,30.9,14.17
1254,5.2269148542287835,4,14.69,6.09,11.95,13.11,9.83,17.82,4.84,15.69,21.44,31.06,14.11
1255,5.2269148542287835,4,14.81,6.06,12,13.11,9.68,17.82,4.82,15.69,21.44,31.4,14.17
1256,5.2269148542287835,4,14.64,6.06,12,13.11,9.35,17.97,4.82,15.5,21.55,31.57,14.06
1257,5.2269148542287835,4,14.17,5.99,12,13,9.38,17.82,4.78,15.63,21.44,31.06,13.89
1258,5.2269148542287835,4,14.23,5.96,12,12.95,9.57,17.89,4.78,15.63,21.55,30.9,13.67
1259,5.2269148542287835,4,14.17,5.99,12.14,13.06,9.09,17.97,4.8,15.63,21.22,34.31,14.34
1260,5.2269148542287835,4,14.34,6.04,12.14,13.11,9.31,18.05,4.84,15.83,21.12,31.06,14.11
1261,5.2316693607181595,4,14.28,5.96,12.14,13,9.61,17.97,4.8,15.69,21.01,31.4,14.17
1262,5.2316693607181595,4,14.69,5.89,12.05,12.85,9.27,17.74,4.74,15.37,20.91,31.06,14.23
1263,5.2316693607181595,4,14.81,5.91,12.05,12.95,9.68,17.89,4.78,15.56,21.01,31.23,13.89
1264,5.2316693607181595,4,15,5.94,12.09,13,9.53,17.89,4.78,15.69,20.91,31.57,14.29
1265,5.2316693607181595,4,15,5.99,12.19,13.11,9.76,18.13,4.82,15.63,20.91,33.36,13.78
1266,5.2316693607181595,4,14.94,5.89,12.14,13,9.49,17.89,4.76,15.44,20.8,32.27,14.23
1267,5.2316693607181595,4,14.58,5.89,12.14,12.95,9.24,17.89,4.76,15.5,20.6,32.45,14.06
1268,5.2316693607181595,4,14.69,5.89,12.14,13,9.27,17.97,4.78,15.5,20.49,31.4,14
1269,5.2316693607181595,4,14.75,5.94,12.24,13.06,9.2,18.05,4.8,15.56,20.39,31.23,14
1270,5.2316693607181595,4,14.69,5.91,12.24,13.06,9.53,18.05,4.8,15.56,20.39,31.57,14.34
1271,5.2316693607181595,4,14.58,5.84,12.19,12.95,9.49,17.97,4.74,15.56,20.39,29.61,13.72
1272,5.2316693607181595,4,14.69,5.89,12.24,13.06,9.64,18.05,4.78,15.69,20.49,31.74,14.34
1273,5.2316693607181595,4,14.81,5.91,12.33,13.11,9.64,18.13,4.8,15.76,20.49,31.06,14.46
1274,5.2316693607181595,4,14.81,5.91,12.33,13.16,9.83,18.13,4.8,15.69,20.6,31.4,14.06
1275,5.2316693607181595,4,14.75,5.84,12.29,13,9.42,18.05,4.74,15.63,20.39,30.57,14.06
1276,5.2316693607181595,4,14.64,5.79,12.29,13,9.38,17.97,4.74,15.76,20.49,30.9,13.94
1277,5.2316693607181595,4,14.64,5.79,12.24,12.95,10.03,17.97,4.74,15.69,20.29,30.9,14.23
1278,5.2316693607181595,4,14.69,5.81,12.33,13,9.49,18.05,4.76,15.83,20.39,31.23,13.72
1279,5.2316693607181595,4,14.75,5.79,12.33,13,9.8,18.05,4.74,15.89,20.29,31.23,14.06
1280,5.2316693607181595,4,14.81,5.81,12.38,13.06,9.53,18.13,4.78,15.83,20.19,31.23,13.89
1281,5.2316693607181595,4,15.06,5.91,12.53,13.21,9.61,18.28,4.86,16.02,20.29,31.92,14.64
1282,5.2316693607181595,4,14.94,5.84,12.53,13.11,9.49,18.2,4.8,15.96,20.39,30.09,14.34
1283,5.2316693607181595,4,14.81,5.76,12.43,13,9.46,18.05,4.76,15.83,20.09,31.74,14.46
1284,5.2316693607181595,4,14.87,5.79,12.43,13.06,9.95,18.13,4.76,15.83,20.6,31.23,14.29
1285,5.2316693607181595,4,14.87,5.79,12.48,13.06,9.57,18.13,4.78,15.96,20.6,31.4,14.4
1286,5.2316693607181595,4,14.87,5.81,12.58,13.11,9.49,18.2,4.8,15.96,19.9,31.4,14.11
1287,5.2316693607181595,4,15,5.76,12.53,13.11,9.27,18.13,4.78,16.02,20.09,31.74,13.78
1288,5.2316693607181595,4,14.87,5.72,12.48,13,9.91,18.05,4.74,15.89,19.71,30.73,14.34
1289,5.2316693607181595,4,14.81,5.67,12.48,12.95,9.68,17.97,4.72,15.89,19.33,31.06,14.23
1290,5.2316693607181595,4,14.94,5.69,12.48,13,9.83,18.2,4.74,15.89,19.23,31.4,14.34
1291,5.2316693607181595,4,14.94,5.69,12.53,12.95,9.95,18.13,4.74,16.23,20.19,31.06,14.29
1292,5.2316693607181595,4,15.18,5.76,12.63,13.11,9.49,18.28,4.78,15.96,20.29,31.92,14.11
1293,5.2316693607181595,4,15.06,5.67,12.58,12.95,9.64,18.13,4.72,15.89,21.22,31.06,13.83
1294,5.2316693607181595,4,15.12,5.67,12.63,12.95,9.46,18.13,4.74,16.16,20.7,32.09,14
1295,5.2316693607181595,4,15.06,5.64,12.58,12.95,9.72,18.05,4.74,16.09,21.33,31.57,13.89
1296,5.2316693607181595,4,11.39,5.62,12.58,12.9,8.24,17.97,4.72,15.89,20.91,30.9,14
1297,5.2316693607181595,4,11.99,5.72,12.68,13.11,8.74,18.2,4.78,16.09,20.39,32.63,14.34
1298,5.2316693607181595,4,11.8,5.72,12.73,13.11,8.81,18.2,4.78,16.09,20.19,31.74,14.29
1299,5.2316693607181595,4,12.52,5.57,12.68,12.9,9.06,17.97,4.7,15.89,20.19,32.27,14.06
1300,5.2316693607181595,4,13.61,5.57,12.68,12.95,9.09,17.89,4.7,16.71,20.91,31.74,14.06
1301,5.2316693607181595,4,13.61,5.62,12.73,13,9.38,18.05,4.74,17,21.22,33.93,14.4
1302,5.2316693607181595,4,13.72,5.64,12.83,13.06,9.35,18.05,4.76,16.09,21.66,32.45,14.46
1303,5.2316693607181595,4,15.24,5.6,12.83,12.95,9.83,17.97,4.74,16.02,21.88,31.57,14.17
1304,5.2316693607181595,4,15,5.48,12.73,12.79,9.2,17.89,4.68,15.96,21.88,31.23,14.11
1305,5.2316693607181595,4,15.12,5.55,12.78,12.9,9.72,17.97,4.72,16.16,21.66,31.57,14.23
1306,5.2316693607181595,4,14.87,5.48,12.73,12.79,9.8,18.13,4.68,17.07,21.12,31.4,13.89
1307,5.2316693607181595,4,15.12,5.57,12.88,12.95,9.42,18.28,4.74,16.16,21.01,31.57,14.17
1308,5.2316693607181595,4,15.06,5.55,12.88,12.95,9.64,18.2,4.74,16.16,21.01,30.9,14.29
1309,5.2316693607181595,4,14.94,5.45,12.78,12.79,9.53,18.13,4.66,15.96,20.91,30.73,14.23
1310,5.2316693607181595,4,15.06,5.5,12.83,12.9,9.72,17.97,4.78,15.89,21.12,31.06,14.23
1311,5.2316693607181595,4,14.64,5.43,12.78,12.79,9.31,17.89,4.66,17.44,21.01,31.06,13.89
1312,5.2316693607181595,4,14.94,5.6,12.94,13.06,9.35,18.13,4.78,16.36,21.33,32.27,14.17
1313,5.2316693607181595,4,14.81,5.45,12.88,12.85,9.35,17.89,4.68,16.43,21.22,30.25,13.78
1314,5.2316693607181595,4,14.94,5.48,12.94,12.9,9.38,17.97,4.74,16.16,21.12,31.57,14.23
1315,5.2316693607181595,4,14.87,5.48,12.94,12.9,9.27,17.97,4.7,16.16,20.8,31.57,14.17
1316,5.2316693607181595,4,14.69,5.43,12.94,12.85,9.24,17.89,4.68,16.02,20.09,31.57,14.23
1317,5.2316693607181595,4,14.69,5.45,13.04,13.06,9.17,17.97,4.7,16.09,22.1,31.23,14
1318,5.2316693607181595,4,14.69,5.38,12.99,12.79,9.35,17.89,4.7,16.02,21.55,30.9,14.4
1319,5.2316693607181595,4,14.64,5.38,12.99,12.79,9.46,17.89,4.66,15.96,24.17,31.06,14
1320,5.2316693607181595,4,14.81,5.45,13.09,12.95,9.42,17.89,4.72,15.96,24.3,31.06,14.29
1321,5.239673136999486,4,14.69,5.41,13.09,12.9,9.83,18.05,4.68,15.89,24.04,30.9,14.17
1322,5.239673136999486,4,14.69,5.36,13.14,12.79,9.02,17.97,4.66,15.96,24.56,31.4,14.17
1323,5.239673136999486,4,14.69,5.27,13.04,12.64,8.88,17.82,4.62,16.02,24.04,30.09,14
1324,5.239673136999486,4,14.87,5.38,13.14,12.9,9.17,18.05,4.68,16.23,23.66,30.9,14.23
1325,5.239673136999486,4,14.52,5.36,13.2,12.85,9.35,18.05,4.68,16.23,23.53,30.9,14.11
1326,5.239673136999486,4,14.64,5.32,13.2,12.79,9.02,17.97,4.66,16.23,23.28,31.23,14.4
1327,5.239673136999486,4,14.64,5.29,13.2,12.79,9.02,17.74,4.64,16.23,23.04,31.06,14.23
1328,5.239673136999486,4,14.4,5.34,13.3,12.9,9.57,17.89,4.68,16.43,23.04,31.4,14.23
1329,5.239673136999486,4,14.34,5.27,13.25,12.79,9.06,17.74,4.64,16.36,23.04,31.57,13.72
1330,5.239673136999486,4,14.34,5.34,13.36,12.85,9.17,17.89,4.68,16.5,22.92,31.74,14.34
1331,5.239673136999486,4,14.28,5.25,13.3,12.74,8.85,17.74,4.62,16.43,22.68,31.92,14.29
1332,5.239673136999486,4,14.4,5.29,13.36,12.79,9.13,17.82,4.66,16.36,23.16,31.57,14
1333,5.239673136999486,4,14.46,5.32,13.41,12.9,9.68,17.89,4.68,17.07,22.8,31.4,14.4
1334,5.239673136999486,4,14.64,5.36,13.52,13,9.02,17.97,4.72,16.57,23.04,31.92,14.52
1335,5.239673136999486,4,14.4,5.22,13.41,12.9,9.02,17.74,4.62,16.5,22.56,31.4,13.78
1336,5.239673136999486,4,14.4,5.18,13.41,12.69,9.09,17.67,4.6,17,22.68,31.23,14.23
1337,5.239673136999486,4,14.46,5.2,13.46,12.69,9.61,17.97,4.62,16.36,22.8,30.73,14.11
1338,5.239673136999486,4,14.46,5.2,13.52,12.74,9.31,18.05,4.62,16.57,22.92,29.93,14.4
1339,5.239673136999486,4,14.52,5.16,13.46,12.69,9.64,17.82,4.6,16.36,22.68,31.06,14.34
1340,5.239673136999486,4,14.64,5.16,13.52,12.69,9.49,17.89,4.62,16.36,22.92,30.9,13.56
1341,5.239673136999486,4,11.08,5.22,13.63,12.85,8.02,17.97,4.66,16.64,23.66,30.57,14.06
1342,5.239673136999486,4,11.08,5.22,13.68,12.9,8.18,17.97,4.68,16.36,23.53,31.74,14.11
1343,5.239673136999486,4,10.83,5.2,13.74,12.85,7.77,17.89,4.64,16.43,23.28,31.4,14.17
1344,5.239673136999486,4,10.91,5.2,13.79,12.85,7.99,17.74,4.66,17.36,23.53,31.4,13.83
1345,5.239673136999486,4,11,5.25,13.79,12.95,8.41,17.74,4.7,16.71,23.53,31.92,14.52
1346,5.239673136999486,4,10.91,5.22,13.9,12.95,7.99,17.67,4.68,16.71,24.04,31.23,14
1347,5.239673136999486,4,11,5.16,13.9,13,7.99,17.59,4.64,16.71,23.91,30.9,14.34
1348,5.239673136999486,4,10.87,5.18,13.96,12.9,8.08,17.74,4.68,16.78,23.66,31.23,14.17
1349,5.239673136999486,4,11,5.07,13.85,12.74,8.54,17.44,4.58,16.64,23.16,30.57,14.11
1350,5.239673136999486,4,10.45,5.11,13.96,12.79,7.92,17.67,4.64,16.64,23.16,30.9,14.34
1351,5.239673136999486,4,10.57,5.13,14.01,12.9,7.89,17.67,4.66,16.71,23.04,31.06,14.34
1352,5.239673136999486,4,10.83,5.11,14.07,12.85,8.57,17.67,4.64,16.78,22.92,31.06,14.29
1353,5.239673136999486,4,10.78,5.09,14.07,12.79,8.54,17.59,4.64,16.78,23.16,31.23,14.17
1354,5.239673136999486,4,10.83,5.07,14.07,12.79,8.71,17.59,4.6,17.07,22.92,31.57,14.17
1355,5.239673136999486,4,10.74,5.05,14.13,12.79,8.51,17.67,4.62,16.78,22.8,30.9,14.17
1356,5.239673136999486,4,10.83,5.02,14.07,12.74,8.21,17.44,4.58,16.64,22.92,30.73,14.34
1357,5.239673136999486,4,11.04,5.07,14.13,12.95,8.05,17.59,4.64,17.59,22.56,30.9,14.29
1358,5.239673136999486,4,11.04,5.07,14.24,12.9,8.21,17.52,4.64,16.86,23.16,31.23,14.52
1359,5.239673136999486,4,10.83,4.96,14.18,12.69,8.51,17.52,4.56,19.1,22.68,31.57,14.23
1360,5.239673136999486,4,10.78,5,14.24,12.79,8.28,17.67,4.6,19.27,22.8,30.9,14.06
1361,5.239673136999486,4,11,5,14.3,12.79,8.31,17.67,4.62,18.61,23.04,29.93,13.83
1362,5.239673136999486,4,11.26,5.07,14.47,12.95,8.44,17.89,4.68,19.1,23.28,31.4,14.34
1363,5.239673136999486,4,11.21,5.05,14.47,12.9,8.31,17.52,4.66,19.19,22.92,31.06,14.52
1364,5.239673136999486,4,11.13,4.96,14.47,12.79,8.68,17.44,4.62,19.53,23.41,31.57,14.46
1365,5.239673136999486,4,11.17,4.98,14.47,12.85,8.54,17.52,4.62,19.1,23.28,30.9,14.11
1366,5.239673136999486,4,11.08,4.94,14.47,12.9,8.68,17.44,4.6,19.02,23.04,30.9,14.52
1367,5.239673136999486,4,11.13,4.94,14.53,12.79,8.18,17.59,4.6,19.02,23.28,30.57,14.29
1368,5.239673136999486,4,10.87,4.94,14.59,12.85,8.54,17.67,4.6,18.69,22.56,30.57,14.11
1369,5.239673136999486,4,10.83,4.87,14.53,12.74,7.99,17.67,4.58,18.45,22.68,31.06,13.89
1370,5.239673136999486,4,10.87,4.85,14.53,12.74,8.61,17.67,4.58,18.94,23.16,30.41,13.13
1371,5.239673136999486,4,10.95,4.91,14.65,12.95,8.64,17.74,4.62,17.22,23.28,30.25,13.94
1372,5.239673136999486,4,10.91,4.89,14.71,12.79,8.21,17.74,4.6,17.07,23.66,29.46,14.23
1373,5.239673136999486,4,10.87,4.85,14.71,12.79,8.21,17.67,4.6,17,22.92,30.41,14.11
1374,5.239673136999486,4,11.08,4.83,14.71,12.79,8.15,17.67,4.58,16.86,22.92,30.25,14.06
1375,5.239673136999486,4,11.13,4.89,14.83,12.85,8.85,17.74,4.64,17,23.28,30.25,14.17
1376,5.239673136999486,4,11.04,4.81,14.77,12.74,8.34,17.59,4.58,17,22.92,30.09,14.23
1377,5.239673136999486,4,11,4.74,14.77,12.64,8.21,17.52,4.56,17.14,23.53,30.41,13.89
1378,5.239673136999486,4,11.17,4.89,14.89,12.95,8.88,17.82,4.66,17.07,23.78,31.06,9.59
1379,5.239673136999486,4,11.04,4.76,14.95,12.74,8.11,17.67,4.58,17.29,23.28,30.57,14.17
1380,5.239673136999486,4,11,4.72,14.89,12.74,8.37,17.67,4.56,17.14,23.28,30.57,14.11
1381,5.257494181321206,4,11.39,4.72,14.95,12.74,8.47,17.67,4.56,17.22,23.16,32.09,14
1382,5.257494181321206,4,11.17,4.76,15.01,12.85,8.31,17.74,4.62,18.13,23.41,29.46,13.83
1383,5.257494181321206,4,11.13,4.68,14.95,12.74,8.68,17.59,4.58,17.36,23.28,30.09,13.83
1384,5.257494181321206,4,11.17,4.68,15.01,12.9,8.24,17.74,4.58,17.29,23.41,30.25,13.83
1385,5.257494181321206,4,11.26,4.76,15.2,12.9,8.71,17.82,4.64,17.36,23.66,30.73,13.61
1386,5.257494181321206,4,11.21,4.7,15.2,12.79,8.64,17.74,4.6,17.29,23.78,30.41,13.5
1387,5.257494181321206,4,11.13,4.64,15.14,12.74,8.44,17.67,4.56,17.29,23.66,30.25,13.89
1388,5.257494181321206,4,11.17,4.68,15.2,12.79,8.78,17.82,4.6,17.22,23.78,30.25,13.94
1389,5.257494181321206,4,11.13,4.66,15.26,12.79,8.24,17.74,4.58,17.44,23.66,30.41,13.78
1390,5.257494181321206,4,11.17,4.68,15.32,12.85,8.78,17.82,4.6,18.94,23.91,32.99,13.45
1391,5.257494181321206,4,11.17,4.66,15.32,12.85,8.37,17.82,4.6,17.44,23.91,30.57,14
1392,5.257494181321206,4,11.04,4.62,15.32,12.85,8.51,17.74,4.58,17.44,24.04,30.25,13.78
1393,5.257494181321206,4,11.13,4.64,15.39,12.9,8.34,17.82,4.6,17.59,24.3,30.09,14.06
1394,5.257494181321206,4,11.13,4.66,15.45,12.85,8.78,17.82,4.62,17.67,24.43,30.73,13.67
1395,5.257494181321206,4,11.08,4.62,15.45,12.85,8.71,17.74,4.6,17.59,24.43,30.41,13.5
1396,5.257494181321206,4,11.08,4.6,15.51,12.79,8.85,17.74,4.58,18.05,24.3,30.57,13.78
1397,5.257494181321206,4,11.08,4.6,15.58,12.85,8.71,17.74,4.58,17.74,24.43,31.57,13.78
1398,5.257494181321206,4,11.08,4.62,15.64,12.85,8.54,17.82,4.6,17.59,24.56,30.73,13.61
1399,5.257494181321206,4,11.04,4.55,15.64,12.74,8.88,17.74,4.56,17.44,24.43,30.09,13.83
1400,5.257494181321206,4,11.04,4.58,15.71,12.9,8.28,17.74,4.58,17.67,24.56,30.25,13.78
1401,5.257494181321206,4,10.95,4.55,15.64,12.79,8.37,17.67,4.58,17.59,24.56,30.09,13.89
1402,5.257494181321206,4,10.95,4.53,15.64,12.74,8.28,17.67,4.54,17.51,24.56,29.93,13.67
1403,5.257494181321206,4,11.04,4.58,15.84,12.74,8.21,17.74,4.58,17.74,24.56,30.25,13.78
1404,5.257494181321206,4,11.04,4.55,15.77,12.79,8.44,17.74,4.58,17.74,24.56,30.09,13.78
1405,5.257494181321206,4,11.04,4.58,15.84,12.79,8.92,17.74,4.58,17.74,24.56,30.09,13.34
1406,5.257494181321206,4,10.95,4.51,15.77,12.69,8.85,17.59,4.54,17.67,24.56,29.93,13.5
1407,5.257494181321206,4,11.04,4.58,15.9,12.85,8.81,17.74,4.58,17.82,24.69,30.41,13.5
1408,5.257494181321206,4,11.04,4.58,15.97,12.85,8.78,17.74,4.6,17.97,24.83,30.41,14
1409,5.257494181321206,4,11,4.53,15.97,12.9,8.74,17.67,4.56,17.89,24.83,30.25,13.45
1410,5.257494181321206,4,10.95,4.51,15.9,12.74,8.71,17.67,4.56,17.51,24.56,29.93,9.81
1411,5.257494181321206,4,10.95,4.53,15.97,12.74,8.74,17.67,4.58,17.82,24.56,32.63,10.21
1412,5.257494181321206,4,11.04,4.58,16.17,12.85,8.74,17.82,4.6,18.77,24.83,30.09,14.17
1413,5.257494181321206,4,10.91,4.49,16.03,12.69,8.61,17.67,4.54,18.69,25.24,30.09,13.83
1414,5.257494181321206,4,10.87,4.47,16.03,12.74,8.15,17.67,4.52,18.69,25.24,29.93,14.06
1415,5.257494181321206,4,10.83,4.43,16.03,12.64,8.71,17.67,4.5,18.94,24.96,29.46,13.83
1416,5.257494181321206,4,10.78,4.43,16.1,12.64,8.05,17.67,4.5,19.97,24.96,30.25,13.45
1417,5.257494181321206,4,10.91,4.51,16.17,12.85,8.28,17.82,4.56,18.69,25.1,30.41,14.34
1418,5.257494181321206,4,10.91,4.51,16.24,12.79,8.37,17.82,4.58,18.94,25.1,30.41,14
1419,5.257494181321206,4,10.87,4.49,16.24,12.85,8.68,17.74,4.56,19.02,24.17,29.46,13.94
1420,5.257494181321206,4,10.83,4.45,16.24,12.69,8.88,17.67,4.54,19.02,25.52,30.09,13.67
1421,5.257494181321206,4,10.87,4.41,16.24,12.69,8.68,17.74,4.54,18.77,24.96,29.93,14
1422,5.257494181321206,4,10.87,4.47,16.3,12.74,8.78,17.74,4.54,18.77,24.83,30.9,14.34
1423,5.257494181321206,4,10.91,4.47,16.37,12.69,8.28,17.74,4.54,18.77,25.8,30.25,13.5
1424,5.257494181321206,4,10.87,4.47,16.51,12.74,8.64,17.74,4.54,18.77,25.52,30.09,13.83
1425,5.257494181321206,4,10.83,4.45,16.44,12.64,8.34,17.67,4.5,17.97,25.1,30.41,13.61
1426,5.257494181321206,4,10.78,4.41,16.37,12.64,8.85,17.67,4.5,18.05,25.1,30.09,14.29
1427,5.257494181321206,4,10.87,4.45,16.44,12.69,8.64,17.74,4.54,18.05,25.1,29.93,13.94
1428,5.257494181321206,4,10.87,4.45,16.51,12.74,8.51,17.74,4.54,17.89,24.69,30.41,14.4
1429,5.257494181321206,4,10.91,4.49,16.58,12.85,8.18,17.82,4.56,18.05,24.83,30.09,14.34
1430,5.257494181321206,4,10.78,4.41,16.58,12.69,8.28,17.59,4.5,17.97,23.28,30.09,13.72
1431,5.257494181321206,4,10.78,4.39,16.58,12.64,8.41,17.59,4.5,17.97,25.8,29.93,14.06
1432,5.257494181321206,4,10.78,4.41,16.65,12.64,8.78,17.67,4.52,18.77,24.56,30.09,13.61
1433,5.257494181321206,4,10.83,4.43,16.72,12.69,8.78,17.74,4.54,18.21,22.8,30.41,13.94
1434,5.257494181321206,4,10.74,4.37,16.72,12.59,8.44,17.67,4.5,18.29,21.88,30.09,14.11
1435,5.257494181321206,4,10.83,4.43,16.79,12.69,8.15,17.74,4.54,18.13,25.24,30.57,13.83
1436,5.257494181321206,4,10.74,4.37,16.72,12.59,8.15,17.59,4.5,18.13,26.84,30.25,13.89
1437,5.257494181321206,4,10.7,4.35,16.72,12.54,7.74,17.59,4.48,18.05,26.69,30.73,13.34
1438,5.257494181321206,4,10.83,4.43,16.79,12.69,8.21,17.67,4.54,19.19,26.39,29.3,13.78
1439,5.257494181321206,4,10.83,4.41,16.79,12.69,8.31,17.67,4.52,18.13,27.14,29.93,14
1440,5.257494181321206,4,10.83,4.45,16.93,12.74,8.92,17.74,4.56,18.13,27.46,30.57,14.23
1441,5.298932060627791,4,10.7,4.35,16.86,12.54,8.61,17.52,4.48,17.89,26.99,30.09,14
1442,5.298932060627791,4,10.7,4.37,16.93,12.64,8.31,17.52,4.48,18.21,27.14,30.09,13.4
1443,5.298932060627791,4,10.66,4.31,16.93,12.54,8.08,17.44,4.46,18.45,26.84,29.93,12.62
1444,5.298932060627791,4,10.66,4.31,16.93,12.49,8.08,17.37,4.44,18.37,26.69,29.93,13.78
1445,5.298932060627791,4,10.78,4.39,17.07,12.64,8.74,17.74,4.52,18.53,26.69,30.41,14.23
1446,5.298932060627791,4,10.83,4.41,17.14,12.69,8.54,17.74,4.54,18.53,26.99,31.57,13.83
1447,5.298932060627791,4,10.74,4.35,17.07,12.59,8.64,17.52,4.48,18.21,26.99,31.4,14.11
1448,5.298932060627791,4,10.78,4.39,17.14,12.69,8.11,17.59,4.52,18.29,26.84,32.09,13.67
1449,5.298932060627791,4,10.7,4.31,17.14,12.54,8.54,17.44,4.46,18.94,26.69,31.57,14.06
1450,5.298932060627791,4,10.66,4.31,17.14,12.49,8.44,17.44,4.46,18.45,26.53,30.73,13.67
1451,5.298932060627791,4,10.7,4.33,17.14,12.69,8.37,17.44,4.48,18.05,26.99,30.9,13.72
1452,5.298932060627791,4,10.74,4.37,17.29,12.59,8.68,17.52,4.5,18.94,27.94,31.74,13.83
1453,5.298932060627791,4,10.7,4.33,17.29,12.59,8.57,17.44,4.5,18.94,27.46,30.9,13.67
1454,5.298932060627791,4,10.66,4.29,17.29,12.54,8.41,17.37,4.44,19.1,27.3,30.9,13.56
1455,5.298932060627791,4,10.74,4.39,17.43,12.69,8.34,17.52,4.52,19.36,27.46,30.9,13.78
1456,5.298932060627791,4,10.66,4.29,17.36,12.54,8.05,17.37,4.46,19.36,27.46,30.73,14.11
1457,5.298932060627791,4,10.41,4.29,17.43,12.54,8.11,17.44,4.46,18.29,27.62,29.93,13.61
1458,5.298932060627791,4,10.66,4.31,17.51,12.54,8.11,17.44,4.46,18.37,27.3,30.73,13.94
1459,5.298932060627791,4,10.74,4.33,17.58,12.64,8.57,17.52,4.5,18.37,27.14,30.09,13.89
1460,5.298932060627791,4,10.74,4.35,17.66,12.64,8.28,17.59,4.5,18.45,27.14,30.25,14.06
1461,5.298932060627791,4,10.74,4.33,17.66,12.69,8.28,17.52,4.5,18.29,26.99,30.25,14.11
1462,5.298932060627791,4,10.74,4.33,17.73,12.59,8.54,17.44,4.48,18.45,27.46,29.93,13.89
1463,5.298932060627791,4,10.66,4.29,17.66,12.54,7.92,17.37,4.44,19.19,27.3,30.09,14.17
1464,5.298932060627791,4,10.74,4.31,17.73,12.54,8.57,17.44,4.48,18.61,27.14,30.25,13.29
1465,5.298932060627791,4,10.7,4.29,17.81,12.54,8.37,17.44,4.46,18.29,27.14,30.25,14.06
1466,5.298932060627791,4,10.74,4.33,17.88,12.64,8.05,17.44,4.5,18.37,27.3,32.81,14.11
1467,5.298932060627791,4,10.7,4.29,17.88,12.54,7.95,17.44,4.46,18.29,27.3,29.77,13.89
1468,5.298932060627791,4,10.74,4.31,17.96,12.69,8.05,17.44,4.5,18.29,27.3,32.99,13.94
1469,5.298932060627791,4,10.74,4.29,18.04,12.59,8.51,17.44,4.48,18.29,27.3,30.57,13.67
1470,5.298932060627791,4,10.74,4.29,17.96,12.59,8.08,17.44,4.48,18.21,27.3,29.46,13.89
1471,5.298932060627791,4,10.74,4.31,18.04,12.64,8.21,17.44,4.5,18.53,27.14,30.25,14
1472,5.298932060627791,4,10.66,4.23,18.04,12.49,8.15,17.3,4.44,18.13,27.3,30.57,13.83
1473,5.298932060627791,4,10.62,4.23,18.04,12.49,8.54,17.37,4.43,18.13,27.3,29.77,14.11
1474,5.298932060627791,4,10.62,4.21,18.04,12.44,8.37,17.3,4.43,18.13,27.46,31.06,14.23
1475,5.298932060627791,4,10.66,4.31,18.04,12.49,8.44,17.3,4.44,18.37,27.46,30.25,14.11
1476,5.298932060627791,4,10.7,4.27,18.19,12.59,8.54,17.44,4.48,18.45,27.78,30.57,14.06
1477,5.298932060627791,4,10.66,4.23,18.27,12.54,8.51,17.3,4.44,18.45,27.3,29.77,13.94
1478,5.298932060627791,4,10.78,4.27,18.43,12.69,8.15,17.52,4.52,18.53,27.46,30.41,14.17
1479,5.298932060627791,4,10.7,4.23,18.43,12.54,8.21,17.37,4.46,18.29,27.46,30.25,14.23
1480,5.298932060627791,4,10.62,4.19,18.35,12.44,8.44,17.3,4.43,18.13,27.3,30.25,14.11
1481,5.298932060627791,4,10.7,4.23,18.43,12.54,8.11,17.3,4.46,18.21,27.3,30.57,14.11
1482,5.298932060627791,4,10.74,4.29,18.59,12.64,8.68,17.37,4.5,18.29,27.46,30.73,14.17
1483,5.298932060627791,4,10.74,4.25,18.59,12.69,8.18,17.44,4.5,18.29,27.46,30.9,14.11
1484,5.298932060627791,4,10.66,4.21,18.51,12.54,8.61,17.22,4.44,18.21,27.3,30.57,14.06
1485,5.298932060627791,4,10.66,4.19,18.59,12.54,7.77,17.22,4.44,18.13,27.3,30.73,13.94
1486,5.298932060627791,4,10.66,4.21,18.67,12.54,8.37,17.22,4.44,18.21,27.3,29,14.11
1487,5.298932060627791,4,10.7,4.25,18.75,12.59,8.24,17.22,4.46,18.45,27.46,29.61,14.29
1488,5.298932060627791,4,10.62,4.19,18.67,12.49,8.54,17.15,4.43,18.13,27.3,29.61,13.94
1489,5.298932060627791,4,10.66,4.21,18.75,12.54,8.41,17.22,4.44,18.69,27.46,31.23,13.45
1490,5.298932060627791,4,10.66,4.21,18.83,12.54,8.57,17.15,4.44,18.69,27.3,31.4,13.78
1491,5.298932060627791,4,10.66,4.21,18.91,12.54,8.41,17.22,4.44,18.37,27.3,29.93,13.83
1492,5.298932060627791,4,10.62,4.21,18.91,12.49,8.44,17.15,4.44,18.21,27.3,30.25,14.11
1493,5.298932060627791,4,10.66,4.23,18.99,12.59,7.95,17.22,4.46,18.69,27.3,30.41,14.29
1494,5.298932060627791,4,10.66,4.23,18.99,12.59,8.54,17.3,4.46,18.77,27.3,31.74,14
1495,5.298932060627791,4,10.7,4.27,19.16,12.69,8.44,17.37,4.5,19.44,27.46,31.57,13.83
1496,5.298932060627791,4,10.37,4.17,19.07,12.49,7.92,17.08,4.41,18.85,27.3,30.09,14.23
1497,5.298932060627791,4,10.29,4.11,18.99,12.34,7.99,17.01,4.37,18.45,27.3,30.25,13.61
1498,5.298932060627791,4,10.29,4.07,18.99,12.29,7.92,16.93,4.35,18.53,27.14,32.81,13.03
1499,5.298932060627791,4,10.49,4.09,18.99,12.29,8.21,17.01,4.37,19.02,27.3,29.77,13.89
1500,5.298932060627791,4,10.33,4.09,19.07,12.29,8.05,17.01,4.37,18.85,27.46,30.41,14.11
1501,5.412588874668555,4,10.41,4.17,19.16,12.44,8.08,17.15,4.44,18.53,27.46,29.93,13.83
1502,5.412588874668555,4,10.45,4.17,19.16,12.49,8.21,17.15,4.43,18.85,27.46,29.93,14
1503,5.412588874668555,4,10.37,4.15,19.16,12.44,8.21,17.15,4.43,19.19,27.3,29.93,14.06
1504,5.412588874668555,4,10.7,4.19,19.33,12.54,8.08,17.22,4.46,19.19,27.3,30.25,14.23
1505,5.412588874668555,4,10.7,4.21,19.41,12.54,8.15,17.3,4.46,19.71,27.14,31.06,13.83
1506,5.412588874668555,4,10.7,4.23,19.49,12.59,8.08,17.22,4.46,19.97,28.94,30.25,14.06
1507,5.412588874668555,4,10.57,4.15,19.41,12.44,8.11,17.08,4.41,19.44,28.94,30.25,13.83
1508,5.412588874668555,4,10.62,4.13,19.49,12.39,8.51,17.08,4.39,18.69,27.14,30.73,13.56
1509,5.412588874668555,4,10.66,4.17,19.67,12.49,8.44,17.15,4.43,18.61,27.14,29.93,14.06
1510,5.412588874668555,4,10.62,4.15,19.58,12.44,8.57,17.08,4.41,18.53,28.6,29.93,13.78
1511,5.412588874668555,4,10.66,4.19,19.75,12.54,8.54,17.15,4.44,18.61,28.6,29.93,14.17
1512,5.412588874668555,4,10.7,4.19,19.84,12.54,8.28,17.22,4.44,18.53,28.43,29.93,13.94
1513,5.412588874668555,4,10.62,4.15,19.75,12.44,8.02,17.08,4.41,18.53,28.6,29.61,13.72
1514,5.412588874668555,4,10.62,4.15,19.84,12.39,8.18,17.01,4.41,18.85,27.94,29.46,14
1515,5.412588874668555,4,10.62,4.13,19.84,12.44,8.47,17.08,4.41,19.1,28.43,29.93,13.61
1516,5.412588874668555,4,10.7,4.21,20.02,12.59,8.08,17.3,4.48,21.08,28.43,29.93,13.94
1517,5.412588874668555,4,10.62,4.15,19.93,12.49,8.24,17.15,4.41,18.69,28.27,29.93,14.06
1518,5.412588874668555,4,10.62,4.13,20.02,12.44,8.21,17.15,4.41,18.21,27.94,30.09,14.06
1519,5.412588874668555,4,10.62,4.15,20.1,12.44,8.44,17.15,4.43,18.13,27.94,29.61,13.83
1520,5.412588874668555,4,10.7,4.19,20.19,12.54,8.57,17.22,4.46,18.29,28.94,29.15,13.72
1521,5.412588874668555,4,10.57,4.13,20.19,12.39,8.44,17.15,4.41,18.94,28.94,30.09,14.29
1522,5.412588874668555,4,10.57,4.15,20.1,12.44,8.57,17.15,4.41,18.77,28.94,30.25,13.89
1523,5.412588874668555,4,10.37,4.15,20.28,12.44,7.92,17.15,4.41,18.85,28.77,30.09,14.11
1524,5.412588874668555,4,10.37,4.13,20.28,12.49,8.47,17.08,4.43,20.61,28.6,30.41,13.94
1525,5.412588874668555,4,10.41,4.13,20.28,12.44,8.37,17.08,4.41,18.85,28.6,31.23,14.11
1526,5.412588874668555,4,10.37,4.15,20.28,12.49,8.02,17.01,4.41,23.36,28.6,29.77,13.94
1527,5.412588874668555,4,10.49,4.13,20.55,12.44,8.61,17.01,4.41,19.44,28.77,30.25,13.94
1528,5.412588874668555,4,10.41,4.15,20.46,12.49,7.99,17.01,4.43,19.1,28.77,29.46,14
1529,5.412588874668555,4,10.37,4.13,20.55,12.44,8.08,16.93,4.41,18.94,28.94,27.97,13.83
1530,5.412588874668555,4,10.29,4.13,20.55,12.49,7.89,16.93,4.41,18.94,28.77,29.61,13.94
1531,5.412588874668555,4,10.49,4.07,20.55,12.29,8.41,16.86,4.37,19.27,28.77,28.85,13.61
1532,5.412588874668555,4,10.49,4.09,20.55,12.34,8.05,16.93,4.37,19.27,28.77,28.85,13.89
1533,5.412588874668555,4,10.49,4.09,20.65,12.39,8.61,16.93,4.39,19.44,28.77,29.15,13.72
1534,5.412588874668555,4,10.57,4.13,20.74,12.44,8.57,17.01,4.41,18.94,29.11,29.61,14.11
1535,5.412588874668555,4,10.57,4.15,20.74,12.44,8.41,17.01,4.43,20.61,29.29,29.3,14.06
1536,5.412588874668555,4,10.78,4.19,20.83,12.49,8.74,17.08,4.44,18.94,29.29,29.93,14.06
1537,5.412588874668555,4,10.78,4.13,20.83,12.44,8.34,17.01,4.41,18.77,29.29,29.61,13.94
1538,5.412588874668555,4,10.66,4.09,20.83,12.39,8.44,16.93,4.37,18.77,29.11,29.77,13.78
1539,5.412588874668555,4,10.25,4.09,20.93,12.34,7.86,16.86,4.37,18.85,29.11,29.77,13.83
1540,5.412588874668555,4,10.83,4.15,21.11,12.39,8.34,17.01,4.41,19.02,29.46,30.73,13.78
1541,5.412588874668555,4,10.83,4.11,21.02,12.39,8.18,16.93,4.39,18.85,29.11,30.09,13.89
1542,5.412588874668555,4,10.49,4.13,21.11,12.39,8.15,17.01,4.43,18.94,29.29,30.09,13.78
1543,5.412588874668555,4,10.49,4.13,21.21,12.44,8.21,16.93,4.41,18.94,29.11,29.93,13.13
1544,5.412588874668555,4,10.53,4.15,21.31,12.44,8.64,17.01,4.41,18.85,29.29,30.25,13.94
1545,5.412588874668555,4,10.45,4.11,21.21,12.34,8.21,16.86,4.39,18.77,29.11,30.09,13.83
1546,5.412588874668555,4,10.53,4.15,21.31,12.44,8.61,17.01,4.41,18.94,29.11,30.41,13.78
1547,5.412588874668555,4,10.49,4.13,21.31,12.44,8.28,17.01,4.41,18.85,29.11,29.15,14.29
1548,5.412588874668555,4,10.53,4.15,21.4,12.44,8.31,17.01,4.41,18.85,28.94,29.77,13.83
1549,5.412588874668555,4,10.49,4.15,21.5,12.44,8.68,16.93,4.41,18.94,28.94,29.46,13.78
1550,5.412588874668555,4,10.41,4.07,21.4,12.34,7.89,16.79,4.35,18.85,28.77,29.93,13.72
1551,5.412588874668555,4,10.45,4.09,21.6,12.34,8.21,16.86,4.37,18.85,28.77,29.93,13.83
1552,5.412588874668555,4,10.45,4.09,21.5,12.34,7.8,16.65,4.37,18.85,28.6,30.25,13.83
1553,5.412588874668555,4,10.37,4.06,21.5,12.29,8.02,16.72,4.33,19.79,28.43,30.09,13.56
1554,5.412588874668555,4,10.41,4.09,21.6,12.34,8.28,16.72,4.37,18.85,28.6,30.41,13.67
1555,5.412588874668555,4,10.45,4.11,21.69,12.39,7.8,16.79,4.37,19.1,28.43,29.46,13.67
1556,5.412588874668555,4,10.41,4.07,21.6,12.29,8.15,16.72,4.35,18.85,28.27,29.46,13.61
1557,5.412588874668555,4,10.41,4.09,21.69,12.34,8.15,16.79,4.35,18.69,28.27,28.85,13.67
1558,5.412588874668555,4,10.37,4.07,21.69,12.29,8.08,16.72,4.35,18.85,27.78,29.46,13.78
1559,5.412588874668555,4,10.45,4.11,21.79,12.39,8.05,16.79,4.39,19.02,29.46,29.46,13.67
1560,5.412588874668555,4,10.45,4.11,21.89,12.39,8.21,16.72,4.39,18.85,29.11,29.15,13.61
1561,5.473782773477036,4,10.45,4.11,21.79,12.39,8.54,16.72,4.39,18.77,28.77,29.61,13.78
1562,5.473782773477036,4,10.37,4.07,21.89,12.29,8.21,16.58,4.35,18.85,28.77,28.85,13.24
1563,5.473782773477036,4,10.37,4.06,21.89,12.34,8.68,16.58,4.33,18.94,28.43,29,13.72
1564,5.473782773477036,4,10.41,4.09,21.99,12.29,8.31,16.58,4.35,18.77,27.94,29.93,13.72
1565,5.473782773477036,4,10.37,4.07,21.99,12.29,8.51,16.51,4.33,18.94,27.78,29.15,13.89
1566,5.473782773477036,4,10.29,4.07,21.99,12.24,8.57,16.31,4.33,18.94,27.62,30.09,13.78
1567,5.473782773477036,4,10.37,4.11,22.09,12.34,8.54,16.44,4.35,18.94,27.46,28.55,14
1568,5.473782773477036,4,10.45,4.09,22.09,12.29,7.89,16.44,4.35,20.42,27.46,28.85,13.56
1569,5.473782773477036,4,10.83,4.09,22.19,12.29,8.21,16.44,4.35,18.94,27.3,28.55,13.45
1570,5.473782773477036,4,10.53,4.11,22.3,12.34,8.18,16.38,4.37,19.71,28.1,29.77,13.72
1571,5.473782773477036,4,10.45,4.04,22.19,12.24,7.95,16.31,4.31,19.27,28.27,28.55,13.61
1572,5.473782773477036,4,10.45,4.04,22.3,12.19,8.37,16.31,4.31,20.06,27.78,29.46,13.56
1573,5.473782773477036,4,10.49,4.06,22.4,12.24,8.41,16.31,4.33,20.33,28.27,29,13.67
1574,5.473782773477036,4,10.57,4.09,22.4,12.29,8.15,16.38,4.37,20.06,27.62,29.15,14
1575,5.473782773477036,4,10.57,4.11,22.5,12.29,8.64,16.44,4.37,19.53,27.62,29.3,13.61
1576,5.473782773477036,4,10.53,4.09,22.5,12.29,8.31,16.38,4.35,19.1,27.94,29.46,13.67
1577,5.473782773477036,4,10.53,4.07,22.5,12.29,8.15,16.31,4.33,19.44,28.94,28.85,13.67
1578,5.473782773477036,4,10.66,4.13,22.71,12.34,8.68,16.44,4.39,19.36,28.77,29.15,13.83
1579,5.473782773477036,4,10.62,4.04,22.61,12.29,8.51,16.24,4.35,19.53,28.43,28.85,13.34
1580,5.473782773477036,4,10.53,4.06,22.71,12.29,8.44,15.97,4.33,19.44,28.1,28.7,13.67
1581,5.473782773477036,4,10.53,4.07,22.82,12.29,8.28,16.24,4.35,19.02,28.1,30.9,13.45
1582,5.473782773477036,4,10.53,4.11,22.82,12.24,8.37,16.24,4.33,19.27,27.46,28.85,13.45
1583,5.473782773477036,4,10.53,4.07,22.82,12.24,7.99,16.24,4.33,19.1,27.94,28.41,13.67
1584,5.473782773477036,4,10.53,4.09,22.92,12.34,7.86,16.24,4.35,19.19,27.14,28.85,13.83
1585,5.473782773477036,4,10.53,4.09,22.92,12.29,8.54,16.31,4.33,19.27,27.14,29.46,13.56
1586,5.473782773477036,4,10.57,4.11,23.14,12.29,8.34,16.38,4.37,18.77,26.09,30.09,13.45
1587,5.473782773477036,4,10.62,4.11,23.03,12.34,8.11,15.97,4.37,18.77,30.55,29,13.78
1588,5.473782773477036,4,10.49,4.11,23.03,12.24,8.11,16.17,4.33,18.94,31.71,28.85,13.45
1589,5.473782773477036,4,10.49,4.07,23.03,12.29,8.18,16.11,4.33,19.27,31.32,28.85,13.4
1590,5.473782773477036,4,10.45,4.07,23.14,12.24,8.37,16.11,4.31,20.15,30.55,29.3,13.45
1591,5.473782773477036,4,10.25,4.07,23.14,12.24,8.21,16.17,4.31,19.44,30.55,28.85,13.61
1592,5.473782773477036,4,10.33,4.09,23.35,12.29,8.44,16.24,4.33,19.19,31.71,27.83,13.94
1593,5.473782773477036,4,10.37,4.09,23.35,12.34,8.15,16.24,4.35,19.36,31.51,31.74,13.83
1594,5.473782773477036,4,10.37,4.11,23.35,12.34,8.05,16.31,4.35,19.02,31.32,29.15,13.24
1595,5.473782773477036,4,10.41,4.15,23.46,12.39,8.02,16.38,4.37,21.18,31.12,29.61,13.5
1596,5.473782773477036,4,10.29,4.07,23.46,12.24,7.83,16.24,4.31,21.37,30.74,28.85,13.45
1597,5.473782773477036,4,10.33,4.09,23.57,12.29,7.92,16.31,4.33,19.19,30.74,29.15,13.56
1598,5.473782773477036,4,10.29,4.06,23.57,12.24,8.02,16.24,4.29,19.1,30.18,28.85,13.13
1599,5.473782773477036,4,10.29,4.07,23.57,12.24,8.41,16.24,4.31,21.08,29.46,28.85,13.45
1600,5.473782773477036,4,10.29,4.09,23.57,12.24,8.15,16.31,4.31,19.19,30,29.61,13.89
1601,5.473782773477036,4,10.29,4.07,23.57,12.24,7.95,16.31,4.31,19.36,30,29,13.24
1602,5.473782773477036,4,10.29,4.09,23.68,12.24,7.95,16.38,4.31,19.44,29.82,29.61,13.61
1603,5.473782773477036,4,10.13,4.11,23.79,12.29,8.05,16.44,4.35,19.53,30.55,29.15,13.67
1604,5.473782773477036,4,9.86,4.15,23.91,12.34,8.11,16.51,4.37,19.53,30.93,29.61,13.4
1605,5.473782773477036,4,9.97,4.11,23.91,12.39,8.51,16.44,4.35,19.79,30.93,29.61,13.61
1606,5.473782773477036,4,9.93,4.09,23.91,12.24,8.11,16.38,4.31,19.79,30.74,31.4,13.56
1607,5.473782773477036,4,10.13,4.11,24.02,12.34,8.11,16.44,4.35,20.06,31.12,29.3,13.89
1608,5.473782773477036,4,9.89,4.11,24.02,12.29,7.95,16.44,4.33,19.62,31.71,29.3,13.61
1609,5.473782773477036,4,9.74,4.09,24.02,12.24,8.28,16.44,4.31,20.24,31.71,29.3,13.5
1610,5.473782773477036,4,9.51,4.06,24.02,12.19,8.15,16.38,4.29,19.71,31.71,29.15,13.45
1611,5.473782773477036,4,9.48,4.09,24.02,12.24,7.49,16.51,4.33,19.79,31.51,29,13.34
1612,5.473782773477036,4,9.7,4.07,24.13,12.29,7.83,16.38,4.31,19.71,31.51,29.46,13.4
1613,5.473782773477036,4,9.82,4.13,24.13,12.34,7.99,16.44,4.33,19.62,32.52,27.97,13.34
1614,5.473782773477036,4,9.86,4.13,24.25,12.34,7.89,16.44,4.35,19.88,32.52,29,13.4
1615,5.473782773477036,4,9.97,4.13,24.36,12.29,8.57,16.44,4.33,20.06,32.31,29.3,13.5
1616,5.473782773477036,4,9.86,4.11,24.36,12.24,8.21,16.38,4.31,19.62,32.31,28.85,13.4
1617,5.473782773477036,4,9.82,4.11,24.48,12.24,8.34,16.38,4.31,19.44,32.73,29,13.24
1618,5.473782773477036,4,9.86,4.15,24.48,12.29,7.68,16.44,4.33,19.71,32.52,29,13.5
1619,5.473782773477036,4,9.78,4.09,24.36,12.19,7.65,16.38,4.29,19.44,32.94,29,13.5
1620,5.473782773477036,4,9.82,4.11,24.48,12.24,8.05,16.44,4.31,19.53,33.15,30.09,13.67
1621,5.5391314075682505,4,9.86,4.11,24.48,12.29,8.28,16.38,4.29,19.44,33.36,28.12,13.34
1622,5.5391314075682505,4,9.86,4.15,24.6,12.34,8.28,16.44,4.33,19.53,34.47,28.7,13.24
1623,5.5391314075682505,4,9.86,4.17,24.72,12.34,7.89,16.44,4.35,19.62,34.47,28.85,13.61
1624,5.5391314075682505,4,9.74,4.11,24.72,12.24,8.34,16.31,4.31,19.53,34.25,28.26,13.45
1625,5.5391314075682505,4,9.7,4.13,24.72,12.24,7.83,16.31,4.31,19.44,34.47,29.15,13.18
1626,5.5391314075682505,4,10.01,4.11,24.72,12.19,7.77,16.31,4.29,19.53,34.47,28.7,13.5
1627,5.5391314075682505,4,9.48,4.13,24.83,12.24,7.49,16.31,4.31,19.44,34.25,28.7,13.61
1628,5.5391314075682505,4,9.04,4.09,24.83,12.19,7.74,16.31,4.27,19.36,34.25,29,13.29
1629,5.5391314075682505,4,9.37,4.17,24.95,12.34,7.99,16.44,4.33,19.53,34.47,29.15,13.61
1630,5.5391314075682505,4,9.93,4.15,24.95,12.24,8.41,16.38,4.31,19.53,34.25,29.93,13.29
1631,5.5391314075682505,4,9.59,4.13,24.83,12.24,7.89,16.31,4.31,19.44,34.25,29.3,13.29
1632,5.5391314075682505,4,9.97,4.21,24.95,12.24,8.18,16.17,4.31,20.06,34.02,29,13.34
1633,5.5391314075682505,4,9.97,4.15,24.95,12.24,8.28,16.17,4.31,19.53,34.02,28.85,13.5
1634,5.5391314075682505,4,9.55,4.13,25.07,12.14,7.71,16.17,4.29,19.62,34.02,30.09,13.08
1635,5.5391314075682505,4,9.7,4.11,25.07,12.14,7.32,16.11,4.27,19.53,34.02,29.61,13.56
1636,5.5391314075682505,4,10.05,4.15,25.19,12.24,7.86,16.17,4.31,19.62,34.02,29.3,13.56
1637,5.5391314075682505,4,9.93,4.21,25.07,12.24,8.02,16.17,4.31,19.71,33.8,29.61,13.4
1638,5.5391314075682505,4,10.09,4.23,25.19,12.39,7.89,16.24,4.37,19.71,33.8,29.61,13.45
1639,5.5391314075682505,4,10.09,4.19,25.19,12.29,8.34,16.24,4.33,19.71,33.8,29,13.24
1640,5.5391314075682505,4,10.01,4.17,25.19,12.29,8.47,16.24,4.29,19.62,33.8,29.15,12.87
1641,5.5391314075682505,4,9.97,4.19,25.19,12.19,8.41,16.17,4.29,19.79,33.58,29.3,13.5
1642,5.5391314075682505,4,10.01,4.29,25.32,12.19,7.77,16.17,4.29,19.53,33.8,29,13.5
1643,5.5391314075682505,4,10.09,4.29,25.44,12.29,8.28,16.24,4.33,19.62,32.52,30.57,13.5
1644,5.5391314075682505,4,10.13,4.07,25.44,12.29,8.05,16.31,4.35,19.79,32.52,29,13.08
1645,5.5391314075682505,4,10.17,4.09,25.44,12.29,7.95,16.17,4.33,19.88,32.31,28.85,13.56
1646,5.5391314075682505,4,10.25,4.11,25.56,12.34,7.89,16.24,4.33,19.88,32.11,28.7,13.45
1647,5.5391314075682505,4,10.25,4.13,25.56,12.29,8.34,16.24,4.35,20.06,32.31,28.85,13.56
1648,5.5391314075682505,4,10.17,4.13,25.56,12.24,7.83,16.24,4.31,19.62,32.11,29.46,13.78
1649,5.5391314075682505,4,10.13,3.98,25.56,12.14,8.28,16.11,4.26,19.71,32.11,29.77,13.67
1650,5.5391314075682505,4,10.21,4.02,25.56,12.24,8.47,16.17,4.31,19.79,32.11,29,13.4
1651,5.5391314075682505,4,10.21,4,25.56,12.19,8.57,16.04,4.29,19.88,32.11,29.15,13.72
1652,5.5391314075682505,4,10.21,4,25.56,12.19,8.28,16.04,4.29,20.15,32.73,28.7,13.67
1653,5.5391314075682505,4,10.21,4,25.69,12.14,7.99,16.04,4.29,19.79,32.73,28.7,13.72
1654,5.5391314075682505,4,10.25,4.06,25.81,12.24,8.15,16.11,4.31,20.89,32.94,28.55,13.67
1655,5.5391314075682505,4,10.21,4.04,25.81,12.19,7.83,16.11,4.31,21.08,32.11,29,13.61
1656,5.5391314075682505,4,10.25,4.07,25.94,12.29,8.44,16.17,4.33,21.08,32.11,28.7,13.34
1657,5.5391314075682505,4,10.21,4.06,25.81,12.29,7.92,16.11,4.31,20.89,32.11,28.55,13.67
1658,5.5391314075682505,4,10.17,4.04,25.81,12.19,7.92,16.04,4.27,20.99,32.52,28.85,13.18
1659,5.5391314075682505,4,10.17,4.04,25.81,12.14,8.15,16.04,4.27,19.88,32.52,31.23,13.56
1660,5.5391314075682505,4,10.17,4.06,25.81,12.19,8.21,16.04,4.27,19.88,32.31,29.77,13.4
1661,5.5391314075682505,4,10.17,4.06,25.94,12.14,8.21,16.04,4.27,20.15,32.52,29.93,13.5
1662,5.5391314075682505,4,10.21,4.11,25.94,12.24,8.44,16.04,4.31,21.67,32.31,28.85,13.45
1663,5.5391314075682505,4,10.13,4.09,26.07,12.19,7.95,15.97,4.27,19.62,32.31,29.61,13.56
1664,5.5391314075682505,4,10.13,4.11,26.07,12.19,8.21,16.04,4.27,19.53,32.31,28.7,13.18
1665,5.5391314075682505,4,10.13,4.13,26.07,12.14,8.44,16.04,4.27,19.71,32.11,28.41,13.45
1666,5.5391314075682505,4,10.13,4.15,26.19,12.14,7.86,15.97,4.27,19.97,32.31,30.09,13.72
1667,5.5391314075682505,4,10.13,4.17,26.19,12.19,7.99,15.91,4.27,19.36,32.73,29.3,13.56
1668,5.5391314075682505,4,10.21,4.25,26.32,12.29,7.86,16.04,4.33,19.44,32.52,30.09,13.61
1669,5.5391314075682505,4,10.13,4.17,26.19,12.19,8.11,15.97,4.27,19.62,32.31,29.61,13.72
1670,5.5391314075682505,4,10.13,4.17,26.19,12.19,8.24,15.97,4.27,19.62,32.52,29.61,13.29
1671,5.5391314075682505,4,10.13,4.17,26.19,12.19,8.24,15.97,4.27,19.62,32.11,27.55,13.67
1672,5.5391314075682505,4,10.13,4.19,26.32,12.14,8.05,15.91,4.26,19.79,32.11,31.4,13.45
1673,5.5391314075682505,4,10.13,4.21,26.32,12.14,8.31,15.91,4.26,19.62,32.11,28.7,13.61
1674,5.5391314075682505,4,10.17,4.27,26.45,12.19,8.34,15.97,4.29,19.62,32.31,29,13.61
1675,5.5391314075682505,4,10.13,4.33,26.45,12.19,8.44,15.91,4.29,20.06,32.31,28.41,13.67
1676,5.5391314075682505,4,10.13,4.25,26.45,12.19,7.77,15.91,4.29,19.71,32.31,28.7,13.5
1677,5.5391314075682505,4,10.13,4.21,26.58,12.24,7.92,15.91,4.29,19.88,32.31,29.3,13.45
1678,5.5391314075682505,4,10.09,4.23,26.58,12.19,7.89,15.97,4.29,19.62,32.73,29,13.56
1679,5.5391314075682505,4,10.13,4.23,26.58,12.24,8.31,15.97,4.31,19.71,32.73,28.7,13.72
1680,5.5391314075682505,4,10.09,4.19,26.58,12.14,8.02,15.84,4.26,21.28,32.31,27.55,13.5
1681,5.6111427069017825,4,10.05,4.17,26.58,12.14,7.89,15.84,4.26,21.47,32.31,30.09,13.67
1682,5.6111427069017825,4,10.01,4.15,26.58,12.1,8.08,15.71,4.24,21.28,32.31,29.61,13.34
1683,5.6111427069017825,4,10.05,4.19,26.58,12.14,8.31,15.78,4.26,21.37,32.73,29.3,13.24
1684,5.6111427069017825,4,10.05,4.13,26.72,12.14,8.34,15.78,4.26,21.28,32.52,28.7,13.56
1685,5.6111427069017825,4,10.09,4.17,26.72,12.19,8.21,15.84,4.29,21.28,32.73,28.85,13.5
1686,5.6111427069017825,4,10.17,4.19,26.85,12.29,7.83,15.91,4.31,21.18,32.73,30.41,13.78
1687,5.6111427069017825,4,10.13,4.15,26.72,12.24,8.51,15.84,4.29,21.08,32.73,29,13.5
1688,5.6111427069017825,4,10.17,4.19,26.85,12.29,8.54,15.91,4.31,20.8,32.31,29.61,13.61
1689,5.6111427069017825,4,10.05,4.13,26.72,12.14,8.31,15.78,4.26,20.7,32.11,28.12,13.61
1690,5.6111427069017825,4,10.09,4.15,26.85,12.19,8.47,15.65,4.27,20.7,31.91,28.41,13.45
1691,5.6111427069017825,4,10.13,4.17,26.85,12.19,7.95,15.78,4.29,20.89,32.31,28.41,13.29
1692,5.6111427069017825,4,10.09,4.15,26.85,12.14,7.99,15.78,4.27,21.28,32.11,28.55,13.24
1693,5.6111427069017825,4,10.05,4.15,26.98,12.14,7.77,15.78,4.27,19.79,32.11,28.41,13.45
1694,5.6111427069017825,4,10.09,4.15,26.98,12.14,8.18,15.78,4.27,19.88,31.71,28.55,13.24
1695,5.6111427069017825,4,10.13,4.19,27.12,12.19,7.83,15.84,4.29,19.79,31.91,28.55,13.56
1696,5.6111427069017825,4,10.09,4.19,27.12,12.19,7.99,15.84,4.29,19.62,32.11,28.12,13.34
1697,5.6111427069017825,4,10.13,4.23,27.12,12.24,8.02,15.84,4.29,19.62,32.11,30.09,13.67
1698,5.6111427069017825,4,10.09,4.19,27.12,12.19,8.28,15.84,4.27,19.36,31.91,29.15,13.24
1699,5.6111427069017825,4,10.05,4.21,27.12,12.19,8.18,15.78,4.27,19.53,31.51,28.7,13.18
1700,5.6111427069017825,4,10.01,4.11,26.98,12.1,8.31,15.71,4.24,19.44,31.51,28.85,13.08
1701,5.6111427069017825,4,10.01,4.07,26.98,12.19,8.37,15.65,4.24,23.36,30.93,27.97,13.72
1702,5.6111427069017825,4,10.05,4.09,27.12,12.14,8.02,15.71,4.27,19.88,30.93,30.41,13.56
1703,5.6111427069017825,4,10.05,4.09,27.25,12.19,8.21,15.71,4.27,19.53,31.32,28.7,13.67
1704,5.6111427069017825,4,10.09,4.09,27.39,12.19,8.28,15.65,4.27,19.62,31.51,28.55,13.61
1705,5.6111427069017825,4,10.05,4.11,27.25,12.19,8.02,15.65,4.27,23.03,31.12,28.7,13.34
1706,5.6111427069017825,4,10.05,4.11,27.25,12.1,7.89,15.65,4.26,22.81,31.12,29,13.34
1707,5.6111427069017825,4,10.13,4.15,27.39,12.24,7.74,15.78,4.29,21.18,31.12,29.15,13.45
1708,5.6111427069017825,4,10.05,4.13,27.25,12.14,7.99,15.65,4.27,21.77,31.71,28.12,12.92
1709,5.6111427069017825,4,10.09,4.15,27.25,12.24,8.44,15.65,4.27,21.67,32.52,29,13.67
1710,5.6111427069017825,4,10.05,4.15,27.39,12.19,8.21,15.65,4.27,21.87,32.31,28.41,13.24
1711,5.6111427069017825,4,10.05,4.11,27.39,12.14,8.15,15.65,4.26,21.57,32.11,28.41,13.34
1712,5.6111427069017825,4,10.01,4.07,27.39,12.14,7.77,15.58,4.24,21.77,33.58,29.46,13.4
1713,5.6111427069017825,4,10.05,4.09,27.39,12.14,7.99,15.58,4.26,21.67,33.58,29,13.4
1714,5.6111427069017825,4,10.01,4.09,27.39,12.1,8.08,15.58,4.26,21.67,33.58,30.73,13.67
1715,5.6111427069017825,4,10.01,4.06,27.39,12.14,7.95,15.58,4.26,21.67,33.15,29.15,13.61
1716,5.6111427069017825,4,10.05,4.11,27.39,12.19,8.02,15.58,4.29,21.67,33.58,28.12,13.78
1717,5.6111427069017825,4,10.01,4.07,27.53,12.19,8.02,15.58,4.26,21.47,33.36,30.25,13.45
1718,5.6111427069017825,4,10.09,4.15,27.53,12.29,8.18,15.65,4.31,21.77,33.58,28.7,13.24
1719,5.6111427069017825,4,10.01,4.11,27.53,12.19,8.34,15.65,4.27,21.57,33.15,30.09,13.61
1720,5.6111427069017825,4,10.05,4.13,27.67,12.14,8.47,15.58,4.27,21.47,33.15,29.77,13.61
1721,5.6111427069017825,4,10.01,4.11,27.67,12.14,8.05,15.58,4.26,21.28,32.94,29.15,13.56
1722,5.6111427069017825,4,10.01,4.09,27.67,12.14,8.21,15.52,4.26,20.99,32.94,28.55,13.83
1723,5.6111427069017825,4,10.01,4.13,27.67,12.19,8.31,15.58,4.27,21.08,32.94,29.46,13.67
1724,5.6111427069017825,4,10.05,4.15,27.67,12.19,7.89,15.65,4.27,20.99,32.73,29.77,13.78
1725,5.6111427069017825,4,10.17,4.15,27.67,12.19,8.18,15.58,4.29,20.99,32.94,29.3,13.34
1726,5.6111427069017825,4,10.17,4.13,27.67,12.14,8.18,15.52,4.27,20.89,34.25,29.77,13.29
1727,5.6111427069017825,4,10.21,4.13,27.67,12.19,7.89,15.52,4.27,20.42,34.25,28.55,13.56
1728,5.6111427069017825,4,10.13,4.09,27.53,12.1,8.31,15.45,4.24,21.47,34.25,28.41,13.61
1729,5.6111427069017825,4,10.17,4.09,27.67,12.1,7.86,15.39,4.24,21.47,34.02,28.55,13.61
1730,5.6111427069017825,4,10.17,4,27.67,12.1,8.24,15.45,4.24,21.67,33.8,29,13.18
1731,5.6111427069017825,4,9.97,4.09,27.67,12.05,8.34,15.39,4.24,21.57,33.58,29.61,13.72
1732,5.6111427069017825,4,10.01,4.11,27.67,12.14,8.02,15.45,4.24,21.57,33.8,28.41,13.72
1733,5.6111427069017825,4,9.97,4.11,27.67,12.1,7.77,15.39,4.24,24.63,33.58,28.7,13.83
1734,5.6111427069017825,4,10.29,4.11,27.81,12.14,8.51,15.45,4.26,21.97,33.8,28.85,13.56
1735,5.6111427069017825,4,10.25,4.09,27.67,12.1,7.99,15.39,4.24,21.77,34.25,28.7,13.5
1736,5.6111427069017825,4,9.93,4.11,27.81,12.14,7.89,15.45,4.26,21.77,34.47,28.7,13.61
1737,5.6111427069017825,4,10.09,4.11,27.81,12.14,7.86,15.45,4.26,21.77,34.25,29.46,13.61
1738,5.6111427069017825,4,10.01,4.11,27.81,12.1,7.8,15.39,4.24,21.57,33.8,29.15,13.5
1739,5.6111427069017825,4,10.01,4.11,27.81,12.14,7.86,15.39,4.24,21.87,33.8,29,13.61
1740,5.6111427069017825,4,9.89,4.13,27.95,12.14,7.68,15.45,4.26,21.67,33.8,29.15,13.56
1741,5.636574515923481,4,9.93,4.13,27.95,12.14,8.15,15.45,4.26,21.87,34.25,29.15,13.5
1742,5.636574515923481,4,9.97,4.11,27.95,12.1,7.58,15.45,4.26,21.67,33.58,28.41,13.45
1743,5.636574515923481,4,9.97,4.15,28.09,12.19,7.92,15.52,4.27,24.39,33.58,28.12,13.72
1744,5.636574515923481,4,10.21,4.13,27.95,12.14,8.21,15.45,4.26,21.67,33.58,28.7,13.5
1745,5.636574515923481,4,10.01,4.17,28.09,12.24,7.86,15.58,4.29,21.87,34.25,28.7,13.29
1746,5.636574515923481,4,9.97,4.15,28.23,12.19,7.92,15.52,4.27,21.77,34.47,28.26,13.29
1747,5.636574515923481,4,9.86,4.06,27.95,12.05,8.15,15.33,4.22,21.87,34.25,28.26,13.67
1748,5.636574515923481,4,9.89,4.09,28.09,12.05,8.18,15.33,4.24,21.67,34.25,29.93,13.72
1749,5.636574515923481,4,9.93,4.11,28.23,12.14,8.02,15.39,4.26,21.87,34.02,29.46,13.78
1750,5.636574515923481,4,9.97,4.13,28.23,12.14,7.86,15.45,4.26,21.77,34.02,28.41,13.29
1751,5.636574515923481,4,9.97,4.13,28.23,12.14,8.15,15.45,4.26,21.77,34.93,28.85,13.03
1752,5.636574515923481,4,9.89,4.11,28.23,12.1,7.77,15.45,4.24,21.77,34.25,29.15,13.4
1753,5.636574515923481,4,10.21,4.13,28.23,12.1,7.8,15.45,4.26,21.77,34.7,28.85,13.78
1754,5.636574515923481,4,10.17,4.15,28.23,12.14,7.92,15.52,4.26,21.67,34.93,29.61,13.45
1755,5.636574515923481,4,10.17,4.13,28.23,12.14,8.24,15.39,4.27,21.47,35.4,28.55,13.34
1756,5.636574515923481,4,10.25,4.15,28.23,12.19,8.47,15.39,4.26,21.47,35.64,29,13.5
1757,5.636574515923481,4,10.17,4.13,28.23,12.1,7.89,15.33,4.24,21.57,35.4,29,13.78
1758,5.636574515923481,4,10.17,4.13,28.37,12.14,8.21,15.33,4.26,21.57,35.64,28.41,13.18
1759,5.636574515923481,4,9.93,4.13,28.37,12.1,8.31,15.26,4.24,21.47,35.4,28.41,13.4
1760,5.636574515923481,4,9.89,4.11,28.23,12.05,7.92,15.2,4.22,21.37,35.16,28.41,13.13
1761,5.636574515923481,4,10.21,4.15,28.23,12.1,7.89,15.26,4.24,21.47,35.64,28.41,13.72
1762,5.636574515923481,4,10.17,4.13,28.23,12.1,8.18,15.26,4.24,21.57,36.62,28.41,13.24
1763,5.636574515923481,4,10.13,4.15,28.23,12.1,8.05,15.2,4.24,21.77,36.13,28.26,13.34
1764,5.636574515923481,4,10.25,4.21,28.37,12.19,8.41,15.33,4.27,22.18,35.88,29.61,13.61
1765,5.636574515923481,4,10.25,4.23,28.37,12.19,8.34,15.33,4.29,22.28,35.4,29.46,13.61
1766,5.636574515923481,4,10.17,4.19,28.37,12.1,8.02,15.2,4.24,21.87,35.16,29,13.5
1767,5.636574515923481,4,10.13,4.19,28.23,12.1,8.11,15.2,4.24,21.87,34.93,28.55,13.56
1768,5.636574515923481,4,10.13,4.15,28.37,12,7.99,15.14,4.22,21.67,34.7,27.97,13.5
1769,5.636574515923481,4,10.17,4.19,28.37,12.1,7.99,15.2,4.24,21.67,35.16,30.73,13.4
1770,5.636574515923481,4,10.13,4.17,28.37,12.1,8.18,15.2,4.24,21.77,35.88,29.77,12.82
1771,5.636574515923481,4,10.13,4.17,28.37,12.1,8.02,15.2,4.24,21.67,36.37,29.61,13.34
1772,5.636574515923481,4,10.13,4.19,28.37,12.1,8.47,15.14,4.24,21.47,37.65,29,13.61
1773,5.636574515923481,4,10.13,4.19,28.23,12.14,8.34,15.14,4.24,21.57,37.39,28.7,13.67
1774,5.636574515923481,4,10.17,4.21,28.37,12.14,8.05,15.2,4.26,21.57,37.92,29.61,13.18
1775,5.636574515923481,4,10.17,4.19,28.37,12.1,8.41,15.14,4.24,21.37,36.88,30.9,13.29
1776,5.636574515923481,4,10.13,4.19,28.37,12.05,8.28,15.08,4.22,21.47,37.65,28.26,13.56
1777,5.636574515923481,4,10.09,4.19,28.37,12,8.47,15.02,4.22,21.37,36.13,28.85,13.45
1778,5.636574515923481,4,10.13,4.19,28.37,12.05,8.21,15.08,4.22,21.18,35.64,27.97,13.5
1779,5.636574515923481,4,10.17,4.19,28.37,12.05,8.61,15.14,4.24,21.67,35.64,28.12,13.56
1780,5.636574515923481,4,10.17,4.21,28.37,12.14,8.57,15.14,4.24,21.47,35.88,28.55,13.72
1781,5.636574515923481,4,10.21,4.21,28.37,12.14,8.18,15.14,4.31,21.67,35.88,28.41,13.5
1782,5.636574515923481,4,10.17,4.23,28.52,12.14,8.31,15.14,4.27,21.67,35.88,28.85,13.72
1783,5.636574515923481,4,10.17,4.21,28.37,12.1,8.11,15.08,4.26,21.47,35.64,28.7,13.56
1784,5.636574515923481,4,10.17,4.19,28.37,12.1,7.77,15.02,4.24,21.47,35.64,28.7,13.24
1785,5.636574515923481,4,10.17,4.21,28.52,12.1,7.92,14.95,4.24,21.28,35.64,29,13.61
1786,5.636574515923481,4,10.09,4.17,28.52,12,7.99,14.89,4.2,21.28,35.64,29.46,13.13
1787,5.636574515923481,4,10.13,4.17,28.37,12,8.44,14.95,4.22,20.99,35.64,28.26,13.13
1788,5.636574515923481,4,10.13,4.19,28.37,12,7.92,14.95,4.22,21.08,35.88,28.55,13.4
1789,5.636574515923481,4,10.13,4.17,28.37,12,8.41,14.95,4.2,21.08,36.37,28.26,13.13
1790,5.636574515923481,4,10.13,4.17,28.37,12.05,8.41,14.89,4.22,20.89,36.62,28.7,13.45
1791,5.636574515923481,4,10.05,4.15,28.37,12,7.99,14.83,4.18,20.99,37.13,27.41,13.5
1792,5.636574515923481,4,10.13,4.19,28.52,12.1,8.51,14.95,4.22,21.18,37.65,29,13.56
1793,5.636574515923481,4,10.21,4.21,28.67,12.14,8.47,15.02,4.26,21.18,36.88,29,12.87
1794,5.636574515923481,4,10.13,4.19,28.67,12.1,8.44,14.95,4.24,21.18,36.62,29.15,13.45
1795,5.636574515923481,4,10.09,4.21,28.67,12.1,8.02,14.95,4.24,21.18,36.62,30.09,13.72
1796,5.636574515923481,4,10.17,4.23,28.67,12.1,8.51,15.02,4.26,21.28,36.37,29.3,13.72
1797,5.636574515923481,4,10.21,4.25,28.67,12.14,7.99,15.02,4.26,21.18,36.88,29.46,13.61
1798,5.636574515923481,4,10.13,4.21,28.52,12.1,8.47,14.95,4.24,21.18,36.62,29.46,13.72
1799,5.636574515923481,4,10.13,4.19,28.52,12.05,8.34,14.83,4.2,21.18,36.88,27.97,13.08
1800,5.636574515923481,4,10.13,4.21,28.67,12.1,8.21,14.83,4.24,21.97,36.62,28.12,13.67
1801,5.644984905269979,4,10.13,4.23,28.67,12.1,8.28,14.89,4.24,21.87,36.88,28.12,13.72
1802,5.644984905269979,4,10.17,4.23,28.67,12.1,8.34,14.89,4.24,21.18,36.88,28.7,13.72
1803,5.644984905269979,4,10.17,4.23,28.67,12.05,7.95,14.89,4.24,21.08,36.88,29.3,13.78
1804,5.644984905269979,4,10.13,4.21,28.67,12.05,7.95,14.83,4.22,20.89,36.88,29.46,13.67
1805,5.644984905269979,4,10.13,4.23,28.67,12.05,8.08,14.83,4.22,21.18,36.62,31.06,13.61
1806,5.644984905269979,4,10.09,4.21,28.67,12.05,8.37,14.83,4.22,20.99,36.62,29.3,13.29
1807,5.644984905269979,4,10.13,4.25,28.67,12.05,8.44,14.89,4.24,24.39,36.88,29.46,13.83
1808,5.644984905269979,4,10.13,4.25,28.67,12.1,7.92,14.83,4.24,24.99,36.88,29.15,13.78
1809,5.644984905269979,4,10.17,4.27,28.67,12.14,7.92,14.83,4.26,25.24,36.62,28.41,13.4
1810,5.644984905269979,4,10.13,4.25,28.67,12.05,8.08,14.77,4.22,21.08,36.88,28.12,13.67
1811,5.644984905269979,4,10.13,4.25,28.81,12.1,8.61,14.83,4.24,21.47,36.88,28.12,13.61
1812,5.644984905269979,4,10.13,4.25,28.81,12.05,8.31,14.77,4.22,20.99,36.88,28.12,13.29
1813,5.644984905269979,4,10.09,4.23,28.81,12.05,8.08,14.77,4.22,20.99,36.88,28.26,13.4
1814,5.644984905269979,4,10.13,4.25,28.81,12.1,8.02,14.83,4.24,20.8,36.88,29.93,13.56
1815,5.644984905269979,4,10.13,4.23,28.81,12.05,8.24,14.83,4.24,20.52,36.88,28.12,13.08
1816,5.644984905269979,4,10.09,4.25,28.81,12.05,8.15,14.83,4.24,20.42,36.88,29.15,13.56
1817,5.644984905269979,4,10.09,4.21,28.81,12,7.86,14.83,4.22,20.52,36.88,28.41,13.83
1818,5.644984905269979,4,10.09,4.21,28.81,12.05,8.31,14.83,4.22,20.61,36.88,28.55,13.5
1819,5.644984905269979,4,10.13,4.25,28.96,12.05,8.34,14.83,4.24,20.33,36.88,29.46,13.61
1820,5.644984905269979,4,10.05,4.19,28.81,11.95,7.89,14.71,4.2,20.42,36.62,28.85,13.61
1821,5.644984905269979,4,10.13,4.25,28.81,12.1,8.37,14.83,4.24,20.7,36.88,29.3,13.45
1822,5.644984905269979,4,10.13,4.27,28.81,12.1,7.95,14.83,4.24,20.99,36.88,28.85,13.4
1823,5.644984905269979,4,10.09,4.25,28.81,12.05,8.28,14.77,4.22,20.8,36.88,28.55,13.83
1824,5.644984905269979,4,10.05,4.23,28.81,12,8.21,14.71,4.2,20.42,36.62,29,13.89
1825,5.644984905269979,4,10.09,4.25,28.81,12.05,8.18,14.71,4.22,20.42,37.39,30.9,13.83
1826,5.644984905269979,4,10.05,4.23,28.81,11.95,7.86,14.71,4.2,20.8,37.39,28.85,13.18
1827,5.644984905269979,4,10.05,4.25,28.81,12.05,8.18,14.71,4.22,20.61,37.39,27.97,13.67
1828,5.644984905269979,4,10.05,4.25,28.67,12.05,8.41,14.71,4.2,20.99,37.39,27.83,13.61
1829,5.644984905269979,4,10.09,4.27,28.81,12.05,8.15,14.77,4.22,20.7,37.39,29.15,13.67
1830,5.644984905269979,4,10.09,4.31,28.96,12.1,8.02,14.77,4.24,21.08,37.39,28.85,13.67
1831,5.644984905269979,4,10.05,4.27,28.81,12,8.21,14.71,4.2,20.89,37.13,27.69,13.61
1832,5.644984905269979,4,10.01,4.31,28.81,12,7.71,14.65,4.18,21.18,37.13,28.7,13.56
1833,5.644984905269979,4,10.05,4.31,28.81,12.05,8.28,14.71,4.2,21.08,37.13,28.7,13.61
1834,5.644984905269979,4,10.01,4.33,28.81,12,8.21,14.65,4.2,21.18,37.13,28.85,13.34
1835,5.644984905269979,4,10.05,4.27,28.96,12.05,8.78,14.71,4.24,21.28,37.13,28.7,13.56
1836,5.644984905269979,4,10.01,4.13,28.81,12,7.89,14.65,4.22,21.08,37.13,28.7,13.29
1837,5.644984905269979,4,10.05,4.13,28.81,12.1,8.41,14.71,4.24,21.47,37.13,28.55,13.72
1838,5.644984905269979,4,10.01,4.11,28.96,12.1,7.86,14.71,4.24,20.99,37.13,29.3,13.5
1839,5.644984905269979,4,10.05,4.11,28.81,12.1,8.64,14.71,4.24,20.99,37.13,29.15,13.78
1840,5.644984905269979,4,10.05,4.09,28.81,12.05,8.18,14.89,4.22,21.08,37.13,28.55,13.4
1841,5.644984905269979,4,10.05,4.09,28.81,12.05,8.18,14.83,4.22,21.08,37.13,29.46,13.61
1842,5.644984905269979,4,10.01,4.06,28.81,12,7.92,14.71,4.18,21.08,36.88,29.3,13.5
1843,5.644984905269979,4,10.01,4.06,28.81,12,7.95,14.89,4.22,21.08,37.13,29.15,13.5
1844,5.644984905269979,4,10.05,4.04,28.81,12,8.02,14.89,4.2,20.99,37.13,29.46,13.78
1845,5.644984905269979,4,10.05,4.02,28.81,12,7.99,14.89,4.2,20.7,37.13,28.85,12.77
1846,5.644984905269979,4,10.05,4.04,28.96,12,8.37,14.89,4.22,20.8,37.13,29.61,13.56
1847,5.644984905269979,4,10.05,4.06,28.96,12.05,8.54,14.89,4.24,20.8,37.13,29.61,13.56
1848,5.644984905269979,4,10.05,4.02,28.81,12,8.47,14.83,4.2,20.7,36.88,29,13.56
1849,5.644984905269979,4,10.05,4.02,28.81,12,8.47,14.83,4.2,20.7,36.88,29.15,13.56
1850,5.644984905269979,4,10.05,4.02,28.81,12,8.15,14.83,4.18,20.7,37.13,29.93,13.29
1851,5.644984905269979,4,10.09,4.02,28.81,12,7.99,14.59,4.2,21.87,36.88,29,13.72
1852,5.644984905269979,4,10.01,4,28.81,12,8.47,14.53,4.2,21.97,36.88,29.46,13.34
1853,5.644984905269979,4,10.01,4,28.81,12,7.92,14.53,4.2,21.87,36.88,28.55,13.72
1854,5.644984905269979,4,10.05,4.04,28.81,12.05,8.24,14.53,4.22,20.8,37.13,29.3,13.61
1855,5.644984905269979,4,10.05,4.04,28.81,12.05,7.95,14.53,4.22,20.89,37.13,29.3,13.56
1856,5.644984905269979,4,10.05,4.04,28.81,12.05,8.21,14.59,4.24,20.8,37.13,29.3,13.83
1857,5.644984905269979,4,9.97,3.96,28.67,11.95,8.37,14.42,4.16,23.92,36.88,27.83,13.61
1858,5.644984905269979,4,10.01,3.98,28.81,11.95,7.99,14.47,4.18,20.89,36.88,30.57,13.45
1859,5.644984905269979,4,10.05,3.98,28.81,12.05,8.15,14.59,4.22,20.8,37.13,27.69,13.72
1860,5.644984905269979,4,10.05,3.96,28.81,12.1,7.77,14.53,4.2,20.7,36.88,29,13.72
1861,5.65997489713184,4,9.82,3.98,28.81,12.05,7.83,14.59,4.22,20.8,37.13,28.55,13.61
1862,5.65997489713184,4,9.78,3.94,28.81,11.95,8.15,14.47,4.18,20.7,36.88,28.12,13.45
1863,5.65997489713184,4,9.89,3.98,28.81,12.05,8.47,14.59,4.22,20.8,37.13,28.55,13.4
1864,5.65997489713184,4,10.17,4,28.81,12.05,8.21,14.53,4.22,20.89,37.13,29.3,13.45
1865,5.65997489713184,4,10.09,3.98,28.81,12,7.99,14.47,4.2,20.7,37.13,27.83,13.4
1866,5.65997489713184,4,9.82,4,28.67,12.05,7.86,14.53,4.2,24.87,36.88,28.26,13.29
1867,5.65997489713184,4,10.13,4,28.81,12.05,7.86,14.53,4.22,25.11,36.88,29,13.5
1868,5.65997489713184,4,10.13,4.02,28.67,12.05,8.37,14.53,4.22,25.24,36.88,29,13.61
1869,5.65997489713184,4,10.09,4,28.81,12.05,7.8,14.47,4.2,20.8,36.88,29.3,13.4
1870,5.65997489713184,4,10.13,4.02,28.81,12.05,8.51,14.47,4.2,20.89,37.13,29.15,14.11
1871,5.65997489713184,4,10.13,4,28.81,12.05,7.77,14.42,4.2,20.89,37.39,29.77,13.72
1872,5.65997489713184,4,9.89,4.02,28.81,12.05,8.57,14.53,4.22,20.8,37.13,29.77,13.67
1873,5.65997489713184,4,9.89,4.02,28.81,12.05,8.34,14.53,4.22,20.8,37.13,29,13.72
1874,5.65997489713184,4,9.86,3.96,28.81,11.95,8.15,14.47,4.2,20.7,36.88,28.7,13.78
1875,5.65997489713184,4,10.13,3.94,28.81,12,7.89,14.47,4.18,20.61,36.88,29.3,13.61
1876,5.65997489713184,4,10.13,3.96,28.81,12,8.08,14.42,4.18,20.61,36.88,28.55,13.78
1877,5.65997489713184,4,10.09,3.98,28.81,12,8.34,14.42,4.2,20.52,36.88,29.15,13.78
1878,5.65997489713184,4,10.13,4,28.81,12.05,8.34,14.47,4.2,20.61,37.13,29.3,13.78
1879,5.65997489713184,4,10.13,4,28.81,12.05,8.24,14.47,4.2,20.7,36.88,29.15,13.5
1880,5.65997489713184,4,10.09,3.98,28.81,12,7.89,14.42,4.18,20.8,36.88,28.26,13.5
1881,5.65997489713184,4,10.09,4,28.81,12,8.37,14.36,4.2,20.7,37.13,27.97,13.78
1882,5.65997489713184,4,10.09,3.98,28.81,12,8.28,14.42,4.2,20.7,37.13,28.41,13.34
1883,5.65997489713184,4,10.09,3.96,28.81,12.05,8.15,14.47,4.2,20.8,37.13,27.69,13.67
1884,5.65997489713184,4,10.09,3.96,28.81,12.05,8.34,14.47,4.2,20.7,36.88,28.7,13.72
1885,5.65997489713184,4,10.09,3.98,28.81,12.05,8.21,14.47,4.22,20.7,37.39,29,13.72
1886,5.65997489713184,4,10.09,3.96,28.81,12.05,7.77,14.42,4.2,20.61,37.39,28.85,13.45
1887,5.65997489713184,4,10.05,3.96,28.81,12,8.41,14.36,4.2,21.87,37.39,28.55,13.78
1888,5.65997489713184,4,10.05,3.96,28.81,12.05,8.18,14.42,4.2,20.89,37.39,28.7,13.72
1889,5.65997489713184,4,10.01,3.94,28.67,12,7.95,14.36,4.18,20.8,37.39,28.55,13.45
1890,5.65997489713184,4,10.01,3.92,28.67,11.95,7.8,14.3,4.16,20.8,37.13,28.7,13.67
1891,5.65997489713184,4,10.09,3.98,28.67,12.05,7.74,14.42,4.22,21.18,37.39,28.85,13.78
1892,5.65997489713184,4,10.01,3.96,28.67,12,8.21,14.36,4.18,21.08,37.13,29.3,13.56
1893,5.65997489713184,4,10.01,3.94,28.67,12,7.8,14.3,4.18,20.7,37.13,28.85,13.4
1894,5.65997489713184,4,10.05,3.98,28.67,12,7.92,14.3,4.2,20.99,37.13,29,13.61
1895,5.65997489713184,4,10.05,3.98,28.67,12,8.15,14.59,4.18,24.99,36.88,29.46,13.5
1896,5.65997489713184,4,10.09,4.04,28.67,12.05,8.21,14.65,4.22,25.74,36.88,29.15,13.89
1897,5.65997489713184,4,10.05,4,28.52,12,8.24,14.53,4.2,25.74,36.88,28.41,13.61
1898,5.65997489713184,4,10.05,4,28.67,12.05,8.24,14.53,4.2,26,36.88,28.55,13.34
1899,5.65997489713184,4,10.01,3.98,28.67,11.95,7.68,14.24,4.18,25.87,36.88,29.93,13.56
1900,5.65997489713184,4,10.05,4,28.52,12,8.18,14.3,4.18,26,36.88,28.55,13.61
1901,5.65997489713184,4,10.05,4,28.67,12.05,7.86,14.3,4.2,25.49,37.13,29.15,13.72
1902,5.65997489713184,4,10.05,4.02,28.67,12.1,8.51,14.3,4.22,25.49,37.13,28.85,13.78
1903,5.65997489713184,4,10.05,3.98,28.67,12,8.24,14.24,4.2,25.49,36.62,29.15,13.61
1904,5.65997489713184,4,10.05,3.98,28.67,12.14,8.28,14.3,4.2,21.18,36.88,29.46,13.72
1905,5.65997489713184,4,10.01,3.94,28.67,11.95,7.74,14.24,4.18,21.08,36.88,28.85,13.67
1906,5.65997489713184,4,10.01,3.94,28.67,11.95,7.83,14.3,4.18,20.99,36.88,29.46,13.72
1907,5.65997489713184,4,9.89,3.98,28.81,12.05,7.55,14.3,4.2,21.18,37.13,29.15,13.61
1908,5.65997489713184,4,10.09,3.94,28.67,12,8.11,14.24,4.18,20.8,36.88,30.41,13.67
1909,5.65997489713184,4,10.09,3.94,28.81,12,7.92,14.3,4.2,20.89,37.92,29.46,13.78
1910,5.65997489713184,4,10.01,3.9,28.67,11.9,8.31,14.18,4.15,20.99,36.88,29,13.89
1911,5.65997489713184,4,10.09,3.92,28.67,11.95,8.02,14.24,4.18,20.8,36.88,28.41,13.89
1912,5.65997489713184,4,10.09,3.94,28.81,11.95,8.31,14.24,4.18,20.8,36.88,28.41,13.13
1913,5.65997489713184,4,10.05,3.92,28.67,11.95,8.18,14.24,4.18,20.61,36.88,28.7,13.67
1914,5.65997489713184,4,10.09,3.94,28.67,12,7.86,14.24,4.18,21.08,36.88,30.41,13.78
1915,5.65997489713184,4,10.09,3.94,28.67,12,8.08,14.24,4.18,21.28,36.88,29,13.67
1916,5.65997489713184,4,10.01,3.9,28.67,11.9,7.65,14.18,4.15,20.7,36.62,28.85,13.56
1917,5.65997489713184,4,10.09,3.94,28.67,11.95,7.86,14.18,4.18,20.8,36.88,30.09,13.34
1918,5.65997489713184,4,10.09,3.92,28.52,11.95,7.71,14.3,4.18,20.8,36.62,29,13.72
1919,5.65997489713184,4,10.01,3.92,28.52,11.9,8.34,14.13,4.15,20.7,36.62,28.41,13.4
1920,5.65997489713184,4,10.13,4,28.67,12,7.77,14.3,4.2,20.89,36.88,29.3,13.67
1921,5.683538089942097,4,10.09,3.94,28.67,11.9,8.11,14.18,4.16,20.7,36.62,28.7,13.67
1922,5.683538089942097,4,10.17,3.96,28.67,11.95,7.71,14.18,4.18,20.7,36.88,29.3,12.87
1923,5.683538089942097,4,10.13,3.96,28.67,11.95,7.77,14.18,4.18,20.7,37.13,28.85,14.23
1924,5.683538089942097,4,10.09,3.96,28.67,11.95,7.89,14.18,4.18,20.7,36.88,28.7,13.89
1925,5.683538089942097,4,10.09,3.98,28.67,12,7.86,14.24,4.2,20.8,37.13,29.46,13.72
1926,5.683538089942097,4,9.97,3.94,28.09,11.86,7.95,14.13,4.15,20.33,36.13,27.97,13.56
1927,5.683538089942097,4,10.01,3.92,28.09,11.9,7.58,14.01,4.16,20.33,36.13,27.97,13.56
1928,5.683538089942097,4,9.93,3.88,28.09,11.86,7.74,14.01,4.13,20.15,36.13,29.61,13.72
1929,5.683538089942097,4,10.01,3.92,28.23,11.9,8.15,14.07,4.16,20.42,36.13,28.55,13.4
1930,5.683538089942097,4,9.97,3.9,28.23,11.86,8.11,13.96,4.15,20.24,36.13,29,13.89
1931,5.683538089942097,4,9.97,3.88,28.37,11.81,7.62,14.01,4.13,20.15,36.62,28.7,13.45
1932,5.683538089942097,4,9.97,3.9,28.37,11.86,8.18,14.01,4.15,20.15,36.37,28.55,13.13
1933,5.683538089942097,4,10.01,3.9,28.67,11.9,7.99,14.13,4.16,20.61,36.62,28.55,13.67
1934,5.683538089942097,4,10.01,3.9,28.52,11.9,7.58,14.07,4.16,20.24,36.62,28.55,13.56
1935,5.683538089942097,4,10.01,3.88,28.52,11.86,8.18,14.07,4.15,20.33,36.62,28.85,13.13
1936,5.683538089942097,4,10.01,3.9,28.52,11.9,7.83,14.01,4.16,20.42,36.88,29.61,13.18
1937,5.683538089942097,4,10.05,3.9,28.52,11.95,8.24,14.07,4.18,20.42,36.88,29.46,13.45
1938,5.683538089942097,4,10.01,3.9,28.52,11.9,7.99,14.01,4.16,20.42,36.62,28.26,13.45
1939,5.683538089942097,4,10.09,3.98,28.67,12,8.08,14.13,4.2,20.7,36.88,29.3,13.56
1940,5.683538089942097,4,10.05,3.94,28.52,11.95,7.89,14.01,4.18,24.04,37.13,29.3,13.56
1941,5.683538089942097,4,10.05,3.92,28.37,11.9,8.28,13.96,4.16,20.8,36.62,29.15,13.34
1942,5.683538089942097,4,9.97,3.9,28.52,11.86,7.83,13.96,4.15,20.61,36.62,29,13.45
1943,5.683538089942097,4,9.93,3.88,28.52,11.86,7.71,13.96,4.15,20.7,36.62,28.7,13.4
1944,5.683538089942097,4,9.97,3.88,28.52,11.86,8.28,13.96,4.15,20.61,36.62,30.41,13.45
1945,5.683538089942097,4,10.05,3.92,28.52,11.9,8.54,14.01,4.18,20.7,36.62,28.41,13.61
1946,5.683538089942097,4,10.13,3.94,28.67,11.95,8.08,14.01,4.2,20.7,36.88,29.3,13.61
1947,5.683538089942097,4,10.37,3.9,28.67,11.86,7.77,13.96,4.16,20.61,36.62,29.46,13.45
1948,5.683538089942097,4,10.41,3.98,28.81,11.95,7.92,14.07,4.2,20.7,36.88,29.3,13.61
1949,5.683538089942097,4,10.49,3.98,28.67,11.95,7.95,14.18,4.2,20.61,36.88,29.3,13.34
1950,5.683538089942097,4,10.37,3.92,28.67,11.86,7.95,13.96,4.15,20.7,36.88,29.3,13.45
1951,5.683538089942097,4,10.37,3.96,28.67,11.9,7.95,14.07,4.18,20.61,36.88,29.15,13.34
1952,5.683538089942097,4,10.33,3.92,28.67,11.86,7.95,14.01,4.16,20.61,36.88,29.46,13.78
1953,5.683538089942097,4,10.33,3.9,28.67,11.86,7.86,14.01,4.15,20.61,36.88,29.46,13.72
1954,5.683538089942097,4,10.37,3.94,28.81,11.9,8.44,14.01,4.16,20.89,36.88,29.61,13.61
1955,5.683538089942097,4,10.41,3.98,28.81,11.95,8.51,14.01,4.2,20.89,36.88,29.15,13.61
1956,5.683538089942097,4,10.37,3.92,28.67,11.95,7.92,14.01,4.18,20.7,36.88,29.77,13.45
1957,5.683538089942097,4,10.33,3.9,28.67,11.86,8.24,14.01,4.16,20.52,36.62,29,13.61
1958,5.683538089942097,4,10.33,3.88,28.52,11.81,8.31,14.01,4.15,24.04,37.13,29.46,13.94
1959,5.683538089942097,4,10.33,3.88,28.52,11.81,7.89,14.01,4.13,20.61,36.62,28.85,13.61
1960,5.683538089942097,4,10.33,3.9,28.52,11.86,7.86,14.13,4.15,20.61,36.62,29.15,13.56
1961,5.683538089942097,4,10.33,3.88,28.52,11.86,8.02,14.3,4.15,20.61,36.62,29.15,13.56
1962,5.683538089942097,4,10.41,3.87,28.67,11.81,8.51,14.24,4.15,20.42,36.62,29.3,13.45
1963,5.683538089942097,4,10.33,3.88,28.67,11.81,8.68,14.24,4.15,20.42,36.62,29,13.5
1964,5.683538089942097,4,10.33,3.9,28.67,11.86,8.41,14.24,4.16,20.99,36.62,28.85,13.56
1965,5.683538089942097,4,10.29,3.94,28.67,11.86,8.08,14.18,4.16,20.8,36.62,28.26,13.5
1966,5.683538089942097,4,10.25,3.9,28.52,11.9,8.05,14.07,4.15,20.42,36.62,29.15,13.24
1967,5.683538089942097,4,10.25,3.94,28.52,11.86,8.37,14.13,4.15,20.52,36.62,29.46,13.61
1968,5.683538089942097,4,10.13,3.94,28.52,11.86,8.15,14.13,4.16,22.81,36.37,29,13.34
1969,5.683538089942097,4,10.25,3.96,28.67,11.9,8.21,14.01,4.16,23.25,36.62,28.55,13.72
1970,5.683538089942097,4,10.01,3.94,28.67,11.9,7.83,13.96,4.16,23.58,36.37,29.3,13.4
1971,5.683538089942097,4,10.33,3.96,28.67,11.95,8.51,13.96,4.2,23.58,36.62,29.46,13.34
1972,5.683538089942097,4,10.25,3.92,28.67,11.9,8.44,13.9,4.16,20.8,36.62,29.3,13.67
1973,5.683538089942097,4,10.25,3.9,28.67,11.86,7.99,13.96,4.16,20.61,36.62,29.15,13.4
1974,5.683538089942097,4,10.29,3.94,28.67,11.95,8.54,14.07,4.18,20.61,36.88,29.46,13.83
1975,5.683538089942097,4,10.21,3.88,28.67,11.86,7.8,13.9,4.15,20.33,36.62,29.15,13.5
1976,5.683538089942097,4,10.21,3.87,28.67,11.81,7.83,13.9,4.15,20.33,36.62,29.15,13.45
1977,5.683538089942097,4,10.25,3.9,28.81,11.9,8.34,13.96,4.16,20.7,36.88,28.41,13.72
1978,5.683538089942097,4,10.13,3.92,28.81,11.9,7.8,13.96,4.18,20.61,36.88,29.15,13.67
1979,5.683538089942097,4,10.21,4,28.96,11.95,8.11,14.01,4.22,20.7,36.88,29.15,13.61
1980,5.683538089942097,4,10.13,3.96,28.81,11.95,7.89,14.01,4.18,20.61,36.88,29.15,13.83
1981,5.723414046731876,4,10.01,3.9,28.67,11.81,8.31,13.9,4.13,21.37,36.62,28.7,12.77
1982,5.723414046731876,4,10.09,3.96,28.81,11.9,8.37,14.01,4.18,21.47,36.88,29.15,14
1983,5.723414046731876,4,10.05,3.94,28.67,11.86,8.02,13.96,4.16,23.92,36.62,28.55,13.72
1984,5.723414046731876,4,9.78,3.9,28.67,11.86,8.05,13.84,4.13,24.04,36.62,29,13.61
1985,5.723414046731876,4,9.97,3.94,28.67,11.86,8.47,13.9,4.15,24.27,37.39,28.85,13.83
1986,5.723414046731876,4,9.89,3.9,28.67,11.81,7.92,13.79,4.13,24.27,36.37,27.97,13.83
1987,5.723414046731876,4,10.13,3.96,28.81,11.9,7.92,13.9,4.18,24.27,36.62,29.3,13.83
1988,5.723414046731876,4,10.17,3.96,28.81,11.9,7.77,13.9,4.18,23.92,36.62,29.93,13.5
1989,5.723414046731876,4,10.13,3.96,28.81,11.95,8.28,13.84,4.18,23.25,36.37,29.15,13.78
1990,5.723414046731876,4,10.13,3.94,28.67,11.9,7.58,13.79,4.15,21.67,36.62,29,13.78
1991,5.723414046731876,4,10.17,3.98,28.81,11.9,7.99,13.84,4.18,21.57,36.62,29.3,13.72
1992,5.723414046731876,4,10.05,3.92,28.67,11.86,7.74,13.79,4.15,21.47,36.62,30.25,13.61
1993,5.723414046731876,4,10.05,3.92,28.67,11.86,7.92,13.79,4.15,21.37,37.39,29,13.45
1994,5.723414046731876,4,10.05,3.94,28.67,11.86,7.92,13.73,4.15,20.52,36.62,29,13.78
1995,5.723414046731876,4,10.09,3.96,28.81,11.9,8.02,13.79,4.18,21.77,36.62,28.7,13.5
1996,5.723414046731876,4,10.01,3.98,28.81,11.95,8.28,13.84,4.18,22.28,36.62,29.15,13.61
1997,5.723414046731876,4,10.01,3.96,28.81,11.9,7.92,13.79,4.16,20.52,36.62,29.3,13.89
1998,5.723414046731876,4,10.05,3.96,28.81,11.9,8.18,13.79,4.16,20.33,36.62,29.15,13.56
1999,5.723414046731876,4,10.13,3.98,28.81,11.95,8.44,13.9,4.2,20.24,36.62,29.3,13.83
2000,5.723414046731876,4,9.89,3.94,28.67,11.86,7.99,13.79,4.15,20.24,37.39,29.15,13.67
2001,5.723414046731876,4,9.89,3.96,28.81,11.9,8.37,13.79,4.16,19.97,37.39,29.3,13.5
2002,5.723414046731876,4,9.89,3.94,28.67,11.86,8.11,13.73,4.15,19.97,36.37,29.15,13.29
2003,5.723414046731876,4,9.89,3.92,28.67,11.81,7.92,13.68,4.15,20.33,36.37,29,13.67
2004,5.723414046731876,4,10.17,3.96,28.81,11.9,8.47,13.79,4.18,20.15,37.39,29,13.61
2005,5.723414046731876,4,10.17,3.96,28.81,11.9,7.92,13.79,4.18,19.79,36.37,29.15,13.78
2006,5.723414046731876,4,10.13,3.98,28.81,11.95,8.15,13.84,4.18,21.67,37.39,29.46,13.5
2007,5.723414046731876,4,10.17,3.96,28.67,11.9,8.21,13.79,4.16,19.97,37.13,31.23,13.72
2008,5.723414046731876,4,10.17,3.98,28.81,11.95,7.83,13.84,4.18,20.06,36.37,29,13.67
2009,5.723414046731876,4,10.17,3.98,28.81,11.9,8.11,13.79,4.18,20.33,37.13,29.3,13.4
2010,5.723414046731876,4,10.05,3.92,28.67,11.86,7.92,13.68,4.15,19.88,36.37,28.7,13.5
2011,5.723414046731876,4,10.13,3.96,28.81,11.9,8.24,13.73,4.16,19.97,37.39,29.3,13.4
2012,5.723414046731876,4,10.09,3.92,28.81,11.81,7.89,13.62,4.15,19.79,37.39,27.97,12.57
2013,5.723414046731876,4,10.13,3.96,28.81,11.9,8.18,13.68,4.18,20.33,37.13,29.61,13.61
2014,5.723414046731876,4,10.13,3.96,28.67,11.86,8.11,13.79,4.16,21.08,36.13,30.41,13.56
2015,5.723414046731876,4,10.09,3.94,28.67,11.86,8.34,13.79,4.16,20.33,36.13,29.15,13.56
2016,5.723414046731876,4,10.13,3.98,28.81,11.95,7.99,13.84,4.18,20.24,36.13,31.74,13.5
2017,5.723414046731876,4,10.17,4,28.81,11.95,8.02,13.79,4.2,19.79,36.13,29.46,13.67
2018,5.723414046731876,4,10.17,4,28.67,12,7.92,13.9,4.2,22.28,36.62,29.61,11.04
2019,5.723414046731876,4,10.13,3.94,28.67,11.9,7.95,13.68,4.16,20.15,36.13,29.3,13.45
2020,5.723414046731876,4,10.13,3.96,28.67,11.9,8.31,13.68,4.18,20.15,36.13,29.46,13.78
2021,5.723414046731876,4,10.13,3.98,28.67,11.86,8.51,13.68,4.18,19.88,36.37,29.46,11.04
2022,5.723414046731876,4,10.13,3.98,28.67,11.9,8.11,13.68,4.16,21.87,36.62,29.3,13.56
2023,5.723414046731876,4,10.21,4,28.67,11.95,8.24,13.73,4.2,22.81,36.62,31.57,13.61
2024,5.723414046731876,4,10.13,3.98,28.67,11.86,8.11,13.73,4.16,22.7,36.62,29,13.5
2025,5.723414046731876,4,10.17,4,28.67,11.95,8.31,13.68,4.18,22.81,36.62,29.61,13.56
2026,5.723414046731876,4,10.21,4.02,28.81,12,7.99,13.73,4.22,22.92,36.88,29.3,13.5
2027,5.723414046731876,4,10.13,3.98,28.67,11.95,7.95,13.68,4.18,22.92,36.62,29.46,13.34
2028,5.723414046731876,4,10.13,3.96,28.67,11.9,8.34,13.68,4.16,23.14,36.62,29.3,13.45
2029,5.723414046731876,4,10.09,3.98,28.67,11.9,8.05,13.68,4.18,23.14,36.62,29.61,13.29
2030,5.723414046731876,4,10.09,3.96,28.67,11.95,7.92,13.62,4.16,23.14,36.88,29.46,13.13
2031,5.723414046731876,4,10.13,4,28.67,11.95,8.51,13.68,4.18,23.03,37.65,29.46,13.56
2032,5.723414046731876,4,10.17,3.98,28.52,12.05,8.15,13.62,4.18,22.92,37.65,29.46,13.18
2033,5.723414046731876,4,10.13,4,28.37,11.9,8.11,13.62,4.18,23.03,36.13,28.85,9.51
2034,5.723414046731876,4,10.17,4.02,28.52,12,8.24,13.57,4.18,22.81,36.88,29.15,9.22
2035,5.723414046731876,4,10.13,3.94,28.67,11.95,8.41,13.51,4.15,19.44,37.13,29.3,13.56
2036,5.723414046731876,4,10.13,3.96,28.67,11.86,7.99,13.57,4.16,22.7,36.88,32.09,13.24
2037,5.723414046731876,4,10.09,3.96,28.67,11.9,7.8,13.57,4.15,22.7,37.13,29.3,13.45
2038,5.723414046731876,4,10.13,3.98,28.67,11.9,8.37,13.62,4.16,22.81,37.13,29.61,13.13
2039,5.723414046731876,4,10.09,3.96,28.52,11.86,8.11,13.57,4.15,22.92,37.13,29.46,13.45
2040,5.723414046731876,4,10.13,4,28.67,11.95,8.34,13.62,4.16,22.7,36.88,29.61,13.4
2041,5.731030382283858,4,10.13,3.98,28.81,12,8.41,13.57,4.16,21.08,37.13,29.3,13.45
2042,5.731030382283858,4,10.13,3.96,28.52,11.9,8.21,13.62,4.15,22.39,36.88,29.61,13.5
2043,5.731030382283858,4,10.13,3.96,28.52,11.86,7.89,13.51,4.15,22.81,36.88,29.3,13.56
2044,5.731030382283858,4,10.09,3.96,28.67,11.86,7.71,13.62,4.16,22.81,36.88,29.3,13.5
2045,5.731030382283858,4,10.17,4,28.67,11.9,7.92,13.68,4.16,22.92,36.88,29.61,13.56
2046,5.731030382283858,4,10.13,3.98,28.67,11.86,7.92,13.62,4.16,22.81,36.62,29,13.61
2047,5.731030382283858,4,10.13,4,28.67,11.95,8.28,13.73,4.16,22.92,37.39,29.77,13.45
2048,5.731030382283858,4,10.09,4,28.67,11.95,7.92,13.68,4.16,22.92,36.62,29.61,13.34
2049,5.731030382283858,4,10.13,4.04,28.67,12.05,7.89,13.79,4.2,22.39,36.88,29.77,13.67
2050,5.731030382283858,4,10.09,3.98,28.52,11.9,7.92,13.62,4.15,23.47,36.62,29.46,13.45
2051,5.731030382283858,4,10.05,3.94,28.52,11.86,8.41,13.57,4.13,23.58,36.37,29.3,13.78
2052,5.731030382283858,4,10.09,3.98,28.67,11.9,8.34,13.51,4.16,24.15,36.62,29.46,13.56
2053,5.731030382283858,4,10.17,4.04,28.81,12,8.21,13.62,4.22,23.92,36.88,30.41,13.5
2054,5.731030382283858,4,10.17,4.04,28.67,12,8.34,13.57,4.2,24.15,36.62,29.46,13.67
2055,5.731030382283858,4,10.13,4,28.67,11.95,8.28,13.51,4.18,23.92,36.62,29.61,13.61
2056,5.731030382283858,4,10.13,4,28.67,11.95,7.89,13.62,4.18,24.04,36.62,29,13.13
2057,5.731030382283858,4,10.09,4.02,28.67,11.95,8.08,13.62,4.18,24.04,37.13,29.93,13.5
2058,5.731030382283858,4,10.29,4.02,28.67,12,8.44,13.62,4.18,23.92,37.39,29.93,13.5
2059,5.731030382283858,4,10.17,4,28.52,11.95,8.02,13.51,4.16,24.27,37.13,30.25,13.5
2060,5.731030382283858,4,10.25,4,28.67,11.9,7.89,13.51,4.16,24.39,37.13,29.77,13.56
2061,5.731030382283858,4,10.21,3.98,28.52,11.86,7.95,13.51,4.15,24.39,37.13,29.46,13.78
2062,5.731030382283858,4,10.13,3.96,28.52,11.86,8.08,13.46,4.13,24.27,37.13,29.46,13.61
2063,5.731030382283858,4,10.21,4,28.67,11.9,8.41,13.51,4.16,24.39,37.39,29.77,13.4
2064,5.731030382283858,4,10.21,3.98,28.52,11.9,8.24,13.51,4.16,24.04,37.13,29.77,13.13
2065,5.731030382283858,4,10.21,3.98,28.37,11.9,7.89,13.51,4.16,24.27,37.13,28.26,13.18
2066,5.731030382283858,4,10.25,4,28.52,11.95,7.99,13.57,4.18,24.15,37.39,28.7,13.5
2067,5.731030382283858,4,10.29,4,28.52,11.95,8.02,13.51,4.18,23.92,37.39,29.61,13.45
2068,5.731030382283858,4,10.17,3.98,28.52,11.86,7.8,13.46,4.16,24.04,37.39,29.93,13.72
2069,5.731030382283858,4,10.21,4,28.52,11.9,8.21,13.46,4.16,24.04,37.39,29.77,13.5
2070,5.731030382283858,4,10.21,3.96,28.52,11.86,8.08,13.41,4.15,24.15,37.39,32.09,13.45
2071,5.731030382283858,4,10.17,3.98,28.37,11.86,7.89,13.41,4.15,24.63,37.13,29.77,13.4
2072,5.731030382283858,4,10.29,3.98,28.52,11.9,8.08,13.41,4.18,24.04,36.37,29.77,13.45
2073,5.731030382283858,4,10.29,4,28.52,11.9,7.99,13.46,4.16,24.39,36.62,29.77,13.56
2074,5.731030382283858,4,10.25,3.98,28.37,11.9,8.24,13.46,4.16,24.15,37.13,29.77,13.18
2075,5.731030382283858,4,10.21,3.98,28.52,11.86,8.05,13.35,4.15,24.15,36.88,29.61,13.45
2076,5.731030382283858,4,9.86,3.98,28.52,11.86,7.74,13.41,4.15,24.15,36.37,29.3,13.61
2077,5.731030382283858,4,9.82,4,28.52,11.95,7.68,13.41,4.16,25.11,37.13,29.61,13.34
2078,5.731030382283858,4,10.09,3.98,28.52,11.86,7.99,13.41,4.15,25.24,36.88,29.61,13.5
2079,5.731030382283858,4,10.13,4,28.52,11.9,8.24,13.41,4.16,25.24,37.13,29.46,13.45
2080,5.731030382283858,4,10.17,4.04,28.52,11.9,8.08,13.46,4.18,25.36,37.13,30.73,13.4
2081,5.731030382283858,4,10.21,4.02,28.52,11.95,8.41,13.46,4.18,25.49,36.88,29.46,13.4
2082,5.731030382283858,4,10.29,4.02,28.37,11.95,8.02,13.46,4.18,25.49,36.88,29.77,13.34
2083,5.731030382283858,4,10.25,4.02,28.37,11.95,8.24,13.41,4.16,25.36,36.88,29.61,13.78
2084,5.731030382283858,4,10.25,4.02,28.37,11.9,7.86,13.35,4.16,25.49,36.88,29.61,13.34
2085,5.731030382283858,4,10.37,3.96,28.37,11.81,7.8,13.3,4.13,25.61,36.62,29.15,13.29
2086,5.731030382283858,4,9.7,3.98,28.37,11.86,8.15,13.3,4.15,25.61,36.88,29.46,13.56
2087,5.731030382283858,4,9.86,4,28.52,11.9,7.65,13.41,4.18,25.61,37.13,29.61,13.61
2088,5.731030382283858,4,9.74,4,28.37,11.95,7.8,13.35,4.16,25.74,36.88,29.3,13.45
2089,5.731030382283858,4,9.89,3.98,28.37,11.86,7.89,13.35,4.15,25.74,36.88,29.46,13.4
2090,5.731030382283858,4,9.78,4,28.37,11.86,7.71,13.35,4.15,25.87,36.88,29.77,13.5
2091,5.731030382283858,4,9.86,4,28.37,11.9,7.99,13.41,4.16,25.87,36.37,29.46,13.5
2092,5.731030382283858,4,9.78,4,28.37,11.86,7.71,13.35,4.15,25.74,36.88,29.46,13.67
2093,5.731030382283858,4,9.74,4,28.37,11.86,7.52,13.3,4.15,25.74,36.88,30.09,13.94
2094,5.731030382283858,4,9.82,4.04,28.52,11.9,7.62,13.35,4.16,25.74,36.88,29.77,13.67
2095,5.731030382283858,4,9.55,4,28.52,11.86,7.65,13.41,4.16,25.74,36.88,28.12,13.56
2096,5.731030382283858,4,9.86,4.02,28.52,11.9,7.8,13.46,4.16,25.74,36.88,30.41,13.56
2097,5.731030382283858,4,9.37,4.04,28.52,11.9,7.55,13.46,4.16,25.87,37.13,30.09,13.4
2098,5.731030382283858,4,9.4,4.02,28.52,11.9,7.95,13.41,4.16,25.87,37.13,29.77,13.18
2099,5.731030382283858,4,9.26,4,28.52,11.86,7.77,13.3,4.15,25.87,36.88,28.55,13.5
2100,5.731030382283858,4,9.04,4,28.52,11.86,7.83,13.3,4.15,25.87,36.88,29.77,13.61
2101,5.746957728968659,4,9.44,4.02,28.52,11.9,8.18,13.41,4.16,25.87,36.37,29.77,13.29
2102,5.746957728968659,4,9.15,4,28.52,11.81,7.89,13.3,4.15,25.87,36.13,29.93,13.24
2103,5.746957728968659,4,9.01,4,28.52,11.86,7.68,13.35,4.15,25.87,36.13,31.06,13.34
2104,5.746957728968659,4,9.04,3.98,28.52,11.81,7.71,13.3,4.15,25.87,36.13,29.77,13.29
2105,5.746957728968659,4,9.11,4,28.52,11.86,7.65,13.35,4.16,25.87,36.13,29.46,12.98
2106,5.746957728968659,4,9.29,4.02,28.52,11.86,7.41,13.41,4.16,25.87,36.13,29.93,13.72
2107,5.746957728968659,4,9.04,4,28.52,11.86,7.52,13.35,4.16,26,36.88,28.7,13.61
2108,5.746957728968659,4,8.8,4.02,28.52,11.9,7.11,13.35,4.15,26,36.13,30.9,13.61
2109,5.746957728968659,4,10.01,4,28.37,11.86,7.8,13.3,4.15,25.87,36.62,29.93,13.13
2110,5.746957728968659,4,10.01,4.02,28.37,11.86,7.86,13.3,4.16,25.74,36.62,29.93,13.61
2111,5.746957728968659,4,9.97,3.98,28.37,11.76,8.15,13.3,4.13,25.74,36.37,29.77,13.18
2112,5.746957728968659,4,9.97,3.98,28.37,11.86,7.77,13.3,4.13,25.61,35.64,28.41,13.34
2113,5.746957728968659,4,10.05,4.02,28.52,11.9,8.41,13.35,4.16,25.74,36.62,29.93,13.29
2114,5.746957728968659,4,9.97,3.98,28.37,11.86,7.8,13.25,4.15,25.74,36.37,28.85,13.4
2115,5.746957728968659,4,9.97,3.98,28.37,11.86,8.05,13.3,4.15,25.61,36.37,29.61,13.5
2116,5.746957728968659,4,9.93,3.98,28.37,11.86,8.28,13.19,4.15,25.61,36.13,30.09,13.5
2117,5.746957728968659,4,10.05,4,28.52,11.9,8.41,13.3,4.16,25.61,35.64,29.93,13.56
2118,5.746957728968659,4,10.01,4,28.37,11.86,8.47,13.3,4.15,25.74,35.64,29.93,13.61
2119,5.746957728968659,4,9.97,3.98,28.37,11.81,7.92,13.19,4.13,25.74,35.4,29.93,13.5
2120,5.746957728968659,4,10.01,4,28.37,11.86,7.77,13.25,4.15,26,35.4,29.77,13.29
2121,5.746957728968659,4,10.01,4,28.37,11.86,7.86,13.25,4.15,25.74,35.16,30.57,13.72
2122,5.746957728968659,4,10.01,4.04,28.37,11.9,7.95,13.3,4.16,25.87,35.4,29.93,13.24
2123,5.746957728968659,4,10.01,4.06,28.37,11.95,7.95,13.25,4.16,26,34.93,30.09,13.45
2124,5.746957728968659,4,10.01,4.02,28.37,11.86,8.37,13.19,4.15,25.87,34.7,29.61,13.5
2125,5.746957728968659,4,9.82,4.04,28.37,11.9,7.83,13.25,4.16,25.87,34.7,29.77,13.13
2126,5.746957728968659,4,9.63,3.96,28.23,11.76,7.95,13.14,4.11,25.74,34.47,29.61,13.24
2127,5.746957728968659,4,9.08,3.98,28.37,11.76,7.58,13.19,4.11,26.13,34.7,30.9,13.4
2128,5.746957728968659,4,9.04,4,28.37,11.81,7.83,13.25,4.13,25.87,34.7,29.46,13.61
2129,5.746957728968659,4,9.04,3.98,28.37,11.81,7.77,13.25,4.13,25.74,34.7,29.46,14
2130,5.746957728968659,4,9.01,3.98,28.23,11.81,7.86,13.25,4.11,25.74,35.4,29.61,14.4
2131,5.746957728968659,4,8.97,4.02,28.37,11.86,7.68,13.3,4.16,25.87,34.25,29.46,14.23
2132,5.746957728968659,4,8.9,4.02,28.23,11.86,7.83,13.19,4.15,25.87,34.25,29.77,13.94
2133,5.746957728968659,4,10.17,4,28.23,11.86,7.89,13.19,4.15,25.74,33.8,29.3,13.89
2134,5.746957728968659,4,10.29,4.06,28.09,11.9,8.11,13.19,4.18,25.87,34.7,29.93,13.78
2135,5.746957728968659,4,10.29,4,27.95,11.86,8.24,13.14,4.13,25.61,33.36,29.77,13.61
2136,5.746957728968659,4,10.29,4,27.95,11.81,7.92,13.14,4.13,25.61,34.25,29.3,13.61
2137,5.746957728968659,4,10.29,4.04,28.09,11.9,7.92,13.19,4.16,26.13,33.36,29.77,13.67
2138,5.746957728968659,4,10.25,3.98,27.81,11.76,7.89,13.04,4.11,25.49,32.94,29.15,13.45
2139,5.746957728968659,4,10.21,4,27.95,11.81,7.89,13.04,4.13,25.61,32.94,29.61,13.5
2140,5.746957728968659,4,10.13,4,27.81,11.81,7.8,12.98,4.11,25.49,33.8,29.46,13.5
2141,5.746957728968659,4,10.17,4.02,27.81,11.81,8.11,13.09,4.15,25.74,32.73,29.61,13.45
2142,5.746957728968659,4,10.25,4.04,27.95,11.86,8.54,13.09,4.15,25.61,33.36,29.46,13.89
2143,5.746957728968659,4,10.29,4.02,27.81,11.81,8.21,13.04,4.13,25.61,34.25,29.61,13.83
2144,5.746957728968659,4,10.33,4.04,28.09,11.9,8.24,13.09,4.15,25.74,35.4,30.41,13.24
2145,5.746957728968659,4,10.29,4,28.09,11.81,8.47,13.09,4.13,25.61,36.37,29.77,13.61
2146,5.746957728968659,4,10.29,4,27.95,11.81,8.28,13.04,4.11,25.74,36.13,29,13.45
2147,5.746957728968659,4,10.29,4.02,28.09,11.86,8.21,13.09,4.13,25.74,34.47,29.93,13.34
2148,5.746957728968659,4,10.25,4,27.67,11.9,8.47,12.98,4.11,25.49,31.71,29.61,13.29
2149,5.746957728968659,4,10.25,4,27.81,11.81,8.31,12.98,4.13,25.49,35.16,29.93,13.34
2150,5.746957728968659,4,10.33,4.06,27.81,11.9,8.34,13.09,4.16,25.74,34.47,29.77,13.29
2151,5.746957728968659,4,10.17,4,27.39,11.72,8.34,12.93,4.11,25.11,31.91,29.93,13.18
2152,5.746957728968659,4,10.29,4.04,27.95,11.9,7.92,13.09,4.16,25.49,32.73,29.77,13.61
2153,5.746957728968659,4,10.17,3.98,27.53,11.76,8.18,12.88,4.09,25.11,32.11,29.3,13.24
2154,5.746957728968659,4,10.29,4.02,27.95,11.86,8.28,13.04,4.15,25.61,34.7,29.46,13.24
2155,5.746957728968659,4,10.17,3.96,27.53,11.72,7.89,12.88,4.07,25.11,33.58,29.3,13.4
2156,5.746957728968659,4,9.82,3.98,27.67,11.72,8.08,12.88,4.09,25.24,33.8,29.77,13.08
2157,5.746957728968659,4,10.13,4,27.95,11.81,7.99,12.93,4.11,25.49,34.25,29.61,13.24
2158,5.746957728968659,4,10.25,4.06,28.09,11.9,8.15,13.04,4.16,25.74,34.47,29.93,13.4
2159,5.746957728968659,4,9.82,4,27.95,11.81,7.71,12.98,4.11,25.49,34.47,29.61,13.18
2160,5.746957728968659,4,9.78,4,28.09,11.81,8.21,12.98,4.11,25.49,35.4,29.77,13.4
2161,5.75803314653214,4,10.05,4.02,28.09,11.86,8.28,13.04,4.15,25.49,35.64,29.77,13.5
2162,5.75803314653214,4,8.97,3.98,27.95,11.76,7.26,12.98,4.11,25.49,35.64,29.61,13.56
2163,5.75803314653214,4,8.97,3.96,27.95,11.76,7.35,12.93,4.09,25.61,35.64,29.61,13.61
2164,5.75803314653214,4,9.08,3.98,27.95,11.76,7.43,12.93,4.11,25.61,36.37,31.92,13.45
2165,5.75803314653214,4,9.01,3.98,28.09,11.76,7.95,12.98,4.11,25.49,36.13,29.61,13.56
2166,5.75803314653214,4,9.01,4,28.23,11.76,7.8,12.93,4.13,25.74,36.13,30.09,13.29
2167,5.75803314653214,4,9.04,4,28.23,11.81,7.83,12.98,4.13,25.61,28.6,29.77,13.45
2168,5.75803314653214,4,8.83,4,28.09,11.9,7.35,12.98,4.13,25.74,31.12,29.77,13.61
2169,5.75803314653214,4,8.9,4.02,28.23,11.86,7.35,13.04,4.15,25.74,30.18,29.46,13.5
2170,5.75803314653214,4,9.48,4.02,28.23,11.9,7.62,13.04,4.15,25.74,29.64,30.73,13.67
2171,5.75803314653214,4,9.4,4,28.23,11.86,7.71,12.98,4.15,25.74,28.77,32.09,13.08
2172,5.75803314653214,4,9.4,4,28.23,11.86,7.46,12.98,4.13,25.87,28.6,29.77,13.56
2173,5.75803314653214,4,9.08,3.98,28.37,11.81,7.62,12.98,4.13,25.87,29.29,29.61,11.94
2174,5.75803314653214,4,9.04,3.96,28.23,11.76,7.23,12.93,4.11,25.87,29.29,29.61,13.56
2175,5.75803314653214,4,9.08,4,28.37,11.81,7.71,13.04,4.15,25.87,28.77,30.09,13.61
2176,5.75803314653214,4,9.08,3.98,28.23,11.81,7.55,12.98,4.13,25.74,31.91,29.77,13.56
2177,5.75803314653214,4,9.04,4,28.23,11.81,7.35,13.04,4.13,25.61,30.18,29.46,13.61
2178,5.75803314653214,4,9.11,4.02,28.37,11.81,7.86,13.04,4.13,25.87,29.64,29.93,13.45
2179,5.75803314653214,4,9.08,4,28.37,11.86,7.55,12.98,4.13,25.87,29.11,28.85,13.72
2180,5.75803314653214,4,9.04,4,28.37,11.81,7.52,12.98,4.13,25.87,28.77,30.41,13.56
2181,5.75803314653214,4,9.04,4.02,28.37,11.81,7.46,12.98,4.15,25.87,28.43,29.93,13.4
2182,5.75803314653214,4,9.08,4,28.52,11.81,7.92,13.04,4.15,26,28.27,30.09,13.45
2183,5.75803314653214,4,9.04,4,28.52,11.81,7.41,12.98,4.13,25.87,28.94,29.77,13.29
2184,5.75803314653214,4,9.08,4.04,28.67,11.86,7.86,13.04,4.16,26,30.74,29.61,13.5
2185,5.75803314653214,4,8.97,3.98,28.37,11.76,7.38,12.93,4.13,25.74,30.37,29.93,13.4
2186,5.75803314653214,4,9.01,4.02,28.37,11.86,7.8,12.98,4.15,25.87,30,30.09,13.34
2187,5.75803314653214,4,8.87,3.98,28.37,11.81,7.29,12.93,4.13,25.87,30.37,29.93,13.45
2188,5.75803314653214,4,8.94,4.02,28.37,11.86,7.29,12.98,4.15,25.74,32.94,30.09,13.5
2189,5.75803314653214,4,8.94,4,28.37,11.81,7.8,12.93,4.13,26.13,32.11,30.09,13.45
2190,5.75803314653214,4,8.9,3.94,28.09,11.67,7.23,12.83,4.09,25.61,31.32,29.61,13.45
2191,5.75803314653214,4,8.87,3.94,28.09,11.67,7.86,12.83,4.07,25.49,30.93,29.61,13.61
2192,5.75803314653214,4,8.87,3.96,28.23,11.72,7.41,12.88,4.11,25.61,30.93,30.41,13.56
2193,5.75803314653214,4,8.76,3.96,28.09,11.67,7.43,12.83,4.07,25.61,30.74,29.77,13.45
2194,5.75803314653214,4,8.76,3.96,28.23,11.67,7.71,12.88,4.09,25.61,30.74,29.77,13.61
2195,5.75803314653214,4,8.9,4,28.23,11.76,7.35,12.88,4.13,25.74,30.74,29.93,13.4
2196,5.75803314653214,4,8.94,4.04,28.37,11.86,7.8,12.93,4.15,25.87,30.74,30.25,13.45
2197,5.75803314653214,4,8.8,4.02,28.23,11.81,7.46,12.93,4.13,25.87,30.55,29.93,13.4
2198,5.75803314653214,4,8.76,4.02,28.23,11.81,7.32,12.93,4.13,25.74,30.37,29.93,13.24
2199,5.75803314653214,4,8.46,3.98,28.23,11.72,7.09,12.83,4.11,25.61,30,29.46,13.4
2200,5.75803314653214,4,8.36,3.96,28.23,11.76,7.06,12.88,4.11,25.61,30,29.3,13.4
2201,5.75803314653214,4,8.87,3.96,28.09,11.76,7.49,12.83,4.09,25.61,29.82,28.7,13.29
2202,5.75803314653214,4,8.9,4,28.09,11.81,7.35,12.93,4.13,25.74,29.64,29.93,9.97
2203,5.75803314653214,4,9.08,3.96,28.23,11.76,7.29,12.88,4.11,25.74,30,29.61,13.4
2204,5.75803314653214,4,9.04,3.98,28.23,11.76,7.86,12.88,4.11,25.74,29.82,29.93,13.4
2205,5.75803314653214,4,9.08,3.98,28.23,11.76,7.32,12.88,4.11,25.87,29.64,29.15,13.72
2206,5.75803314653214,4,9.15,4.02,28.37,11.81,7.46,12.93,4.15,25.87,29.64,30.25,13.78
2207,5.75803314653214,4,9.11,4.02,28.23,11.81,7.92,12.93,4.15,26.26,29.46,30.09,13.45
2208,5.75803314653214,4,9.11,4.02,28.37,11.86,7.2,12.98,4.15,25.87,29.46,30.25,13.61
2209,5.75803314653214,4,9.08,3.98,28.23,11.81,7.71,12.93,4.11,25.74,29.29,30.09,13.29
2210,5.75803314653214,4,9.08,4.02,28.23,11.81,7.99,12.93,4.15,25.87,29.29,30.25,12.67
2211,5.75803314653214,4,9.18,4.06,28.23,11.86,7.99,12.93,4.16,26.26,29.11,29.93,13.83
2212,5.75803314653214,4,9.11,4,28.23,11.81,8.02,12.88,4.13,25.74,28.94,29.93,13.56
2213,5.75803314653214,4,9.01,3.94,28.09,11.76,7.86,12.83,4.09,25.74,28.6,29.61,13.4
2214,5.75803314653214,4,8.97,3.98,28.23,11.76,7.71,12.88,4.11,25.87,28.6,29.93,13.5
2215,5.75803314653214,4,8.97,3.96,28.37,11.72,7.86,12.83,4.11,26,28.43,29.77,13.45
2216,5.75803314653214,4,8.97,3.98,28.23,11.76,8.02,12.83,4.11,25.87,31.12,29.93,13.08
2217,5.75803314653214,4,9.04,4.02,28.37,11.86,7.8,12.98,4.15,26,29.64,29.93,13.5
2218,5.75803314653214,4,8.97,4.04,28.37,11.86,7.49,12.98,4.15,26,29.11,29.77,13.4
2219,5.75803314653214,4,9.01,4,28.37,11.81,7.92,12.88,4.13,26,29.11,30.09,13.4
2220,5.75803314653214,4,8.94,3.96,28.23,11.72,7.35,12.83,4.09,26,28.6,29.77,13.18
