Minute,TVC,Label,MQ135,MQ136,MQ137,MQ138,MQ2,MQ3,MQ4,MQ5,MQ6,MQ8,MQ9
1,1.87589,1,13.03,25.42,3.56,24.9,8.08,18.05,9.19,7.93,9.54,43.22,17.27
2,1.87589,1,16.48,25.17,3.57,25.03,8.54,19.69,9.34,7.86,9.31,42.11,17.34
3,1.87589,1,12.98,25.3,3.56,25.16,8.08,19.77,9.34,8.54,9.35,43.5,17.27
4,1.87589,1,12.87,25.42,3.5,25.16,7.58,17.97,9.34,8.15,9.31,42.11,17.05
5,1.87589,1,12.98,25.42,3.54,25.28,7.46,19.86,9.45,7.86,9.28,43.22,17.86
6,1.87589,1,15.69,25.42,3.54,24.9,8.68,20.13,9.37,7.8,9.2,42.38,17.56
7,1.87589,1,12.92,25.42,3.52,25.03,7.49,20.13,9.34,7.83,9.2,43.78,17.71
8,1.87589,1,13.03,25.17,3.52,25.28,7.58,19.77,9.37,7.71,9.24,43.78,17.79
9,1.87589,1,13.03,25.3,3.54,25.16,7.99,18.36,9.26,8.11,9.43,43.22,17.63
10,1.87589,1,12.98,25.17,3.54,25.16,7.46,18.05,9.67,8.02,9.28,43.5,17.63
11,1.87589,1,12.92,25.05,3.54,25.03,7.77,20.31,9.37,7.56,9.28,47.81,17.41
12,1.87589,1,13.03,25.05,3.56,25.03,7.71,20.04,9.37,7.89,9.28,43.5,17.41
13,1.87589,1,12.98,24.93,3.56,24.9,7.86,20.13,9.34,7.68,9.28,45.26,17.71
14,1.87589,1,12.98,24.93,3.57,24.78,7.62,19.95,9.34,7.71,9.28,43.78,17.63
15,1.87589,1,11.57,24.93,3.56,24.66,7.41,20.04,9.6,7.68,9.24,43.5,17.49
16,1.87589,1,10.49,24.82,3.56,24.53,6.7,17.82,9.3,7.8,9.31,43.5,17.49
17,1.87589,1,10.49,24.7,3.56,24.53,7.14,19.51,9.3,7.77,9.31,43.5,17.41
18,1.87589,1,10.49,24.82,3.57,24.66,6.72,19.34,9.3,7.77,9.54,41.32,17.41
19,1.87589,1,10.49,24.7,3.57,24.66,7.06,19.26,9.19,7.77,9.35,43.5,17.56
20,1.87589,1,10.49,24.7,3.59,24.53,6.72,19.34,9.3,7.74,9.35,42.66,17.41
21,1.87589,1,10.49,24.58,3.57,24.41,6.67,19.01,9.26,7.89,9.28,43.78,17.34
22,1.87589,1,10.53,24.58,3.65,24.53,6.75,19.09,9.3,7.89,9.35,43.78,17.34
23,1.87589,1,10.53,24.46,3.61,24.41,6.89,19.43,9.26,7.8,9.35,44.37,17.41
24,1.87589,1,10.53,24.35,3.63,24.29,6.86,19.34,9.26,7.77,9.35,44.66,17.41
25,1.87589,1,10.57,24.46,3.67,24.41,6.67,19.26,9.37,7.8,9.35,43.22,17.49
26,1.87589,1,10.53,24.23,3.63,24.05,6.67,19.01,9.26,7.89,9.39,43.5,17.49
27,1.87589,1,10.57,24,3.65,24.17,6.75,19.01,9.3,7.83,9.35,43.78,17.56
28,1.87589,1,10.57,23.89,3.67,24.05,6.81,18.84,9.3,7.93,9.39,44.07,17.41
29,1.87589,1,10.53,23.78,3.67,23.94,6.78,17.22,9.48,7.86,9.39,43.5,17.34
30,1.87589,1,10.53,23.78,3.67,23.94,6.59,17.37,9.26,7.96,9.39,43.5,17.49
31,1.87589,1,10.53,23.67,3.67,23.82,6.89,17.59,9.26,8.05,9.43,42.66,17.41
32,1.87589,1,10.53,23.67,3.7,23.82,6.75,17.74,9.3,7.86,9.46,44.96,17.94
33,1.87589,1,10.53,23.56,3.7,23.82,7.26,17.37,9.3,7.89,9.43,43.22,17.41
34,1.87589,1,10.53,23.45,3.72,23.7,7.32,17.08,9.3,8.24,9.77,43.22,17.49
35,1.87589,1,10.53,23.23,3.72,23.59,6.78,17.74,9.26,7.74,9.43,42.38,17.41
36,1.87589,1,10.49,23.12,3.74,23.59,6.89,17.59,9.3,7.86,9.43,43.22,17.79
37,1.87589,1,10.49,23.01,3.76,23.36,6.97,17.67,9.3,7.99,9.43,43.22,17.63
38,1.87589,1,10.45,22.91,3.76,23.47,7.03,17.44,9.26,8.41,9.39,44.07,17.05
39,1.87589,1,10.53,22.8,3.78,23.36,6.89,17.22,9.23,8.11,9.35,43.22,17.27
40,1.87589,1,10.49,22.59,3.79,23.24,7.14,18.68,9.34,8.02,9.43,43.22,17.27
41,1.87589,1,10.53,22.7,3.83,23.36,7.41,18.76,9.37,8.08,9.43,43.5,17.49
42,1.87589,1,10.57,22.59,3.87,23.7,6.86,18.68,9.41,7.99,9.46,43.5,17.34
43,1.87589,1,10.53,22.39,3.85,23.24,6.78,17.52,9.37,7.96,9.43,43.5,17.34
44,1.87589,1,10.57,22.28,3.85,23.13,7.11,17.67,9.37,7.99,9.43,44.66,17.41
45,1.87589,1,10.49,22.08,3.87,23.02,6.83,18.84,9.41,8.28,9.46,44.07,17.41
46,1.87589,1,10.53,21.98,3.89,23.13,6.83,18.68,9.41,8.41,9.46,43.78,17.56
47,1.87589,1,10.53,21.88,3.89,22.91,7.26,17.15,9.37,7.96,9.46,43.78,17.49
48,1.87589,1,10.53,21.78,3.92,22.91,6.45,18.36,9.26,7.83,9.46,43.5,17.56
49,1.87589,1,10.53,21.59,4,22.91,6.83,18.84,9.37,8.02,9.46,43.78,17.41
50,1.87589,1,10.45,21.39,3.94,22.8,6.94,17.52,9.26,8.11,9.5,44.96,17.34
51,1.87589,1,10.49,21.29,3.92,22.58,6.78,19.01,9.3,8.08,9.5,44.07,17.27
52,1.87589,1,10.49,21.2,3.94,22.58,6.86,19.01,9.34,8.24,9.58,42.94,17.34
53,1.87589,1,10.49,21.1,3.96,22.58,7.23,18.93,9.34,8.41,9.46,43.78,17.19
54,1.87589,1,10.57,20.92,3.96,22.47,7.23,18.76,9.34,8.18,9.5,43.5,16.98
55,1.87589,1,10.53,20.73,3.96,22.37,7.29,18.68,9.3,8.34,9.5,42.38,16.77
56,1.87589,1,10.53,20.64,3.98,22.37,7.03,18.6,9.3,8.28,9.54,46.51,17.49
57,1.87589,1,10.53,20.46,3.98,22.37,7.2,18.44,9.34,8.37,9.58,43.5,17.41
58,1.87589,1,10.49,20.27,4,22.26,7.26,17.08,9.26,8.47,9.65,41.84,17.34
59,1.87589,1,10.49,20.19,4.02,22.26,7.52,17.52,9.26,8.64,9.58,44.37,16.7
60,1.87589,1,10.49,20.01,4.04,22.05,7.26,17.22,9.3,8.37,9.58,43.78,17.19
61,2.14988,1,10.49,19.92,4.06,22.15,7.41,17.37,9.3,8.47,9.69,44.07,17.49
62,2.14988,1,10.49,19.75,4.04,22.05,7.29,17.52,9.34,8.57,9.69,42.94,17.34
63,2.14988,1,10.49,19.57,4.08,22.05,7.17,17.37,9.3,8.51,9.73,43.5,16.84
64,2.14988,1,10.45,19.4,4.08,21.94,7.17,17.08,9.3,8.78,9.65,43.5,17.41
65,2.14988,1,10.45,19.32,4.08,21.84,7.41,17.3,9.3,8.44,9.65,44.66,17.34
66,2.14988,1,11.13,19.24,4.12,21.84,7.46,18.28,9.41,8.51,9.69,44.07,17.41
67,2.14988,1,10.45,19.07,4.12,21.74,7.14,17.08,9.3,8.47,9.73,44.07,17.27
68,2.14988,1,10.78,18.99,4.16,21.84,7.2,18.13,9.3,8.74,9.73,45.26,17.41
69,2.14988,1,10.45,18.9,4.14,21.74,7.32,16.79,9.3,8.54,9.69,42.94,17.41
70,2.14988,1,10.45,18.66,4.16,21.64,7.11,17.74,9.3,9.02,9.81,43.78,17.56
71,2.14988,1,10.41,18.5,4.16,21.64,7.32,17.82,9.26,9.02,9.77,42.11,17.63
72,2.14988,1,10.45,18.42,4.17,21.53,6.83,17.67,9.3,8.57,9.81,44.07,17.49
73,2.14988,1,10.45,18.34,4.19,21.53,6.94,18.93,9.3,8.88,9.81,42.11,17.49
74,2.14988,1,10.45,18.11,4.19,21.33,7.11,18.6,9.3,8.54,9.96,43.5,17.41
75,2.14988,1,10.45,18.03,4.19,21.43,7.03,18.68,9.26,8.71,9.81,43.22,17.27
76,2.14988,1,10.45,17.88,4.21,21.33,7.2,18.76,9.23,8.81,9.81,49.52,17.27
77,2.14988,1,10.41,17.73,4.25,21.23,7.38,18.6,9.26,8.64,9.85,44.37,17.34
78,2.14988,1,10.45,17.65,4.21,21.53,6.94,18.44,9.26,8.67,9.88,44.07,17.27
79,2.14988,1,10.41,17.5,4.23,21.14,7.32,18.13,9.26,8.85,9.88,43.78,17.49
80,2.14988,1,10.45,17.43,4.25,21.14,7.11,18.93,9.26,9.27,9.81,45.26,17.41
81,2.14988,1,10.41,17.21,4.23,21.04,7.35,19.01,9.26,8.61,9.92,43.78,17.41
82,2.14988,1,10.41,17.07,4.27,20.94,7,18.6,9.19,8.57,10.04,43.5,17.41
83,2.14988,1,10.45,16.92,4.29,20.94,7.29,17.97,9.26,8.74,9.92,43.5,17.41
84,2.14988,1,10.45,16.92,4.31,20.94,7.58,18.84,9.3,9.09,9.92,43.78,17.49
85,2.14988,1,10.45,16.71,4.33,20.94,6.97,18.52,9.37,8.85,9.96,43.78,17.41
86,2.14988,1,10.45,16.64,4.35,20.84,7.43,18.68,9.41,8.64,9.96,43.22,17.41
87,2.14988,1,10.45,16.51,4.33,20.84,7.41,18.52,9.3,8.81,10,42.94,17.34
88,2.14988,1,10.49,16.37,4.37,20.84,7.17,18.44,9.34,8.64,10,45.26,17.41
89,2.14988,1,10.45,16.17,4.37,20.75,7.26,18.36,9.34,8.81,10,43.78,17.05
90,2.14988,1,10.45,16.03,4.39,20.75,7.38,18.28,9.37,9.02,10.04,43.22,17.34
91,2.14988,1,10.45,16.03,4.41,20.65,7.14,18.13,9.3,8.92,10.08,42.66,17.34
92,2.14988,1,10.41,15.77,4.39,20.56,7.58,17.82,9.26,8.54,10.29,43.78,17.34
93,2.14988,1,10.41,15.64,4.41,20.56,7.2,17.97,9.3,9.2,10.08,44.37,17.12
94,2.14988,1,10.33,15.45,4.41,20.46,7.43,18.05,9.26,8.85,10.08,43.5,17.19
95,2.14988,1,11.17,15.26,4.41,20.37,7.49,17.82,9.19,8.81,10.08,44.37,17.12
96,2.14988,1,12.37,15.26,4.43,20.27,7.77,17.89,9.19,8.81,10.08,44.07,17.34
97,2.14988,1,12.28,15.07,4.43,20.18,8.02,17.74,9.26,8.78,10.08,43.22,17.34
98,2.14988,1,12.13,14.95,4.43,20.09,7.46,17.74,9.23,8.71,10.08,42.38,17.19
99,2.14988,1,12.42,14.83,4.45,20.09,7.95,18.44,9.23,8.92,10.12,42.94,17.19
100,2.14988,1,12.32,14.71,4.47,20.09,8.02,18.13,9.08,8.92,10.08,44.66,17.27
101,2.14988,1,11.99,14.65,4.5,20,7.68,18.2,9.19,8.57,10.08,43.5,17.19
102,2.14988,1,11.94,14.47,4.5,20.09,8.08,18.52,9.23,8.67,10.16,40.29,17.12
103,2.14988,1,12.13,14.36,4.5,19.91,7.99,18.2,9.23,8.85,10.16,43.5,17.05
104,2.14988,1,11.8,14.18,4.5,19.73,8.15,17.74,9.19,8.81,10.2,44.37,16.77
105,2.14988,1,11.75,14.01,4.5,19.55,8.02,17.52,9.19,9.06,10.16,43.5,17.05
106,2.14988,1,11.66,13.96,4.52,19.64,8.02,17.82,9.19,8.78,10.2,43.5,17.05
107,2.14988,1,11.75,13.79,4.5,19.55,8.05,17.89,9.34,8.99,10.16,42.94,17.05
108,2.14988,1,11.94,13.63,4.52,19.37,8.05,17.74,9.15,8.78,10.12,41.84,16.84
109,2.14988,1,11.85,13.74,4.62,19.64,8.24,18.2,9.19,8.92,10.29,44.07,17.12
110,2.14988,1,11.66,13.57,4.6,19.55,7.99,17.97,9.3,8.95,10.33,43.22,17.05
111,2.14988,1,11.62,13.46,4.62,19.82,7.95,18.28,9.3,9.16,10.37,44.66,16.77
112,2.14988,1,11.66,13.2,4.62,19.46,7.46,17.82,9.23,8.81,10.41,49.17,17.05
113,2.14988,1,11.44,13.2,4.64,19.46,7.2,17.74,9.26,8.85,10.41,42.94,17.12
114,2.14988,1,11.39,12.99,4.6,19.37,7.46,17.74,9.19,8.88,10.41,45.57,17.27
115,2.14988,1,11.3,12.83,4.6,19.2,7.86,17.52,9.41,9.2,10.41,43.78,17.05
116,2.14988,1,11.71,12.73,4.6,19.11,7.26,17.82,9.15,9.13,10.49,43.78,16.98
117,2.14988,1,11.39,12.58,4.64,19.11,7.43,17.97,9.19,9.53,10.49,42.94,17.12
118,2.14988,1,11.53,12.48,4.66,19.03,7.77,17.52,9.08,9.45,10.54,44.66,17.05
119,2.14988,1,11.26,12.29,4.58,18.86,7.2,17.52,9.08,9.38,10.49,40.8,17.05
120,2.14988,1,11.3,12.05,4.58,18.77,7.32,17.52,9.01,9.24,10.54,42.94,16.98
121,2.40975,1,10.91,11.86,4.56,18.52,7.38,17.15,9.01,9.27,10.49,39.79,16.7
122,2.40975,1,11.75,11.95,4.64,18.69,7.68,17.01,9.3,9.53,10.54,44.07,16.84
123,2.40975,1,11.39,11.9,4.66,18.69,7.89,17.37,9.12,9.13,10.58,42.94,16.84
124,2.40975,1,11.13,11.81,4.7,18.69,7.71,17.59,9.19,10.03,10.62,43.22,17.05
125,2.40975,1,11.17,11.72,4.7,18.61,7.77,17.59,9.15,9.49,10.66,43.22,17.12
126,2.40975,1,11.71,11.63,4.74,18.69,7.86,17.59,9.26,9.53,10.71,43.22,17.05
127,2.40975,1,11.26,11.45,4.7,18.52,7.58,17.74,9.15,9.42,10.71,43.78,16.98
128,2.40975,1,11.08,11.31,4.7,18.52,7.55,17.37,9.26,9.79,10.71,43.22,17.12
129,2.40975,1,11.62,11.22,4.74,18.44,7.86,17.74,9.15,9.2,10.75,44.07,17.05
130,2.40975,1,11.35,11.14,4.77,18.36,7.65,17.44,9.15,9.45,10.75,41.05,17.05
131,2.40975,1,11.13,11.01,4.74,18.36,7.2,17.97,9.15,9.75,10.75,43.5,17.12
132,2.40975,1,11.75,10.92,4.79,18.36,8.05,17.67,9.23,9.68,10.79,43.78,17.27
133,2.40975,1,11,10.71,4.74,18.12,7.46,17.74,9.15,9.49,10.79,43.22,17.05
134,2.40975,1,11.08,10.71,4.81,18.2,7.11,18.05,9.19,9.99,10.84,43.78,17.12
135,2.40975,1,11.35,10.58,4.81,18.12,7.41,17.82,9.23,9.42,10.88,43.5,17.19
136,2.40975,1,11.35,10.5,4.83,18.12,7.86,17.82,9.23,9.49,10.93,44.07,17.34
137,2.40975,1,11,10.42,4.83,18.12,7.62,17.97,9.23,9.68,10.97,42.11,17.49
138,2.40975,1,11.57,10.34,4.87,17.96,7.92,17.89,9.19,9.6,10.97,43.5,17.41
139,2.40975,1,10.78,10.18,4.85,17.88,7.46,17.59,9.15,9.95,11.01,42.11,17.27
140,2.40975,1,11.21,10.06,4.85,17.8,7.32,17.82,9.15,9.53,11.01,44.07,16.91
141,2.40975,1,11.17,9.9,4.85,17.65,7.65,17.74,9.08,9.68,11.06,44.07,17.19
142,2.40975,1,11.3,9.86,4.85,17.8,7.74,17.82,9.12,9.75,11.01,43.22,17.12
143,2.40975,1,11.13,9.79,4.83,17.5,7.14,17.59,9.12,9.57,11.01,43.78,17.34
144,2.40975,1,10.91,9.67,4.85,17.5,7.32,17.22,9.01,9.57,11.06,44.07,17.27
145,2.40975,1,10.91,9.63,4.85,17.5,7.43,17.59,9.34,9.64,11.06,40.8,17.41
146,2.40975,1,10.91,9.56,4.85,17.42,7.43,17.52,9.08,9.83,11.1,43.5,17.41
147,2.40975,1,10.83,9.45,4.87,17.19,7,17.3,9.05,9.57,11.1,43.22,17.49
148,2.40975,1,11,9.37,4.87,17.34,7.29,17.37,9.12,9.64,11.06,43.22,17.19
149,2.40975,1,10.91,9.34,4.89,17.27,7.23,17.82,9.08,9.64,11.15,43.22,17.19
150,2.40975,1,10.7,9.23,4.89,17.19,7.49,17.3,9.01,9.68,11.15,43.22,17.19
151,2.40975,1,10.87,9.23,4.89,17.19,7.32,17.67,9.15,9.49,11.15,46.83,16.98
152,2.40975,1,10.78,9.16,4.89,17.27,7.35,17.74,9.23,9.99,11.19,42.94,16.84
153,2.40975,1,10.95,9.12,4.92,17.19,7.68,17.44,9.19,9.49,11.19,43.22,16.98
154,2.40975,1,10.95,9.09,4.92,17.12,7.38,17.67,9.12,9.68,11.24,43.22,16.84
155,2.40975,1,10.7,8.98,4.94,17.12,7.17,17.44,9.08,9.53,11.29,43.22,17.05
156,2.40975,1,11.04,8.98,4.94,17.05,7.38,17.44,9.12,9.99,11.24,41.05,17.05
157,2.40975,1,10.66,8.91,4.94,17.05,7.62,17.08,9.12,9.38,11.33,43.5,16.98
158,2.40975,1,10.7,8.91,4.96,17.05,7.8,17.22,9.08,9.64,11.29,43.22,16.77
159,2.40975,1,10.95,8.84,4.96,16.97,7.74,17.22,9.12,9.57,11.38,44.07,16.77
160,2.40975,1,10.66,8.8,4.96,16.97,7.26,17.01,9.08,9.64,11.33,42.94,16.42
161,2.40975,1,11.3,8.8,4.98,16.9,7.52,17.3,9.08,10.18,11.33,47.81,16.77
162,2.40975,1,10.33,8.74,5,16.97,7.06,17.59,9.15,9.53,11.42,42.94,16.77
163,2.40975,1,10.53,8.67,4.98,16.9,7.68,16.93,8.98,9.6,11.42,43.5,16.7
164,2.40975,1,11.04,8.67,5,16.83,7.32,16.44,9.08,9.75,11.47,43.5,16.84
165,2.40975,1,10.95,8.63,5.03,16.83,7.03,16.93,9.12,9.72,11.52,43.5,16.7
166,2.40975,1,10.95,8.6,5.03,16.83,7.68,17.37,9.12,9.68,11.61,42.66,17.05
167,2.40975,1,10.49,8.57,5.03,16.76,7,17.3,9.12,9.45,11.52,44.07,16.98
168,2.40975,1,10.91,8.53,5.05,16.68,7.2,17.22,9.15,9.57,11.56,44.37,16.91
169,2.40975,1,11.04,8.5,5.05,16.76,7.68,17.15,9.08,9.83,11.56,43.22,16.84
170,2.40975,1,10.95,8.47,5.05,16.68,7.29,17.3,9.12,9.16,11.56,43.5,16.91
171,2.40975,1,11,8.43,5.07,16.68,7.62,17.22,9.15,9.91,11.52,44.37,16.91
172,2.40975,1,11,8.4,5.07,16.61,7.2,17.15,9.12,10.06,11.61,44.66,16.91
173,2.40975,1,10.83,8.37,5.09,16.61,7.35,16.93,9.12,9.79,11.66,42.66,16.77
174,2.40975,1,10.62,8.3,5.09,16.61,7.38,17.08,9.12,10.06,11.71,45.88,16.91
175,2.40975,1,10.95,8.27,5.09,16.54,7.55,16.79,9.01,10.03,11.66,42.66,16.84
176,2.40975,1,10.7,8.23,5.11,16.47,7.52,16.72,9.12,9.95,11.66,43.5,16.84
177,2.40975,1,10.66,8.2,5.11,16.4,7.38,16.58,9.23,10.26,11.76,42.94,16.84
178,2.40975,1,11,8.17,5.14,16.4,7.17,16.72,9.19,10.3,11.66,44.37,16.98
179,2.40975,1,10.87,8.11,5.11,16.33,7.29,16.79,9.12,10.18,11.76,43.78,16.77
180,2.40975,1,10.74,8.04,5.09,16.26,7.52,16.93,9.08,9.72,11.61,42.66,16.63
181,2.65592,1,10.62,8.01,5.09,16.19,7.14,16.72,9.01,9.68,11.66,42.94,16.56
182,2.65592,1,10.49,7.95,5.09,16.12,7.23,17.01,8.91,9.6,11.61,42.66,16.63
183,2.65592,1,10.33,7.92,5.14,16.05,7.43,16.65,9.01,10.39,11.71,41.05,16.35
184,2.65592,1,9.89,7.85,5.14,16.05,7.03,16.86,8.98,9.68,11.76,40.8,16.49
185,2.65592,1,10.57,7.79,5.14,15.92,7.26,16.51,9.01,9.64,11.71,41.32,16.49
186,2.65592,1,10.62,7.76,5.16,15.92,7.32,16.65,8.98,9.64,11.71,41.84,16.35
187,2.65592,1,10.57,7.73,5.18,15.92,7.38,16.65,8.98,9.72,11.8,39.79,16.35
188,2.65592,1,10.49,7.7,5.18,15.92,7.74,16.65,9.05,9.72,11.76,42.66,15.95
189,2.65592,1,10.45,7.64,5.18,15.92,7.03,16.86,9.05,9.72,11.8,43.22,16.08
190,2.65592,1,10.45,7.64,5.2,15.92,7.55,16.58,8.98,9.68,11.9,42.94,16.28
191,2.65592,1,10.49,7.58,5.23,15.85,7.14,16.51,8.94,9.87,11.85,42.66,16.08
192,2.65592,1,10.91,7.55,5.25,15.85,7.8,16.72,8.98,9.79,11.95,42.11,16.42
193,2.65592,1,10.74,7.52,5.27,15.85,7.68,16.65,8.98,9.64,12,42.94,16.22
194,2.65592,1,10.41,7.52,5.25,15.92,7.71,16.38,8.94,9.87,11.95,40.54,16.42
195,2.65592,1,10.21,7.46,5.29,15.78,7.06,16.44,8.98,9.83,12,42.66,16.42
196,2.65592,1,9.93,7.43,5.27,15.65,7.65,16.79,8.98,9.72,12.05,42.66,16.35
197,2.65592,1,10.53,7.46,5.29,15.65,7.86,16.65,9.23,9.91,12,42.94,15.75
198,2.65592,1,10.33,7.4,5.34,15.65,7.41,16.24,8.94,9.87,12,43.5,16.28
199,2.65592,1,10.78,7.46,5.36,15.72,7.8,16.86,9.05,9.75,12.2,42.11,16.56
200,2.65592,1,10.66,7.43,5.36,15.78,7.26,16.86,8.91,9.6,12.25,41.05,16.28
201,2.65592,1,10.7,7.49,5.41,15.72,7.89,16.93,9.01,9.91,12.15,42.38,16.49
202,2.65592,1,10.57,7.37,5.41,15.59,7.65,16.51,8.94,9.53,12.15,43.22,16.35
203,2.65592,1,10.7,7.37,5.46,15.78,7.62,16.72,9.01,8.95,12.45,42.94,16.63
204,2.65592,1,10.87,7.4,5.48,15.78,7.74,16.72,9.08,9.64,12.51,43.22,16.7
205,2.65592,1,10.29,7.34,5.46,15.65,7.41,16.79,9.01,9.6,12.45,43.5,16.63
206,2.65592,1,10.41,7.31,5.46,15.72,7.68,16.72,9.05,9.64,12.51,43.22,16.56
207,2.65592,1,10.62,7.25,5.43,15.52,7.58,16.58,8.98,9.79,12.45,42.94,16.42
208,2.65592,1,10.13,7.31,5.48,15.65,7.83,16.93,9.08,9.53,12.56,43.22,16.56
209,2.65592,1,10.05,7.25,5.48,15.59,7.92,16.79,9.05,9.72,12.51,43.78,16.56
210,2.65592,1,11,7.28,5.5,15.59,7.89,16.51,9.05,9.68,12.51,43.22,16.56
211,2.65592,1,11.3,7.14,5.43,15.39,7.77,16.31,8.87,9.49,12.51,39.79,16.35
212,2.65592,1,11.3,7.16,5.48,15.39,7.92,16.17,8.91,9.45,12.51,42.66,16.49
213,2.65592,1,10.62,7.22,5.53,15.46,7.62,16.58,8.98,9.64,12.61,40.29,16.63
214,2.65592,1,10.45,7.19,5.55,15.46,7.35,16.38,8.91,9.49,12.56,43.22,16.63
215,2.65592,1,10.74,7.16,5.55,15.46,7.43,15.02,9.05,9.53,12.61,40.54,16.7
216,2.65592,1,10.49,7.14,5.57,15.39,7.38,16.65,9.01,10.39,12.66,43.5,16.7
217,2.65592,1,10.45,7.11,5.57,15.39,7.46,16.38,9.01,9.72,12.61,43.22,16.7
218,2.65592,1,10.78,7.08,5.57,15.26,7.99,16.79,9.01,9.83,12.66,43.78,16.7
219,2.65592,1,10.78,7.08,5.57,15.33,7.8,16.79,9.01,9.49,12.66,43.78,16.7
220,2.65592,1,11.3,7.05,5.6,15.26,7.77,16.72,9.01,9.57,12.82,43.5,16.84
221,2.65592,1,10.78,6.94,5.55,15.01,8.02,16.44,8.8,9.45,12.56,42.94,16.56
222,2.65592,1,10.66,6.94,5.57,15.01,7.65,16.31,8.77,9.49,12.61,41.84,16.49
223,2.65592,1,10.66,6.91,5.6,14.95,7.46,16.11,8.8,9.68,12.61,39.79,16.35
224,2.65592,1,10.29,6.91,5.64,15.2,7.14,16.17,8.84,9.83,12.66,41.05,16.42
225,2.65592,1,10.25,6.85,5.62,14.89,7.35,15.84,8.8,9.57,12.66,42.38,16.35
226,2.65592,1,10.29,6.83,5.62,14.89,7.26,15.65,8.8,9.83,12.61,41.84,16.42
227,2.65592,1,10.49,6.83,5.64,14.89,7.83,16.31,8.84,9.64,12.66,42.11,16.42
228,2.65592,1,10.53,6.8,5.76,14.89,7.35,16.24,8.8,9.83,12.93,43.22,16.49
229,2.65592,1,10.57,6.8,5.72,14.95,7.99,16.11,8.7,9.64,12.93,42.94,16.49
230,2.65592,1,10.66,6.77,5.72,14.82,7.68,16.38,8.77,9.64,13.04,42.66,16.49
231,2.65592,1,10.37,6.74,5.67,14.64,7.77,16.04,8.7,9.45,12.88,41.84,16.28
232,2.65592,1,10.49,6.72,5.67,14.64,7.2,16.24,8.7,9.31,12.77,42.38,16.22
233,2.65592,1,10.45,6.63,5.64,14.52,7.32,15.97,8.6,9.72,12.77,41.58,16.15
234,2.65592,1,10.57,6.61,5.67,14.52,7.83,14.83,8.67,9.72,12.82,42.11,16.15
235,2.65592,1,10.74,6.61,5.72,14.52,7.41,15.97,8.7,9.68,12.88,42.11,16.22
236,2.65592,1,10.33,6.61,5.72,14.52,7.29,15.97,8.56,9.42,12.82,42.38,16.22
237,2.65592,1,10.01,6.58,5.69,14.4,7.23,15.84,8.6,9.64,12.93,41.84,16.15
238,2.65592,1,10.62,6.55,5.72,14.4,7.77,15.78,8.56,9.68,12.93,47.48,15.95
239,2.65592,1,10.29,6.58,5.76,14.46,7.26,15.91,8.67,9.72,13.04,42.66,16.22
240,2.65592,1,10.57,6.58,5.84,14.52,7.92,16.11,8.56,10.14,13.26,41.32,16.35
241,2.88881,1,10.53,6.58,5.91,14.46,7.43,15.97,8.67,9.87,13.32,42.38,16.28
242,2.88881,1,10.25,6.55,5.89,14.46,7.77,15.71,8.7,9.68,13.26,41.05,16.22
243,2.88881,1,10.57,6.55,5.86,14.46,7,15.78,8.6,9.72,13.26,41.58,16.56
244,2.88881,1,10.25,6.5,5.84,14.34,7.68,15.84,8.67,9.68,13.26,41.58,16.28
245,2.88881,1,10.49,6.5,5.89,14.4,7.86,15.65,8.63,9.79,13.32,42.38,16.56
246,2.88881,1,10.49,6.5,5.86,14.4,7.38,15.78,8.63,9.72,13.37,48.48,16.7
247,2.88881,1,10.57,6.45,5.86,14.28,7.95,15.97,8.6,9.64,13.37,41.58,16.56
248,2.88881,1,10.33,6.45,5.89,14.34,7.23,16.11,8.6,9.53,13.43,41.84,16.56
249,2.88881,1,10.45,6.39,5.89,14.22,7.29,15.91,8.63,9.87,13.43,41.84,16.02
250,2.88881,1,10.29,6.39,5.89,14.22,7.83,15.78,8.6,9.72,13.37,41.58,16.28
251,2.88881,1,10.05,6.37,5.86,14.22,7.58,16.24,8.6,9.95,13.43,42.38,16.28
252,2.88881,1,10.21,6.37,5.91,14.22,7.77,16.24,8.6,10.06,13.37,42.38,16.28
253,2.88881,1,10.17,6.37,5.89,14.16,7.74,16.04,8.6,9.99,13.37,42.11,16.28
254,2.88881,1,10.49,6.34,5.91,14.16,7.43,16.11,8.53,9.6,13.49,42.11,16.28
255,2.88881,1,10.49,6.34,5.94,14.22,7.68,16.17,8.56,9.91,13.6,42.11,15.88
256,2.88881,1,10.45,6.29,5.91,14.05,7.83,16.04,8.53,9.75,13.6,42.11,15.95
257,2.88881,1,10.45,6.26,5.89,14.05,7.77,16.04,8.5,9.99,13.49,41.84,16.56
258,2.88881,1,10.17,6.26,5.91,13.99,7.32,15.91,8.53,9.79,13.54,40.8,16.42
259,2.88881,1,10.66,6.26,5.91,13.99,7.29,15.91,8.56,10.22,13.54,41.05,16.42
260,2.88881,1,10.37,6.26,5.91,13.99,7.41,15.78,8.53,9.87,13.49,41.05,16.42
261,2.88881,1,10.53,6.26,5.91,13.99,7.86,15.91,8.53,9.99,13.54,42.38,16.42
262,2.88881,1,10.29,6.29,5.96,14.05,7.29,15.78,8.53,9.99,13.54,40.54,16.35
263,2.88881,1,10.53,6.32,5.96,14.05,7.29,15.84,8.5,10.26,13.6,41.32,16.28
264,2.88881,1,10.37,6.32,5.99,13.99,7.14,15.71,8.46,9.91,13.6,41.32,16.28
265,2.88881,1,10.33,6.29,6.01,13.93,7.89,15.39,8.43,9.75,13.6,40.8,16.28
266,2.88881,1,10.29,6.26,6.06,13.93,7.68,15.52,8.37,9.83,13.72,42.38,16.35
267,2.88881,1,10.37,6.26,6.04,13.82,7.26,15.45,8.4,9.87,13.66,47.15,16.22
268,2.88881,1,10.21,6.21,6.06,13.82,7.74,14.53,8.37,10.22,13.66,40.8,15.95
269,2.88881,1,10.41,6.19,6.04,13.76,7.62,14.47,8.53,9.75,13.6,39.79,16.08
270,2.88881,1,10.29,6.19,6.09,13.76,7.35,14.36,8.37,9.83,13.72,40.29,16.28
271,2.88881,1,10.09,6.14,6.09,13.82,7.26,14.59,8.33,9.79,13.72,40.54,16.35
272,2.88881,1,10.33,6.14,6.09,13.71,7.89,14.47,8.37,9.95,13.72,39.79,16.28
273,2.88881,1,9.97,6.06,6.06,13.65,7.29,14.24,8.2,9.87,13.72,39.55,16.22
274,2.88881,1,9.82,6.06,6.06,13.6,7.58,14.65,8.17,9.99,13.78,39.79,16.15
275,2.88881,1,9.7,6.04,6.06,13.54,7.58,14.36,8.17,9.83,13.78,39.55,16.15
276,2.88881,1,9.63,6.04,6.09,13.6,7.46,14.42,8.2,10.43,13.78,38.83,16.35
277,2.88881,1,9.59,6.04,6.06,13.54,7.09,14.42,8.46,10.06,13.78,44.66,16.28
278,2.88881,1,9.55,6.01,6.09,13.49,7.14,14.47,8.2,10.06,13.78,41.58,16.28
279,2.88881,1,10.09,6.06,6.16,13.65,7.32,14.59,8.27,10.06,13.9,43.78,16.35
280,2.88881,1,9.97,6.06,6.19,13.6,7.62,15.02,8.3,10.14,13.96,40.54,16.42
281,2.88881,1,9.86,6.06,6.16,13.65,7.55,14.53,8.24,10.1,13.96,40.29,16.35
282,2.88881,1,10.09,6.06,6.21,13.65,7.29,14.71,8.24,9.99,14.02,39.55,16.42
283,2.88881,1,11.08,6.09,6.21,13.6,8.57,15.39,8.2,10.14,14.02,40.04,16.35
284,2.88881,1,10.49,6.06,6.27,13.54,7.55,14.65,8.14,10.39,14.08,40.54,16.35
285,2.88881,1,9.93,6.01,6.27,13.54,7.14,14.53,8.17,10.18,14.26,40.54,16.35
286,2.88881,1,9.82,6.04,6.29,13.54,6.81,15.39,8.2,10.18,14.2,40.8,16.35
287,2.88881,1,10.29,6.06,6.32,13.6,7.77,15.45,8.24,10.14,14.26,40.8,16.42
288,2.88881,1,10.45,6.01,6.37,13.54,7.17,14.36,8.2,10.39,14.26,41.32,16.28
289,2.88881,1,9.93,6.01,6.32,13.54,7.14,14.59,8.2,10.34,14.2,41.84,16.08
290,2.88881,1,9.93,5.99,6.34,13.54,7.06,14.77,8.11,10.14,14.2,40.29,16.42
291,2.88881,1,9.78,5.99,6.34,13.54,7.09,14.71,8.17,9.87,14.14,39.79,16.63
292,2.88881,1,10.05,6.01,6.4,13.54,7.32,14.71,8.17,10.1,14.26,39.06,16.63
293,2.88881,1,10.66,6.01,6.4,13.54,7.74,15.52,8.11,9.99,14.32,39.79,16.56
294,2.88881,1,9.93,5.96,6.37,13.43,7,15.26,7.98,9.99,14.26,40.29,16.28
295,2.88881,1,10.17,5.96,6.42,13.43,7.38,15.26,8.05,10.03,14.32,36.78,16.42
296,2.88881,1,10.21,5.94,6.45,13.38,7.09,14.18,8.24,10.1,14.44,40.54,16.49
297,2.88881,1,9.78,5.91,6.45,13.38,7.11,14.3,8.08,10.03,14.57,40.8,16.35
298,2.88881,1,9.7,5.89,6.45,13.32,7.38,14.24,8.05,10.06,14.44,40.04,16.22
299,2.88881,1,10.05,5.89,6.45,13.32,6.92,14.53,8.05,10.03,14.38,39.79,16.22
300,2.88881,1,9.74,5.89,6.47,13.32,7.41,14.53,8.05,10.03,14.38,39.06,16.15
301,3.10884,2,10.78,5.89,6.47,13.32,7.83,14.3,8.01,10.43,14.32,39.3,16.15
302,3.10884,2,10.01,5.86,6.47,13.27,7.41,14.18,7.98,10.34,14.32,37.22,16.08
303,3.10884,2,9.7,5.86,6.5,13.32,6.89,14.71,7.95,10.1,14.51,39.3,16.22
304,3.10884,2,10.66,5.86,6.53,13.27,7.52,14.65,7.92,10.72,14.51,38.83,16.22
305,3.10884,2,10.45,5.81,6.5,13.16,7.26,14.3,7.86,10.55,14.44,38.12,16.02
306,3.10884,2,9.59,5.79,6.5,13.11,6.89,14.42,7.83,10.14,14.44,38.59,16.02
307,3.10884,2,9.66,5.76,6.53,13.06,7.35,14.36,7.8,10.47,14.51,38.59,16.02
308,3.10884,2,9.74,5.81,6.61,13.27,7,14.71,7.86,10.34,15.98,39.3,16.02
309,3.10884,2,9.7,5.79,6.58,13.16,7.49,15.39,7.95,10.22,15.35,39.55,16.08
310,3.10884,2,9.63,5.79,6.61,13.21,7.43,15.33,7.92,10.14,15.7,39.3,16.08
311,3.10884,2,9.59,5.79,6.58,13.21,7.49,14.59,7.83,10.18,15.63,39.79,16.02
312,3.10884,2,10.62,5.79,6.61,13.21,7.58,15.39,7.95,10.43,15.77,39.79,16.02
313,3.10884,2,10.7,5.76,6.61,13.16,7.65,15.08,7.89,10.06,14.51,37.9,16.02
314,3.10884,2,9.97,5.79,6.63,13.21,6.83,15.52,7.86,10.22,14.63,39.06,16.08
315,3.10884,2,9.55,5.76,6.63,13.21,7.11,15.39,7.86,10.47,14.7,39.55,16.15
316,3.10884,2,9.63,5.76,6.63,13.11,7.35,15.33,7.95,10.67,14.76,40.04,15.95
317,3.10884,2,10.21,5.74,6.66,13.11,7.49,15.45,7.83,10.47,14.76,39.06,16.22
318,3.10884,2,10.33,5.72,6.66,13.11,7.55,15.33,7.86,11.1,14.76,39.06,16.22
319,3.10884,2,9.66,5.76,6.69,13.11,6.94,15.14,7.83,10.67,14.83,38.36,16.22
320,3.10884,2,10.33,5.76,6.69,13.11,7.8,15.26,7.77,10.89,14.83,39.06,16.15
321,3.10884,2,9.78,5.74,6.74,13.06,7.29,15.14,7.86,10.8,14.83,38.36,16.15
322,3.10884,2,10.57,5.76,6.74,13.11,7.62,15.33,7.86,10.84,14.89,39.79,16.15
323,3.10884,2,10.41,5.76,6.74,13.06,8.08,15.33,7.83,10.72,14.96,39.3,15.95
324,3.10884,2,10.13,5.72,6.74,13,7.38,14.95,7.74,11.1,15.02,38.59,16.02
325,3.10884,2,10.49,5.74,6.74,13,7.41,15.2,7.74,11.23,15.02,38.59,15.95
326,3.10884,2,10.53,5.74,6.8,13,7.55,14.89,7.86,11.37,15.09,40.04,16.22
327,3.10884,2,10.45,5.72,6.8,13,7.49,15.26,7.71,10.97,15.15,38.83,16.08
328,3.10884,2,10.41,5.69,6.83,13,8.02,15.26,7.74,11.06,15.15,38.59,16.08
329,3.10884,2,10.83,5.69,6.83,13,7.26,15.33,7.68,11.01,15.15,39.3,16.02
330,3.10884,2,10.83,5.69,6.85,13,7.83,15.26,7.77,11.06,15.15,39.3,16.02
331,3.10884,2,10.01,5.64,6.8,12.95,7.74,15.26,7.68,11.23,15.02,38.59,16.02
332,3.10884,2,10.09,5.67,6.8,12.95,7.35,15.14,7.74,11.06,15.09,39.3,15.95
333,3.10884,2,9.82,5.64,6.8,12.95,7.52,14.95,7.68,10.93,15.09,39.55,16.08
334,3.10884,2,9.86,5.64,6.83,12.95,7.49,14.95,7.65,10.84,15.15,38.59,16.02
335,3.10884,2,9.66,5.64,6.83,12.9,6.72,14.95,7.62,11.01,15.22,39.06,16.02
336,3.10884,2,9.66,5.62,6.83,12.85,7.2,14.89,7.62,11.87,15.22,38.59,15.95
337,3.10884,2,9.63,5.57,6.85,12.79,7.17,14.83,7.71,10.93,15.42,40.29,15.82
338,3.10884,2,9.55,5.52,6.85,12.64,7.38,13.96,7.47,11.01,14.96,39.55,15.56
339,3.10884,2,9.63,5.5,6.77,12.64,7,14.18,7.47,10.8,14.89,38.36,15.69
340,3.10884,2,10.13,5.55,6.83,12.69,7.26,13.9,7.68,10.8,14.96,38.12,15.69
341,3.10884,2,10.17,5.52,6.85,12.64,7.77,13.96,7.47,10.72,15.02,38.59,15.56
342,3.10884,2,10.05,5.55,6.88,12.74,7.77,15.08,7.74,10.97,15.22,37.67,15.82
343,3.10884,2,10.33,5.52,6.91,12.69,7.38,15.39,7.65,10.59,15.09,37.9,15.69
344,3.10884,2,10.17,5.52,7.02,12.79,7.8,15.65,7.59,10.76,15.35,37.44,15.56
345,3.10884,2,10.21,5.43,6.91,12.59,7.35,15.39,7.38,10.72,15.35,38.83,15.43
346,3.10884,2,9.78,5.5,6.94,12.74,7.65,15.39,7.44,10.72,15.42,37.44,15.75
347,3.10884,2,10.33,5.5,6.94,12.69,7.8,13.9,7.47,10.72,15.49,37.67,15.88
348,3.10884,2,10.21,5.5,6.97,12.74,7.65,14.47,7.47,10.59,15.42,36.14,15.95
349,3.10884,2,10.33,5.48,6.97,12.74,7.35,15.2,7.47,10.59,15.42,37.9,15.88
350,3.10884,2,10.25,5.48,6.97,12.69,6.94,15.39,7.47,10.1,15.42,37,15.75
351,3.10884,2,10.53,5.45,6.97,12.69,7.74,15.08,7.59,10.76,15.35,36.78,15.5
352,3.10884,2,10.17,5.45,6.94,12.69,7.49,15.02,7.53,10.43,15.42,37.22,15.69
353,3.10884,2,10.33,5.45,6.97,12.69,7.49,15.26,7.44,10.47,15.42,36.57,15.82
354,3.10884,2,9.97,5.43,6.94,12.69,7.2,14.77,7.44,10.51,15.42,37,15.75
355,3.10884,2,10.05,5.43,6.97,12.69,7.32,14.65,7.38,10.43,15.42,36.78,15.62
356,3.10884,2,10.13,5.43,6.97,12.74,7.41,14.77,7.32,10.59,15.49,35.72,15.62
357,3.10884,2,10.25,5.41,6.97,12.59,7.26,14.71,7.32,10.55,15.49,39.3,15.62
358,3.10884,2,9.86,5.41,7.02,12.64,6.86,14.53,7.35,10.76,15.63,36.78,15.82
359,3.10884,2,10.01,5.41,7.02,12.64,7.65,14.71,7.35,11.01,15.63,36.78,15.69
360,3.10884,2,9.82,5.41,6.99,12.64,7.58,14.89,7.35,10.89,15.63,36.14,15.56
361,3.31643,2,9.97,5.38,7.02,12.64,7.29,14.77,7.38,10.8,15.63,39.06,15.62
362,3.31643,2,10.13,5.41,7.05,12.64,7.52,14.59,7.38,11.01,15.63,36.57,15.5
363,3.31643,2,10.17,5.38,7.02,12.64,7.41,14.42,7.38,10.51,15.63,36.14,15.56
364,3.31643,2,10.13,5.38,7.02,12.64,7.41,14.77,7.32,10.63,15.63,36.78,15.75
365,3.31643,2,10.17,5.38,7.02,12.64,7.38,14.89,7.38,10.93,15.63,36.78,15.69
366,3.31643,2,10.33,5.38,7.05,12.64,7.52,15.08,7.32,10.93,15.7,37.44,15.69
367,3.31643,2,10.29,5.38,7.05,12.59,7.41,14.95,7.29,10.76,15.77,35.11,15.62
368,3.31643,2,9.89,5.36,7.05,12.59,7.58,14.07,7.29,9.87,15.98,37,15.56
369,3.31643,2,10.13,5.36,7.05,12.59,7.52,15.2,7.29,10.22,15.77,39.55,15.62
370,3.31643,2,10.21,5.36,7.05,12.54,7.32,15.02,7.29,10.84,15.77,37.22,15.5
371,3.31643,2,10.13,5.36,7.08,12.59,7.68,14.77,7.32,10.89,15.77,37.9,15.31
372,3.31643,2,10.01,5.32,7.08,12.59,7.55,14.95,7.29,10.22,15.84,36.78,15.62
373,3.31643,2,10.01,5.29,7.05,12.54,7.68,14.77,7.29,11.01,15.77,36.57,15.69
374,3.31643,2,10.09,5.22,6.99,12.39,7.77,14.59,7.24,10.63,15.7,36.35,15.5
375,3.31643,2,10.09,5.25,6.97,12.39,7.35,14.65,7.21,11.23,15.56,35.72,15.37
376,3.31643,2,9.97,5.27,6.97,12.49,7.58,14.59,7.27,10.89,15.63,35.31,15.37
377,3.31643,2,10.37,5.27,6.97,12.44,7.71,14.59,7.27,11.92,15.63,35.93,15.31
378,3.31643,2,10.21,5.25,6.91,12.39,7.43,14.3,7.18,11.5,15.63,36.78,15.31
379,3.31643,2,10.05,5.27,6.97,12.44,7.29,14.83,7.18,11.46,15.7,34.31,15.25
380,3.31643,2,9.51,5.25,6.97,12.34,7.29,14.77,7.35,11.37,15.77,36.14,15.31
381,3.31643,2,9.78,5.25,6.99,12.39,7.68,14.65,7.18,11.37,15.77,35.72,15.31
382,3.31643,2,9.51,5.27,7.02,12.49,7.29,14.89,7.24,11.37,15.77,35.72,15.31
383,3.31643,2,10.29,5.29,7.05,12.44,7.43,15.52,7.21,11.92,15.84,37,15.18
384,3.31643,2,9.55,5.27,7.05,12.44,7.06,15.33,7.21,11.69,15.84,39.55,15.37
385,3.31643,2,9.66,5.27,7.08,12.44,7.35,15.52,7.21,11.82,15.84,34.51,15.37
386,3.31643,2,9.89,5.29,7.11,12.44,7.77,15.33,7.24,12.01,15.91,36.57,15.31
387,3.31643,2,9.97,5.29,7.08,12.49,7.46,15.26,7.21,11.59,15.91,36.57,15.43
388,3.31643,2,9.93,5.29,7.11,12.44,7.11,15.26,7.18,11.82,15.98,35.72,15.43
389,3.31643,2,10.01,5.27,7.19,12.44,7.71,14.77,7.13,11.5,16.05,35.51,15.56
390,3.31643,2,10.01,5.27,7.16,12.44,7.17,15.2,7.13,11.64,16.05,35.72,15.43
391,3.31643,2,9.86,5.25,7.16,12.39,7.2,14.89,7.13,11.41,16.05,34.71,15.43
392,3.31643,2,9.93,5.27,7.16,12.39,7.89,14.89,7.15,13.38,15.98,35.31,15.43
393,3.31643,2,9.86,5.22,7.22,12.29,7.49,14.71,7.1,11.87,16.05,35.72,15.56
394,3.31643,2,9.86,5.22,7.19,12.29,7.52,14.89,7.13,11.37,16.05,35.72,15.56
395,3.31643,2,10.13,5.22,7.19,12.29,7.65,14.89,7.1,11.37,15.98,33.93,15.62
396,3.31643,2,9.93,5.2,7.19,12.24,7.17,14.95,7.13,11.5,15.98,35.11,15.56
397,3.31643,2,9.97,5.2,7.19,12.24,7.74,14.95,7.1,11.73,15.91,37,15.5
398,3.31643,2,10.09,5.2,7.19,12.24,7.49,14.71,7.07,11.46,15.98,34.91,15.5
399,3.31643,2,10.09,5.2,7.22,12.19,7.68,14.65,7.01,11.69,15.98,35.11,15.43
400,3.31643,2,9.89,5.2,7.19,12.19,7.38,14.77,7.01,12.01,16.05,32.81,15.31
401,3.31643,2,9.48,5.11,7.14,12,7.52,14.42,6.88,11.1,15.7,34.51,15
402,3.31643,2,9.59,5.16,7.25,12.14,7.41,14.83,6.96,12.11,16.05,32.81,15.25
403,3.31643,2,9.74,5.16,7.31,12.14,7.35,14.77,6.99,12.16,16.12,35.51,15.56
404,3.31643,2,9.7,5.13,7.25,12.1,7.62,14.95,6.99,11.19,16.12,35.11,15.25
405,3.31643,2,9.93,5.16,7.31,12.14,7.2,14.95,7.01,11.37,16.27,34.51,15.56
406,3.31643,2,9.51,5.16,7.34,12.14,7.17,14.3,7.01,11.37,16.27,34.71,15.56
407,3.31643,2,9.86,5.18,7.31,12.19,7.11,14.83,7.04,11.73,16.34,35.31,15.75
408,3.31643,2,9.4,5.16,7.31,12.19,7.32,14.83,7.04,12.11,16.27,35.51,15.75
409,3.31643,2,9.55,5.16,7.37,12.19,7.09,14.24,7.04,12.01,16.34,34.71,15.69
410,3.31643,2,10.05,5.16,7.31,12.19,7.41,14.89,7.04,11.19,16.34,35.51,15.5
411,3.31643,2,9.63,5.16,7.34,12.14,7.43,14.71,6.99,11.5,16.34,36.78,15.43
412,3.31643,2,9.55,5.16,7.34,12.14,7.14,14.89,6.96,11.23,16.34,34.51,15.43
413,3.31643,2,9.82,5.16,7.37,12.14,7.62,14.59,6.96,11.28,16.42,35.93,15.56
414,3.31643,2,10.01,5.13,7.37,12.14,7.46,13.46,6.96,10.93,16.49,34.91,15.5
415,3.31643,2,9.82,5.16,7.4,12.19,7.38,14.53,6.96,12.21,16.42,34.31,15.56
416,3.31643,2,9.89,5.16,7.4,12.1,7.77,14.65,6.96,13.01,16.42,35.72,15.43
417,3.31643,2,9.66,5.16,7.43,12.14,7.11,14.59,6.96,12.8,16.42,32.99,15.43
418,3.31643,2,9.78,5.13,7.43,12.1,7.49,14.65,6.93,13.22,16.42,34.12,15.62
419,3.31643,2,10.25,5.13,7.4,12.1,7.89,14.65,6.93,13.11,16.42,34.31,15.37
420,3.31643,2,10.13,5.13,7.43,12.14,7.49,15.08,6.96,13.11,16.42,34.31,15.43
421,3.943121396628808,2,10.09,5.13,7.46,12.14,7.32,14.83,6.93,13.54,16.49,35.31,15.18
422,3.943121396628808,2,10.05,5.13,7.46,12.14,7.86,14.77,6.9,13.17,16.57,35.11,15.5
423,3.943121396628808,2,10.05,5.13,7.49,12.14,7.62,14.89,6.88,13.76,16.64,35.72,15.37
424,3.943121396628808,2,10.29,5.13,7.52,12.14,7.77,14.77,6.88,13.76,16.64,35.93,15.31
425,3.943121396628808,2,10.49,5.13,7.55,12.1,7.65,15.14,6.88,13.99,16.64,34.51,15.56
426,3.943121396628808,2,10.17,5.11,7.55,12.05,7.8,14.89,6.85,13.93,16.72,35.51,15.62
427,3.943121396628808,2,9.86,5.11,7.58,12.14,7.74,14.83,6.88,14.05,16.72,34.12,15.62
428,3.943121396628808,2,10.21,5.09,7.58,12.05,7.74,14.65,6.85,14.1,16.64,33.74,15.5
429,3.943121396628808,2,10.25,5.11,7.58,12.05,7.65,14.71,6.88,14.05,16.64,35.11,12.62
430,3.943121396628808,2,9.89,5.09,7.58,12,7.43,14.83,6.82,14.16,16.64,34.12,15.82
431,3.943121396628808,2,10.09,5.09,7.58,12,7.41,13.96,6.85,13.99,16.72,33.93,15.37
432,3.943121396628808,2,10.13,5.09,7.58,11.95,7.89,15.08,6.85,14.16,16.72,33.36,15.43
433,3.943121396628808,2,9.82,5.09,7.61,11.95,7.38,15.26,6.8,14.28,16.79,33.55,15.69
434,3.943121396628808,2,9.78,5.07,7.61,11.95,7.68,15.33,6.85,14.22,16.79,34.31,15.31
435,3.943121396628808,2,9.97,5.09,7.64,11.95,7.55,15.2,6.8,14.51,16.79,34.71,15.69
436,3.943121396628808,2,10.05,5.07,7.67,11.95,7.58,14.89,6.8,14.39,16.87,33.36,15.69
437,3.943121396628808,2,9.89,5.07,7.64,11.95,7.35,15.14,6.8,14.39,16.87,33.17,15.69
438,3.943121396628808,2,10.13,5.05,7.7,11.9,7.62,14.89,6.8,14.22,16.87,33.36,15.62
439,3.943121396628808,2,10.25,5.05,7.67,11.9,7.95,14.65,6.8,14.22,16.79,33.36,15.62
440,3.943121396628808,2,9.97,5.05,7.67,11.9,7.68,15.02,6.74,14.39,16.87,32.99,15.62
441,3.943121396628808,2,10.21,5.05,7.7,11.9,7.89,14.77,6.77,14.45,16.87,33.74,15.62
442,3.943121396628808,2,9.89,5.02,7.64,11.9,7.8,14.83,6.77,14.45,16.87,34.12,15.56
443,3.943121396628808,2,9.97,5.02,7.67,11.9,7.38,14.77,6.74,14.51,16.79,33.55,15.56
444,3.943121396628808,2,9.63,5.02,7.7,11.86,7.62,14.53,6.72,14.33,16.95,32.81,15.5
445,3.943121396628808,2,10.29,5.02,7.73,11.86,7.41,14.36,6.66,14.45,16.95,33.36,15.25
446,3.943121396628808,2,9.7,5,7.73,11.86,7.32,14.59,6.69,14.05,16.87,33.55,15.31
447,3.943121396628808,2,10.13,5.02,7.76,11.86,7.89,14.65,6.69,14.45,17.03,33.17,15.5
448,3.943121396628808,2,9.66,5,7.73,11.86,7.23,14.71,6.74,14.51,16.95,31.4,15.5
449,3.943121396628808,2,9.86,5.02,7.79,11.9,7.77,14.47,6.69,14.57,17.03,33.36,15.5
450,3.943121396628808,2,9.78,4.98,7.76,11.81,7.2,14.77,6.72,14.45,17.03,33.36,15.43
451,3.943121396628808,2,9.63,5,7.76,11.76,7,14.53,6.72,14.51,17.03,33.55,15.69
452,3.943121396628808,2,9.59,4.98,7.79,11.86,7.11,14.47,6.72,14.63,17.03,33.36,15.62
453,3.943121396628808,2,9.59,4.98,7.79,11.86,7.26,14.53,6.69,14.75,16.95,33.55,15.5
454,3.943121396628808,2,9.11,5,7.79,11.9,7.46,14.77,6.72,14.39,17.03,34.51,15.43
455,3.943121396628808,2,9.66,4.98,7.76,11.67,7.2,14.89,6.64,14.57,17.03,32.63,15.25
456,3.943121396628808,2,9.33,4.96,7.79,11.72,7.29,14.83,6.58,14.45,17.1,32.45,15.43
457,3.943121396628808,2,9.48,4.96,7.79,11.62,7.17,14.53,6.61,14.87,17.18,33.36,15.43
458,3.943121396628808,2,9.4,4.96,7.79,11.58,7.49,14.83,6.58,14.75,17.1,34.71,15.5
459,3.943121396628808,2,9.15,4.94,7.79,11.53,7.26,14.13,6.58,14.63,17.1,32.27,15.12
460,3.943121396628808,2,9.89,4.94,7.82,11.53,7.32,14.71,6.61,14.57,17.1,33.74,15.43
461,3.943121396628808,2,9.7,4.94,7.82,11.53,7.35,14.77,6.58,14.81,17.1,31.57,15.43
462,3.943121396628808,2,9.29,4.91,7.82,11.35,7.06,14.83,6.53,14.63,17.03,32.09,15.31
463,3.943121396628808,2,9.22,4.94,7.88,11.35,7.23,14.47,6.61,14.57,17.1,31.06,15.43
464,3.943121396628808,2,9.15,4.91,7.82,11.35,7,13.3,6.72,14.87,17.18,33.17,15.43
465,3.943121396628808,2,9.82,4.96,7.85,11.3,7.38,14.65,6.61,14.69,17.1,32.09,15.62
466,3.943121396628808,2,9.78,4.94,7.82,11.3,7.65,14.59,6.58,14.69,17.18,32.99,15.62
467,3.943121396628808,2,10.01,4.96,7.85,11.35,7.29,14.71,6.56,14.81,17.18,36.78,15.56
468,3.943121396628808,2,9.63,4.94,7.88,11.39,7.62,14.53,6.53,14.81,17.26,35.31,14.64
469,3.943121396628808,2,9.86,4.91,7.88,11.35,7.43,13.25,6.51,14.81,17.26,31.92,15.18
470,3.943121396628808,2,9.74,4.94,7.88,11.35,7.89,14.89,6.53,14.87,17.34,32.81,15.43
471,3.943121396628808,2,9.7,4.91,7.92,11.3,7.38,13.62,6.53,14.63,17.34,31.06,15.43
472,3.943121396628808,2,9.59,4.91,7.92,11.3,7.26,14.59,6.53,14.75,17.34,32.09,15.31
473,3.943121396628808,2,9.7,4.91,7.92,11.3,7.8,14.42,6.53,14.63,17.42,33.93,15.5
474,3.943121396628808,2,9.55,4.91,7.95,11.3,7.68,13.57,6.53,15.12,17.34,32.09,15.56
475,3.943121396628808,2,9.7,4.94,7.95,11.39,7.8,14.77,6.56,15.25,17.34,32.27,15.62
476,3.943121396628808,2,9.11,4.91,7.95,11.44,7.23,14.77,6.48,15.25,17.34,32.27,15.31
477,3.943121396628808,2,9.15,4.91,7.95,11.49,7.58,14.3,6.56,15.12,17.34,32.81,15.5
478,3.943121396628808,2,9.01,4.91,7.95,11.58,7.38,14.36,6.51,15,17.42,33.93,15.56
479,3.943121396628808,2,9.08,4.91,7.95,11.49,6.97,14.3,6.48,15.5,17.42,32.45,15.5
480,3.943121396628808,2,9.08,4.89,7.98,11.49,7.06,13.84,6.46,15.18,17.5,34.71,15.43
481,3.9544586377939432,2,9.01,4.89,7.98,11.49,6.83,14.01,6.4,15.44,17.5,32.27,15.43
482,3.9544586377939432,2,9.15,4.89,8.01,11.49,7.46,14.89,6.43,15.37,17.42,31.57,15.56
483,3.9544586377939432,2,9.37,4.89,8.01,11.49,7.58,14.47,6.46,15.31,17.5,32.09,15.5
484,3.9544586377939432,2,9.29,4.89,8.04,11.44,7.17,14.77,6.46,15.44,17.18,32.27,15.37
485,3.9544586377939432,2,9.22,4.87,8.01,11.44,6.97,14.24,6.43,15.31,17.5,32.27,15.37
486,3.9544586377939432,2,9.44,4.87,8.04,11.44,7.23,14.71,6.46,15.31,17.5,31.74,15.31
487,3.9544586377939432,2,9.11,4.87,8.04,11.44,7.49,14.53,6.43,15.37,17.5,33.36,15.31
488,3.9544586377939432,2,9.26,4.87,8.04,11.44,7.41,14.59,6.38,15.12,17.42,33.17,15.5
489,3.9544586377939432,2,9.26,4.87,8.04,11.44,7.32,14.71,6.4,15.25,17.42,31.23,15.31
490,3.9544586377939432,2,9.18,4.83,8.04,11.49,7.06,14.53,6.38,15.31,17.5,31.4,15.37
491,3.9544586377939432,2,9.22,4.89,8.11,11.49,7.29,14.59,6.4,15.31,17.58,31.74,15.43
492,3.9544586377939432,2,9.18,4.89,8.14,11.49,7.62,14.42,6.38,15.44,17.67,31.57,15.25
493,3.9544586377939432,2,9.08,4.87,8.14,11.44,7.26,14.3,6.35,15.5,17.5,31.06,15.37
494,3.9544586377939432,2,9.29,4.85,8.11,11.39,7.52,13.73,6.33,15.44,17.58,31.06,15.25
495,3.9544586377939432,2,9.37,4.85,8.14,11.39,6.97,14.65,6.35,15.31,17.58,31.57,15.25
496,3.9544586377939432,2,9.37,4.87,8.17,11.49,7.65,14.47,6.38,15.31,17.67,31.92,15.25
497,3.9544586377939432,2,9.97,4.89,8.17,11.53,7.29,13.73,6.53,15.37,17.58,31.92,12.98
498,3.9544586377939432,2,9.22,4.83,8.17,11.39,7.14,14.42,6.33,15.31,17.58,35.11,15.25
499,3.9544586377939432,2,9.44,4.83,8.14,11.39,7.23,14.65,6.33,15.18,17.58,30.9,15.25
500,3.9544586377939432,2,9.11,4.81,8.14,11.39,7.23,14.47,6.33,15.12,17.58,31.23,15.37
501,3.9544586377939432,2,9.18,4.83,8.23,11.39,7.35,14.59,6.3,15.12,17.67,31.06,15.31
502,3.9544586377939432,2,9.11,4.83,8.17,11.39,7.32,14.36,6.3,15.18,17.75,30.57,15.12
503,3.9544586377939432,2,9.11,4.81,8.17,11.3,6.94,14.36,6.28,15,17.75,31.4,15.37
504,3.9544586377939432,2,9.4,4.83,8.2,11.39,7.49,14.24,6.28,14.69,17.75,31.06,15.31
505,3.9544586377939432,2,10.01,4.81,8.2,11.35,7.2,14.07,6.25,12.6,17.67,30.25,15.25
506,3.9544586377939432,2,9.78,4.79,8.2,11.26,7.68,13.62,6.23,13.44,17.67,31.23,15.06
507,3.9544586377939432,2,9.78,4.76,8.17,11.22,7.35,13.96,6.23,12.3,17.58,30.9,15.37
508,3.9544586377939432,2,9.4,4.76,8.2,11.26,7.23,14.3,6.23,13.38,17.58,34.31,15.25
509,3.9544586377939432,2,9.86,4.81,8.2,11.35,7.32,14.47,6.23,14.28,17.58,29.46,15.06
510,3.9544586377939432,2,9.18,4.76,8.2,11.3,7.43,14.3,6.2,12.16,17.67,31.06,15.31
511,3.9544586377939432,2,9.93,4.76,8.17,11.26,7.03,14.3,6.2,12.35,17.58,32.63,15.12
512,3.9544586377939432,2,9.86,4.76,8.2,11.35,7.26,14.18,6.15,12.6,17.67,31.57,15.06
513,3.9544586377939432,2,9.78,4.76,8.23,11.35,7.62,14.24,6.18,12.8,17.67,31.4,15.18
514,3.9544586377939432,2,9.7,4.76,8.27,11.35,7.38,14.13,6.18,12.45,17.91,32.09,15.37
515,3.9544586377939432,2,9.37,4.74,8.3,11.26,6.97,14.13,6.15,12.4,17.75,30.73,15.31
516,3.9544586377939432,2,9.08,4.7,8.23,11.22,7.06,13.41,6.13,12.21,17.83,30.41,15.31
517,3.9544586377939432,2,9.26,4.74,8.23,11.26,7.65,14.47,6.18,13.11,17.83,31.57,15.06
518,3.9544586377939432,2,9.11,4.74,8.33,11.3,7.11,14.42,6.18,13.54,17.75,32.09,14.88
519,3.9544586377939432,2,9.18,4.72,8.23,11.3,7.49,14.47,6.15,12.85,17.75,31.57,15.12
520,3.9544586377939432,2,9.18,4.74,8.27,11.3,6.78,14.42,6.18,12.25,18.17,30.57,15
521,3.9544586377939432,2,9.11,4.72,8.27,11.3,7.35,14.24,6.15,12.21,17.75,31.92,15
522,3.9544586377939432,2,9.66,4.74,8.27,11.26,7.14,14.13,6.18,13.22,17.75,30.73,15.12
523,3.9544586377939432,2,9.4,4.74,8.27,11.3,7.58,13.96,6.15,12.35,17.83,30.9,14.94
524,3.9544586377939432,2,9.51,4.74,8.3,11.3,7.06,14.18,6.13,12.55,17.83,31.06,15
525,3.9544586377939432,2,9.4,4.74,8.33,11.26,7.06,14.24,6.08,12.4,17.91,30.25,15.12
526,3.9544586377939432,2,9.22,4.72,8.33,11.26,7.52,14.24,6.08,12.65,17.91,30.09,15.06
527,3.9544586377939432,2,9.51,4.74,8.36,11.26,7.68,14.3,6.11,13.71,17.91,30.57,15
528,3.9544586377939432,2,9.48,4.72,8.36,11.22,7.2,14.01,6.08,12.16,17.91,30.73,15.12
529,3.9544586377939432,2,8.83,4.7,8.36,11.22,6.89,14.07,6.08,12.35,17.91,31.06,15.06
530,3.9544586377939432,2,8.83,4.68,8.36,11.22,6.67,13.79,6.06,12.3,17.91,30.73,14.88
531,3.9544586377939432,2,10.17,4.7,8.36,11.22,7.86,14.07,6.08,12.91,17.91,30.25,14.94
532,3.9544586377939432,2,9.15,4.7,8.36,11.17,7.03,13.68,6.06,12.01,17.91,29.77,15
533,3.9544586377939432,2,9.66,4.68,8.33,11.17,7.29,13.79,6.08,12.85,17.83,29.77,14.94
534,3.9544586377939432,2,8.73,4.68,8.33,11.22,7.49,13.68,6.06,12.65,17.91,29.93,14.88
535,3.9544586377939432,2,10.09,4.68,8.36,11.13,7.52,13.9,6.01,12.96,17.91,29.77,14.7
536,3.9544586377939432,2,8.59,4.68,8.4,11.13,6.83,14.01,5.98,13.33,18,29.93,14.82
537,3.9544586377939432,2,8.76,4.66,8.43,11.13,7.03,13.25,5.98,12.85,18,30.73,14.82
538,3.9544586377939432,2,8.97,4.66,8.43,11.08,6.83,14.24,5.98,12.85,17.91,30.41,14.94
539,3.9544586377939432,2,9.4,4.66,8.43,11.04,7.14,13.73,5.98,12.85,17.91,29.77,14.7
540,3.9544586377939432,2,9.78,4.66,8.46,11.08,7.35,13.96,5.98,12.65,18,30.09,14.82
541,3.993666323564176,2,9.74,4.66,8.46,11.13,7.71,13.79,6.01,12.21,18,30.41,14.64
542,3.993666323564176,2,9.93,4.66,8.46,11.17,7.03,13.73,5.98,12.6,18,29.3,14.76
543,3.993666323564176,2,9.93,4.66,8.5,11.13,7.29,13.79,5.98,12.65,18,30.09,14.64
544,3.993666323564176,2,9.7,4.64,8.46,11.04,7.68,13.9,5.96,12.8,17.91,29.93,14.82
545,3.993666323564176,2,9.93,4.66,8.5,11.08,7.74,13.79,5.98,12.6,17.91,29.61,14.94
546,3.993666323564176,2,9.63,4.64,8.5,11.17,7.62,13.68,5.96,12.55,18,29.61,14.88
547,3.993666323564176,2,9.55,4.64,8.5,11.13,7.35,13.73,5.91,12.3,18,28.85,14.7
548,3.993666323564176,2,9.44,4.64,8.5,11.13,7.41,14.01,5.91,12.25,18,30.9,14.58
549,3.993666323564176,2,9.29,4.6,8.53,11.13,7.58,13.62,5.89,11.5,18.08,29.77,14.82
550,3.993666323564176,2,9.4,4.64,8.56,11.17,6.97,13.96,5.94,11.82,18.08,29.93,14.82
551,3.993666323564176,2,9.33,4.64,8.56,11.13,6.89,13.96,5.91,12.21,18.08,29,15.06
552,3.993666323564176,2,9.44,4.64,8.6,11.22,7,13.79,5.91,12.3,18.08,29.46,14.88
553,3.993666323564176,2,9.33,4.66,8.63,11.17,7.41,13.73,5.94,12.3,18.08,29.46,14.88
554,3.993666323564176,2,9.26,4.64,8.63,11.13,7.23,13.68,5.94,12.65,18.08,29.15,14.82
555,3.993666323564176,2,9.33,4.64,8.63,11.13,7.11,13.68,5.89,12.45,18.08,28.7,14.82
556,3.993666323564176,2,9.37,4.64,8.67,11.17,7,13.84,5.94,13.65,18.25,32.09,14.94
557,3.993666323564176,2,9.37,4.62,8.67,11.17,7.09,13.9,5.91,12.65,18.25,29.15,14.88
558,3.993666323564176,2,9.37,4.6,8.63,11.17,6.72,12.43,5.91,12.55,18.34,29.15,14.94
559,3.993666323564176,2,9.26,4.62,8.63,11.17,7.03,13.79,5.89,11.78,18.34,29.15,14.88
560,3.993666323564176,2,9.22,4.62,8.67,11.17,7.35,12.23,5.89,12.01,18.43,29.3,14.94
561,3.993666323564176,2,9.4,4.64,8.7,11.22,7.14,13.25,5.94,12.96,18.43,27.97,14.88
562,3.993666323564176,2,9.55,4.64,8.77,11.26,7.17,13.9,5.91,12.85,18.43,28.41,15
563,3.993666323564176,2,9.26,4.64,8.67,11.26,6.97,13.25,5.91,12.5,18.43,29.61,14.88
564,3.993666323564176,2,9.59,4.64,8.67,11.17,7.09,14.07,5.91,12.65,18.34,29.3,14.76
565,3.993666323564176,2,9.44,4.64,8.7,11.13,7.38,13.51,6.06,13.22,18.43,29.3,14.88
566,3.993666323564176,2,9.22,4.62,8.67,11.08,6.86,13.41,5.91,13.38,18.34,29.3,14.76
567,3.993666323564176,2,9.29,4.58,8.63,11,7.14,13.57,5.84,12.6,18.34,29,14.82
568,3.993666323564176,2,9.29,4.58,8.6,11.08,7.41,13.57,5.84,13.33,18.34,29.3,14.76
569,3.993666323564176,2,9.08,4.58,8.6,11.04,7.03,13.46,5.82,13.33,18.34,29.61,14.76
570,3.993666323564176,2,9.04,4.55,8.56,11,7.11,13.41,5.82,13.06,18.34,27.69,14.46
571,3.993666323564176,2,9.15,4.55,8.6,11.04,7,13.79,5.82,13.27,18.34,28.41,14.52
572,3.993666323564176,2,9.26,4.55,8.6,11.04,7.03,13.25,5.91,13.71,18.25,28.41,14.64
573,3.993666323564176,2,8.97,4.55,8.6,11.04,7.03,13.3,5.82,13.38,18.25,28.85,14.7
574,3.993666323564176,2,8.9,4.55,8.6,11.08,7.35,13.09,5.82,12.75,18.25,28.55,14.64
575,3.993666323564176,2,8.8,4.51,8.56,10.95,6.7,12.53,5.73,12.75,18,28.12,14.64
576,3.993666323564176,2,9.08,4.51,8.56,10.87,6.86,12.23,5.7,12.75,18.08,28.41,14.52
577,3.993666323564176,2,9.15,4.53,8.7,10.95,7.23,12.98,5.68,13.17,18.43,28.7,14.58
578,3.993666323564176,2,9.18,4.51,8.63,10.87,6.94,13.46,5.77,13.17,18.08,29,14.64
579,3.993666323564176,2,9.04,4.49,8.67,10.82,7.03,12.68,5.68,13.33,18.08,26.86,14.64
580,3.993666323564176,2,9.11,4.51,8.67,10.82,7.35,13.68,5.7,14.16,18.08,27.55,14.7
581,3.993666323564176,2,9.11,4.49,8.7,10.82,7.74,13.62,5.7,12.85,18.17,28.12,14.52
582,3.993666323564176,2,9.51,4.49,8.73,10.91,7.2,13.57,5.7,13.17,18.17,27.97,14.58
583,3.993666323564176,2,9.04,4.51,8.73,10.87,7.06,13.04,5.7,12.8,18.25,28.12,14.7
584,3.993666323564176,2,8.69,4.49,8.73,10.82,7.09,12.93,5.68,13.27,18.34,27.83,14.34
585,3.993666323564176,2,9.11,4.51,8.77,10.82,7,13.04,5.68,14.28,18.25,27.97,14.46
586,3.993666323564176,2,8.87,4.49,8.8,10.82,7.23,13.57,5.61,13.22,18.25,28.12,14.52
587,3.993666323564176,2,8.8,4.47,8.84,10.82,7.55,13.35,5.61,13.22,18.34,28.55,14.29
588,3.993666323564176,2,8.9,4.55,8.94,10.95,6.97,13.51,5.73,13.44,18.43,28.41,14.82
589,3.993666323564176,2,9.48,4.55,9.01,10.95,7.32,13.41,5.68,13.71,18.43,29,14.58
590,3.993666323564176,2,9.11,4.55,9.05,11,7.77,13.57,5.7,13.44,18.51,28.7,14.76
591,3.993666323564176,2,9.22,4.51,9.01,11,7.46,13.04,5.68,13.22,18.43,30.9,14.52
592,3.993666323564176,2,8.97,4.53,9.01,11.04,7.65,13.35,5.68,13.22,18.43,28.7,14.58
593,3.993666323564176,2,9.33,4.53,9.08,11.04,7.74,13.41,5.63,15,18.51,29.46,14.17
594,3.993666323564176,2,9.11,4.51,9.08,10.91,6.94,13.51,5.66,14.87,18.6,29.3,14.4
595,3.993666323564176,2,9.22,4.51,9.12,10.82,7.09,12.93,5.61,13.22,18.6,29.15,14.64
596,3.993666323564176,2,9.26,4.49,9.12,10.78,7.23,13.35,5.61,12.91,18.6,29.15,14.64
597,3.993666323564176,2,9.26,4.51,9.19,10.82,7.32,13.51,5.61,13.71,18.6,28.7,14.7
598,3.993666323564176,2,9.51,4.51,9.23,10.82,7.49,13.19,5.7,15.69,18.43,29,14.76
599,3.993666323564176,2,9.18,4.49,9.3,10.87,7.32,13.04,5.61,13.01,18.6,27.41,14.46
600,3.993666323564176,2,9.11,4.49,9.23,10.82,6.94,12.48,5.63,12.96,18.6,27.97,14.76
601,3.9997581174861336,2,9.29,4.51,9.26,10.95,7.23,12.98,5.61,15.06,18.69,29.77,14.7
602,3.9997581174861336,2,9.4,4.49,9.3,10.82,7.26,13.46,5.57,12.75,18.87,29.61,14.64
603,3.9997581174861336,2,9.29,4.49,9.3,10.74,7.29,12.14,5.59,13.06,18.78,28.7,14.4
604,3.9997581174861336,2,9.18,4.47,9.3,10.78,7.55,13.19,5.57,13.76,18.69,28.12,14.64
605,3.9997581174861336,2,9.01,4.47,9.34,10.78,7.11,12.38,5.57,13.88,18.96,29.46,14.64
606,3.9997581174861336,2,9.59,4.45,9.34,10.78,7.26,9.44,5.57,13.44,18.87,29.15,14.46
607,3.9997581174861336,2,9.08,4.49,9.37,10.78,7.17,13.46,5.57,13.06,18.78,27.55,14.52
608,3.9997581174861336,2,9.78,4.49,9.37,10.78,7.58,13.51,5.59,13.6,18.69,27.83,14.58
609,3.9997581174861336,2,8.97,4.49,9.41,10.78,7.29,13.19,5.57,13.27,18.69,27.97,14.34
610,3.9997581174861336,2,9.15,4.47,9.45,10.82,7.17,13.04,5.57,13.54,18.69,27.83,14.34
611,3.9997581174861336,2,9.37,4.49,9.45,10.78,7.32,13.35,5.54,15,18.69,27.97,14.4
612,3.9997581174861336,2,9.26,4.39,9.34,10.7,7.26,13.14,5.48,14.69,18.6,27.83,14.29
613,3.9997581174861336,2,9.01,4.39,9.34,10.7,7.06,13.04,5.48,14.22,18.6,28.55,14.34
614,3.9997581174861336,2,9.18,4.45,9.41,10.82,7.32,13.25,5.52,14.1,18.78,28.7,14.52
615,3.9997581174861336,2,9.26,4.45,9.48,10.82,7.26,13.25,5.52,14.22,18.78,28.7,14.52
616,3.9997581174861336,2,9.44,4.47,9.48,10.74,7.68,13.3,5.54,14.05,18.78,29.61,14.52
617,3.9997581174861336,2,9.63,4.45,9.52,10.7,7.49,12.43,5.54,13.38,18.87,28.7,14.46
618,3.9997581174861336,2,9.22,4.47,9.56,10.7,7.35,13.14,5.61,13.33,18.87,28.7,14.52
619,3.9997581174861336,2,9.4,4.47,9.56,10.7,7.92,13.3,5.52,13.99,27.3,27.83,14.4
620,3.9997581174861336,2,9.37,4.49,9.67,10.78,7.43,13.09,5.5,13.6,25.66,29.46,14.46
621,3.9997581174861336,2,9.51,4.47,9.63,10.74,7.74,13.3,5.5,13.99,25.8,30.25,14.46
622,3.9997581174861336,2,9.44,4.45,9.71,10.74,7.52,13.3,5.5,14.16,24.83,29,14.58
623,3.9997581174861336,2,9.37,4.45,9.71,10.7,7,13.19,5.48,14.22,22.92,29,14.4
624,3.9997581174861336,2,9.37,4.45,9.75,10.7,7.46,12.09,5.5,14.57,19.9,27.97,14.4
625,3.9997581174861336,2,8.94,4.41,9.71,10.65,7.58,11.35,5.48,13.71,17.91,28.55,14.34
626,3.9997581174861336,2,9.11,4.45,9.75,10.74,7.52,13.09,5.5,13.82,18.25,28.7,14.23
627,3.9997581174861336,2,9.26,4.43,9.71,10.65,7.35,12.88,5.48,14.45,18.17,30.09,14.64
628,3.9997581174861336,2,9.22,4.47,9.82,10.74,7.92,13.04,5.5,14.75,18.43,28.12,14.46
629,3.9997581174861336,2,9.33,4.47,9.86,10.78,7.65,13.25,5.48,14.28,18.6,27.97,14.4
630,3.9997581174861336,2,9.48,4.45,9.9,10.78,7.86,12.63,5.48,14.1,18.6,28.12,14.52
631,3.9997581174861336,2,9.29,4.43,9.86,10.74,7.17,12.78,5.45,13.82,18.6,27.97,14.7
632,3.9997581174861336,2,9.18,4.41,9.9,10.74,7.17,12.68,5.43,13.82,18.6,28.55,14.29
633,3.9997581174861336,2,8.87,4.41,9.9,10.78,7.03,12.88,5.41,13.88,18.6,27.83,14.4
634,3.9997581174861336,2,9.11,4.41,9.86,10.78,7.46,12.83,5.43,14.1,18.6,30.73,14.46
635,3.9997581174861336,2,9.01,4.37,9.86,10.78,7.14,12.93,5.41,14.05,18.6,28.12,14.4
636,3.9997581174861336,2,8.83,4.39,9.86,10.82,7.11,12.88,5.43,13.99,18.69,28.12,14.46
637,3.9997581174861336,2,9.04,4.43,9.94,10.87,7.14,12.88,5.43,14.05,18.78,28.26,14.46
638,3.9997581174861336,2,8.94,4.41,9.94,10.82,7.11,13.09,5.41,14.05,18.78,28.26,14.52
639,3.9997581174861336,2,8.83,4.41,10.02,10.82,7.17,12.98,5.43,15.18,18.78,28.26,14.46
640,3.9997581174861336,2,9.04,4.45,10.06,10.91,7.41,12.98,5.43,16.09,18.78,27.69,14.4
641,3.9997581174861336,2,8.8,4.43,10.1,10.87,7.43,12.83,5.41,13.71,18.78,27.41,14.4
642,3.9997581174861336,2,9.01,4.43,10.1,10.91,7.17,13.35,5.48,13.71,18.87,27.69,14.4
643,3.9997581174861336,2,8.9,4.37,10.06,10.82,7.41,13.3,5.36,13.71,18.87,27.69,14.58
644,3.9997581174861336,2,8.63,4.39,9.98,10.82,7,13.35,5.41,15.56,18.78,26.73,14.58
645,3.9997581174861336,2,8.8,4.39,10.06,10.87,7.55,12.63,5.39,15.25,18.87,28.55,14.58
646,3.9997581174861336,2,8.73,4.37,10.06,10.82,7.26,13.35,5.34,15.37,18.78,27.14,14.46
647,3.9997581174861336,2,9.18,4.37,10.06,10.82,7.2,13.46,5.34,15.37,18.78,26.47,14.29
648,3.9997581174861336,2,8.8,4.37,10.1,10.82,7.17,13.46,5.36,14.87,18.87,27.83,14.52
649,3.9997581174861336,2,8.94,4.39,10.1,10.87,7.29,13.41,5.39,14.75,18.96,27.27,14.58
650,3.9997581174861336,2,8.83,4.37,10.06,10.87,7.58,13.3,5.39,14.63,18.87,27.55,14.29
651,3.9997581174861336,2,8.97,4.37,10.06,10.87,7.03,13.19,5.45,14.75,18.87,27.69,14.29
652,3.9997581174861336,2,8.59,4.37,10.06,10.87,7.29,12.63,5.39,14.51,18.96,27.69,14.46
653,3.9997581174861336,2,9.18,4.37,10.06,10.87,7.68,12.48,5.39,14.81,18.87,27.41,14.52
654,3.9997581174861336,2,9.15,4.33,10.02,10.82,7.62,12.78,5.34,14.33,18.87,27.69,14.52
655,3.9997581174861336,2,9.08,4.33,9.98,10.78,7.29,12.93,5.32,14.45,18.96,27.41,14.46
656,3.9997581174861336,2,9.11,4.35,10.02,10.82,7.32,13.19,5.32,14.51,18.96,29,14.17
657,3.9997581174861336,2,8.73,4.35,10.06,10.82,7.23,13.35,5.34,14.69,18.96,28.41,14.23
658,3.9997581174861336,2,9.22,4.35,10.06,10.87,7.89,13.41,5.34,13.6,18.96,27,14.4
659,3.9997581174861336,2,9.29,4.37,10.1,10.87,7.71,12.38,5.34,14.45,18.96,27.41,14.17
660,3.9997581174861336,2,9.51,4.37,10.1,10.87,7.86,12.38,5.32,14.75,18.96,27.41,14.58
661,4.049554083074122,3,9.11,4.35,10.14,10.87,7.58,12.78,5.32,14.57,18.96,27.41,14.52
662,4.049554083074122,3,8.94,4.37,10.1,10.91,7.35,12.73,5.34,14.63,19.05,26.86,14.52
663,4.049554083074122,3,9.04,4.39,10.14,10.91,7.23,13.19,5.34,14.63,19.05,27.69,14.52
664,4.049554083074122,3,9.22,4.35,10.14,11,7.29,12.78,5.32,14.63,19.05,27.69,14.29
665,4.049554083074122,3,8.66,4.35,10.1,10.91,7.11,12.58,5.32,14.81,19.05,28.12,14.4
666,4.049554083074122,3,8.59,4.35,10.1,10.82,7.26,12.38,5.32,14.87,19.05,27,14.23
667,4.049554083074122,3,9.15,4.37,10.14,10.87,7.71,12.48,5.32,14.57,18.96,27.69,14.23
668,4.049554083074122,3,8.87,4.35,10.14,10.87,6.89,13.14,5.32,14.16,19.05,26.86,14.29
669,4.049554083074122,3,9.29,4.37,10.14,10.91,7.26,12.83,5.32,14.39,19.05,27.27,14.29
670,4.049554083074122,3,9.48,4.39,10.22,11,7.46,13.14,5.32,14.87,19.05,27.69,14
671,4.049554083074122,3,9.26,4.37,10.18,10.95,7.65,12.68,5.32,15.06,19.05,27.41,14.34
672,4.049554083074122,3,9.4,4.39,10.22,10.91,7.38,12.33,5.28,14.75,27.78,27.69,14.23
673,4.049554083074122,3,9.26,4.35,10.22,10.87,7.52,12.68,5.26,13.71,27.14,26.47,14.11
674,4.049554083074122,3,8.94,4.37,10.26,10.82,7.65,12.33,5.26,13.65,26.84,27.41,14.23
675,4.049554083074122,3,9.33,4.37,10.3,10.87,7.46,12.68,5.28,14.16,26.39,27.14,14.11
676,4.049554083074122,3,8.63,4.37,10.34,10.82,7,13.19,5.26,13.99,25.8,27.97,14.17
677,4.049554083074122,3,9.04,4.37,10.34,10.82,7.2,13.09,5.28,13.99,25.1,26.73,14.06
678,4.049554083074122,3,9.15,4.35,10.34,10.87,7.38,12.98,5.26,13.99,24.56,27.69,14.29
679,4.049554083074122,3,9.29,4.35,10.34,10.78,7.17,12.83,5.26,14.28,24.17,27.83,14.06
680,4.049554083074122,3,8.46,4.35,10.38,10.82,7.14,12.83,5.32,13.65,24.04,27.97,14.4
681,4.049554083074122,3,8.66,4.37,10.42,10.87,7.35,12.88,5.34,14.75,23.78,27.41,14.4
682,4.049554083074122,3,9.08,4.37,10.42,10.87,7.2,13.14,5.23,14.05,23.41,27.69,13.67
683,4.049554083074122,3,9.11,4.35,10.46,10.91,7.41,12.38,5.23,13.71,23.04,27.14,14.29
684,4.049554083074122,3,9.11,4.37,10.46,10.95,7.38,12.48,5.26,13.71,22.8,26.73,14
685,4.049554083074122,3,9.08,4.37,10.5,10.95,7.68,12.98,5.26,14.28,22.56,26.86,14
686,4.049554083074122,3,8.9,4.35,10.5,10.91,7.03,12.73,5.23,14.51,22.22,26.86,14
687,4.049554083074122,3,8.9,4.37,10.5,10.95,7.11,12.78,5.26,14.16,22.1,27.41,14.17
688,4.049554083074122,3,9.01,4.37,10.5,10.95,6.94,12.78,5.26,14.1,21.99,27.14,14.17
689,4.049554083074122,3,9.18,4.37,10.54,10.91,7.14,12.88,5.28,14.28,21.66,27.83,14.17
690,4.049554083074122,3,8.56,4.33,10.5,10.87,6.92,12.88,5.21,13.82,21.44,27,14.17
691,4.049554083074122,3,9.04,4.35,10.5,10.91,7.41,12.73,5.21,14.57,21.33,27,14.4
692,4.049554083074122,3,9.18,4.35,10.58,10.95,7.77,13.04,5.23,13.82,21.12,27.83,14.4
693,4.049554083074122,3,8.63,4.35,10.58,10.91,7,13.14,5.23,14.33,20.91,27.41,14.17
694,4.049554083074122,3,8.94,4.35,10.62,10.91,7.2,13.25,5.23,14.33,20.7,27.69,14.23
695,4.049554083074122,3,8.76,4.31,10.66,11.04,7.38,13.04,5.23,13.76,20.39,26.73,14.06
696,4.049554083074122,3,8.83,4.35,10.66,10.95,7.14,13.19,5.23,14.1,20.29,26.73,14.34
697,4.049554083074122,3,8.76,4.37,10.66,10.91,7.09,13.04,5.26,15.96,20.19,27,14.58
698,4.049554083074122,3,9.11,4.35,10.71,10.91,7.2,13.09,5.21,14.63,19.61,26.73,14.23
699,4.049554083074122,3,9.11,4.35,10.71,10.95,7.35,12.98,5.19,14.39,19.61,26.73,14.23
700,4.049554083074122,3,9.04,4.33,10.75,11.04,7.41,12.78,5.19,14.28,19.9,26.6,14.46
701,4.049554083074122,3,8.69,4.35,10.71,10.82,7.49,13.09,5.19,14.57,19.8,26.86,14.23
702,4.049554083074122,3,8.59,4.33,10.75,10.82,6.97,12.53,5.19,14.63,19.61,26.6,14.17
703,4.049554083074122,3,8.52,4.33,10.71,11.13,6.89,13.19,5.17,13.82,19.33,26.86,14.06
704,4.049554083074122,3,8.73,4.33,10.71,10.82,7,13.04,5.17,14.22,19.23,27.83,13.94
705,4.049554083074122,3,8.97,4.33,10.71,10.91,7.52,13.09,5.15,14.16,19.14,27,14
706,4.049554083074122,3,8.63,4.31,10.71,11.04,6.92,12.98,5.15,14.05,19.05,26.73,14
707,4.049554083074122,3,8.76,4.35,10.79,10.82,7.43,12.93,5.17,14.51,18.96,27.14,11.12
708,4.049554083074122,3,8.87,4.33,10.79,10.78,7.41,12.93,5.15,14.16,18.78,26.73,14.29
709,4.049554083074122,3,8.66,4.31,10.79,10.95,6.97,13.04,5.11,13.82,17.67,27.55,14.34
710,4.049554083074122,3,8.83,4.33,10.79,11,7.03,13.19,5.17,14.93,17.34,27.69,14
711,4.049554083074122,3,8.66,4.29,10.75,10.78,6.92,12.93,5.13,14.51,14.63,27.14,14
712,4.049554083074122,3,8.56,4.29,10.71,10.82,7.38,12.88,5.15,14.16,15.49,25.95,13.94
713,4.049554083074122,3,8.63,4.29,10.71,10.78,7.41,12.83,5.13,14.28,15.77,25.44,13.72
714,4.049554083074122,3,8.69,4.27,10.71,10.78,7,12.78,5.11,14.22,15.98,25.95,13.67
715,4.049554083074122,3,8.52,4.29,10.71,11.13,7.2,13.04,5.11,14.16,16.12,25.32,13.78
716,4.049554083074122,3,8.73,4.27,10.75,12.39,7.2,13.09,5.09,14.28,16.27,25.82,13.78
717,4.049554083074122,3,8.73,4.29,10.75,11.08,7.35,12.83,5.11,14.33,16.2,25.44,13.89
718,4.049554083074122,3,8.39,4.29,10.75,11.3,6.94,12.83,5.17,14.45,16.34,26.6,13.94
719,4.049554083074122,3,8.8,4.29,10.75,11.13,7.03,11.17,5.06,14.51,16.34,26.07,14.11
720,4.049554083074122,3,8.69,4.29,10.75,11,7.03,12.93,5.15,14.28,16.49,27.41,13.83
721,4.122483910931027,3,8.9,4.31,10.75,11.08,7.52,12.93,5.11,14.16,16.49,27,13.89
722,4.122483910931027,3,8.8,4.31,10.75,11.04,7.14,12.68,5.09,14.87,16.49,25.07,14
723,4.122483910931027,3,8.69,4.29,10.75,11.04,7.06,12.53,5.09,14.39,16.64,26.07,13.83
724,4.122483910931027,3,8.97,4.29,10.79,11.17,6.83,12.68,5.09,14.33,16.72,26.6,14.06
725,4.122483910931027,3,8.76,4.31,10.83,11.04,7.29,12.43,5.09,14.63,16.79,26.2,14.17
726,4.122483910931027,3,8.66,4.31,10.79,11.04,6.92,12.93,5.09,14.33,16.72,26.07,14.11
727,4.122483910931027,3,8.83,4.31,10.88,11.04,7.23,12.98,5.09,14.1,16.79,26.73,14.11
728,4.122483910931027,3,9.11,4.27,10.88,11.08,7.06,12.88,5.09,13.99,16.87,26.2,14.11
729,4.122483910931027,3,9.01,4.29,10.88,11.08,7.14,12.93,5.15,14.22,16.87,25.69,14.4
730,4.122483910931027,3,9.04,4.29,10.88,11.04,7.23,12.68,5.06,14.33,16.87,26.2,14.11
731,4.122483910931027,3,8.94,4.31,10.83,11.04,7.46,12.73,5.09,15.89,16.95,25.95,14.06
732,4.122483910931027,3,8.83,4.31,10.88,11,6.92,12.83,5.04,14.57,17.03,26.2,14.11
733,4.122483910931027,3,8.59,4.31,10.88,11.04,7.03,13.09,5.06,14.16,17.1,24.95,14.11
734,4.122483910931027,3,8.49,4.31,10.88,11.04,6.81,12.78,5.04,14.63,17.18,25.69,14.11
735,4.122483910931027,3,8.76,4.31,10.92,11,7.2,12.19,5.06,14.63,17.18,25.69,14.11
736,4.122483910931027,3,8.49,4.31,10.88,11.04,7.38,12.48,5.04,14.69,17.26,26.73,14.06
737,4.122483910931027,3,8.46,4.31,10.88,10.95,7.35,12.53,5.06,14.69,17.18,27,14.06
738,4.122483910931027,3,8.52,4.31,10.92,11,7.35,12.78,5.04,14.81,17.26,26.86,14.06
739,4.122483910931027,3,8.83,4.31,10.88,11.08,7.06,12.19,5.04,14.93,17.26,27.14,14.06
740,4.122483910931027,3,8.87,4.31,10.88,11.04,7.23,12.68,5.06,14.93,17.34,26.2,14.11
741,4.122483910931027,3,8.52,4.31,10.92,11.04,7,12.58,5.04,14.63,17.34,26.2,14.06
742,4.122483910931027,3,8.39,4.29,10.88,11.04,6.83,12.09,5.02,15.12,17.42,26.07,13.78
743,4.122483910931027,3,8.59,4.29,10.88,11.13,6.81,12.53,5.02,14.81,17.42,26.07,13.89
744,4.122483910931027,3,8.66,4.29,10.88,11,7.09,12.93,5.02,14.45,17.42,25.32,13.94
745,4.122483910931027,3,8.83,4.33,10.96,11.04,6.89,13.3,5.02,14.69,17.42,25.44,14
746,4.122483910931027,3,8.76,4.33,10.96,11.04,7.11,12.58,5.02,14.69,17.5,25.69,13.78
747,4.122483910931027,3,8.73,4.33,10.92,11.08,7.03,12.68,5.02,14.69,17.5,25.82,13.94
748,4.122483910931027,3,8.73,4.33,10.96,11.04,7.17,12.98,5.02,15.06,17.5,25.44,13.94
749,4.122483910931027,3,8.87,4.33,10.96,11.08,6.97,12.68,5,15.18,17.5,25.95,14
750,4.122483910931027,3,9.29,4.31,10.96,11.04,7.46,12.68,5,15.18,17.58,26.47,13.83
751,4.122483910931027,3,9.15,4.31,11,11,7.03,12.63,5,15.18,17.67,26.2,14
752,4.122483910931027,3,9.18,4.35,11.05,11.04,7.11,12.78,5,15.25,17.75,25.57,14.11
753,4.122483910931027,3,9.01,4.37,11.09,11.13,7.06,12.48,5.02,15.56,17.83,25.95,14.11
754,4.122483910931027,3,9.01,4.35,11.13,11.04,7.43,12.68,5,15.25,17.75,25.82,14.11
755,4.122483910931027,3,9.18,4.35,11.13,11.04,7.74,12.73,5,14.39,17.91,26.33,14.06
756,4.122483910931027,3,9.01,4.35,11.13,11.13,7.62,12.48,5.02,14.51,17.91,25.69,14.11
757,4.122483910931027,3,9.29,4.33,11.13,11.04,7.35,12.78,5,14.22,17.83,25.44,14.06
758,4.122483910931027,3,9.15,4.33,11.09,11.04,7.14,12.43,5.02,13.99,17.83,25.69,14
759,4.122483910931027,3,9.11,4.33,11.13,11.04,7.38,12.93,4.96,14.22,17.91,26.47,14.06
760,4.122483910931027,3,9.11,4.33,11.18,10.87,7.2,12.63,4.96,14.28,18,25.82,14
761,4.122483910931027,3,9.08,4.33,11.22,11,7.41,13.14,4.98,14.28,18.08,25.2,14.06
762,4.122483910931027,3,8.49,4.31,11.22,11,7.17,13.09,4.96,14.28,18.08,26.86,13.94
763,4.122483910931027,3,9.18,4.33,11.22,11.04,7.68,12.93,4.96,14.22,18.08,25.95,14.34
764,4.122483910931027,3,8.59,4.33,11.22,11.04,7.29,12.88,4.96,14.39,18.17,26.86,14.17
765,4.122483910931027,3,8.83,4.33,11.22,11,7.29,12.98,4.96,14.22,18.08,26.73,14.11
766,4.122483910931027,3,8.73,4.31,11.22,11,7.38,12.98,4.94,14.16,18.17,27,13.78
767,4.122483910931027,3,8.69,4.33,11.22,11,7.62,13.04,4.94,14.33,18.17,26.47,14
768,4.122483910931027,3,8.83,4.35,11.27,11.04,7.41,12.58,4.96,14.39,18.25,26.6,14.17
769,4.122483910931027,3,9.08,4.33,11.27,10.95,7.74,12.43,4.92,14.39,18.25,26.33,14.46
770,4.122483910931027,3,8.76,4.33,11.31,11,7.26,12.58,4.94,14.39,18.25,26.2,14.23
771,4.122483910931027,3,9.08,4.33,11.31,11.04,7.2,12.93,4.94,14.93,18.25,25.82,14.23
772,4.122483910931027,3,9.08,4.33,11.35,11.08,7.65,13.19,4.94,14.33,18.25,26.47,14.11
773,4.122483910931027,3,9.15,4.33,11.35,11.13,7.65,12.38,4.96,14.39,18.34,26.33,14.06
774,4.122483910931027,3,9.08,4.33,11.35,11.13,7.62,12.83,4.96,14.87,18.25,26.2,13.78
775,4.122483910931027,3,9.22,4.33,11.31,11.04,7.35,12.93,4.94,14.69,18.34,26.07,13.78
776,4.122483910931027,3,9.01,4.35,11.4,11.13,7.17,13.35,4.94,14.28,18.43,25.82,13.94
777,4.122483910931027,3,9.01,4.33,11.44,11.08,7.49,13.19,4.92,14.22,18.43,26.07,14.11
778,4.122483910931027,3,9.04,4.33,11.44,11.04,7.2,13.14,4.94,14.22,18.51,26.07,13.83
779,4.122483910931027,3,9.11,4.35,11.49,11.04,7.14,13.14,4.94,15.31,18.51,25.32,14.29
780,4.122483910931027,3,9.04,4.35,11.49,11.08,7.14,13.04,4.94,14.16,18.51,25.82,14.17
781,4.257484898736022,3,8.76,4.33,11.53,11,7.55,12.78,4.98,14.22,18.43,25.57,14.23
782,4.257484898736022,3,8.52,4.33,11.49,11.08,7.11,13.09,4.94,14.87,18.43,24.83,14.34
783,4.257484898736022,3,8.66,4.33,11.49,11,7.52,12.58,4.9,15.06,18.43,25.82,14.11
784,4.257484898736022,3,8.42,4.31,11.49,11.04,7.32,13.04,4.9,14.75,18.43,25.95,14.29
785,4.257484898736022,3,8.66,4.31,11.49,11.04,6.94,12.98,4.88,14.05,18.51,26.47,14.06
786,4.257484898736022,3,8.66,4.31,11.58,10.95,7.32,13.19,4.88,14.28,18.51,26.2,14.17
787,4.257484898736022,3,8.42,4.31,11.63,11,6.92,13.19,4.88,13.99,18.51,26.6,13.72
788,4.257484898736022,3,8.49,4.33,11.63,11.08,6.89,13.19,4.88,14.1,18.51,26.33,14.17
789,4.257484898736022,3,8.63,4.31,11.63,12.54,7.23,12.98,4.88,14.1,18.51,27,14.23
790,4.257484898736022,3,8.63,4.33,11.67,10.87,7.26,12.98,4.82,14.28,18.69,26.6,14.11
791,4.257484898736022,3,8.73,4.35,11.72,10.95,7.09,13.09,4.88,14.1,18.6,25.32,14.23
792,4.257484898736022,3,8.52,4.33,11.72,10.95,7.35,12.53,4.86,13.93,18.6,25.07,14.06
793,4.257484898736022,3,8.42,4.31,11.67,10.95,6.94,12.48,4.86,14.16,18.69,26.07,13.78
794,4.257484898736022,3,8.73,4.31,11.72,10.95,7.03,12.78,4.84,14.28,18.6,26.07,13.89
795,4.257484898736022,3,8.76,4.33,11.72,11,7.26,12.23,4.86,14.87,18.78,25.44,13.94
796,4.257484898736022,3,8.42,4.31,11.76,10.95,6.86,12.38,4.84,14.45,18.78,25.44,13.94
797,4.257484898736022,3,8.73,4.31,11.72,11,7.29,12.04,4.84,14.16,18.69,24.59,14.29
798,4.257484898736022,3,8.73,4.31,11.72,10.95,7.03,12.43,4.84,14.51,18.69,25.57,13.83
799,4.257484898736022,3,8.52,4.33,11.76,11,7.43,12.68,4.86,14.93,18.78,25.82,14.06
800,4.257484898736022,3,8.83,4.33,11.76,11.04,7.43,13.25,4.92,14.51,18.69,26.07,13.89
801,4.257484898736022,3,8.52,4.33,11.76,11.04,7.26,13.14,4.86,14.33,18.69,26.07,14
802,4.257484898736022,3,8.56,4.35,11.76,11.08,6.89,13.04,4.86,14.57,18.87,25.95,14
803,4.257484898736022,3,8.9,4.35,11.81,11.08,7,13.19,4.86,14.81,18.78,25.32,14.34
804,4.257484898736022,3,8.52,4.35,11.86,11.13,7.35,13.3,4.82,14.87,18.87,25.2,14
805,4.257484898736022,3,8.87,4.35,11.9,11.08,7.09,12.93,4.84,15,18.87,25.82,14
806,4.257484898736022,3,9.08,4.37,11.95,11.13,7.74,13.41,4.86,15.69,18.87,25.44,14.06
807,4.257484898736022,3,8.73,4.35,11.95,11.13,6.89,13.19,4.84,14.81,18.87,25.44,14.06
808,4.257484898736022,3,9.26,4.35,12,11.08,7.32,12.83,4.84,16.02,18.87,25.82,14
809,4.257484898736022,3,9.15,4.37,12.09,11.13,7.46,13.09,4.84,14.63,18.87,25.82,14
810,4.257484898736022,3,9.08,4.37,12,11.13,7.38,13.19,4.84,14.69,18.96,25.69,14.46
811,4.257484898736022,3,8.76,4.37,12.09,11.17,7.32,13.09,4.84,14.75,18.96,25.82,14.11
812,4.257484898736022,3,8.76,4.37,12.05,11.13,7.11,13.3,4.82,16.3,19.05,26.47,14.11
813,4.257484898736022,3,8.52,4.35,12.05,11.08,6.89,13.41,4.78,14.57,19.05,25.95,14.34
814,4.257484898736022,3,9.04,4.35,12.05,10.95,7.06,13.35,4.8,14.63,18.96,25.69,13.78
815,4.257484898736022,3,9.04,4.35,12.05,11,7.11,13.35,4.8,15.5,18.96,25.95,14.17
816,4.257484898736022,3,8.49,4.35,12.14,11,7.11,13.19,4.84,14.51,18.96,26.33,13.56
817,4.257484898736022,3,8.46,4.35,12.09,11,7.03,13.25,4.8,14.75,18.96,25.95,13.94
818,4.257484898736022,3,8.83,4.37,12.14,11.04,7.14,13.51,4.82,14.63,19.05,29,14.06
819,4.257484898736022,3,8.8,4.37,12.19,11.04,7,13.46,4.82,14.75,19.14,24.83,14.29
820,4.257484898736022,3,8.56,4.37,12.14,11.04,7.03,13.41,4.82,14.69,19.23,25.69,13.89
821,4.257484898736022,3,8.87,4.37,12.19,11.04,6.97,13.46,4.8,16.3,19.23,25.2,14.23
822,4.257484898736022,3,9.08,4.39,12.24,11.08,7.77,13.09,4.84,15.5,19.23,25.32,14.29
823,4.257484898736022,3,8.42,4.37,12.24,11.08,6.97,13.35,4.82,14.93,19.23,25.2,14
824,4.257484898736022,3,8.49,4.37,12.29,11.08,6.94,13.62,4.82,14.57,19.23,26.2,14
825,4.257484898736022,3,8.42,4.37,12.29,11.13,6.94,13.35,4.82,14.51,19.14,24.59,14
826,4.257484898736022,3,8.97,4.39,12.29,11.08,7.11,13.46,4.8,14.81,19.14,25.69,14
827,4.257484898736022,3,8.94,4.37,12.29,11.08,7.03,13.35,4.8,14.51,19.14,24.95,14
828,4.257484898736022,3,8.33,4.39,12.33,11.08,6.67,13.19,4.82,14.69,19.23,25.57,14.17
829,4.257484898736022,3,8.33,4.37,12.29,11.08,7.03,13.19,4.78,14.63,19.23,26.47,13.94
830,4.257484898736022,3,8.97,4.37,12.33,11.08,7.58,13.14,4.78,14.57,19.23,25.82,13.94
831,4.257484898736022,3,8.97,4.37,12.38,11.08,7.35,13.14,4.8,14.28,19.23,25.69,14.06
832,4.257484898736022,3,9.01,4.37,12.38,11.13,7.38,12.98,4.8,14.75,19.23,25.82,14.06
833,4.257484898736022,3,9.04,4.37,12.38,11.13,7.8,13.41,4.78,14.81,19.23,25.44,14.11
834,4.257484898736022,3,8.59,4.39,12.43,11.17,7.52,13.57,4.8,15.06,19.33,25.44,14.11
835,4.257484898736022,3,8.36,4.37,12.43,11.13,6.94,13.46,4.8,14.87,19.33,26.2,14.34
836,4.257484898736022,3,9.11,4.41,12.48,11.22,7.06,13.41,4.82,14.81,19.33,25.2,14.34
837,4.257484898736022,3,8.63,4.39,12.48,11.17,7.06,13.35,4.8,14.57,19.42,25.69,14.29
838,4.257484898736022,3,8.56,4.39,12.53,11.17,6.81,13.57,4.8,14.75,19.42,25.69,14.23
839,4.257484898736022,3,9.18,4.41,12.53,11.22,7.41,13.62,4.78,14.69,19.42,24.95,14.23
840,4.257484898736022,3,8.69,4.39,12.58,11.17,7.06,13.19,4.78,14.45,19.42,24.59,14.17
841,4.942929912481451,3,8.66,4.37,12.53,11.17,7.38,13.62,4.76,14.39,19.33,24.59,14.23
842,4.942929912481451,3,8.56,4.37,12.58,11.13,6.92,13.41,4.78,14.39,19.42,24.83,14.17
843,4.942929912481451,3,8.56,4.39,12.58,11.17,7.09,13.51,4.78,14.75,19.42,25.07,13.89
844,4.942929912481451,3,9.08,4.37,12.58,11.17,7.17,12.58,4.76,14.81,19.42,25.07,13.89
845,4.942929912481451,3,9.22,4.39,12.58,11.22,7.29,13.57,4.78,14.75,19.42,25.32,14.29
846,4.942929912481451,3,9.26,4.41,12.68,11.26,7.23,13.14,4.78,14.51,19.52,25.2,14.06
847,4.942929912481451,3,8.59,4.39,12.68,11.22,6.92,13.79,4.76,15.18,19.52,25.2,13.94
848,4.942929912481451,3,9.22,4.39,12.63,11.22,7.14,13.35,4.74,14.75,19.52,25.32,14.11
849,4.942929912481451,3,9.22,4.39,12.68,11.22,7.2,13.68,4.76,14.57,19.52,25.32,14.06
850,4.942929912481451,3,8.42,4.39,12.73,11.26,7.09,13.46,4.76,14.39,19.52,25.57,14.11
851,4.942929912481451,3,9.15,4.41,12.73,11.26,7.52,13.19,4.78,15.06,19.52,25.69,14.11
852,4.942929912481451,3,8.8,4.39,12.73,11.26,6.94,13.51,4.78,14.45,19.52,26.47,14.06
853,4.942929912481451,3,8.39,4.41,12.73,11.35,7.17,13.46,4.78,14.45,19.52,25.57,14.11
854,4.942929912481451,3,8.49,4.43,12.78,11.3,6.97,13.68,4.78,15.76,19.52,25.07,13.94
855,4.942929912481451,3,8.46,4.43,12.83,11.3,6.86,13.35,4.76,14.63,19.71,25.07,14.34
856,4.942929912481451,3,9.51,4.41,12.83,11.39,7.23,13.19,4.74,14.51,19.61,23.9,14.11
857,4.942929912481451,3,9.33,4.39,12.83,11.3,7.43,13.14,4.72,14.51,19.61,25.69,14.17
858,4.942929912481451,3,9.78,4.41,12.88,11.35,7.11,13.14,4.76,14.63,19.61,25.2,14.23
859,4.942929912481451,3,9.78,4.43,12.88,11.3,7.52,13.14,4.76,14.69,19.61,25.07,14.23
860,4.942929912481451,3,9.18,4.39,12.88,11.44,6.97,13.62,4.74,14.75,19.61,25.44,14.17
861,4.942929912481451,3,9.26,4.37,12.88,11.26,7.46,13.41,4.72,14.81,19.71,25.69,14.11
862,4.942929912481451,3,9.33,4.35,12.83,11.22,7.2,13.14,4.72,14.69,19.52,28.12,14.11
863,4.942929912481451,3,9.82,4.39,12.83,11.26,7.35,13.46,4.74,15.06,19.61,25.2,14.06
864,4.942929912481451,3,9.74,4.39,12.83,11.3,7.32,13.68,4.72,15,19.61,24.95,14.34
865,4.942929912481451,3,9.78,4.39,12.88,11.35,7.8,13.62,4.7,14.63,19.71,25.57,13.94
866,4.942929912481451,3,10.01,4.39,12.88,11.35,7.49,13.41,4.72,14.69,19.8,27,14.17
867,4.942929912481451,3,9.89,4.41,12.88,11.3,7.2,13.35,4.74,15.44,19.8,26.2,14.29
868,4.942929912481451,3,10.21,4.43,12.94,11.3,7.86,13.68,4.72,14.57,19.71,25.32,14
869,4.942929912481451,3,9.93,4.41,12.94,11.3,7.65,13.09,4.78,14.57,19.71,25.82,14.11
870,4.942929912481451,3,9.89,4.43,12.99,11.35,7.55,12.83,4.74,14.57,19.71,25.82,14.34
871,4.942929912481451,3,9.89,4.41,12.94,11.35,7.77,13.35,4.72,14.75,19.71,26.07,14.17
872,4.942929912481451,3,9.86,4.41,12.94,11.3,7.32,13.57,4.7,15.06,19.71,25.07,14.34
873,4.942929912481451,3,9.82,4.39,12.94,11.3,7.55,13.68,4.68,14.51,19.71,27.14,14.23
874,4.942929912481451,3,10.01,4.41,12.99,11.3,7.89,13.25,4.68,15.44,19.8,25.32,14.23
875,4.942929912481451,3,9.97,4.41,12.99,11.3,7.86,13.51,4.68,14.39,19.71,25.95,14.29
876,4.942929912481451,3,9.89,4.41,12.99,11.39,7.95,14.07,4.7,14.57,19.71,24.83,14.23
877,4.942929912481451,3,9.89,4.41,13.04,11.3,7.52,14.01,4.7,14.51,19.71,25.57,14.23
878,4.942929912481451,3,9.89,4.41,13.04,11.35,7.58,12.73,4.7,14.51,19.71,25.57,14.23
879,4.942929912481451,3,9.82,4.41,13.04,11.35,7.49,13.35,4.7,15,19.8,25.32,14.23
880,4.942929912481451,3,9.78,4.41,12.99,11.35,7.49,13.68,4.68,14.39,19.61,25.32,14.17
881,4.942929912481451,3,9.86,4.41,13.04,11.35,7.65,13.46,4.68,15.06,19.71,25.32,14.46
882,4.942929912481451,3,9.82,4.39,13.04,11.3,7.46,13.09,4.66,14.57,19.71,25.57,14
883,4.942929912481451,3,9.82,4.39,13.14,11.26,7.49,13.35,4.66,15.37,19.61,25.69,14.11
884,4.942929912481451,3,9.78,4.39,13.09,11.3,7.65,13.35,4.66,14.45,19.71,25.32,14.23
885,4.942929912481451,3,9.55,4.37,12.99,11.26,7.46,13.14,4.64,15.31,19.61,25.57,14.17
886,4.942929912481451,3,9.78,4.39,13.09,11.3,7.8,13.79,4.66,14.87,19.61,24.83,13.94
887,4.942929912481451,3,9.55,4.37,13.09,11.3,7.77,13.73,4.64,14.28,19.52,25.57,14.17
888,4.942929912481451,3,9.74,4.39,13.09,11.3,7.95,13.57,4.64,14.39,19.71,25.2,14.17
889,4.942929912481451,3,9.78,4.39,13.14,11.3,7.52,12.14,4.62,14.45,19.71,25.32,14.11
890,4.942929912481451,3,9.7,4.37,13.09,11.26,7.55,13.3,4.6,14.28,19.61,24.83,14.11
891,4.942929912481451,3,9.7,4.39,13.09,11.3,7.43,13.62,4.62,14.33,19.71,25.32,13.94
892,4.942929912481451,3,9.66,4.39,13.14,11.3,7.89,13.62,4.62,17.36,19.71,25.95,13.94
893,4.942929912481451,3,9.74,4.41,13.2,11.35,7.55,13.79,4.64,17.44,19.71,25.82,13.94
894,4.942929912481451,3,9.55,4.41,13.2,11.35,7.46,13.57,4.62,17.36,19.71,24.36,14.29
895,4.942929912481451,3,9.7,4.41,13.2,11.35,7.55,13.57,4.62,17.14,19.8,25.32,14.29
896,4.942929912481451,3,9.66,4.39,13.14,11.35,7.52,13.41,4.62,14.16,19.8,24.48,14.29
897,4.942929912481451,3,9.7,4.41,13.2,11.39,7.35,13.62,4.62,14.45,19.8,25.57,14.29
898,4.942929912481451,3,9.74,4.39,13.2,11.35,7.46,12.88,4.6,15.25,19.8,25.32,14.29
899,4.942929912481451,3,9.66,4.41,13.2,11.39,7.92,13.9,4.6,14.22,19.8,24.95,14.29
900,4.942929912481451,3,9.7,4.39,13.2,11.35,7.77,13.57,4.6,14.33,19.8,26.07,13.94
901,5.095707786858631,4,9.66,4.39,13.2,11.39,7.41,12.68,4.6,14.45,19.8,25.95,14
902,5.095707786858631,4,9.7,4.39,13.2,11.35,7.46,13.84,4.62,14.45,19.8,25.44,13.89
903,5.095707786858631,4,9.74,4.41,13.2,11.39,8.11,12.78,4.62,14.63,19.8,25.2,14.11
904,5.095707786858631,4,9.7,4.41,13.2,11.35,7.68,13.57,4.62,14.45,19.8,25.95,13.89
905,5.095707786858631,4,9.7,4.41,13.25,11.35,7.83,13.51,4.6,14.28,19.8,26.33,13.83
906,5.095707786858631,4,9.74,4.41,13.25,11.39,8.02,13.9,4.6,14.33,19.8,25.2,14
907,5.095707786858631,4,9.78,4.41,13.25,11.39,7.99,13.62,4.58,14.16,19.8,25.44,13.94
908,5.095707786858631,4,9.74,4.41,13.25,11.39,7.68,13.68,4.58,14.69,19.9,25.32,13.83
909,5.095707786858631,4,9.55,4.41,13.25,11.35,7.23,13.62,4.58,14.57,19.9,25.82,14.06
910,5.095707786858631,4,9.7,4.41,13.3,11.39,7.35,13.62,4.6,14.51,19.9,25.57,14.11
911,5.095707786858631,4,9.7,4.43,13.3,11.44,7.38,13.84,4.6,14.87,20,25.2,14.17
912,5.095707786858631,4,9.66,4.41,13.3,11.39,7.41,13.9,4.58,14.39,20,25.2,14.29
913,5.095707786858631,4,9.66,4.43,13.36,11.44,7.8,13.79,4.6,14.45,19.9,25.57,14.29
914,5.095707786858631,4,9.63,4.37,13.3,11.35,7.29,13.35,4.54,14.63,19.8,25.32,14.23
915,5.095707786858631,4,11.48,4.37,13.25,11.39,8.78,13.25,4.54,14.81,19.9,25.32,14
916,5.095707786858631,4,9.78,4.39,13.25,11.39,7.95,13.73,4.54,14.39,19.9,25.57,14.06
917,5.095707786858631,4,9.78,4.41,13.3,11.44,7.49,13.62,4.56,14.51,19.9,25.44,14.11
918,5.095707786858631,4,9.63,4.37,13.36,11.39,7.8,13.62,4.54,14.75,19.9,25.2,13.94
919,5.095707786858631,4,9.74,4.37,13.25,11.39,7.99,13.41,4.54,15,19.8,25.2,13.94
920,5.095707786858631,4,9.63,4.37,13.2,11.44,7.52,13.73,4.54,15.18,19.9,24.24,13.94
921,5.095707786858631,4,9.74,4.37,13.2,11.39,7.65,14.07,4.54,14.63,19.8,25.95,13.89
922,5.095707786858631,4,9.59,4.37,13.2,11.39,7.58,13.84,4.54,14.51,19.8,25.32,14.17
923,5.095707786858631,4,9.78,4.37,13.2,11.39,7.92,12.88,4.54,14.81,19.9,25.07,13.83
924,5.095707786858631,4,9.78,4.37,13.2,11.39,7.71,13.25,4.52,14.69,19.9,26.73,13.89
925,5.095707786858631,4,9.82,4.37,13.14,11.39,7.92,13.84,4.52,14.39,19.9,25.2,14.34
926,5.095707786858631,4,9.7,4.37,13.14,11.44,7.65,13.57,4.52,14.45,19.9,25.82,14
927,5.095707786858631,4,9.82,4.37,13.14,11.44,7.92,13.51,4.52,14.63,19.9,25.07,14
928,5.095707786858631,4,9.78,4.37,13.14,11.44,7.38,13.09,4.52,14.63,19.8,25.07,14
929,5.095707786858631,4,9.7,4.39,13.2,11.44,7.43,13.68,4.52,14.45,19.9,24.95,14.17
930,5.095707786858631,4,9.63,4.39,13.2,11.49,7.41,13.57,4.54,14.51,20,25.32,14.17
931,5.095707786858631,4,9.63,4.39,13.2,11.58,7.52,13.57,4.54,14.45,20,25.44,14.06
932,5.095707786858631,4,9.63,4.49,13.36,11.58,7.95,13.84,4.6,14.57,20.09,26.6,14.34
933,5.095707786858631,4,9.66,4.49,13.46,11.62,7.77,13.73,4.6,14.75,20.19,26.47,14.46
934,5.095707786858631,4,9.74,4.51,13.52,11.67,7.65,14.13,4.6,14.63,20.29,26.2,14.29
935,5.095707786858631,4,9.66,4.51,13.57,11.62,7.46,13.57,4.6,14.63,20.19,24.95,14.23
936,5.095707786858631,4,9.82,4.51,13.63,11.62,8.21,13.79,4.6,14.87,20.29,26.73,14.52
937,5.095707786858631,4,9.78,4.51,13.63,11.67,8.24,13.84,4.6,14.63,20.29,26.33,14.46
938,5.095707786858631,4,9.82,4.51,13.63,11.72,7.38,12.73,4.6,14.75,20.19,26.07,14.76
939,5.095707786858631,4,9.78,4.49,13.63,11.62,8.11,14.01,4.58,14.69,20.19,26.86,14.46
940,5.095707786858631,4,9.74,4.49,13.68,11.67,7.86,13.62,4.58,14.69,20.29,24.83,14.23
941,5.095707786858631,4,9.82,4.51,13.74,11.72,7.43,14.53,4.6,15,20.29,25.82,14.11
942,5.095707786858631,4,9.82,4.47,13.68,11.67,7.71,13.79,4.56,14.63,20.49,25.95,14
943,5.095707786858631,4,9.74,4.51,13.74,11.72,8.08,13.96,4.56,14.93,20.39,26.07,14.17
944,5.095707786858631,4,9.86,4.51,13.74,11.62,8.05,14.24,4.56,14.81,20.29,26.47,14.17
945,5.095707786858631,4,9.7,4.49,13.74,11.62,7.55,14.01,4.56,14.81,20.29,26.33,14.29
946,5.095707786858631,4,9.82,4.49,13.74,11.62,7.68,13.84,4.58,14.81,20.19,24.36,14.23
947,5.095707786858631,4,9.82,4.47,13.74,11.62,8.08,14.3,4.56,14.81,20.29,25.07,14.11
948,5.095707786858631,4,9.86,4.49,13.79,11.67,8.02,14.36,4.56,14.75,20.29,26.2,14.29
949,5.095707786858631,4,9.82,4.49,13.74,11.67,8.05,13.79,4.56,15.06,20.29,25.07,14.29
950,5.095707786858631,4,9.74,4.49,13.79,11.67,7.58,13.68,4.56,15.06,20.29,25.69,14.29
951,5.095707786858631,4,9.63,4.49,13.79,11.72,7.77,13.57,4.54,14.87,20.29,26.2,14.29
952,5.095707786858631,4,9.7,4.49,13.79,11.67,7.32,13.46,4.54,15.37,20.29,25.44,14.34
953,5.095707786858631,4,9.66,4.49,13.85,11.72,7.95,13.35,4.54,14.87,20.29,24.83,14.4
954,5.095707786858631,4,9.78,4.47,13.85,11.62,8.15,14.36,4.54,14.87,20.29,25.2,14.23
955,5.095707786858631,4,9.78,4.49,13.85,11.67,7.68,14.42,4.56,14.75,20.39,25.57,14.34
956,5.095707786858631,4,9.74,4.49,13.85,11.76,7.49,14.13,4.54,14.87,20.39,25.32,14.29
957,5.095707786858631,4,9.82,4.49,13.9,11.72,7.86,14.18,4.56,14.81,20.49,25.69,14.29
958,5.095707786858631,4,9.74,4.49,13.9,11.72,7.41,13.96,4.54,15,20.39,25.69,14.23
959,5.095707786858631,4,9.59,4.49,13.9,11.81,7.65,14.3,4.54,15.12,20.39,25.44,14.23
960,5.095707786858631,4,9.74,4.49,13.96,11.81,7.41,14.07,4.58,15.37,20.49,25.32,14.29
961,5.1317081826527025,4,9.66,4.49,13.96,11.67,7.92,13.96,4.54,15.18,20.49,25.32,14.29
962,5.1317081826527025,4,9.66,4.49,13.96,11.72,7.71,14.36,4.52,14.75,20.39,25.95,14.29
963,5.1317081826527025,4,9.74,4.47,13.96,11.76,7.62,14.24,4.54,15.31,20.49,26.2,14.29
964,5.1317081826527025,4,9.74,4.49,13.96,11.72,7.62,14.47,4.54,15.12,20.49,26.33,14.29
965,5.1317081826527025,4,9.7,4.47,13.96,11.72,7.62,13.41,4.54,15,20.49,26.73,14.58
966,5.1317081826527025,4,9.82,4.49,13.96,11.72,7.65,13.73,4.54,15,20.49,26.2,14.23
967,5.1317081826527025,4,9.74,4.49,13.96,11.76,7.74,14.01,4.54,17.29,20.49,25.57,14.4
968,5.1317081826527025,4,9.7,4.51,14.01,11.76,7.46,14.36,4.54,16.86,20.49,26.07,14.4
969,5.1317081826527025,4,9.78,4.49,14.07,11.76,7.71,14.18,4.52,14.93,20.49,25.69,14.46
970,5.1317081826527025,4,9.63,4.47,14.01,11.72,7.86,14.18,4.52,15.12,20.6,25.69,14.06
971,5.1317081826527025,4,9.7,4.47,14.07,11.72,7.46,14.18,4.52,15,20.6,24.59,14
972,5.1317081826527025,4,9.51,4.47,14.07,11.86,7.58,14.18,4.52,15.12,20.6,26.2,13.89
973,5.1317081826527025,4,9.51,4.45,14.07,11.67,7.49,14.18,4.43,15.25,20.6,25.95,13.83
974,5.1317081826527025,4,9.55,4.47,14.18,11.72,7.74,14.07,4.48,15.18,20.6,25.82,14.11
975,5.1317081826527025,4,9.55,4.43,14.24,11.76,7.32,13.73,4.37,15.37,20.8,24.36,14.06
976,5.1317081826527025,4,9.48,4.45,14.47,11.76,7.29,13.68,4.41,15.37,20.91,24.36,14.06
977,5.1317081826527025,4,9.55,4.45,14.59,11.76,7.38,13.57,4.46,15.37,20.91,24.48,14.29
978,5.1317081826527025,4,9.55,4.45,14.47,11.72,7.74,13.9,4.46,15.25,20.7,24.59,14.11
979,5.1317081826527025,4,9.55,4.47,14.47,11.76,7.23,14.36,4.48,15.12,20.8,24.83,14.29
980,5.1317081826527025,4,9.59,4.47,14.42,11.72,7.86,14.13,4.48,15.25,20.7,24.83,14.34
981,5.1317081826527025,4,9.55,4.47,14.47,11.81,7.86,14.42,4.48,15.44,20.6,24.95,14.4
982,5.1317081826527025,4,9.48,4.47,14.42,11.81,7.49,14.47,4.48,15.12,20.6,24.13,14.29
983,5.1317081826527025,4,9.48,4.47,14.42,11.81,7.83,14.59,4.48,14.93,20.6,25.2,14.11
984,5.1317081826527025,4,9.33,4.45,14.36,11.86,7.38,14.47,4.46,15.06,20.49,24.83,13.94
985,5.1317081826527025,4,9.51,4.43,14.36,11.72,7.74,13.9,4.44,15.37,20.6,24.71,14.06
986,5.1317081826527025,4,9.37,4.41,14.36,12.24,7.32,13.68,4.44,15.44,20.6,25.57,14.29
987,5.1317081826527025,4,9.55,4.45,14.42,11.67,7.43,13.9,4.46,15.5,20.7,25.07,14.34
988,5.1317081826527025,4,9.48,4.45,14.47,11.62,7.89,14.07,4.48,15,20.7,25.2,13.94
989,5.1317081826527025,4,9.55,4.45,14.47,11.62,7.99,14.36,4.48,16.09,20.7,25.2,14.17
990,5.1317081826527025,4,9.51,4.45,14.47,11.62,7.52,14.3,4.48,15.25,20.7,25.07,14.17
991,5.1317081826527025,4,9.48,4.45,14.53,11.62,7.68,14.01,4.46,15.12,20.7,25.07,14
992,5.1317081826527025,4,9.4,4.41,14.42,11.58,7.55,13.9,4.43,15.12,20.7,24.48,14.23
993,5.1317081826527025,4,9.44,4.45,14.47,11.67,7.83,13.96,4.48,16.5,20.7,25.32,14.17
994,5.1317081826527025,4,9.44,4.45,14.53,11.67,7.2,14.47,4.48,15.5,20.7,25.69,14.4
995,5.1317081826527025,4,9.4,4.45,14.53,11.67,7.95,13.46,4.44,16.02,20.7,25.95,14.4
996,5.1317081826527025,4,9.51,4.47,14.59,11.67,7.86,14.13,4.48,15.89,20.7,25.44,14.4
997,5.1317081826527025,4,9.08,4.45,14.53,11.62,7.68,14.18,4.46,15.83,20.7,25.95,14.17
998,5.1317081826527025,4,9.55,4.41,14.59,11.62,7.38,13.84,4.46,15.63,20.7,25.44,14.34
999,5.1317081826527025,4,9.26,4.43,14.59,11.67,7.46,13.9,4.46,15.5,20.7,28.12,14.06
1000,5.1317081826527025,4,9.37,4.41,14.59,11.72,7.68,14.13,4.46,15.56,20.7,25.32,14.17
1001,5.1317081826527025,4,9.37,4.39,14.59,11.67,7.26,14.01,4.46,15.63,20.7,25.95,14.17
1002,5.1317081826527025,4,9.33,4.43,14.59,11.67,7.2,13.62,4.46,15.76,20.7,26.33,14.29
1003,5.1317081826527025,4,9.4,4.43,14.65,11.67,7.29,14.13,4.44,15.44,20.8,25.95,14.29
1004,5.1317081826527025,4,9.37,4.43,14.65,11.67,7.52,14.18,4.44,15.5,20.6,25.82,14.29
1005,5.1317081826527025,4,9.48,4.43,14.65,11.67,7.52,13.84,4.44,15.44,20.7,28.41,14.58
1006,5.1317081826527025,4,9.48,4.43,14.65,11.67,7.55,14.24,4.44,15.31,20.7,26.6,14.06
1007,5.1317081826527025,4,9.4,4.41,14.65,11.67,7.8,13.96,4.46,15.37,20.6,26.07,14.34
1008,5.1317081826527025,4,9.48,4.41,14.71,11.67,7.29,13.96,4.46,15.56,20.7,25.95,14.06
1009,5.1317081826527025,4,9.4,4.43,14.77,11.67,8.08,13.79,4.46,15.76,20.6,25.69,14.06
1010,5.1317081826527025,4,9.18,4.41,14.65,11.67,7.38,14.3,4.44,15.69,20.6,26.07,13.94
1011,5.1317081826527025,4,9.44,4.43,14.71,11.72,7.46,14.42,4.46,15.96,20.6,25.07,14.29
1012,5.1317081826527025,4,9.22,4.47,14.77,11.76,7.68,14.3,4.46,15.83,20.7,25.69,14.46
1013,5.1317081826527025,4,9.4,4.49,14.77,11.76,7.62,14.01,4.46,15.63,20.7,26.2,14.4
1014,5.1317081826527025,4,9.08,4.51,14.83,11.72,7.65,14.36,4.44,15.69,20.7,25.95,14.29
1015,5.1317081826527025,4,9.26,4.49,14.83,11.72,7.68,14.07,4.44,15.63,20.6,25.44,14.34
1016,5.1317081826527025,4,9.33,4.49,14.83,11.72,7.74,14.13,4.44,15.96,20.7,24.71,14.34
1017,5.1317081826527025,4,9.63,4.51,14.89,11.72,7.52,13.73,4.46,15.89,20.7,25.32,14.29
1018,5.1317081826527025,4,9.11,4.49,14.89,11.72,7.77,13.46,4.44,15.83,20.7,25.57,14.17
1019,5.1317081826527025,4,9.44,4.49,14.83,11.72,7.52,14.47,4.44,15.63,20.7,25.95,14.29
1020,5.1317081826527025,4,9.18,4.49,14.89,11.72,7.14,14.3,4.43,15.96,20.7,24.71,14.34
1021,5.158727049897808,4,9.11,4.49,14.95,11.72,7.38,13.57,4.43,15.56,20.7,26.07,14.4
1022,5.158727049897808,4,9.29,4.49,14.89,11.72,7.46,13.51,4.44,15.83,20.7,25.69,14.34
1023,5.158727049897808,4,9.48,4.51,14.95,11.67,7.92,14.36,4.41,15.89,20.7,26.07,14.06
1024,5.158727049897808,4,9.44,4.51,15.01,11.72,7.46,14.24,4.43,15.89,20.7,26.07,14.17
1025,5.158727049897808,4,9.29,4.51,14.95,11.67,7.55,14.42,4.43,15.89,20.7,25.82,14.17
1026,5.158727049897808,4,9.33,4.53,15.01,11.72,7.77,13.96,4.43,15.89,20.7,25.57,14.17
1027,5.158727049897808,4,9.22,4.55,15.01,11.76,7.89,14.3,4.44,15.96,20.8,25.95,14.23
1028,5.158727049897808,4,9.26,4.53,15.01,11.67,7.71,14.47,4.41,15.83,20.7,26.47,14.17
1029,5.158727049897808,4,9.37,4.55,15.01,11.67,7.49,13.79,4.41,15.83,20.7,25.07,14.23
1030,5.158727049897808,4,9.08,4.53,14.95,11.62,7.49,14.13,4.39,15.89,20.7,25.2,14
1031,5.158727049897808,4,9.26,4.55,15.01,11.67,7.35,13.96,4.39,15.83,20.7,25.32,14.06
1032,5.158727049897808,4,9.26,4.55,15.08,11.67,7.65,14.18,4.41,16.16,20.8,25.57,14
1033,5.158727049897808,4,8.94,4.58,15.08,11.67,7.46,14.07,4.37,16.09,20.8,25.2,13.94
1034,5.158727049897808,4,9.11,4.55,15.08,11.62,7.71,13.62,4.39,16.16,20.7,25.44,14.29
1035,5.158727049897808,4,8.9,4.55,15.08,11.62,7.29,14.07,4.39,16.23,20.7,25.69,13.78
1036,5.158727049897808,4,9.29,4.58,15.08,11.67,7.8,14.89,4.41,16.3,20.7,26.73,14.17
1037,5.158727049897808,4,9.15,4.58,15.08,11.67,7.52,14.59,4.41,16.16,20.8,25.95,14
1038,5.158727049897808,4,8.9,4.58,15.08,11.67,7.06,14.24,4.39,16.16,20.8,25.44,14.11
1039,5.158727049897808,4,9.11,4.58,15.14,11.67,7.26,13.68,4.39,16.16,20.8,26.07,14.34
1040,5.158727049897808,4,9.33,4.58,15.14,11.67,7.41,13.96,4.39,16.86,20.8,26.07,13.94
1041,5.158727049897808,4,9.15,4.58,15.08,11.62,7.23,14.3,4.37,15.89,20.8,25.32,14.06
1042,5.158727049897808,4,8.97,4.58,15.14,11.62,7.32,14.18,4.37,16.09,20.7,25.95,14.4
1043,5.158727049897808,4,8.97,4.6,15.08,11.62,7.32,14.07,4.37,16.43,20.7,27.83,14.17
1044,5.158727049897808,4,9.29,4.6,15.01,11.67,7.38,13.84,4.37,16.36,20.6,25.69,14.11
1045,5.158727049897808,4,9.29,4.62,15.08,11.62,7.86,14.24,4.37,16.3,20.6,25.57,14.11
1046,5.158727049897808,4,9.26,4.62,15.08,11.67,7.38,14.07,4.37,16.02,20.6,25.32,13.83
1047,5.158727049897808,4,9.22,4.6,15.08,11.62,7.41,13.41,4.35,15.89,20.6,25.95,14
1048,5.158727049897808,4,9.11,4.6,15.14,11.67,7.58,13.3,4.35,15.96,20.7,26.07,14.06
1049,5.158727049897808,4,9.15,4.62,15.14,11.67,7.32,14.3,4.35,16.23,20.6,25.82,14.17
1050,5.158727049897808,4,9.15,4.62,15.14,11.62,7.89,14.01,4.35,16.02,20.6,25.69,13.78
1051,5.158727049897808,4,8.97,4.6,15.14,11.62,7.09,14.42,4.35,16.36,20.6,25.69,14.11
1052,5.158727049897808,4,9.01,4.55,15.14,11.62,7.49,14.47,4.37,16.3,20.6,25.95,14.29
1053,5.158727049897808,4,9.04,4.64,15.2,11.67,7.26,14.07,4.37,16.86,20.7,25.07,14.11
1054,5.158727049897808,4,8.87,4.64,15.2,11.67,7.11,14.13,4.37,17,20.7,24.83,14.29
1055,5.158727049897808,4,9.01,4.64,15.26,11.67,7.49,13.96,4.37,16.93,20.7,25.44,13.89
1056,5.158727049897808,4,9.29,4.64,15.26,11.72,7.89,14.24,4.35,16.78,20.7,25.95,14.11
1057,5.158727049897808,4,9.11,4.64,15.26,11.67,7.95,14.01,4.35,17.07,20.7,25.57,14.06
1058,5.158727049897808,4,9.18,4.64,15.26,11.67,7.58,14.24,4.37,16.43,20.7,25.32,14.23
1059,5.158727049897808,4,9.11,4.62,15.39,11.62,7.52,13.96,4.35,16.71,20.7,25.44,13.89
1060,5.158727049897808,4,9.22,4.62,15.39,11.67,7.65,14.07,4.29,16.93,20.8,25.07,13.94
1061,5.158727049897808,4,9.04,4.6,15.45,11.62,7.55,13.62,4.31,16.36,20.8,25.57,14.34
1062,5.158727049897808,4,9.18,4.6,15.45,11.67,7.62,14.36,4.33,16.5,20.8,24.95,14.23
1063,5.158727049897808,4,9.18,4.55,15.58,11.67,7.38,13.14,4.26,16.5,20.91,25.32,14.17
1064,5.158727049897808,4,9.18,4.58,15.77,11.67,7.43,14.01,4.27,16.5,20.91,24.48,14.17
1065,5.158727049897808,4,9.08,4.58,15.84,11.67,7.38,14.07,4.31,16.86,21.01,25.32,14.17
1066,5.158727049897808,4,9.04,4.6,15.84,11.67,7.41,14.36,4.31,16.57,20.91,25.57,14.29
1067,5.158727049897808,4,9.04,4.6,15.84,11.67,7.11,13.96,4.33,16.64,20.91,24.71,14.23
1068,5.158727049897808,4,8.83,4.6,15.77,11.67,7.55,14.24,4.33,16.36,20.91,24.95,14.29
1069,5.158727049897808,4,9.15,4.6,15.77,11.67,7.26,14.01,4.35,16.36,20.91,25.69,14.29
1070,5.158727049897808,4,9.11,4.6,15.71,11.76,7.29,14.47,4.33,15.63,20.91,25.2,14.23
1071,5.158727049897808,4,8.97,4.6,15.71,11.67,7.35,14.18,4.35,15.96,20.91,25.2,14.06
1072,5.158727049897808,4,9.11,4.58,15.71,11.67,7.58,13.84,4.33,15.96,20.91,26.33,14.06
1073,5.158727049897808,4,9.08,4.62,15.64,11.72,7.68,14.53,4.35,17.74,20.91,25.32,14.29
1074,5.158727049897808,4,9.04,4.58,15.71,11.67,7.71,13.73,4.33,16.5,20.91,25.44,14.29
1075,5.158727049897808,4,9.11,4.6,15.71,11.72,7.43,14.01,4.33,16.5,22.1,27.41,14.29
1076,5.158727049897808,4,9.08,4.6,15.77,11.72,7.29,14.53,4.35,16.3,21.55,25.44,14.06
1077,5.158727049897808,4,9.08,4.6,15.71,11.67,7.17,14.47,4.35,16.57,21.33,25.44,14.06
1078,5.158727049897808,4,8.87,4.6,15.77,11.72,7.49,14.07,4.35,16.57,21.22,25.57,14.11
1079,5.158727049897808,4,9.15,4.6,15.71,11.72,7.95,14.3,4.37,16.5,21.12,25.07,14.4
1080,5.158727049897808,4,8.87,4.6,15.84,11.72,7.43,13.79,4.35,16.57,21.12,24.83,14.17
1081,5.184470594125643,4,9.11,4.6,15.84,11.76,7.49,14.3,4.35,15.83,21.22,25.44,14.06
1082,5.184470594125643,4,9.01,4.62,15.84,11.76,7.26,14.18,4.35,18.53,21.12,25.95,14.4
1083,5.184470594125643,4,8.76,4.58,15.84,11.72,7.58,14.24,4.33,15.96,21.22,26.2,14.06
1084,5.184470594125643,4,8.94,4.58,15.84,11.72,7.41,14.18,4.33,17.59,21.12,26.2,14.52
1085,5.184470594125643,4,8.83,4.55,15.84,11.67,7.11,14.3,4.33,16.09,21.22,27,14.17
1086,5.184470594125643,4,8.8,4.58,15.84,11.72,7.14,13.96,4.33,15.83,21.12,24.59,14.23
1087,5.184470594125643,4,9.18,4.79,15.9,11.76,7.11,13.84,4.35,17.07,21.01,26.33,14.17
1088,5.184470594125643,4,9.08,4.58,15.9,11.76,7.11,13.79,4.35,17.51,21.12,26.07,14.29
1089,5.184470594125643,4,9.08,4.74,15.9,11.76,7.2,13.9,4.35,18.53,21.01,25.69,14.17
1090,5.184470594125643,4,9.11,4.58,15.97,11.76,7.23,14.42,4.33,15.96,21.12,25.82,13.94
1091,5.184470594125643,4,9.15,4.62,15.97,11.72,7.09,14.13,4.35,17.22,21.12,25.57,13.78
1092,5.184470594125643,4,9.18,4.58,15.97,11.76,7.58,14.36,4.33,16.09,21.22,25.2,14.06
1093,5.184470594125643,4,9.18,4.55,15.97,11.72,7.17,13.96,4.31,15.5,21.22,25.69,14.11
1094,5.184470594125643,4,9.15,4.53,15.97,11.72,7.35,14.36,4.31,15.83,21.22,26.07,14.11
1095,5.184470594125643,4,9.08,4.55,15.97,11.72,7.52,13.96,4.33,16.57,21.22,26.07,13.94
1096,5.184470594125643,4,9.01,4.58,15.97,11.76,7.43,14.36,4.33,17,21.12,24.71,13.83
1097,5.184470594125643,4,8.94,4.55,15.97,11.72,7.41,13.79,4.33,15.89,21.12,24.59,13.83
1098,5.184470594125643,4,8.69,4.55,16.03,11.76,7.77,14.01,4.31,16.78,21.22,26.33,14
1099,5.184470594125643,4,8.83,4.55,16.03,11.72,7.38,14.13,4.31,17,21.12,25.57,14
1100,5.184470594125643,4,8.97,4.55,16.03,11.76,7.41,14.13,4.31,16.78,21.12,25.82,14.06
1101,5.184470594125643,4,8.66,4.53,16.03,11.76,7.71,13.9,4.29,17,21.12,27,14.11
1102,5.184470594125643,4,8.94,4.53,16.1,11.76,7.14,14.36,4.31,16.93,21.12,26.07,13.89
1103,5.184470594125643,4,9.04,4.53,16.17,11.76,7.29,14.3,4.33,17.07,21.33,26.2,14.29
1104,5.184470594125643,4,9.01,4.53,16.1,11.86,7.32,14.13,4.31,17.67,21.12,25.69,13.89
1105,5.184470594125643,4,8.97,4.53,16.17,11.76,7.17,14.18,4.31,16.64,21.22,25.82,13.83
1106,5.184470594125643,4,8.97,4.53,16.17,11.76,7.23,14.47,4.33,16.64,21.12,26.2,14.11
1107,5.184470594125643,4,8.83,4.55,16.1,11.76,7.43,14.07,4.33,16.71,21.01,24.95,13.67
1108,5.184470594125643,4,8.94,4.53,16.1,11.76,7.2,13.96,4.31,17.67,21.12,24.83,14.11
1109,5.184470594125643,4,8.97,4.53,16.24,11.81,7.29,14.24,4.31,17,21.22,25.69,13.83
1110,5.184470594125643,4,8.83,4.51,16.24,11.81,7.41,13.96,4.29,17.82,21.12,25.44,14.4
1111,5.184470594125643,4,8.73,4.51,16.24,11.76,7.03,14.01,4.33,18.05,21.22,25.82,14.17
1112,5.184470594125643,4,8.56,4.51,16.3,11.76,7.41,14.13,4.29,17.67,21.12,25.69,14.46
1113,5.184470594125643,4,8.8,4.49,16.3,11.86,6.94,14.13,4.31,17.82,21.12,25.69,14.17
1114,5.184470594125643,4,8.59,4.49,16.24,11.76,7.41,14.01,4.29,17.74,21.01,25.2,13.94
1115,5.184470594125643,4,8.87,4.49,16.3,11.76,7.26,13.84,4.29,17.59,21.12,25.69,14.11
1116,5.184470594125643,4,8.66,4.47,16.3,11.76,7.23,13.62,4.27,17.07,21.01,25.69,14.17
1117,5.184470594125643,4,8.76,4.45,16.24,11.72,7.17,12.68,4.26,16.02,21.12,25.82,13.78
1118,5.184470594125643,4,8.66,4.45,16.3,11.72,7.17,14.18,4.27,16.78,21.01,25.69,14.06
1119,5.184470594125643,4,8.73,4.45,16.37,11.72,7.68,13.84,4.27,17.14,21.12,25.44,14
1120,5.184470594125643,4,8.76,4.41,16.37,11.72,7.26,14.47,4.27,16.3,21.12,26.07,14.11
1121,5.184470594125643,4,8.69,4.43,16.44,11.76,7.23,13.73,4.27,16.43,21.22,25.07,14.11
1122,5.184470594125643,4,8.87,4.45,16.44,11.76,7.62,14.47,4.29,16.78,21.22,26.07,14.4
1123,5.184470594125643,4,8.83,4.45,16.37,11.86,7.52,14.36,4.29,16.64,21.22,25.82,14.06
1124,5.184470594125643,4,8.87,4.45,16.44,11.76,7.32,14.13,4.27,18.13,21.22,26.07,14.17
1125,5.184470594125643,4,8.8,4.43,16.58,11.76,7.49,14.36,4.2,18.21,21.33,25.32,14.17
1126,5.184470594125643,4,8.69,4.43,16.86,11.72,7.49,13.96,4.26,16.86,21.33,25.57,14.4
1127,5.184470594125643,4,8.66,4.43,16.72,11.76,7.06,13.79,4.26,16.64,21.33,25.57,14.11
1128,5.184470594125643,4,8.87,4.41,16.65,11.76,7.49,14.07,4.26,17,21.33,25.82,14.06
1129,5.184470594125643,4,8.66,4.41,16.65,11.72,6.97,13.9,4.26,16.86,21.33,25.82,13.67
1130,5.184470594125643,4,8.66,4.39,16.58,11.72,6.92,13.68,4.26,16.57,21.12,25.57,13.94
1131,5.184470594125643,4,8.42,4.39,16.58,11.76,6.94,14.3,4.27,17.14,21.12,24.83,14.06
1132,5.184470594125643,4,8.66,4.39,16.58,11.72,7.38,13.96,4.26,16.71,21.12,25.69,14
1133,5.184470594125643,4,8.59,4.39,16.58,11.72,7.09,13.73,4.24,16.64,21.12,26.2,14.11
1134,5.184470594125643,4,8.66,4.39,16.72,11.76,7.32,13.19,4.24,16.71,21.33,25.69,14.11
1135,5.184470594125643,4,8.49,4.39,16.72,11.76,7.14,14.18,4.24,16.78,21.22,25.2,14.11
1136,5.184470594125643,4,8.76,4.39,16.72,11.76,7.17,14.24,4.26,16.86,21.33,25.32,14.11
1137,5.184470594125643,4,8.76,4.39,16.79,11.76,7.06,14.13,4.26,17.22,21.33,26.33,14
1138,5.184470594125643,4,8.52,4.37,16.72,11.76,7.52,13.96,4.24,16.71,21.22,25.57,13.83
1139,5.184470594125643,4,8.52,4.37,16.72,11.72,7.17,13.96,4.26,16.57,21.22,24.36,14.06
1140,5.184470594125643,4,8.49,4.39,16.79,11.72,6.94,14.3,4.26,16.78,21.22,25.82,14.17
1141,5.213297919138807,4,8.52,4.39,16.93,11.81,7.11,14.07,4.27,17.07,21.44,24.83,14.23
1142,5.213297919138807,4,8.87,4.39,16.86,11.76,7.2,13.09,4.26,17,21.44,25.2,14.34
1143,5.213297919138807,4,8.8,4.39,16.93,11.81,7.14,13.9,4.26,17.14,21.55,25.82,14.4
1144,5.213297919138807,4,8.66,4.39,17,11.81,7.03,13.68,4.26,17.29,21.55,26.2,13.89
1145,5.213297919138807,4,8.73,4.39,17,11.81,7.17,13.73,4.27,17.44,21.66,26.47,14
1146,5.213297919138807,4,8.59,4.39,17,11.81,7.55,13.68,4.27,17.59,21.66,25.07,14.34
1147,5.213297919138807,4,8.83,4.37,17,11.81,7.32,13.57,4.27,17.29,21.77,25.32,13.83
1148,5.213297919138807,4,8.69,4.39,17.07,11.86,7.06,13.57,4.29,17.29,21.66,25.44,14.11
1149,5.213297919138807,4,8.8,4.37,17.07,11.86,7.17,14.3,4.29,17.22,21.66,26.33,14.11
1150,5.213297919138807,4,8.66,4.37,17.07,11.86,7.52,14.36,4.27,17,21.66,26.07,14.17
1151,5.213297919138807,4,8.73,4.35,17,11.86,7.11,14.36,4.24,16.86,21.55,24.95,13.89
1152,5.213297919138807,4,8.59,4.35,17.07,11.86,7.46,14.18,4.26,16.93,21.77,26.2,14.06
1153,5.213297919138807,4,8.8,4.37,17.07,11.81,7.29,14.59,4.26,17.07,21.77,26.6,14.17
1154,5.213297919138807,4,8.87,4.35,17.14,11.76,7.8,13.84,4.26,17.07,21.66,25.69,14.11
1155,5.213297919138807,4,8.8,4.33,17.07,11.76,7.29,13.79,4.24,17.07,21.55,25.69,13.89
1156,5.213297919138807,4,8.87,4.33,17,11.72,7.17,14.3,4.24,16.93,21.44,25.57,14.06
1157,5.213297919138807,4,8.66,4.33,17.07,11.76,7.17,13.25,4.24,17.36,21.55,25.44,14
1158,5.213297919138807,4,8.76,4.33,17,11.72,7.14,14.24,4.22,17.14,21.44,25.07,13.94
1159,5.213297919138807,4,8.73,4.31,17.07,11.72,7.35,14.3,4.22,17,21.44,24.95,13.61
1160,5.213297919138807,4,8.73,4.31,17.14,11.72,7.35,14.13,4.22,16.78,21.44,26.07,13.78
1161,5.213297919138807,4,8.73,4.31,17.14,11.72,7.41,13.19,4.22,17.14,21.44,26.6,14.11
1162,5.213297919138807,4,8.49,4.29,17.21,11.72,7.2,14.13,4.2,17,21.44,27.69,13.61
1163,5.213297919138807,4,9.11,4.31,17.21,11.72,7.35,13.9,4.22,17.51,21.55,25.69,13.67
1164,5.213297919138807,4,9.11,4.29,17.29,11.72,7.35,14.01,4.22,17.14,21.55,26.2,13.94
1165,5.213297919138807,4,9.11,4.29,17.43,11.72,7.8,13.73,4.2,17,21.55,25.82,13.89
1166,5.213297919138807,4,9.11,4.29,17.36,11.72,7.46,13.46,4.2,17.14,21.55,25.2,13.83
1167,5.213297919138807,4,9.15,4.29,17.43,11.76,7.89,13.68,4.22,17,21.44,25.2,14.11
1168,5.213297919138807,4,9.15,4.29,17.43,11.76,7.83,13.51,4.22,17.29,21.44,25.82,13.89
1169,5.213297919138807,4,9.11,4.29,17.58,11.76,7.8,13.35,4.22,17.74,21.55,25.82,13.67
1170,5.213297919138807,4,9.15,4.29,17.51,11.76,7.41,14.01,4.22,17.51,21.44,25.32,13.78
1171,5.213297919138807,4,9.18,4.27,17.51,11.72,7.92,13.68,4.22,17.44,21.44,25.57,13.61
1172,5.213297919138807,4,9.15,4.27,17.51,11.76,7.17,14.07,4.2,17,21.55,25.32,13.72
1173,5.213297919138807,4,9.22,4.25,17.58,11.72,7.41,13.68,4.2,16.93,21.55,25.57,14.06
1174,5.213297919138807,4,9.15,4.25,17.58,11.76,7.89,13.84,4.2,16.93,21.77,26.2,13.72
1175,5.213297919138807,4,9.11,4.27,17.58,11.76,7.95,13.68,4.22,17,21.55,25.69,14
1176,5.213297919138807,4,9.11,4.25,17.66,11.76,7.32,13.84,4.2,16.36,21.55,26.07,13.61
1177,5.213297919138807,4,9.18,4.25,17.66,11.76,7.46,13.79,4.2,16.43,21.55,24.95,13.89
1178,5.213297919138807,4,9.15,4.25,17.66,11.81,7.35,13.73,4.2,16.36,21.66,25.44,13.83
1179,5.213297919138807,4,9.26,4.25,17.73,11.76,7.38,13.62,4.2,16.86,21.55,25.2,13.83
1180,5.213297919138807,4,9.22,4.25,17.73,11.76,7.92,14.01,4.22,16.93,21.55,24.95,13.56
1181,5.213297919138807,4,9.26,4.25,17.81,11.76,7.77,13.73,4.2,16.71,21.55,24.48,13.94
1182,5.213297919138807,4,9.11,4.23,17.81,11.76,7.43,13.51,4.2,17.22,21.55,25.82,13.94
1183,5.213297919138807,4,9.18,4.23,17.81,11.76,7.29,13.57,4.2,16.93,21.55,24.71,13.94
1184,5.213297919138807,4,9.18,4.23,17.81,11.81,7.41,13.04,4.2,17.22,21.55,24.71,13.94
1185,5.213297919138807,4,9.26,4.23,17.88,11.81,7.26,14.01,4.2,17.14,21.66,25.07,13.94
1186,5.213297919138807,4,9.18,4.23,17.96,11.81,7.58,14.18,4.2,17.14,21.55,25.07,13.4
1187,5.213297919138807,4,9.18,4.23,17.96,11.9,7.23,13.68,4.2,16.86,21.55,25.07,13.56
1188,5.213297919138807,4,9.78,4.23,17.96,11.81,7.62,13.51,4.2,16.36,21.55,24.83,13.67
1189,5.213297919138807,4,9.7,4.21,18.04,11.76,7.65,13.35,4.18,16.71,21.55,25.57,13.45
1190,5.213297919138807,4,9.7,4.21,18.04,11.72,8.08,13.73,4.18,16.43,21.55,25.44,13.61
1191,5.213297919138807,4,9.74,4.21,18.11,11.72,8.18,13.41,4.2,16.5,21.55,24.95,13.83
1192,5.213297919138807,4,9.82,4.21,18.11,11.72,7.65,13.41,4.18,16.36,21.55,24.83,13.4
1193,5.213297919138807,4,9.86,4.21,18.04,11.76,7.68,13.68,4.2,17.44,21.44,25.44,14
1194,5.213297919138807,4,9.86,4.21,18.11,11.72,7.86,13.73,4.15,17,21.55,24.59,14.06
1195,5.213297919138807,4,9.66,4.13,18.27,11.67,7.41,13.35,4.09,16.71,21.55,24.24,13.78
1196,5.213297919138807,4,9.82,4.19,18.43,11.72,7.49,13.51,4.16,16.71,21.55,25.32,14.11
1197,5.213297919138807,4,9.29,4.17,18.43,11.72,7.83,13.9,4.16,16.78,21.55,25.82,13.94
1198,5.213297919138807,4,9.18,4.17,18.43,11.72,7.35,13.57,4.18,17.82,21.55,25.57,13.89
1199,5.213297919138807,4,9.22,4.17,18.43,11.72,7.68,13.9,4.16,17.14,21.55,27.41,13.78
1200,5.213297919138807,4,9.4,4.17,18.43,11.76,8.05,13.51,4.18,17,21.55,25.2,13.83
1201,5.2269148542287835,4,9.15,4.17,18.43,11.76,7.41,13.62,4.18,17.07,21.66,25.32,13.83
1202,5.2269148542287835,4,9.26,4.17,18.43,11.76,7.43,13.68,4.18,17.07,21.55,24.95,13.89
1203,5.2269148542287835,4,9.18,4.17,18.43,11.76,7.62,13.57,4.18,17.29,21.55,24.83,14.11
1204,5.2269148542287835,4,9.01,4.15,18.51,11.76,7.14,13.46,4.16,16.93,21.66,25.57,13.56
1205,5.2269148542287835,4,8.49,4.15,18.51,11.76,7.09,13.84,4.16,16.86,21.66,24.95,13.56
1206,5.2269148542287835,4,8.59,4.15,18.51,11.72,7.2,13.57,4.18,17.14,21.66,25.2,13.72
1207,5.2269148542287835,4,8.46,4.15,18.51,11.72,6.89,13.57,4.16,17,21.66,24.48,13.78
1208,5.2269148542287835,4,8.42,4.13,18.59,11.72,7.11,13.73,4.16,16.64,21.66,24.59,13.61
1209,5.2269148542287835,4,8.63,4.15,18.67,11.81,7.49,13.41,4.16,16.78,21.66,24.48,13.72
1210,5.2269148542287835,4,8.36,4.15,18.75,11.81,7.17,13.62,4.18,16.71,21.88,24.83,13.89
1211,5.2269148542287835,4,8.69,4.13,18.75,11.81,7.52,13.62,4.18,16.93,21.77,24.71,14.17
1212,5.2269148542287835,4,8.59,4.15,18.59,11.76,7.29,13.79,4.16,17.74,21.66,24.95,13.78
1213,5.2269148542287835,4,8.39,4.13,18.67,11.76,6.89,14.07,4.16,17.44,21.66,24.95,14
1214,5.2269148542287835,4,8.59,4.13,18.67,11.76,7.32,13.84,4.15,17.51,21.66,24.83,13.67
1215,5.2269148542287835,4,8.52,4.13,18.75,11.76,7.26,13.25,4.16,17.22,21.66,24.71,13.83
1216,5.2269148542287835,4,8.56,4.13,18.75,11.76,7.14,13.25,4.16,17.59,21.66,24.95,13.89
1217,5.2269148542287835,4,8.56,4.09,18.75,11.72,7.06,13.41,4.13,17.89,21.55,25.32,13.56
1218,5.2269148542287835,4,8.52,4.11,18.83,11.76,6.89,13.73,4.16,17.59,21.66,25.32,13.61
1219,5.2269148542287835,4,8.52,4.11,18.83,11.76,7.03,13.25,4.16,17.51,21.66,25.82,13.89
1220,5.2269148542287835,4,8.66,4.11,18.83,11.76,7.23,13.73,4.16,17.74,21.66,24.95,13.67
1221,5.2269148542287835,4,8.56,4.11,18.91,11.81,6.83,13.51,4.15,18.21,21.66,24.71,13.56
1222,5.2269148542287835,4,8.49,4.11,18.91,11.81,7.11,13.14,4.15,18.05,21.77,24.24,13.5
1223,5.2269148542287835,4,8.49,4.11,18.91,11.81,6.89,13.35,4.15,17.29,21.66,25.69,13.83
1224,5.2269148542287835,4,8.56,4.11,18.99,11.81,7.11,13.57,4.15,17.36,21.66,25.07,13.78
1225,5.2269148542287835,4,8.66,4.09,18.99,11.81,7.23,13.41,4.15,17.07,21.66,23.56,13.29
1226,5.2269148542287835,4,8.69,4.11,19.07,11.76,7.68,13.57,4.15,17.67,21.66,24.59,13.67
1227,5.2269148542287835,4,8.63,4.09,19.07,11.72,7.49,13.57,4.15,17.36,21.66,24.24,13.78
1228,5.2269148542287835,4,8.66,4.11,19.07,11.72,7.17,13.46,4.16,18.13,21.66,24.71,13.78
1229,5.2269148542287835,4,8.73,4.11,19.07,11.72,7.26,13.73,4.16,17.67,21.66,24.59,13.83
1230,5.2269148542287835,4,8.69,4.09,19.07,11.76,7.17,13.19,4.16,18.05,21.66,24.24,13.94
1231,5.2269148542287835,4,8.49,4.09,19.16,11.76,7.62,13.62,4.15,18.61,21.66,24.48,13.56
1232,5.2269148542287835,4,8.39,4.09,19.16,11.72,7.2,13.51,4.13,17.89,21.66,24.48,13.56
1233,5.2269148542287835,4,8.52,4.09,19.24,11.81,7.38,13.57,4.15,18.13,21.66,24.24,13.18
1234,5.2269148542287835,4,8.9,4.07,19.24,11.72,7.43,13.41,4.13,17.82,21.55,25.69,13.5
1235,5.2269148542287835,4,9.04,4.09,19.33,11.76,7.62,13.57,4.15,17.82,21.66,24.48,13.45
1236,5.2269148542287835,4,9.08,4.09,19.33,11.76,7.26,13.51,4.15,18.21,21.55,24.59,13.67
1237,5.2269148542287835,4,9.04,4.09,19.33,11.72,7.68,13.68,4.15,18.45,21.66,24.59,13.56
1238,5.2269148542287835,4,9.11,4.09,19.33,11.76,7.43,13.62,4.15,17.74,21.77,24.48,13.72
1239,5.2269148542287835,4,9.08,4.09,19.41,11.76,8.02,13.68,4.15,17.97,21.66,24.48,13.61
1240,5.2269148542287835,4,8.94,4.09,19.49,11.81,7.06,14.13,4.15,18.21,21.66,24.36,13.56
1241,5.2269148542287835,4,9.01,4.09,19.49,11.81,7.55,13.9,4.15,17.97,21.77,24.71,13.61
1242,5.2269148542287835,4,9.01,4.07,19.58,11.76,7.83,13.96,4.15,17.97,21.77,25.2,13.56
1243,5.2269148542287835,4,9.01,4.07,19.58,11.76,7.35,13.62,4.11,18.05,21.88,25.44,13.61
1244,5.2269148542287835,4,9.01,4.07,19.75,11.76,7.38,13.35,4.13,18.45,21.88,24.59,13.61
1245,5.2269148542287835,4,8.94,4.06,19.84,11.76,7.23,13.51,4.13,18.37,21.88,25.95,13.34
1246,5.2269148542287835,4,8.94,4.07,19.75,11.76,7.62,13.41,4.13,18.37,21.77,24.83,13.67
1247,5.2269148542287835,4,8.97,4.07,19.75,11.76,7.23,13.62,4.13,18.29,21.77,25.32,13.45
1248,5.2269148542287835,4,9.4,4.07,19.67,11.81,7.55,13.41,4.13,18.29,21.66,24.95,13.67
1249,5.2269148542287835,4,9.4,4.07,19.75,11.81,7.41,13.57,4.15,18.29,21.66,24.13,13.56
1250,5.2269148542287835,4,9.4,4.07,19.75,11.81,7.17,13.46,4.13,18.37,21.66,24.48,13.67
1251,5.2269148542287835,4,9.4,4.07,19.75,11.76,7.14,13.41,4.13,18.45,21.66,24.95,13.56
1252,5.2269148542287835,4,9.4,4.06,19.84,11.76,7.46,13.46,4.13,18.13,21.77,24.71,13.5
1253,5.2269148542287835,4,9.33,4.06,19.84,11.76,7.29,12.63,4.13,18.21,21.77,25.32,13.72
1254,5.2269148542287835,4,9.44,4.06,19.84,11.76,7.41,13.57,4.13,18.13,21.66,24.95,13.61
1255,5.2269148542287835,4,9.29,4.04,19.93,11.76,7.26,12.43,4.13,18.29,21.77,24.01,13.78
1256,5.2269148542287835,4,9.22,4.06,19.93,11.81,7.32,13.62,4.13,17.97,21.66,24.95,13.56
1257,5.2269148542287835,4,9.33,4.06,19.93,11.81,7.49,13.41,4.13,18.05,21.66,24.36,13.67
1258,5.2269148542287835,4,9.29,4.06,20.02,11.81,7.43,13.46,4.13,19.62,21.77,24.95,13.5
1259,5.2269148542287835,4,9.37,4.06,20.02,11.81,7.06,13.3,4.13,18.29,21.66,24.36,13.5
1260,5.2269148542287835,4,9.26,4.06,20.02,11.81,7.29,12.43,4.11,18.37,21.77,24.83,13.78
1261,5.2316693607181595,4,9.22,4.04,20.1,11.81,7.86,13.04,4.13,18.69,21.77,24.48,13.72
1262,5.2316693607181595,4,9.22,4.04,20.1,11.76,7.26,13.3,4.13,18.53,21.77,24.48,13.56
1263,5.2316693607181595,4,9.15,4.04,20.19,11.9,7.14,13.3,4.13,18.45,21.77,24.24,13.61
1264,5.2316693607181595,4,9.29,4.07,20.28,11.86,7.62,13.57,4.15,18.61,21.77,25.07,13.67
1265,5.2316693607181595,4,9.33,4.06,20.37,11.76,7.58,13.79,4.13,17.36,21.77,24.59,13.72
1266,5.2316693607181595,4,9.26,4.06,20.28,11.76,7.2,13.51,4.13,17.89,21.77,24.59,13.83
1267,5.2316693607181595,4,9.22,4.06,20.37,11.76,7.65,13.41,4.13,17.89,21.77,24.83,13.89
1268,5.2316693607181595,4,9.18,4.02,20.28,11.76,7.65,13.46,4.13,17.89,21.77,24.83,13.83
1269,5.2316693607181595,4,9.22,4.04,20.37,11.76,7.52,13.04,4.13,17.44,21.77,24.48,13.83
1270,5.2316693607181595,4,9.15,4.04,20.37,11.72,7.35,13.14,4.13,17.22,21.77,24.48,13.83
1271,5.2316693607181595,4,9.22,4.04,20.46,11.72,7.55,13.19,4.13,17.82,21.77,24.59,13.72
1272,5.2316693607181595,4,9.18,4.04,20.46,11.72,7.62,13.46,4.11,17.14,21.77,24.24,13.56
1273,5.2316693607181595,4,9.26,4.02,20.46,11.72,7.43,13.19,4.11,17.29,21.77,24.48,13.67
1274,5.2316693607181595,4,9.18,4.02,20.46,11.72,7.23,12.19,4.11,17.22,21.88,24.24,13.61
1275,5.2316693607181595,4,9.22,4.04,20.55,11.76,7.65,13.73,4.13,17.44,21.88,24.48,13.61
1276,5.2316693607181595,4,9.26,4.02,20.55,11.81,7.62,13.62,4.11,16.86,21.88,24.48,13.29
1277,5.2316693607181595,4,9.26,4.04,20.65,11.76,7.46,13.41,4.11,17.36,21.77,24.48,13.89
1278,5.2316693607181595,4,9.26,4.02,20.65,11.81,7.17,13.14,4.11,17.51,21.88,24.48,13.34
1279,5.2316693607181595,4,9.33,4,20.65,11.72,7.26,13.41,4.11,17.74,21.77,24.59,13.67
1280,5.2316693607181595,4,9.48,4,20.65,11.72,7.65,13.14,4.11,17.89,21.77,24.59,13.67
1281,5.2316693607181595,4,9.37,4,20.74,11.72,7.86,13.09,4.11,17.89,21.88,24.59,13.61
1282,5.2316693607181595,4,9.33,4,20.74,11.67,7.92,13.35,4.11,17.36,21.77,24.59,13.72
1283,5.2316693607181595,4,9.37,4,20.74,11.76,7.49,13.35,4.13,17.22,21.66,24.59,13.83
1284,5.2316693607181595,4,9.37,3.98,20.74,11.76,7.49,13.14,4.11,17.36,21.77,24.48,13.61
1285,5.2316693607181595,4,9.51,4,20.83,11.76,7.41,13.3,4.13,17.59,21.88,24.59,13.61
1286,5.2316693607181595,4,9.55,4,20.83,11.76,7.43,13.3,4.11,17.51,21.88,24.01,13.67
1287,5.2316693607181595,4,9.4,4.02,20.93,11.86,7.71,13.04,4.13,18.13,21.88,24.59,13.56
1288,5.2316693607181595,4,9.4,4.02,20.93,11.76,7.95,13.19,4.11,17.51,21.88,25.44,13.67
1289,5.2316693607181595,4,9.33,4,20.93,11.72,7.83,12.98,4.11,17.59,21.88,24.36,13.72
1290,5.2316693607181595,4,9.33,4,21.02,11.76,7.74,13.19,4.11,17.67,21.88,24.71,13.72
1291,5.2316693607181595,4,9.33,4,21.02,11.76,7.46,13.35,4.13,18.05,21.88,27.27,13.78
1292,5.2316693607181595,4,8.9,4.02,21.11,11.76,7.2,13.35,4.09,17.59,21.88,25.07,13.34
1293,5.2316693607181595,4,8.94,4.02,21.11,11.76,6.86,12.73,4.11,18.53,21.99,24.59,12.82
1294,5.2316693607181595,4,8.94,4.02,21.21,11.76,7.43,13.68,4.11,17.67,21.99,25.32,13.72
1295,5.2316693607181595,4,8.97,4.06,21.21,11.86,7.77,13.3,4.13,17.67,21.88,24.36,9.85
1296,5.2316693607181595,4,8.97,4.04,21.4,11.81,7.35,12.83,4.13,17.89,22.1,24.59,11.89
1297,5.2316693607181595,4,8.94,4.02,21.4,11.81,7.41,13.3,4.13,18.61,22.22,23.9,13.72
1298,5.2316693607181595,4,8.94,4.04,21.5,11.81,7.46,13.04,4.13,19.27,22.22,24.36,13.83
1299,5.2316693607181595,4,8.94,4.04,21.5,11.81,7.09,13.35,4.13,19.71,22.22,24.48,14
1300,5.2316693607181595,4,8.94,4.02,21.5,11.81,7.03,13.04,4.13,19.02,22.22,24.36,13.89
1301,5.2316693607181595,4,8.97,4.02,21.6,11.81,7.46,13.73,4.13,18.05,22.33,26.47,13.78
1302,5.2316693607181595,4,8.94,4.02,21.6,11.81,7.55,13.51,4.13,18.05,22.45,24.71,13.78
1303,5.2316693607181595,4,8.94,4.02,21.6,11.81,7.41,13.41,4.11,17.89,22.33,27,13.72
1304,5.2316693607181595,4,8.9,4.02,21.6,11.81,7.77,13.09,4.13,18.05,22.33,24.59,14
1305,5.2316693607181595,4,8.87,4,21.5,11.76,7.11,12.83,4.11,17.97,22.22,24.59,14
1306,5.2316693607181595,4,8.9,4,21.6,11.81,7.46,13.51,4.11,18.13,22.33,24.59,13.56
1307,5.2316693607181595,4,8.94,4.02,21.69,11.81,7.17,13.25,4.13,18.05,22.33,24.71,13.78
1308,5.2316693607181595,4,9.01,4.02,21.99,11.9,7.29,13.09,4.15,18.37,22.68,24.71,13.89
1309,5.2316693607181595,4,9.01,4.02,21.99,11.86,7.32,13.62,4.15,18.37,22.68,24.83,14
1310,5.2316693607181595,4,8.97,4.02,21.99,11.81,7.14,13.35,4.13,18.29,22.68,24.71,14.06
1311,5.2316693607181595,4,8.94,4.04,21.99,11.86,7.32,13.62,4.15,18.45,22.68,24.83,13.83
1312,5.2316693607181595,4,9.01,4.04,22.09,11.9,7.49,13.51,4.15,18.53,22.68,24.71,13.83
1313,5.2316693607181595,4,8.94,4.04,22.09,11.9,7.52,13.73,4.15,18.45,22.68,24.95,13.83
1314,5.2316693607181595,4,8.97,4.02,22.09,11.86,7.14,13.14,4.13,18.45,22.68,25.44,13.83
1315,5.2316693607181595,4,9.01,4.04,22.19,11.9,7.03,13.19,4.15,18.85,22.8,24.83,13.78
1316,5.2316693607181595,4,8.97,4.02,22.09,11.86,7.32,13.3,4.13,18.53,22.68,24.71,13.72
1317,5.2316693607181595,4,8.94,4.02,22.19,11.86,6.81,13.3,4.13,18.45,22.8,24.59,13.78
1318,5.2316693607181595,4,9.01,4.02,22.19,11.86,7.09,13.46,4.15,18.45,22.8,24.83,13.78
1319,5.2316693607181595,4,9.04,4.04,22.19,11.86,7.06,13.57,4.15,19.53,22.68,24.83,13.94
1320,5.2316693607181595,4,9.08,4,22.19,11.86,7.62,13.25,4.13,19.44,22.68,24.36,13.94
1321,5.239673136999486,4,9.08,4.02,22.3,11.86,7.62,13.3,4.13,18.69,22.68,24.36,13.78
1322,5.239673136999486,4,9.15,4.02,22.3,11.86,7.23,13.68,4.13,18.45,22.68,24.36,13.83
1323,5.239673136999486,4,9.01,4.02,22.3,11.86,7,13.19,4.13,18.45,22.68,24.36,13.61
1324,5.239673136999486,4,9.04,4.02,22.3,11.86,7.26,12.28,4.13,19.62,22.68,24.48,13.61
1325,5.239673136999486,4,9.15,4.02,22.4,11.86,7.46,13.35,4.15,18.61,22.68,24.83,13.56
1326,5.239673136999486,4,9.08,4.02,22.4,11.9,7.2,13.62,4.15,18.53,22.68,24.59,13.67
1327,5.239673136999486,4,9.08,3.98,22.3,11.86,7.06,13.3,4.13,18.29,22.45,24.71,13.5
1328,5.239673136999486,4,9.08,4.02,22.3,11.86,6.92,13.19,4.13,18.37,22.45,24.48,13.67
1329,5.239673136999486,4,9.04,4.02,22.3,11.81,7.29,12.88,4.13,18.29,22.45,24.36,13.83
1330,5.239673136999486,4,9.08,4,22.4,11.86,7.03,13.35,4.13,18.29,22.45,24.48,13.56
1331,5.239673136999486,4,9.11,4.04,22.61,11.9,7.14,13.51,4.15,18.45,22.8,24.59,13.83
1332,5.239673136999486,4,9.11,4.04,22.71,11.9,7.09,13.79,4.15,18.61,22.8,24.36,13.72
1333,5.239673136999486,4,9.11,4.07,22.61,12,6.86,13.46,4.16,18.45,22.68,24.36,10.21
1334,5.239673136999486,4,9.11,4.04,22.71,11.9,7.43,13.57,4.15,18.69,22.68,24.24,13.89
1335,5.239673136999486,4,9.08,4.04,22.82,11.9,7.55,13.3,4.15,18.53,22.8,24.59,13.94
1336,5.239673136999486,4,9.08,4.04,22.5,11.86,7.23,12.58,4.13,19.53,22.45,25.07,13.78
1337,5.239673136999486,4,9.04,4.04,22.5,11.81,7.38,13.35,4.13,18.77,22.45,24.24,13.61
1338,5.239673136999486,4,9.04,4,22.61,11.86,6.94,13.14,4.13,19.19,22.45,24.48,13.72
1339,5.239673136999486,4,8.97,4,22.61,11.81,6.97,12.93,4.13,19.19,22.45,26.6,13.83
1340,5.239673136999486,4,9.01,4,22.61,11.81,7.06,13.04,4.13,19.79,22.45,24.36,13.56
1341,5.239673136999486,4,8.94,4,22.61,11.81,7.35,13.25,4.11,18.37,22.45,24.13,13.56
1342,5.239673136999486,4,8.97,4,22.71,11.86,6.92,13.14,4.11,18.37,22.45,24.36,13.78
1343,5.239673136999486,4,9.04,4.02,22.71,11.76,7.29,12.88,4.11,18.21,22.45,24.36,13.5
1344,5.239673136999486,4,9.01,4.02,22.82,11.81,7.29,13.25,4.11,18.21,22.56,24.36,13.4
1345,5.239673136999486,4,8.97,4,22.71,11.81,7.35,12.73,4.11,18.21,22.56,24.36,13.45
1346,5.239673136999486,4,9.01,4.02,22.82,11.81,7.32,13.25,4.11,18.21,22.56,24.48,13.4
1347,5.239673136999486,4,8.94,4,22.82,11.81,7.32,13.09,4.11,18.29,22.56,25.82,13.67
1348,5.239673136999486,4,8.94,4,22.82,11.76,7.35,13.14,4.09,18.21,22.45,25.2,13.78
1349,5.239673136999486,4,8.94,3.98,22.82,11.76,6.94,12.93,4.09,18.29,22.45,24.95,13.45
1350,5.239673136999486,4,8.94,4,22.82,11.76,7.11,13.14,4.09,18.45,22.45,23.56,13.72
1351,5.239673136999486,4,8.9,4,22.82,11.76,7.06,13.19,4.09,18.29,22.45,24.95,13.56
1352,5.239673136999486,4,8.94,4,22.92,11.81,7.26,12.88,4.11,18.77,22.56,24.71,13.5
1353,5.239673136999486,4,8.97,4,22.92,11.81,6.86,13.04,4.09,19.02,22.45,24.71,13.89
1354,5.239673136999486,4,8.97,4,22.92,11.81,7.11,13.14,4.09,18.69,22.56,26.07,13.72
1355,5.239673136999486,4,8.94,3.98,22.92,11.81,7.26,11.71,4.09,18.61,22.56,24.59,13.67
1356,5.239673136999486,4,8.94,4,22.92,11.81,6.86,13.14,4.07,18.61,22.45,25.44,13.78
1357,5.239673136999486,4,8.97,4,22.92,11.81,7.06,12.83,4.09,18.61,22.45,25.07,13.61
1358,5.239673136999486,4,8.94,3.94,23.03,11.76,7.38,13.14,4.07,18.53,22.45,25.07,13.34
1359,5.239673136999486,4,8.87,3.96,23.03,11.76,6.89,13.14,4.07,18.29,22.56,24.83,13.61
1360,5.239673136999486,4,8.87,3.96,23.03,11.76,7.11,12.88,4.07,18.21,22.56,24.71,13.61
1361,5.239673136999486,4,9.01,3.96,23.03,11.76,7.23,12.88,4.07,18.21,22.56,23.56,13.45
1362,5.239673136999486,4,8.87,3.96,23.14,11.81,6.86,12.48,4.07,18.21,22.56,24.71,13.56
1363,5.239673136999486,4,8.83,3.96,23.14,11.81,7.09,12.68,4.07,18.29,22.56,24.95,13.56
1364,5.239673136999486,4,8.87,3.98,23.14,11.86,7.32,13.04,4.09,18.29,22.45,24.48,13.61
1365,5.239673136999486,4,8.94,3.98,23.14,11.81,6.92,13.14,4.07,18.29,22.45,25.95,13.56
1366,5.239673136999486,4,8.8,3.98,23.14,11.81,6.89,13.46,4.07,18.37,22.45,23.9,13.5
1367,5.239673136999486,4,8.83,3.98,23.14,11.86,7,12.93,4.09,18.45,22.56,24.13,13.61
1368,5.239673136999486,4,8.9,4,23.24,11.86,7.06,13.19,4.09,19.02,22.56,24.48,13.29
1369,5.239673136999486,4,8.9,3.98,23.35,11.86,7.49,12.98,4.09,18.69,22.56,24.36,13.45
1370,5.239673136999486,4,8.94,3.98,23.35,11.86,7.46,12.93,4.09,18.45,22.56,24.36,13.29
1371,5.239673136999486,4,8.9,3.96,23.24,11.81,7.11,13.25,4.06,18.05,22.45,23.9,13.5
1372,5.239673136999486,4,8.87,3.94,23.35,11.76,7.06,12.48,4.06,18.37,22.45,22.69,13.4
1373,5.239673136999486,4,8.83,3.94,23.35,11.81,7.29,13.3,4.06,18.29,22.45,23.9,13.61
1374,5.239673136999486,4,8.83,3.96,23.24,11.81,7.17,13.19,4.06,18.29,22.45,24.48,13.4
1375,5.239673136999486,4,8.8,3.96,23.35,11.81,7.17,12.88,4.06,18.53,22.45,24.59,13.56
1376,5.239673136999486,4,8.76,3.96,23.35,11.81,7.23,12.78,4.06,18.45,22.45,24.71,13.24
1377,5.239673136999486,4,8.76,3.96,23.35,11.81,7.2,12.48,4.06,18.37,22.45,24.24,13.67
1378,5.239673136999486,4,8.83,3.96,23.46,11.81,7.06,13.35,4.06,18.29,22.45,24.01,13.24
1379,5.239673136999486,4,8.83,3.96,23.46,11.86,7.32,12.43,4.06,18.77,22.45,23.9,13.24
1380,5.239673136999486,4,8.83,3.96,23.46,11.86,7.35,12.83,4.06,19.36,22.45,24.59,13.56
1381,5.257494181321206,4,8.8,3.96,23.46,12,6.92,13.14,4.07,21.18,22.45,24.13,13.34
1382,5.257494181321206,4,8.83,3.96,23.46,11.86,7.62,12.93,4.06,18.61,22.45,24.13,13.61
1383,5.257494181321206,4,8.83,3.98,23.46,12,7.03,12.98,4.06,18.61,22.45,24.13,13.67
1384,5.257494181321206,4,8.8,3.96,23.46,11.81,7.23,13.14,4.06,18.61,22.45,23.67,13.56
1385,5.257494181321206,4,8.87,3.96,23.57,11.76,6.94,13.09,4.06,18.61,22.45,24.01,13.03
1386,5.257494181321206,4,8.94,3.98,23.46,11.76,7.03,12.88,4.06,18.45,22.45,24.24,13.56
1387,5.257494181321206,4,8.94,3.98,23.68,11.76,6.83,12.98,4.06,18.37,22.45,23.45,13.67
1388,5.257494181321206,4,8.87,3.98,23.57,11.76,7.11,13.14,4.06,18.69,22.45,24.13,13.61
1389,5.257494181321206,4,8.87,3.98,23.57,11.76,7.11,12.83,4.06,18.29,22.45,24.13,13.45
1390,5.257494181321206,4,8.9,3.98,23.57,11.76,7.71,13.19,4.06,19.97,22.45,24.13,13.56
1391,5.257494181321206,4,8.94,3.98,23.57,11.76,7.46,12.68,4.06,19.97,22.45,24.01,13.61
1392,5.257494181321206,4,8.94,3.98,23.68,11.76,7.23,13.14,4.06,20.06,22.45,24.01,13.56
1393,5.257494181321206,4,8.9,4,23.68,11.76,7.14,13.3,4.06,19.97,22.45,24.13,13.61
1394,5.257494181321206,4,8.87,3.98,23.79,11.76,7.03,12.93,4.04,18.29,22.45,23.78,13.34
1395,5.257494181321206,4,8.87,3.98,23.79,11.81,7.29,13.04,4.06,18.21,22.56,23.9,13.45
1396,5.257494181321206,4,8.83,3.98,23.79,11.81,6.92,12.88,4.06,18.37,22.56,24.01,13.45
1397,5.257494181321206,4,8.9,4,23.79,11.81,7.2,13.04,4.06,19.27,22.45,23.56,13.56
1398,5.257494181321206,4,8.87,4,23.91,11.86,7.03,13.19,4.07,19.02,22.45,24.24,13.83
1399,5.257494181321206,4,8.9,4,23.91,11.81,7.2,13.04,4.07,18.94,22.56,23.9,13.5
1400,5.257494181321206,4,8.87,4.02,23.91,11.86,7.49,12.78,4.07,19.71,22.45,24.13,13.5
1401,5.257494181321206,4,8.87,4.04,24.02,11.95,7.46,12.88,4.09,18.53,22.56,24.24,13.45
1402,5.257494181321206,4,8.83,4,23.91,11.81,7.26,12.88,4.06,18.37,22.45,23.9,13.34
1403,5.257494181321206,4,8.87,4.02,24.02,11.86,7.03,12.83,4.07,18.45,22.56,24.01,13.56
1404,5.257494181321206,4,8.9,4.02,23.91,11.86,7.17,12.73,4.07,18.21,22.45,23.12,13.5
1405,5.257494181321206,4,8.94,4.02,24.13,11.9,7.03,12.78,4.07,18.77,22.68,24.24,13.45
1406,5.257494181321206,4,8.9,4.02,24.02,11.9,7.38,13.04,4.07,18.45,22.56,23.9,13.45
1407,5.257494181321206,4,8.94,4.04,24.13,11.9,7.03,13.14,4.07,18.61,22.56,23.45,13.5
1408,5.257494181321206,4,8.9,4,24.02,11.86,7.06,12.88,4.06,18.37,22.45,23.9,13.56
1409,5.257494181321206,4,8.94,3.98,24.02,11.86,7.2,12.63,4.04,18.37,22.56,24.13,13.4
1410,5.257494181321206,4,8.87,3.96,24.02,11.81,6.97,13.09,4.04,18.45,22.56,23.23,13.34
1411,5.257494181321206,4,8.83,3.96,24.02,11.81,7.23,12.88,4.04,18.29,22.45,24.59,13.29
1412,5.257494181321206,4,8.8,3.94,24.02,11.81,7.46,13.09,4.04,18.37,22.45,24.59,13.5
1413,5.257494181321206,4,8.8,3.96,24.02,11.81,7.06,12.88,4.04,18.21,22.45,25.07,13.18
1414,5.257494181321206,4,8.76,3.96,24.48,11.81,7.09,13.04,4.04,18.29,22.45,25.07,13.45
1415,5.257494181321206,4,8.8,3.98,24.02,11.86,6.81,12.88,4.04,18.45,22.45,24.83,13.29
1416,5.257494181321206,4,8.8,3.98,23.91,11.81,7,12.58,4.02,18.13,22.45,23.67,13.67
1417,5.257494181321206,4,8.83,3.98,24.13,11.86,7.14,12.63,4.04,18.21,22.56,24.48,13.13
1418,5.257494181321206,4,8.8,4,24.25,11.86,7.65,13.25,4.06,18.37,22.56,23.9,13.67
1419,5.257494181321206,4,8.8,4,24.25,11.86,7.65,13.04,4.06,19.1,22.56,23.78,13.56
1420,5.257494181321206,4,8.8,4,24.13,11.86,7.14,13.09,4.06,21.28,22.45,24.01,13.56
1421,5.257494181321206,4,8.8,3.98,24.25,11.86,6.94,12.28,4.04,18.29,22.56,24.24,13.5
1422,5.257494181321206,4,8.76,3.98,24.25,11.81,7.35,12.98,4.04,18.85,22.56,24.71,13.34
1423,5.257494181321206,4,8.8,3.98,24.25,11.86,7.38,12.78,4.04,18.37,22.56,24.95,13.34
1424,5.257494181321206,4,8.8,4,24.13,11.86,7.46,12.48,4.04,21.37,22.45,23.9,13.56
1425,5.257494181321206,4,8.8,3.98,24.25,11.81,7.14,12.58,4.04,18.21,22.56,24.13,13.61
1426,5.257494181321206,4,8.8,4,24.25,11.86,7.09,12.83,4.04,18.37,22.56,24.24,13.61
1427,5.257494181321206,4,8.8,3.98,24.25,11.86,6.94,12.53,4.04,18.13,22.56,23.78,13.08
1428,5.257494181321206,4,8.8,3.98,24.25,11.86,7.38,12.93,4.04,18.13,22.56,24.59,13.61
1429,5.257494181321206,4,8.76,3.98,24.25,11.81,7.52,12.48,4.02,18.21,22.56,24.48,13.56
1430,5.257494181321206,4,8.8,3.98,24.36,11.86,7.03,12.63,4.04,19.1,22.56,24.13,13.4
1431,5.257494181321206,4,8.76,3.98,24.36,11.86,7.32,12.98,4.04,18.29,22.56,24.13,13.08
1432,5.257494181321206,4,8.8,3.96,24.25,11.86,7.29,12.98,4.04,18.13,22.56,23.9,13.61
1433,5.257494181321206,4,8.76,3.96,24.36,11.86,7.03,12.53,4.04,18.29,22.56,23.9,13.45
1434,5.257494181321206,4,8.76,3.96,24.36,11.86,7.26,13.09,4.02,18.29,22.56,24.13,13.34
1435,5.257494181321206,4,8.8,3.96,24.36,11.86,6.97,13.04,4.02,19.44,22.45,24.59,13.4
1436,5.257494181321206,4,8.76,3.96,24.36,11.86,7,12.73,4.02,19.62,22.45,24.36,13.67
1437,5.257494181321206,4,8.76,3.98,24.36,11.81,7.26,13.14,4.02,19.44,22.45,23.67,13.5
1438,5.257494181321206,4,8.76,3.98,24.36,11.81,7.06,12.58,4.02,19.36,22.45,23.23,13.45
1439,5.257494181321206,4,8.76,3.98,24.36,11.81,7.29,12.73,4.02,18.29,22.45,23.67,13.29
1440,5.257494181321206,4,8.76,3.96,24.36,11.81,7.09,12.63,4.02,18.29,22.45,24.13,13.18
1441,5.298932060627791,4,8.76,3.98,24.36,11.81,6.86,12.48,4.02,19.19,22.56,23.45,13.08
1442,5.298932060627791,4,8.76,3.96,24.36,11.81,6.94,12.58,4,18.05,22.45,23.67,13.34
1443,5.298932060627791,4,8.8,3.98,24.36,11.81,7.32,12.23,4,18.53,22.56,24.13,13.61
1444,5.298932060627791,4,8.8,3.96,24.48,11.81,7.32,12.68,4,18.13,22.45,23.56,13.03
1445,5.298932060627791,4,8.8,3.96,24.48,11.86,7.26,12.88,4.02,18.13,22.45,23.78,13.24
1446,5.298932060627791,4,8.76,3.98,24.48,11.81,7.06,12.48,4,18.21,22.45,23.12,13.4
1447,5.298932060627791,4,8.73,3.98,24.48,11.81,7.11,12.83,4,18.21,22.45,23.12,13.29
1448,5.298932060627791,4,8.73,3.98,24.48,11.81,6.81,12.48,4,18.29,22.45,23.56,13.4
1449,5.298932060627791,4,8.73,3.98,24.48,11.81,6.89,12.43,4,18.21,22.45,23.56,13.24
1450,5.298932060627791,4,8.73,3.98,24.48,11.81,6.81,12.93,4.02,18.61,22.45,23.67,13.45
1451,5.298932060627791,4,8.76,3.94,24.48,11.81,7.03,11.58,4,18.21,22.56,24.24,13.08
1452,5.298932060627791,4,8.69,3.96,24.48,11.81,7.06,12.53,4,18.05,22.45,24.13,13.34
1453,5.298932060627791,4,8.69,3.96,24.48,11.86,6.89,12.23,4,18.21,21.88,23.34,13.45
1454,5.298932060627791,4,8.69,3.96,24.48,11.81,7.23,12.58,4,18.21,22.45,23.67,13.34
1455,5.298932060627791,4,8.73,3.96,24.48,11.81,7.26,12.58,4,18.29,22.45,24.13,13.34
1456,5.298932060627791,4,8.69,3.96,24.48,11.81,7.14,12.58,4,18.53,22.45,23.78,13.45
1457,5.298932060627791,4,8.73,4,24.48,11.81,7.11,12.83,4,18.77,22.45,24.36,13.29
1458,5.298932060627791,4,8.73,3.98,24.6,11.81,6.83,12.48,4,18.53,22.45,23.12,13.4
1459,5.298932060627791,4,8.69,3.98,24.6,11.86,7.26,12.68,4,18.29,22.45,23.12,13.4
1460,5.298932060627791,4,8.69,3.96,24.48,11.86,6.86,12.83,4,18.21,22.45,23.23,13.5
1461,5.298932060627791,4,8.69,3.96,24.6,11.81,6.92,11.95,3.98,18.53,22.45,22.59,13.34
1462,5.298932060627791,4,8.69,3.98,24.48,11.86,6.89,12.78,4,18.53,22.45,22.48,13.5
1463,5.298932060627791,4,8.69,3.96,24.48,11.81,6.7,12.78,4,18.69,22.33,23.23,13.34
1464,5.298932060627791,4,8.66,3.96,24.6,11.81,6.7,12.43,4,18.69,22.45,23.23,13.13
1465,5.298932060627791,4,8.63,3.96,24.6,11.86,7.09,12.58,4,18.69,22.45,23.01,13.29
1466,5.298932060627791,4,8.59,3.98,24.6,11.86,6.7,12.88,4,20.99,22.45,23.12,13.45
1467,5.298932060627791,4,8.63,3.96,24.6,11.86,6.78,12.43,4,18.37,22.45,22.8,13.24
1468,5.298932060627791,4,9.51,3.98,24.72,11.86,7.14,12.33,4,18.45,22.45,24.48,13.24
1469,5.298932060627791,4,9.51,3.98,24.6,11.9,7.2,12.58,4,18.45,22.45,23.01,13.29
1470,5.298932060627791,4,9.44,4,24.6,11.9,7.06,12.68,4,18.37,22.33,23.12,13.72
1471,5.298932060627791,4,9.26,3.98,24.6,11.86,7.03,12.04,4,18.61,22.45,23.01,13.34
1472,5.298932060627791,4,9.22,4,24.6,11.9,7.35,12.68,4,18.85,22.33,22.8,13.4
1473,5.298932060627791,4,9.08,3.98,24.6,11.86,7.26,12.23,4,18.37,22.45,22.91,13.45
1474,5.298932060627791,4,8.66,3.96,24.6,11.86,7.09,12.19,4,18.29,22.33,22.28,13.45
1475,5.298932060627791,4,8.63,3.96,24.6,11.86,6.75,11.81,3.98,18.37,22.33,23.01,13.56
1476,5.298932060627791,4,8.59,3.96,24.48,11.86,6.83,12.73,3.98,18.37,22.22,22.91,13.61
1477,5.298932060627791,4,8.66,3.96,24.48,11.86,6.83,12.63,3.98,18.29,22.22,22.8,13.18
1478,5.298932060627791,4,8.63,3.96,24.72,11.86,6.89,12.43,3.98,18.45,22.33,23.01,13.13
1479,5.298932060627791,4,8.59,3.98,24.72,11.9,7.23,12.43,4,18.53,22.45,23.01,13.45
1480,5.298932060627791,4,8.59,3.98,24.83,11.9,7.06,11.95,4,18.69,22.56,23.34,13.18
1481,5.298932060627791,4,8.59,3.98,24.83,11.9,7.41,12.58,4,18.77,22.56,22.8,13.29
1482,5.298932060627791,4,8.63,3.98,24.83,11.9,6.92,12.23,4,18.94,22.45,23.01,13.29
1483,5.298932060627791,4,8.59,3.98,24.83,11.9,7.41,12.68,4,18.61,22.56,23.12,13.5
1484,5.298932060627791,4,8.56,3.98,24.83,11.9,7.46,12.43,4,18.69,22.45,23.01,13.34
1485,5.298932060627791,4,8.59,3.98,24.83,11.9,6.94,12.04,3.98,18.69,22.45,23.45,13.29
1486,5.298932060627791,4,8.56,3.96,24.72,11.86,7.38,12.48,4,18.69,22.33,23.01,13.18
1487,5.298932060627791,4,8.52,3.96,24.48,11.81,7.29,12.33,3.97,18.45,22.22,23.23,13.4
1488,5.298932060627791,4,8.52,3.96,24.72,11.86,6.64,12.14,3.98,18.94,22.33,23.45,13.29
1489,5.298932060627791,4,8.56,3.96,24.72,11.86,7.23,12.68,3.98,18.61,22.33,23.23,13.45
1490,5.298932060627791,4,8.52,3.96,24.83,11.86,7.2,12.43,3.98,18.61,22.45,23.34,13.24
1491,5.298932060627791,4,8.49,3.96,24.72,11.86,7.23,12.73,3.98,18.77,22.33,23.34,13.03
1492,5.298932060627791,4,8.49,3.96,24.83,11.86,7.14,12.48,3.98,18.61,22.45,22.69,13.5
1493,5.298932060627791,4,8.59,3.96,24.6,11.81,6.92,12.68,3.98,18.45,22.1,23.34,13.29
1494,5.298932060627791,4,8.49,3.98,24.83,11.86,7.09,12.38,3.98,18.45,22.45,22.91,13.4
1495,5.298932060627791,4,8.46,3.98,24.83,11.9,7.26,12.68,4,18.53,22.45,22.69,13.13
1496,5.298932060627791,4,8.46,3.98,24.95,11.9,6.89,12.48,4,18.61,22.45,23.12,13.5
1497,5.298932060627791,4,8.46,3.98,24.83,11.9,7.23,12.23,3.98,18.61,22.45,23.12,13.34
1498,5.298932060627791,4,8.49,3.98,24.83,11.9,6.89,12.68,4,18.53,22.45,23.56,13.34
1499,5.298932060627791,4,8.42,3.98,24.95,11.86,7.14,12.53,3.98,19.36,22.45,23.78,13.18
1500,5.298932060627791,4,8.49,3.98,24.83,11.9,7.11,12.88,4,19.53,22.45,23.56,13.18
1501,5.412588874668555,4,8.49,3.98,24.83,11.9,7.35,12.33,3.98,19.97,22.33,23.45,12.98
1502,5.412588874668555,4,8.59,3.98,24.83,11.9,6.97,13.04,4,19.53,22.33,23.23,13.24
1503,5.412588874668555,4,8.52,3.98,24.83,11.9,6.81,12.53,4,19.71,22.45,23.34,13.34
1504,5.412588874668555,4,8.52,3.98,24.48,11.9,6.81,12.09,3.98,19.62,22.45,23.78,13.08
1505,5.412588874668555,4,8.52,3.98,24.83,11.95,6.89,12.33,4,19.62,22.45,23.56,13.34
1506,5.412588874668555,4,8.52,3.98,24.83,11.95,7.46,12.28,3.98,19.71,22.45,23.01,13.34
1507,5.412588874668555,4,8.49,3.98,24.95,11.95,7.26,12.43,3.98,18.69,22.56,23.23,13.18
1508,5.412588874668555,4,8.42,3.98,24.95,11.9,7.11,12.58,3.98,18.61,22.45,22.69,13.34
1509,5.412588874668555,4,8.56,3.98,24.83,11.9,7.23,12.53,3.98,18.77,22.45,24.48,13.08
1510,5.412588874668555,4,8.49,3.98,24.72,11.9,7.09,12.43,3.98,21.77,22.22,24.01,13.34
1511,5.412588874668555,4,8.33,3.96,24.95,11.9,7.32,11.31,3.98,23.03,22.45,22.91,13.24
1512,5.412588874668555,4,8.42,3.98,24.95,11.9,6.81,12.53,3.98,18.69,22.56,22.91,13.24
1513,5.412588874668555,4,8.52,3.98,24.95,11.95,7.06,12.58,3.98,18.61,22.56,23.01,13.18
1514,5.412588874668555,4,8.46,3.98,24.95,11.95,6.92,12.09,3.98,18.61,22.45,22.91,13.34
1515,5.412588874668555,4,8.52,3.98,24.95,11.95,7.06,12.58,3.98,18.61,22.45,23.34,13.13
1516,5.412588874668555,4,8.49,3.98,25.07,11.95,6.78,12.38,4,18.61,22.56,23.23,13.4
1517,5.412588874668555,4,8.49,3.98,24.95,12,7,12.43,4,18.61,22.56,23.01,13.34
1518,5.412588874668555,4,8.42,3.98,24.95,11.95,7.14,12.23,4,20.89,22.45,22.8,13.4
1519,5.412588874668555,4,8.59,3.98,25.07,11.95,6.89,12.43,4,18.69,22.56,22.91,12.98
1520,5.412588874668555,4,8.49,3.98,25.07,11.95,6.89,12.04,4,18.61,22.68,22.59,13.45
1521,5.412588874668555,4,8.56,3.98,25.07,11.95,7.09,12.43,4,18.53,22.56,22.17,13.29
1522,5.412588874668555,4,8.39,3.98,25.07,11.9,6.75,12.43,4,18.53,22.56,22.8,13.45
1523,5.412588874668555,4,8.46,3.98,25.07,11.95,7.17,12.38,4,18.45,22.56,23.01,13.29
1524,5.412588874668555,4,8.42,3.98,25.07,12,7.06,12.58,3.98,18.53,22.56,23.9,13.03
1525,5.412588874668555,4,8.36,4,24.95,12,6.64,12.43,4,20.7,22.56,23.78,13.29
1526,5.412588874668555,4,8.46,4,24.95,12.05,7.09,12.48,4,20.52,22.45,23.78,13.34
1527,5.412588874668555,4,8.39,4,25.32,12.05,7.09,12.23,4,18.61,22.8,23.12,13.56
1528,5.412588874668555,4,8.49,4,25.32,12,6.89,12.23,4,18.69,22.8,22.91,13.4
1529,5.412588874668555,4,8.46,4,25.32,12,7,12.48,4.02,19.44,22.8,23.23,13.56
1530,5.412588874668555,4,8.49,4,25.32,12,6.94,12.09,4,18.61,22.8,22.48,13.61
1531,5.412588874668555,4,8.56,4,25.32,12,7.38,12.14,4,18.61,22.8,23.23,13.34
1532,5.412588874668555,4,8.42,3.98,25.19,12,7.41,12.43,3.98,18.29,22.68,23.01,13.56
1533,5.412588874668555,4,8.66,3.98,25.07,11.95,6.97,12.48,3.98,18.21,22.56,23.9,13.5
1534,5.412588874668555,4,8.46,3.98,25.07,12,6.83,12.14,3.98,18.21,22.56,22.8,13.18
1535,5.412588874668555,4,8.56,3.98,24.95,11.95,7.35,11.95,3.98,18.45,22.56,23.12,13.5
1536,5.412588874668555,4,8.56,3.98,25.07,12,7.23,12.23,3.98,18.29,22.56,23.12,13.34
1537,5.412588874668555,4,8.52,3.98,25.07,11.95,6.86,11.85,3.98,18.21,22.56,23.45,13.5
1538,5.412588874668555,4,8.59,3.98,25.07,12,7.11,12.58,4,18.45,22.56,22.38,13.24
1539,5.412588874668555,4,8.46,3.98,25.07,11.95,6.86,11.81,3.98,18.37,22.56,23.23,13.08
1540,5.412588874668555,4,8.49,3.98,25.07,11.95,7.23,12.23,3.98,18.21,22.56,23.12,13.4
1541,5.412588874668555,4,8.52,3.98,25.07,11.95,7,12.38,3.98,18.29,22.45,23.12,13.34
1542,5.412588874668555,4,8.46,3.98,25.07,11.95,6.94,12.23,3.98,18.29,22.56,22.38,13.34
1543,5.412588874668555,4,8.46,3.98,24.95,11.95,6.89,12.48,3.98,18.13,22.33,23.01,13.56
1544,5.412588874668555,4,8.56,3.98,24.83,11.95,7.03,12.43,3.97,18.21,22.45,23.01,13.4
1545,5.412588874668555,4,8.52,3.98,24.83,11.95,7.17,12.43,3.98,19.36,22.33,22.59,13.29
1546,5.412588874668555,4,8.49,3.98,24.83,11.95,7.49,11.85,3.97,18.21,22.33,23.23,13.29
1547,5.412588874668555,4,8.52,3.98,25.07,11.95,7,12.09,3.98,18.29,22.56,23.23,12.98
1548,5.412588874668555,4,8.56,3.98,25.07,12,6.97,11.67,3.98,19.44,22.56,23.23,13.08
1549,5.412588874668555,4,8.52,3.98,25.07,12,7.09,12.63,3.98,19.44,22.56,23.78,13.4
1550,5.412588874668555,4,8.49,3.96,25.07,11.95,7.06,12.14,3.98,19.19,22.56,23.67,13.03
1551,5.412588874668555,4,8.42,3.98,25.07,12,7.2,12.38,3.98,19.19,22.56,23.23,13.45
1552,5.412588874668555,4,8.52,4,25.07,12,6.75,12.43,3.98,19.27,22.56,23.01,13.29
1553,5.412588874668555,4,8.46,3.98,25.07,12,6.97,12.73,3.98,19.19,22.56,24.95,13.45
1554,5.412588874668555,4,8.46,3.98,25.07,12,7.09,11.9,3.98,19.19,22.56,23.12,13.4
1555,5.412588874668555,4,8.49,4,25.07,12,6.86,12.23,3.98,19.36,22.56,22.28,12.98
1556,5.412588874668555,4,8.49,4,25.07,12,7,12.28,3.98,19.36,22.45,24.83,13.08
1557,5.412588874668555,4,8.42,4.02,25.07,12,6.89,12.28,3.98,18.21,22.56,23.12,13.5
1558,5.412588874668555,4,8.39,3.98,25.07,12,6.72,12.33,3.98,17.97,22.56,23.01,13.4
1559,5.412588874668555,4,8.52,3.98,25.07,12,6.92,12.23,3.98,17.82,22.68,23.67,13.29
1560,5.412588874668555,4,8.33,3.98,25.07,11.95,7.11,12.68,3.98,17.89,22.56,23.34,13.18
1561,5.473782773477036,4,8.26,3.98,25.07,12,6.64,12.58,3.98,18.37,22.45,23.67,13.18
1562,5.473782773477036,4,8.2,4,25.07,12,6.48,12.43,3.98,18.37,22.56,23.12,12.98
1563,5.473782773477036,4,8.26,3.98,25.07,12.1,6.51,12.33,3.98,18.45,22.56,23.9,13.13
1564,5.473782773477036,4,8.36,3.98,24.95,12,7,12.33,3.98,18.53,22.56,23.34,13.29
1565,5.473782773477036,4,8.23,3.98,25.07,12,6.67,12.19,3.98,18.45,22.56,24.01,13.29
1566,5.473782773477036,4,8.36,4,24.95,12,6.72,12.48,3.98,18.45,22.45,22.38,13.18
1567,5.473782773477036,4,8.29,3.98,25.07,12.05,6.97,12.53,3.97,18.53,22.45,24.13,13.24
1568,5.473782773477036,4,8.26,3.96,24.95,12.05,6.86,11.99,3.97,18.53,22.56,24.36,13.29
1569,5.473782773477036,4,8.26,3.98,25.07,12,7.06,12.28,3.97,18.53,22.56,24.48,12.98
1570,5.473782773477036,4,8.26,3.98,25.07,12.05,7.29,11.85,3.98,18.61,22.56,23.12,13.29
1571,5.473782773477036,4,8.26,3.98,25.19,12,7.09,11.76,3.97,18.61,22.68,23.12,12.92
1572,5.473782773477036,4,8.2,3.98,25.07,12.05,7,12.43,3.98,18.61,22.56,22.69,13.24
1573,5.473782773477036,4,8.2,3.98,25.07,12.1,6.56,12.23,3.98,18.53,22.56,23.01,13.13
1574,5.473782773477036,4,8.39,3.98,25.07,12,6.81,12.09,3.98,18.61,22.56,22.91,13.4
1575,5.473782773477036,4,8.29,3.98,25.07,12,7.26,11.9,3.97,18.85,22.56,23.34,13.18
1576,5.473782773477036,4,8.33,3.98,25.07,12,6.92,12.63,3.98,18.61,22.56,23.12,13.24
1577,5.473782773477036,4,8.26,3.98,25.07,12,6.86,12.58,3.98,18.53,22.56,22.91,13.29
1578,5.473782773477036,4,8.26,3.98,24.95,12,7.17,12.33,3.98,18.53,22.56,22.91,13.4
1579,5.473782773477036,4,8.36,3.98,24.95,12,7.46,12.23,3.98,18.61,22.45,23.01,13.24
1580,5.473782773477036,4,8.33,3.98,25.07,12,7.23,11.67,3.98,18.61,22.56,23.12,12.92
1581,5.473782773477036,4,8.26,3.98,24.95,12,6.89,12.33,3.98,18.53,22.45,23.23,13.08
1582,5.473782773477036,4,8.33,4,24.95,12,6.86,12.19,3.98,18.61,22.56,23.01,13.18
1583,5.473782773477036,4,8.26,4,24.95,12,7.38,12.38,3.97,18.61,22.45,23.45,13.13
1584,5.473782773477036,4,8.39,3.98,24.95,12,7.17,12.28,3.98,18.53,22.56,23.34,13.08
1585,5.473782773477036,4,8.23,3.98,24.95,12,7.23,11.95,3.97,18.61,22.56,23.78,12.98
1586,5.473782773477036,4,8.29,4,25.19,12.05,6.83,12.23,3.98,18.77,22.8,23.78,13.03
1587,5.473782773477036,4,8.33,4,25.32,12.05,6.92,12.04,3.98,18.85,22.8,23.45,13.08
1588,5.473782773477036,4,8.39,4,25.19,12.05,7.17,12.43,3.98,18.77,22.8,23.34,13.08
1589,5.473782773477036,4,8.33,3.98,25.07,12.05,7.29,11.62,3.97,18.69,22.56,23.23,13.13
1590,5.473782773477036,4,8.33,3.98,24.95,12,6.89,11.99,3.98,18.77,22.68,23.12,13.08
1591,5.473782773477036,4,8.33,3.98,24.95,12.05,7.14,12.23,3.98,18.45,22.68,23.12,13.18
1592,5.473782773477036,4,8.23,3.98,24.95,12.05,6.81,12.14,3.97,18.45,22.56,23.56,12.87
1593,5.473782773477036,4,8.33,4,24.95,12.05,6.89,12.28,3.98,18.53,22.56,23.12,13.29
1594,5.473782773477036,4,8.42,4,25.19,12.19,6.94,12.14,3.98,18.77,22.8,23.78,13.29
1595,5.473782773477036,4,8.33,4,25.32,12.14,7.14,12.14,3.98,18.77,22.92,23.56,13.18
1596,5.473782773477036,4,8.23,3.98,25.32,12.05,7.38,11.62,3.98,18.77,22.92,23.56,13.4
1597,5.473782773477036,4,8.33,4,25.32,12.05,7.49,12.19,4,18.69,22.8,23.56,13.18
1598,5.473782773477036,4,8.23,3.98,25.07,12,6.78,12.19,3.98,18.45,22.68,25.32,13.34
1599,5.473782773477036,4,8.29,3.98,25.07,12,7,12.23,3.98,18.45,22.56,23.67,13.34
1600,5.473782773477036,4,8.29,3.98,24.95,12.05,7.32,12.38,3.98,18.53,22.56,23.34,13.08
1601,5.473782773477036,4,8.36,4,25.44,12.1,7.06,12.14,4,18.69,22.92,23.78,13.29
1602,5.473782773477036,4,8.33,4,25.32,12.1,6.92,12.48,4,18.61,22.92,23.23,13.34
1603,5.473782773477036,4,8.46,4,25.32,12.1,6.89,12.43,3.98,18.61,22.92,23.67,13.24
1604,5.473782773477036,4,8.46,3.98,25.19,12.05,6.78,12.23,3.98,18.61,22.8,23.78,13.18
1605,5.473782773477036,4,8.42,3.98,25.19,12.05,6.94,12.28,3.98,18.53,22.68,23.01,13.18
1606,5.473782773477036,4,8.42,4,25.19,12.05,7.2,12.28,3.98,18.53,22.8,23.01,13.18
1607,5.473782773477036,4,8.33,3.98,25.19,12.05,7.06,12.14,3.98,18.61,22.8,23.12,13.18
1608,5.473782773477036,4,8.29,3.98,25.19,12.05,7.38,11.49,3.98,18.61,22.8,23.34,13.24
1609,5.473782773477036,4,8.39,4,25.19,12.05,6.92,12.33,3.98,18.53,22.8,23.23,13.18
1610,5.473782773477036,4,8.39,4.06,25.07,12.05,6.94,12.14,3.98,19.1,22.8,22.91,13.18
1611,5.473782773477036,4,8.36,3.98,25.19,12.05,7.2,12.28,3.97,18.53,22.8,22.38,13.13
1612,5.473782773477036,4,8.26,3.98,25.19,12.05,7.23,12.28,3.97,18.53,22.8,22.8,13.13
1613,5.473782773477036,4,8.29,4,25.19,12.1,6.94,11.95,3.98,18.85,22.8,22.8,13.18
1614,5.473782773477036,4,8.33,4.02,25.19,12.14,6.94,12.04,4,18.69,22.8,23.34,13.29
1615,5.473782773477036,4,8.29,4,25.32,12.14,7.03,12.43,4,18.69,22.92,22.48,13.18
1616,5.473782773477036,4,8.29,4,25.44,12.14,7.06,12.33,4,18.69,23.04,24.48,13.45
1617,5.473782773477036,4,8.33,4,25.32,12.1,7.17,11.9,3.98,18.61,22.92,23.56,13.18
1618,5.473782773477036,4,8.23,3.98,25.32,12.1,7.14,11.95,3.98,18.61,23.04,24.01,12.77
1619,5.473782773477036,4,8.33,3.98,25.19,12.1,7.06,11.81,3.98,18.53,22.8,23.78,13.08
1620,5.473782773477036,4,8.33,4,25.32,12.1,6.89,12.28,3.98,18.53,22.92,23.23,13.18
1621,5.5391314075682505,4,8.36,4,25.32,12.1,7.2,12.38,3.98,18.53,22.92,22.91,13.18
1622,5.5391314075682505,4,8.29,4,25.19,12.1,7.41,12.19,3.98,18.45,22.8,23.34,13.24
1623,5.5391314075682505,4,8.36,3.98,25.19,12.05,6.94,10.96,3.97,18.37,22.8,23.12,12.98
1624,5.5391314075682505,4,8.29,4,25.32,12.1,6.86,11.9,3.98,18.61,22.92,23.01,13.03
1625,5.5391314075682505,4,8.2,3.98,25.32,12.14,7.09,11.9,3.98,18.45,22.92,23.12,13.08
1626,5.5391314075682505,4,8.16,3.98,25.19,12.1,6.92,11.85,3.98,18.37,22.92,23.23,13.13
1627,5.5391314075682505,4,8.29,4,25.19,12.24,6.81,12.43,3.98,18.37,22.92,23.34,12.98
1628,5.5391314075682505,4,8.26,4,25.19,12.1,7.17,12.19,3.97,18.37,22.92,23.67,13.03
1629,5.5391314075682505,4,8.26,4,25.19,12.14,7.2,12.09,3.98,20.61,22.92,23.01,13.13
1630,5.5391314075682505,4,8.26,4,25.32,12.14,6.94,12.38,3.98,18.45,23.04,23.12,13.13
1631,5.5391314075682505,4,8.33,4,25.32,12.24,7.38,12.33,3.98,18.53,23.04,23.23,13.24
1632,5.5391314075682505,4,8.26,4,25.32,12.14,7.32,11.95,3.98,18.61,23.04,23.23,13.18
1633,5.5391314075682505,4,8.33,3.98,25.32,12.14,7.26,11.85,3.98,18.53,23.04,23.45,13.29
1634,5.5391314075682505,4,8.29,4,25.32,12.14,7.2,12.04,3.98,18.53,23.04,23.34,13.08
1635,5.5391314075682505,4,8.29,4,25.44,12.14,7.23,11.76,3.98,18.45,23.04,24.01,13.18
1636,5.5391314075682505,4,8.26,4,25.32,12.14,7.46,12.33,3.98,18.37,23.16,24.36,13.18
1637,5.5391314075682505,4,8.26,3.98,25.19,12.14,7.23,11.62,3.98,18.37,22.92,23.23,13.08
1638,5.5391314075682505,4,8.26,4,25.32,12.19,7.03,12.19,3.98,18.13,23.04,23.45,13.24
1639,5.5391314075682505,4,8.26,3.98,25.32,12.14,7.65,12.23,3.98,17.89,22.92,23.67,12.98
1640,5.5391314075682505,4,8.23,4,25.32,12.19,7.52,12.33,3.98,18.13,22.92,22.91,12.87
1641,5.5391314075682505,4,8.2,4,25.32,12.14,7.41,12.28,3.98,17.89,22.92,23.23,13.13
1642,5.5391314075682505,4,8.16,3.98,25.07,12.14,7.49,11.95,3.97,19.79,22.68,23.01,12.92
1643,5.5391314075682505,4,8.16,3.98,24.83,12.1,7.09,12.19,3.95,18.05,22.45,22.91,13.18
1644,5.5391314075682505,4,8.13,3.98,24.83,12.05,7.09,12.04,3.95,17.97,22.45,23.12,12.77
1645,5.5391314075682505,4,8.13,3.98,24.83,12.1,6.78,12.19,3.95,17.89,22.56,23.12,12.67
1646,5.5391314075682505,4,8.1,3.98,24.83,12.1,7.2,11.85,3.95,18.21,22.45,23.01,13.08
1647,5.5391314075682505,4,8.1,3.98,24.83,12.1,6.83,12.23,3.95,18.13,22.45,23.56,13.03
1648,5.5391314075682505,4,8.13,3.98,24.83,12.1,7.03,12.09,3.95,18.13,22.45,24.71,12.98
1649,5.5391314075682505,4,8.1,3.96,24.83,12.1,7.23,11.99,3.95,18.13,22.45,23.9,12.98
1650,5.5391314075682505,4,8.1,3.98,24.83,12.1,7.09,12.09,3.97,18.21,22.56,23.56,12.92
1651,5.5391314075682505,4,8.07,3.98,24.72,12.1,7.46,12.09,3.95,18.37,22.45,22.48,12.77
1652,5.5391314075682505,4,8.13,3.98,24.72,12.14,7.41,11.99,3.97,18.29,22.45,22.07,12.67
1653,5.5391314075682505,4,8.1,3.98,24.72,12.1,7.17,12.19,3.95,18.29,22.45,22.69,12.87
1654,5.5391314075682505,4,8.13,3.98,24.83,12.1,7.43,12.09,3.95,18.21,22.45,22.28,12.77
1655,5.5391314075682505,4,8.03,3.98,24.83,12.1,7.32,12.33,3.97,18.85,22.33,22.28,12.92
1656,5.5391314075682505,4,8.03,3.98,24.72,12.1,6.94,11.9,3.95,18.37,22.45,22.38,12.82
1657,5.5391314075682505,4,8,4,24.83,12.1,6.94,12.28,3.95,18.29,22.45,22.28,13.08
1658,5.5391314075682505,4,7.97,3.98,24.83,12.1,6.89,11.58,3.95,18.37,22.45,22.38,13.03
1659,5.5391314075682505,4,8,3.98,24.83,12.1,7.23,11.95,3.95,18.21,22.45,22.38,12.92
1660,5.5391314075682505,4,8.29,3.98,24.83,12.14,6.97,11.71,3.97,18.29,22.45,22.17,12.92
1661,5.5391314075682505,4,8.16,3.98,24.72,12.1,6.92,11.99,3.95,18.53,22.45,22.38,13.03
1662,5.5391314075682505,4,8.13,3.98,24.83,12.14,7,11.26,3.95,18.29,22.45,22.91,12.98
1663,5.5391314075682505,4,8.16,4,24.83,12.14,6.97,12.04,3.93,19.53,22.45,22.48,12.87
1664,5.5391314075682505,4,8.13,4,24.72,12.14,6.86,12.33,3.97,18.29,22.45,22.91,12.87
1665,5.5391314075682505,4,8.13,4,24.83,12.14,7.14,12.04,3.97,18.21,22.56,22.38,13.03
1666,5.5391314075682505,4,8.13,3.98,24.83,12.14,7.14,11.31,3.95,18.13,22.45,22.17,12.87
1667,5.5391314075682505,4,8.13,3.98,25.32,12.14,6.94,12.09,3.95,18.13,22.45,22.48,13.13
1668,5.5391314075682505,4,8.1,3.98,24.83,12.14,7.41,11.81,3.95,18.21,22.56,22.28,12.98
1669,5.5391314075682505,4,8.07,3.98,24.83,12.14,6.83,11.95,3.95,18.21,22.45,22.38,13.08
1670,5.5391314075682505,4,8.1,3.98,24.83,12.14,7,12.28,3.95,18.45,22.45,22.38,13.18
1671,5.5391314075682505,4,8.1,3.98,24.83,12.14,7.2,11.67,3.95,18.53,22.45,22.48,13.13
1672,5.5391314075682505,4,8.13,3.98,24.83,12.14,7.35,11.49,3.95,18.53,22.68,22.8,13.34
1673,5.5391314075682505,4,8.07,3.98,24.83,12.14,6.81,11.58,3.95,18.37,22.68,23.34,12.82
1674,5.5391314075682505,4,8.07,3.98,24.83,12.14,6.97,11.9,3.95,18.77,22.56,24.01,13.18
1675,5.5391314075682505,4,8.16,3.98,24.83,12.14,6.92,11.99,3.95,18.45,22.56,21.77,12.72
1676,5.5391314075682505,4,8,3.98,24.83,12.14,6.94,11.44,3.95,18.45,22.56,22.59,13.29
1677,5.5391314075682505,4,8.1,3.98,24.72,12.14,7.35,12.04,3.95,18.37,22.45,21.97,13.18
1678,5.5391314075682505,4,8.07,3.98,24.72,12.14,7.23,11.62,3.95,18.37,22.56,22.38,12.57
1679,5.5391314075682505,4,8.07,3.98,24.83,12.14,7.2,11.71,3.95,18.45,22.56,22.48,12.92
1680,5.5391314075682505,4,7.94,3.98,24.83,12.14,6.97,11.81,3.95,18.45,22.56,21.77,12.67
1681,5.6111427069017825,4,8.13,3.98,24.83,12.14,7.2,11.62,3.95,18.37,22.56,22.48,12.62
1682,5.6111427069017825,4,8.1,3.98,24.95,12.14,6.83,11.81,3.95,18.45,22.56,22.59,12.82
1683,5.6111427069017825,4,8.07,3.98,24.83,12.14,6.97,11.81,3.95,18.37,22.56,22.17,12.87
1684,5.6111427069017825,4,8.1,3.98,24.83,12.14,6.72,11.99,3.95,19.53,22.56,22.59,13.18
1685,5.6111427069017825,4,8.07,3.98,24.83,12.14,6.92,11.04,3.95,18.37,22.56,22.59,13.18
1686,5.6111427069017825,4,8.13,3.98,24.83,12.14,6.81,11.76,3.95,18.29,22.56,22.59,12.82
1687,5.6111427069017825,4,8.2,4,25.07,12.19,7.14,12.19,3.97,18.53,22.8,22.69,12.67
1688,5.6111427069017825,4,8.16,4,25.07,12.19,6.92,11.67,3.97,18.37,22.8,22.69,13.03
1689,5.6111427069017825,4,8.13,3.98,24.83,12.14,7.14,11.58,3.95,18.37,22.56,22.59,12.67
1690,5.6111427069017825,4,8.26,3.98,24.83,12.14,6.94,12.14,3.95,18.45,22.56,23.12,13.03
1691,5.6111427069017825,4,8.07,3.98,24.83,12.14,6.92,11.67,3.95,18.37,22.56,23.12,12.92
1692,5.6111427069017825,4,8.16,3.98,24.83,12.14,7.29,12.23,3.95,18.29,22.56,23.23,13.08
1693,5.6111427069017825,4,8.2,3.98,24.83,12.14,7.17,11.81,3.95,18.05,22.56,23.12,12.98
1694,5.6111427069017825,4,8.16,3.98,24.83,12.1,7.17,11.53,3.93,17.82,22.56,23.45,12.98
1695,5.6111427069017825,4,8.16,3.98,25.07,12.19,7.29,11.58,3.97,18.29,22.8,23.23,13.24
1696,5.6111427069017825,4,8.13,3.98,25.07,12.19,7.41,11.71,3.97,18.21,22.68,23.23,13.03
1697,5.6111427069017825,4,8.16,3.96,24.72,12.1,6.86,11.95,3.93,17.51,22.45,23.12,12.92
1698,5.6111427069017825,4,8.13,3.98,24.72,12.14,6.81,11.67,3.95,18.29,22.45,23.12,12.92
1699,5.6111427069017825,4,8.1,3.98,24.72,12.14,7.11,12.04,3.95,18.21,22.45,23.34,12.67
1700,5.6111427069017825,4,8.1,3.96,24.83,12.14,6.94,11.9,3.95,18.37,22.56,23.9,12.82
1701,5.6111427069017825,4,8.1,3.94,24.83,12.14,7.29,11.85,3.95,18.37,22.45,23.78,12.98
1702,5.6111427069017825,4,8.33,4,25.19,12.24,7.2,11.76,3.98,18.61,22.92,24.24,12.98
1703,5.6111427069017825,4,8.26,4.02,25.19,12.29,6.89,12.09,3.98,18.77,23.04,23.01,13.18
1704,5.6111427069017825,4,8.2,4,25.19,12.24,7.14,12.04,3.98,18.77,22.92,23.01,12.92
1705,5.6111427069017825,4,8.16,4.02,25.19,12.29,6.89,12.14,3.98,18.77,23.04,23.45,13.08
1706,5.6111427069017825,4,8.2,4,25.19,12.19,7,11.49,3.97,18.77,22.92,23.23,13.18
1707,5.6111427069017825,4,8.23,4,25.19,12.24,6.86,11.9,3.97,18.77,22.92,23.12,12.92
1708,5.6111427069017825,4,8.16,4.02,25.32,12.29,6.92,11.81,3.98,19.02,23.04,23.56,13.13
1709,5.6111427069017825,4,8.1,4,25.19,12.24,7.35,11.99,3.98,18.69,23.04,23.12,13.03
1710,5.6111427069017825,4,8.2,4,25.19,12.24,6.86,11.85,3.98,18.77,23.04,23.34,13.03
1711,5.6111427069017825,4,8.2,4.02,25.32,12.29,7.06,11.67,3.98,18.77,23.04,23.34,12.98
1712,5.6111427069017825,4,8.26,4.04,25.19,12.34,7.32,12.14,4,18.94,23.04,23.45,13.08
1713,5.6111427069017825,4,8.26,4.02,25.19,12.34,7.35,11.9,4,18.94,23.04,23.67,13.08
1714,5.6111427069017825,4,8.23,4.06,25.32,12.34,7.41,12.14,4.02,19.02,23.04,23.67,13.18
1715,5.6111427069017825,4,8.2,4.04,25.32,12.34,7.11,11.99,4,18.94,23.04,23.67,13.08
1716,5.6111427069017825,4,8.13,4.04,25.32,12.34,7.06,11.76,4,18.94,23.04,22.69,13.13
1717,5.6111427069017825,4,8.36,4.06,25.32,12.39,7.32,11.99,4.02,19.02,23.16,23.56,13.13
1718,5.6111427069017825,4,8.26,4.04,25.32,12.34,7,11.44,4,18.85,23.04,22.91,13.03
1719,5.6111427069017825,4,8.23,4.04,25.32,12.34,7.09,12.19,4,18.77,23.04,23.67,13.13
1720,5.6111427069017825,4,8.2,4.04,25.32,12.34,7.14,11.76,4,18.94,23.04,23.78,13.24
1721,5.6111427069017825,4,8.16,4.04,25.32,12.34,7.03,11.99,4,18.69,23.04,24.36,13.03
1722,5.6111427069017825,4,8.23,4.02,25.32,12.34,7.55,11.76,4,18.53,23.04,23.56,13.13
1723,5.6111427069017825,4,8.2,4,25.19,12.29,7.65,11.35,3.98,18.37,23.04,23.34,13.08
1724,5.6111427069017825,4,8.2,4.02,25.19,12.44,7.26,11.95,3.98,18.45,23.04,24.24,13.18
1725,5.6111427069017825,4,8.16,4.02,25.19,12.29,7.2,11.67,3.98,18.61,23.04,24.24,12.98
1726,5.6111427069017825,4,8.2,4.02,25.19,12.34,6.92,11.81,3.98,19.53,23.04,23.45,13.03
1727,5.6111427069017825,4,8.07,4.02,25.19,12.34,6.94,12.04,3.98,18.85,23.04,24.01,13.08
1728,5.6111427069017825,4,8.26,4.04,25.19,12.34,7.09,11.81,3.98,18.77,23.04,23.34,13.03
1729,5.6111427069017825,4,8.16,4.06,25.32,12.39,7.32,11.85,4,18.85,23.04,23.78,13.18
1730,5.6111427069017825,4,8.16,4.02,25.19,12.34,7.23,12.04,3.98,18.77,22.92,23.34,12.98
1731,5.6111427069017825,4,8.49,4.02,25.19,12.34,7.17,11.76,3.98,18.85,23.04,23.34,12.92
1732,5.6111427069017825,4,8.59,4.04,25.32,12.39,7.2,11.95,4,18.85,23.04,22.91,13.24
1733,5.6111427069017825,4,8.42,4.02,25.19,12.34,7.65,12.23,3.98,18.85,22.92,23.45,13.29
1734,5.6111427069017825,4,8.46,4,25.19,12.34,7.32,12.04,3.97,18.61,22.92,23.34,13.08
1735,5.6111427069017825,4,8.56,4,25.19,12.34,7.11,11.81,3.97,18.85,22.92,23.67,13.03
1736,5.6111427069017825,4,8.39,4,25.32,12.34,7.26,11.9,3.97,18.85,22.92,23.56,13.13
1737,5.6111427069017825,4,8.56,4,25.19,12.34,7.41,11.9,3.97,18.77,22.92,24.95,13.29
1738,5.6111427069017825,4,8.52,4,25.19,12.34,7.58,11.04,3.97,18.85,22.92,24.13,13.08
1739,5.6111427069017825,4,8.42,4,25.19,12.34,7.41,11.81,3.97,18.94,23.04,24.01,13.08
1740,5.6111427069017825,4,8.46,4,25.19,12.34,7.62,11.85,3.97,18.85,23.04,23.56,12.87
1741,5.636574515923481,4,8.46,4,25.19,12.34,7.71,11.49,3.97,18.77,23.04,23.34,12.92
1742,5.636574515923481,4,8.39,4,25.19,12.34,7.41,11.53,3.95,18.61,22.92,24.13,12.72
1743,5.636574515923481,4,8.29,3.94,25.07,12.29,7.23,11.81,3.93,18.69,22.92,23.56,12.82
1744,5.636574515923481,4,8.26,3.96,25.07,12.29,7.23,11.09,3.93,18.77,22.92,25.44,12.82
1745,5.636574515923481,4,8.42,3.98,25.07,12.29,7.65,12.04,3.95,18.61,22.92,23.34,12.87
1746,5.636574515923481,4,8.33,3.98,25.07,12.34,7.14,12.23,3.95,18.61,22.92,23.45,13.03
1747,5.636574515923481,4,8.33,3.98,25.07,12.29,7.41,11.95,3.95,18.69,22.92,23.34,12.72
1748,5.636574515923481,4,8.36,3.98,25.07,12.34,7.55,12.04,3.95,18.77,22.92,24.01,12.98
1749,5.636574515923481,4,8.36,4,25.07,12.69,7.26,12.14,3.97,22.92,22.92,24.59,12.98
1750,5.636574515923481,4,8.36,4.02,25.07,12.44,7.46,12.19,3.98,23.25,22.8,23.67,13.08
1751,5.636574515923481,4,8.33,4.02,25.07,12.39,6.94,12.23,3.98,23.14,22.8,23.56,13.13
1752,5.636574515923481,4,8.39,4.02,25.07,12.39,7.52,12.19,3.97,23.14,22.8,23.56,13.18
1753,5.636574515923481,4,8.23,4.02,25.07,12.34,7.58,12.14,3.97,23.14,22.92,23.56,12.87
1754,5.636574515923481,4,8.36,4.02,25.07,12.39,7.09,11.44,3.98,23.25,22.92,23.45,13.08
1755,5.636574515923481,4,8.39,4.04,25.19,12.44,7.68,12.19,3.98,23.25,22.92,24.48,13.03
1756,5.636574515923481,4,8.39,4.09,25.19,12.54,7.77,12.23,4.04,23.14,23.04,25.44,13.18
1757,5.636574515923481,4,8.39,4.09,25.19,12.54,7.2,12.23,4.04,23.14,23.04,23.67,13.24
1758,5.636574515923481,4,8.46,4.09,25.19,12.54,7.68,11.81,4.02,22.92,23.04,24.59,13.03
1759,5.636574515923481,4,8.39,4.02,25.19,12.34,7.26,11.71,3.97,19.19,22.92,23.67,12.92
1760,5.636574515923481,4,8.39,4.06,25.19,12.49,7.71,12.14,4,18.77,23.04,24.36,13.18
1761,5.636574515923481,4,8.36,4.06,25.19,12.44,7.09,11.9,3.98,18.85,22.92,23.23,12.87
1762,5.636574515923481,4,8.49,4.02,25.07,12.39,7.35,11.85,3.97,18.85,22.92,22.8,13.24
1763,5.636574515923481,4,8.33,4.04,25.19,12.39,7.29,11.99,3.98,19.36,22.92,23.45,13.03
1764,5.636574515923481,4,8.39,4.06,25.19,12.39,7.41,11.9,3.98,19.62,22.92,24.13,13.13
1765,5.636574515923481,4,8.42,4.06,25.32,12.39,7.58,12.38,4,18.61,23.04,23.9,13.03
1766,5.636574515923481,4,8.42,4.07,25.19,12.49,7.77,12.19,4,19.19,22.92,23.78,13.08
1767,5.636574515923481,4,8.42,4.04,25.19,12.44,7.29,11.95,3.98,18.53,23.04,24.71,13.03
1768,5.636574515923481,4,8.39,4.04,25.07,12.44,7.71,11.95,3.97,18.69,22.92,24.13,13.18
1769,5.636574515923481,4,8.29,4.02,25.19,12.44,7.49,11,3.97,18.69,22.92,23.9,13.08
1770,5.636574515923481,4,8.36,4.04,25.07,12.44,7.17,11.95,3.97,18.69,22.92,25.44,13.03
1771,5.636574515923481,4,8.33,4.02,24.83,12.39,7.35,12.04,3.95,18.61,22.56,22.91,12.98
1772,5.636574515923481,4,8.29,4.04,24.83,12.44,7.17,11.99,3.97,18.45,22.68,23.9,12.87
1773,5.636574515923481,4,8.39,4.04,24.83,12.44,7.43,11.85,3.97,18.21,22.68,23.34,12.87
1774,5.636574515923481,4,8.33,4.02,24.83,12.39,7.11,11.62,3.95,18.21,22.68,24.01,12.82
1775,5.636574515923481,4,8.2,4.02,24.83,12.44,7.2,11.26,3.95,18.37,22.56,24.01,12.87
1776,5.636574515923481,4,8.36,4.04,24.83,12.49,7.32,11.95,3.97,18.29,22.56,23.12,12.87
1777,5.636574515923481,4,8.33,4.02,24.83,12.49,7.41,11.81,3.97,18.21,22.56,22.91,12.87
1778,5.636574515923481,4,8.26,4,24.83,12.44,7.23,11.44,3.95,18.21,22.56,25.07,12.98
1779,5.636574515923481,4,8.16,4.06,24.72,12.49,7.43,11.85,3.95,18.69,22.56,24.24,12.87
1780,5.636574515923481,4,8.23,4,24.72,12.44,7.41,11.95,3.95,18.13,22.56,24.36,12.82
1781,5.636574515923481,4,8.23,4.02,24.83,12.39,7.41,11.85,3.95,18.21,22.56,23.9,13.08
1782,5.636574515923481,4,8.26,4.02,24.83,12.39,7.29,11.71,3.95,18.21,22.56,23.12,12.72
1783,5.636574515923481,4,8.29,4.04,24.83,12.39,7.14,11.9,3.95,18.21,22.56,23.56,12.87
1784,5.636574515923481,4,8.26,4.04,24.83,12.39,6.97,11.95,3.97,18.29,22.68,23.23,13.08
1785,5.636574515923481,4,8.39,4.04,24.95,12.49,7.03,12.23,3.97,18.21,22.8,23.56,13.03
1786,5.636574515923481,4,8.26,4.04,24.95,12.44,7.17,11.71,3.98,18.45,22.8,23.78,13.24
1787,5.636574515923481,4,8.26,4.06,24.95,12.44,7.41,11.9,3.98,18.53,22.8,23.23,12.92
1788,5.636574515923481,4,8.26,4.04,25.07,12.39,7.26,11.04,3.97,18.37,22.8,23.67,13.29
1789,5.636574515923481,4,8.23,4.04,24.83,12.39,7.58,11.44,3.98,19.79,22.56,24.01,13.34
1790,5.636574515923481,4,8.03,4.02,24.83,12.34,6.97,11.62,3.95,18.37,22.68,23.45,12.87
1791,5.636574515923481,4,8.03,4.02,24.83,12.34,7.38,11.85,3.95,18.37,22.68,23.56,13.18
1792,5.636574515923481,4,8.36,4.02,24.83,12.29,7.2,11.62,3.95,18.29,22.68,23.56,13.24
1793,5.636574515923481,4,8.33,4.04,25.07,12.39,7.32,11.4,3.97,18.45,22.92,23.9,13.08
1794,5.636574515923481,4,8.36,4.04,24.95,12.39,7.26,11.99,3.97,18.37,22.8,24.48,13.08
1795,5.636574515923481,4,8.33,4.04,24.95,12.34,7.55,11.76,3.97,18.45,22.8,24.36,12.82
1796,5.636574515923481,4,8.39,4.02,24.95,12.34,7.55,11.53,3.95,18.45,22.8,22.8,12.92
1797,5.636574515923481,4,8.36,4.04,24.95,12.39,7.71,11.62,3.97,19.1,22.8,23.56,13.03
1798,5.636574515923481,4,8.33,4.02,24.95,12.34,7.29,11.49,3.97,18.53,22.8,23.78,12.87
1799,5.636574515923481,4,8.29,4.04,24.95,12.39,7.23,11.71,3.97,18.53,22.8,23.56,13.08
1800,5.636574515923481,4,8.29,4.04,24.95,12.39,7.35,11.67,3.97,18.69,22.8,25.2,13.18
1801,5.644984905269979,4,8.33,4.04,24.95,12.44,7.23,11.81,3.98,19.44,22.8,23.78,13.24
1802,5.644984905269979,4,8.36,4.04,24.95,12.39,7.86,11.85,3.97,18.45,22.8,23.78,13.18
1803,5.644984905269979,4,8.36,4.04,25.07,12.44,7.32,11.71,3.98,18.45,22.8,23.34,13.03
1804,5.644984905269979,4,8.36,4.06,25.07,12.44,7.55,11.76,3.98,18.45,22.8,24.01,12.98
1805,5.644984905269979,4,8.33,4.07,25.19,12.54,7.49,11.99,4,18.61,22.8,23.9,12.92
1806,5.644984905269979,4,8.33,4.09,25.19,12.59,7.74,11.81,4.02,18.53,22.92,24.13,13.08
1807,5.644984905269979,4,8.36,4.09,25.19,12.59,7.41,11.95,4.02,18.53,22.92,24.24,13.18
1808,5.644984905269979,4,8.39,4.11,25.19,12.59,7.58,11.76,4.02,19.27,22.92,24.59,13.18
1809,5.644984905269979,4,8.36,4.11,25.19,12.54,7.74,11.71,4.02,18.69,22.92,24.48,13.24
1810,5.644984905269979,4,8.29,4.07,25.19,12.49,7.62,11.76,4.02,18.61,22.92,24.24,13.08
1811,5.644984905269979,4,8.33,4.06,25.07,12.54,7,11.81,3.98,18.45,22.92,24.48,13.03
1812,5.644984905269979,4,8.36,4.06,25.07,12.44,7.62,11.53,3.98,18.37,22.92,24.13,12.92
1813,5.644984905269979,4,8.33,4.06,25.07,12.39,7.8,11.9,3.98,18.37,22.8,23.67,12.77
1814,5.644984905269979,4,8.36,4.06,25.07,12.44,7.83,11.76,3.98,18.37,22.92,24.13,12.92
1815,5.644984905269979,4,8.33,4.06,25.07,12.44,7.14,11.85,3.98,18.29,22.92,24.13,13.13
1816,5.644984905269979,4,8.36,4.06,24.95,12.44,7.71,12.09,3.98,18.29,22.92,24.01,13.18
1817,5.644984905269979,4,8.36,4.06,24.95,12.44,7.41,11.9,3.98,19.1,22.92,23.78,12.92
1818,5.644984905269979,4,8.36,4.06,25.07,12.44,7.38,11.71,3.98,19.62,22.92,24.48,12.98
1819,5.644984905269979,4,8.33,4.04,25.07,12.39,7.43,11.95,3.98,18.37,22.92,24.13,12.98
1820,5.644984905269979,4,8.29,4.06,24.95,12.44,7.62,11.81,3.98,18.61,22.8,24.71,12.87
1821,5.644984905269979,4,8.36,4.06,24.95,12.39,7.41,11.85,3.98,18.21,22.8,23.67,13.08
1822,5.644984905269979,4,8.39,4.04,24.83,12.39,7.58,11.81,3.97,18.29,22.68,23.9,12.87
1823,5.644984905269979,4,8.2,4.04,24.95,12.39,7.62,11.99,3.97,18.45,22.68,23.67,12.98
1824,5.644984905269979,4,8.29,4.04,24.95,12.44,7.65,11.81,3.97,18.13,22.68,24.13,12.87
1825,5.644984905269979,4,8.29,4.04,24.83,12.39,7.71,11.49,3.97,18.13,22.8,24.59,13.03
1826,5.644984905269979,4,8.29,4.02,24.83,12.39,7.38,11.9,3.95,18.13,22.68,24.48,12.92
1827,5.644984905269979,4,8.29,4.04,24.83,12.44,7.58,11.53,3.97,18.13,22.8,23.56,13.03
1828,5.644984905269979,4,8.33,4.04,24.83,12.49,7,11.71,3.97,18.29,22.68,23.56,12.98
1829,5.644984905269979,4,8.29,4.02,24.83,12.44,7.23,11.62,3.95,18.69,22.68,23.67,13.08
1830,5.644984905269979,4,8.26,4.04,24.83,12.49,6.97,11.95,3.97,18.77,22.68,23.67,13.03
1831,5.644984905269979,4,8.46,4.04,24.72,12.39,7.38,11.62,3.97,18.13,22.56,23.67,13.03
1832,5.644984905269979,4,8.36,4.02,24.83,12.34,7.65,11.58,3.95,18.29,22.56,23.56,12.98
1833,5.644984905269979,4,8.33,4.02,24.72,12.34,7.14,11.58,3.95,18.21,22.56,23.9,12.77
1834,5.644984905269979,4,8.33,4.02,24.83,12.34,7.26,11.58,3.95,18.45,22.68,23.67,13.03
1835,5.644984905269979,4,8.33,4.04,24.83,12.39,7.23,11.85,3.97,19.19,23.53,23.56,12.72
1836,5.644984905269979,4,8.36,4.04,24.95,12.39,7.06,11.49,3.97,18.37,23.53,23.78,12.98
1837,5.644984905269979,4,8.36,4.04,24.83,12.39,7.29,11.76,3.97,18.37,23.41,23.78,12.82
1838,5.644984905269979,4,8.29,4.04,24.95,12.44,7.29,11.71,3.97,18.45,23.66,23.78,12.92
1839,5.644984905269979,4,8.36,4.04,24.95,12.44,7.23,11.31,3.97,18.45,23.66,23.9,13.08
1840,5.644984905269979,4,8.29,4.04,25.07,12.49,7.65,12.09,3.97,18.53,23.66,23.9,12.87
1841,5.644984905269979,4,8.29,4.04,24.95,12.54,7.32,11.67,3.97,18.85,23.53,23.01,12.82
1842,5.644984905269979,4,8.33,4.04,25.07,12.54,7.62,11.76,3.97,18.85,23.53,23.9,12.92
1843,5.644984905269979,4,8.36,4.06,25.07,12.59,7.62,11.67,3.98,20.24,23.66,24.59,13.13
1844,5.644984905269979,4,8.26,4.02,24.95,12.74,7.09,11.62,3.95,18.29,23.41,23.9,13.03
1845,5.644984905269979,4,8.39,4.04,25.19,12.44,7.35,11.76,3.97,18.69,23.66,24.13,13.08
1846,5.644984905269979,4,8.42,4.04,25.32,12.44,7.26,11.99,3.98,18.77,23.78,24.36,13.08
1847,5.644984905269979,4,8.49,4.06,25.32,12.44,7.8,11.49,3.98,18.85,23.78,24.48,13.03
1848,5.644984905269979,4,8.42,4.04,25.32,12.44,7.38,11.62,3.98,18.85,23.78,24.71,13.29
1849,5.644984905269979,4,8.33,4.04,25.32,12.44,7.43,10.79,3.98,18.69,23.78,24.13,13.24
1850,5.644984905269979,4,8.29,4.04,25.32,12.39,7.58,11.81,3.98,18.77,23.66,26.07,13.13
1851,5.644984905269979,4,8.56,4.06,25.32,12.44,7.52,12.19,4,18.77,23.66,24.01,12.92
1852,5.644984905269979,4,8.42,4.04,25.44,12.39,7.74,11.76,3.98,18.94,23.66,25.32,13.08
1853,5.644984905269979,4,8.42,4.06,25.44,12.44,7.77,11.81,3.98,18.77,23.66,24.36,13.13
1854,5.644984905269979,4,8.36,4.06,25.44,12.44,7.65,11.76,4,18.94,23.66,24.36,13.24
1855,5.644984905269979,4,8.46,4.06,25.44,12.44,7.8,12.23,4,18.69,23.66,25.2,13.03
1856,5.644984905269979,4,8.36,4.04,25.44,12.39,7.52,11.49,3.98,18.77,23.53,24.01,13.08
1857,5.644984905269979,4,8.36,4.04,25.07,12.34,7.86,11.44,3.97,18.53,23.28,24.01,12.92
1858,5.644984905269979,4,8.2,4.04,25.07,12.39,7.43,11.76,3.97,18.53,23.41,24.59,13.08
1859,5.644984905269979,4,8.29,4.04,25.07,12.44,7.74,11.4,3.97,18.61,23.28,24.13,12.92
1860,5.644984905269979,4,8.33,4.04,25.07,12.34,7.65,11.85,3.98,18.53,23.16,24.01,13.08
1861,5.65997489713184,4,8.29,4.02,24.95,12.29,7.2,11.58,3.97,18.69,23.16,24.83,13.03
1862,5.65997489713184,4,8.13,4.02,24.83,12.29,7.62,11.99,3.95,18.53,23.04,23.9,12.98
1863,5.65997489713184,4,8.26,4.02,24.95,12.29,7.11,11.76,3.95,18.37,23.04,24.48,12.92
1864,5.65997489713184,4,8.23,4.02,24.83,12.29,7.41,11.9,3.95,18.37,23.04,24.48,13.03
1865,5.65997489713184,4,8.36,4.02,24.83,12.29,7.68,11.81,3.95,18.37,23.04,24.24,12.87
1866,5.65997489713184,4,8.29,4.02,24.83,12.29,7.68,11.49,3.95,18.37,23.04,24.01,12.87
1867,5.65997489713184,4,8.29,4.02,24.83,12.29,7.74,11.62,3.95,18.21,22.92,24.01,12.87
1868,5.65997489713184,4,8.33,4.02,24.83,12.29,7.52,11.71,3.95,18.37,22.92,24.83,12.72
1869,5.65997489713184,4,8.33,4.02,24.83,12.29,7.35,11.58,3.95,18.29,23.04,24.01,12.98
1870,5.65997489713184,4,8.29,4.02,24.83,12.29,7.29,11.26,3.95,18.29,23.04,23.45,12.82
1871,5.65997489713184,4,8.26,4.02,24.83,12.29,7.11,11.26,3.95,18.77,23.04,23.78,13.29
1872,5.65997489713184,4,8.13,4.04,24.83,12.34,7.17,11.62,3.95,18.29,23.04,23.67,13.03
1873,5.65997489713184,4,8.23,4.02,24.83,12.34,7.32,11.85,3.95,18.77,22.92,23.9,12.77
1874,5.65997489713184,4,8.23,4.02,24.83,12.34,7.49,11.62,3.95,18.37,23.04,23.9,13.13
1875,5.65997489713184,4,8.39,4.02,24.83,12.34,7.49,11.49,3.95,18.45,23.04,23.78,12.98
1876,5.65997489713184,4,8.36,4.04,24.83,12.29,7.23,11.95,3.95,18.29,23.04,23.56,12.92
1877,5.65997489713184,4,8.33,4.04,24.83,12.34,7.26,11.58,3.97,19.53,23.04,23.78,13.08
1878,5.65997489713184,4,8.39,4.06,25.07,12.39,7.41,11.9,3.98,18.69,23.16,23.67,13.08
1879,5.65997489713184,4,8.23,4.04,24.95,12.34,7.2,11.85,3.97,18.69,23.04,23.78,13.03
1880,5.65997489713184,4,8.49,4.04,24.83,12.34,7.38,11.4,3.97,18.61,23.04,24.01,12.98
1881,5.65997489713184,4,8.39,4.04,24.83,12.34,7.26,11.17,3.97,18.45,23.04,24.01,13.18
1882,5.65997489713184,4,8.33,4.06,24.83,12.39,7.29,11.53,3.97,18.53,22.92,24.01,13.08
1883,5.65997489713184,4,8.39,4.04,24.83,12.34,7.26,11.9,3.95,18.29,22.92,23.9,13.03
1884,5.65997489713184,4,8.42,4.04,24.83,12.34,7.58,11.76,3.95,18.45,22.92,23.9,12.98
1885,5.65997489713184,4,8.36,4.04,24.83,12.34,7.49,11.85,3.97,18.21,22.92,23.34,12.82
1886,5.65997489713184,4,8.36,4.04,24.83,12.34,7.74,11.9,3.95,18.29,22.92,24.59,12.98
1887,5.65997489713184,4,8.36,4.04,24.83,12.34,7.32,11.71,3.95,18.29,22.92,23.9,12.77
1888,5.65997489713184,4,8.36,4.04,24.83,12.34,7.38,11.95,3.95,18.45,22.92,25.57,12.82
1889,5.65997489713184,4,8.42,4.02,24.83,12.34,7.32,12.04,3.95,18.21,22.92,23.9,12.92
1890,5.65997489713184,4,8.29,4.02,24.83,12.34,7.38,11.85,3.95,18.37,22.92,24.01,12.98
1891,5.65997489713184,4,8.49,4.02,24.83,12.34,7.23,11.76,3.95,18.21,22.92,24.48,13.03
1892,5.65997489713184,4,8.39,4.02,24.83,12.34,7.71,11.71,3.95,18.29,22.92,24.24,12.92
1893,5.65997489713184,4,8.39,4.11,24.95,12.39,7.32,11.99,3.97,18.53,23.04,24.83,13.08
1894,5.65997489713184,4,8.42,4.04,24.95,12.39,7,12.04,3.97,18.53,23.04,24.71,13.18
1895,5.65997489713184,4,8.49,4.04,24.95,12.34,7.41,11.85,3.95,18.61,23.04,24.83,13.08
1896,5.65997489713184,4,8.26,4.02,24.83,12.34,7.49,12.09,3.95,18.53,22.92,24.01,13.03
1897,5.65997489713184,4,8.39,4.02,24.95,12.34,7.26,12.33,3.95,18.37,23.04,23.34,13.13
1898,5.65997489713184,4,8.49,4.02,24.95,12.29,7.26,11.62,3.95,18.37,22.92,24.01,13.03
1899,5.65997489713184,4,8.63,4.02,24.83,12.34,7.38,12.09,3.95,18.77,22.92,24.71,12.87
1900,5.65997489713184,4,8.63,4.04,24.83,12.34,7.77,12.19,3.95,20.15,22.8,24.48,13.4
1901,5.65997489713184,4,8.49,4.04,25.07,12.34,7.26,11.99,3.97,18.45,23.04,24.48,13.4
1902,5.65997489713184,4,8.36,4.04,25.07,12.34,7.46,12.19,3.97,18.77,23.16,24.48,13.24
1903,5.65997489713184,4,8.59,4.04,25.07,12.39,7.2,12.48,3.97,18.45,23.16,24.83,13.08
1904,5.65997489713184,4,8.52,4.04,25.07,12.39,7.2,12.28,3.97,18.29,23.16,24.13,13.13
1905,5.65997489713184,4,8.49,4.04,25.07,12.39,7.62,12.04,3.97,18.37,23.28,24.48,12.98
1906,5.65997489713184,4,8.49,4.06,25.19,12.39,7.58,11.95,3.97,18.45,23.16,24.13,13.08
1907,5.65997489713184,4,8.46,4.04,25.07,12.39,7.68,12.23,3.98,18.45,23.28,24.13,13.13
1908,5.65997489713184,4,8.39,4.06,25.07,12.39,7.38,12.28,3.97,18.45,23.28,24.01,13.08
1909,5.65997489713184,4,8.46,4.04,25.07,12.39,7.38,12.28,3.97,18.61,23.16,24.13,13.08
1910,5.65997489713184,4,8.36,4.04,25.07,12.39,7.09,12.14,3.97,18.37,23.16,24.71,12.98
1911,5.65997489713184,4,8.49,4.04,25.07,12.39,7.32,11.99,3.97,18.29,23.16,24.01,13.24
1912,5.65997489713184,4,8.46,4.04,25.07,12.49,7.62,11.62,3.97,18.37,23.16,24.36,13.13
1913,5.65997489713184,4,8.49,4.04,25.07,12.39,7.52,11.76,3.97,18.05,23.16,24.36,12.92
1914,5.65997489713184,4,8.49,4.04,25.07,12.34,7.2,11.95,3.97,17.89,23.16,24.95,13.24
1915,5.65997489713184,4,8.46,4.02,25.07,12.34,7.55,11.81,3.97,17.97,23.04,23.9,13.29
1916,5.65997489713184,4,8.46,4.02,24.95,12.34,7.58,11.71,3.97,18.21,23.16,24.24,13.13
1917,5.65997489713184,4,8.46,4.02,24.95,12.34,7.09,11.22,3.95,18.13,23.04,23.9,12.98
1918,5.65997489713184,4,8.42,4.04,24.83,12.34,7.38,11.95,3.97,18.13,23.04,24.36,12.72
1919,5.65997489713184,4,8.39,4.04,24.95,12.34,7.55,11.81,3.97,18.05,23.04,24.48,13.13
1920,5.65997489713184,4,8.42,4.04,24.95,12.39,7.09,11.13,3.97,18.05,23.04,24.13,13.18
1921,5.683538089942097,4,8.42,4.04,24.95,12.39,7.29,11.67,3.97,17.97,23.04,24.48,12.98
1922,5.683538089942097,4,8.49,4.06,24.95,12.34,7.09,11.99,3.98,18.29,23.04,24.48,13.08
1923,5.683538089942097,4,8.36,4.06,24.95,12.34,7.11,11.85,3.97,18.29,23.04,24.48,12.98
1924,5.683538089942097,4,8.36,4.07,25.07,12.34,7.52,12.04,3.98,18.29,23.04,24.71,13.18
1925,5.683538089942097,4,8.46,4.06,24.95,12.39,7.86,11.81,3.97,18.21,23.04,24.71,13.18
1926,5.683538089942097,4,8.52,4.04,24.95,12.39,7.43,11.85,3.97,17.97,23.04,24.83,13.03
1927,5.683538089942097,4,8.39,4.04,24.95,12.34,7.29,11.44,3.97,18.13,23.04,24.83,12.67
1928,5.683538089942097,4,8.49,4.06,24.95,12.39,7.2,12.14,3.98,18.29,23.04,24.24,13.03
1929,5.683538089942097,4,8.42,4.06,24.95,12.39,7.52,11.81,3.97,18.37,23.04,26.2,12.87
1930,5.683538089942097,4,8.49,4.04,24.95,12.34,7.71,12.04,3.97,18.77,23.04,25.2,12.98
1931,5.683538089942097,4,8.42,4.04,24.95,12.34,7.46,11.99,3.97,18.69,23.04,25.32,13.03
1932,5.683538089942097,4,8.42,4.04,24.95,12.39,7.41,11.35,3.97,18.13,23.04,25.07,13.03
1933,5.683538089942097,4,8.39,4.06,24.95,12.39,7.35,12.04,3.98,18.13,23.04,24.48,13.08
1934,5.683538089942097,4,8.49,4.06,24.95,12.39,7.58,11.53,3.97,18.61,23.04,25.44,13.18
1935,5.683538089942097,4,8.49,4.06,24.95,12.39,7.71,11.62,3.97,18.77,22.92,24.48,13.03
1936,5.683538089942097,4,8.49,4.06,24.95,12.34,7.26,11.85,3.98,19.79,23.04,24.59,13.13
1937,5.683538089942097,4,8.49,4.06,24.95,12.39,7.71,11.9,3.98,18.85,23.04,24.83,13.03
1938,5.683538089942097,4,8.36,4.06,24.95,12.39,7.41,11.81,3.98,18.94,23.04,26.07,13.08
1939,5.683538089942097,4,8.49,4.07,24.95,12.39,7.43,11.99,3.98,18.94,23.04,25.32,12.67
1940,5.683538089942097,4,8.36,4.07,24.95,12.39,7.38,11.99,3.98,18.94,23.04,25.44,13.24
1941,5.683538089942097,4,8.46,4.07,25.07,12.39,7.92,11.9,4,19.1,23.04,25.44,13.08
1942,5.683538089942097,4,8.49,4.07,24.95,12.39,7.89,11.58,3.98,19.19,23.04,24.59,13.03
1943,5.683538089942097,4,8.42,4.06,25.07,12.39,7.32,11.81,3.97,19.02,23.04,26.07,13.03
1944,5.683538089942097,4,8.46,4.07,24.95,12.39,7.58,11.85,4,19.19,23.04,25.32,13.03
1945,5.683538089942097,4,8.36,4.06,24.95,12.39,7.32,11.53,3.98,19.19,23.04,24.83,13.08
1946,5.683538089942097,4,8.39,4.09,24.95,12.39,7.38,12.04,4,19.27,23.04,24.59,13.03
1947,5.683538089942097,4,8.39,4.07,24.95,12.39,7.58,11.76,3.98,19.97,23.04,24.36,13.03
1948,5.683538089942097,4,8.33,4.07,24.95,12.39,7.77,11.95,3.98,19.27,23.04,24.95,13.03
1949,5.683538089942097,4,8.39,4.07,24.95,12.39,7.58,12.09,3.98,18.21,22.92,25.57,13.03
1950,5.683538089942097,4,8.39,4.07,24.83,12.34,7.65,11.95,3.98,18.21,22.8,25.44,12.98
1951,5.683538089942097,4,8.42,4.07,24.83,12.34,7.46,11.99,3.98,18.21,22.92,24.36,12.98
1952,5.683538089942097,4,8.49,4.09,25.07,12.44,7.68,12.33,4,18.45,23.16,25.07,12.98
1953,5.683538089942097,4,8.33,4.09,25.19,12.44,7.35,12.14,4,18.37,23.16,25.2,13.03
1954,5.683538089942097,4,8.42,4.09,25.07,12.44,7.35,11.9,4,18.45,23.16,25.2,12.47
1955,5.683538089942097,4,8.42,4.11,25.07,12.44,7.46,12.19,4.02,18.45,23.16,24.83,13.4
1956,5.683538089942097,4,8.46,4.11,25.19,12.49,7.26,11.76,4.02,19.19,23.28,25.2,13.24
1957,5.683538089942097,4,8.52,4.11,25.19,12.49,7.29,11.85,4.02,18.37,23.28,24.71,13.18
1958,5.683538089942097,4,8.52,4.11,25.19,12.59,7.8,11.95,4.02,18.45,23.28,24.83,13.34
1959,5.683538089942097,4,8.46,4.11,25.19,12.49,7.49,12.19,4.04,18.45,23.28,25.07,13.18
1960,5.683538089942097,4,8.42,4.13,24.83,12.44,7.26,11.71,4.04,19.88,22.92,25.69,13.13
1961,5.683538089942097,4,8.52,4.17,25.19,12.69,7.41,11.95,4.06,20.24,23.41,25.44,13.24
1962,5.683538089942097,4,8.52,4.17,25.32,12.59,7.41,12.19,4.07,19.97,23.28,26.33,13.24
1963,5.683538089942097,4,8.49,4.19,24.95,12.59,7.55,11.76,4.07,20.15,23.04,25.69,13.18
1964,5.683538089942097,4,8.59,4.17,25.19,12.59,7.41,11.9,4.06,20.24,23.28,27.69,13.29
1965,5.683538089942097,4,8.46,4.11,25.07,12.49,7.32,11.71,4.02,18.53,23.16,26.2,13.13
1966,5.683538089942097,4,8.42,4.11,25.07,12.44,7.89,11.62,4.02,18.37,23.16,25.2,13.13
1967,5.683538089942097,4,8.42,4.11,25.19,12.49,7.71,11.85,4.02,18.37,23.28,25.44,13.18
1968,5.683538089942097,4,8.52,4.17,25.32,12.59,7.95,11.9,4.06,18.53,23.28,25.07,13.4
1969,5.683538089942097,4,8.52,4.13,25.19,12.54,7.83,11.67,4.04,18.45,23.28,24.95,13.34
1970,5.683538089942097,4,8.39,4.13,25.19,12.54,7.52,11.85,4.04,18.53,23.28,24.95,13.13
1971,5.683538089942097,4,8.52,4.13,25.07,12.49,7.32,11.99,4.04,18.37,23.16,24.59,13.29
1972,5.683538089942097,4,8.49,4.13,25.19,12.49,7.52,11.71,4.04,18.45,23.28,25.32,13.29
1973,5.683538089942097,4,8.39,4.09,25.19,12.44,7.41,11.49,4,18.53,23.16,25.32,13.08
1974,5.683538089942097,4,8.46,4.11,25.19,12.49,7.29,11.67,4.02,18.45,23.28,25.69,13.18
1975,5.683538089942097,4,8.49,4.11,25.19,12.44,7.26,11.81,4.02,18.69,23.28,24.95,13.29
1976,5.683538089942097,4,8.46,4.11,25.32,12.49,7.68,11.76,4.02,18.53,23.28,24.48,13.24
1977,5.683538089942097,4,8.42,4.09,25.19,12.44,7.17,11.81,4.02,18.45,23.28,24.83,13.18
1978,5.683538089942097,4,8.42,4.09,25.19,12.44,7.32,11.58,4,18.29,23.28,24.01,13.13
1979,5.683538089942097,4,8.49,4.09,25.07,12.44,7.8,11.58,4,18.53,23.28,24.83,13.29
1980,5.683538089942097,4,8.39,4.07,25.07,12.39,7.62,11.44,3.98,18.53,23.04,25.2,12.87
1981,5.723414046731876,4,8.36,4.09,25.19,12.44,7.26,11.44,4,18.45,23.16,24.95,13.24
1982,5.723414046731876,4,8.46,4.09,25.19,12.44,7.32,11.31,4.02,18.37,23.16,24.83,13.34
1983,5.723414046731876,4,8.42,4.09,25.19,12.39,7.26,11.71,4,18.37,23.16,24.95,13.34
1984,5.723414046731876,4,8.33,4.09,25.19,12.44,7.06,11.95,4.02,18.53,23.16,25.07,13.4
1985,5.723414046731876,4,8.39,4.11,25.19,12.44,7.52,11.76,4.02,18.37,23.16,25.07,13.4
1986,5.723414046731876,4,8.56,4.11,25.07,12.44,7.43,11.35,4.02,20.06,23.16,25.07,13.13
1987,5.723414046731876,4,8.49,4.11,25.07,12.44,7.43,11.53,4.02,18.21,23.16,25.07,13.18
1988,5.723414046731876,4,8.42,4.11,25.07,12.44,7.29,11.4,4.02,18.21,23.28,24.83,13.18
1989,5.723414046731876,4,8.46,4.11,25.19,12.44,7.46,11.31,4.02,18.21,23.28,25.57,13.24
1990,5.723414046731876,4,8.56,4.11,25.19,12.49,7.49,11.49,4.02,18.13,23.28,25.82,13.18
1991,5.723414046731876,4,8.42,4.11,25.07,12.44,7.29,11.53,4,17.97,23.28,25.07,13.13
1992,5.723414046731876,4,8.52,4.07,25.07,12.39,7.46,11.58,4,18.53,23.28,25.07,13.08
1993,5.723414046731876,4,8.42,4.07,25.19,12.39,7.2,11.49,4,17.97,23.28,25.32,13.08
1994,5.723414046731876,4,8.46,4.07,25.07,12.39,7.23,11.22,4,17.97,23.28,25.95,13.03
1995,5.723414046731876,4,8.49,4.09,25.19,12.44,7.49,11.58,4,17.97,23.28,25.57,13.03
1996,5.723414046731876,4,8.49,4.11,25.32,12.44,7.14,11.4,4.02,19.1,23.28,25.95,13.34
1997,5.723414046731876,4,8.42,4.09,25.07,12.44,7.55,11.35,4,18.13,23.28,25.44,13.34
1998,5.723414046731876,4,8.56,4.11,25.19,12.44,7.26,11.4,4.02,19.19,23.28,25.82,13.34
1999,5.723414046731876,4,8.46,4.13,25.19,12.39,7.71,11.31,4,18.21,23.28,24.83,13.18
2000,5.723414046731876,4,8.46,4.09,25.07,12.39,7.32,10.91,3.98,18.37,23.28,24.95,13.18
2001,5.723414046731876,4,8.39,4.09,25.19,12.39,7.32,11.4,4,18.13,23.28,25.57,13.13
2002,5.723414046731876,4,8.39,4.07,25.19,12.44,7.58,10.79,3.98,18.21,23.28,25.44,13.29
2003,5.723414046731876,4,8.46,4.07,25.07,12.49,7.71,11.35,4,18.21,23.28,25.44,13.24
2004,5.723414046731876,4,8.52,4.09,25.07,12.44,7.74,11.4,4,19.36,23.16,24.83,13.18
2005,5.723414046731876,4,8.42,4.09,25.07,12.44,7.83,11.44,4,18.29,23.28,25.32,13.08
2006,5.723414046731876,4,8.42,4.09,25.07,12.39,7.65,11.49,4,18.13,23.28,25.2,13.08
2007,5.723414046731876,4,8.46,4.09,25.07,12.39,7.8,11.62,4,19.1,23.16,25.32,12.98
2008,5.723414046731876,4,8.42,4.09,25.07,12.39,7.46,11.53,4,18.29,23.16,25.2,13.03
2009,5.723414046731876,4,8.49,4.07,25.07,12.34,7.35,11.35,3.98,18.69,23.16,25.69,13.03
2010,5.723414046731876,4,8.39,4.07,25.07,12.34,7.49,11.4,3.98,18.21,23.16,26.47,13.08
2011,5.723414046731876,4,8.29,4.07,25.07,12.34,7.38,10.87,3.98,18.77,23.16,25.57,13.18
2012,5.723414046731876,4,8.36,4.07,25.07,12.34,7.83,11.67,4,18.77,23.16,26.07,13.13
2013,5.723414046731876,4,8.36,4.09,25.07,12.39,7.23,11.49,4,18.21,23.16,26.07,13.29
2014,5.723414046731876,4,8.42,4.09,25.19,12.39,7.65,11.58,4,19.27,23.28,26.86,13.29
2015,5.723414046731876,4,8.33,4.09,25.07,12.39,7.26,11.53,4,18.29,23.16,26.07,13.18
2016,5.723414046731876,4,8.46,4.09,25.07,12.39,7.26,11.31,4,18.45,23.16,25.95,12.98
2017,5.723414046731876,4,8.33,4.09,25.07,12.39,7.49,11.67,4,18.21,23.16,26.2,13.4
2018,5.723414046731876,4,8.36,4.11,25.07,12.44,7.8,11.4,4.02,20.52,23.04,25.44,13.56
2019,5.723414046731876,4,8.33,4.11,25.07,12.44,7.29,11.35,4.02,18.53,23.16,25.95,13.67
2020,5.723414046731876,4,8.39,4.09,25.07,12.44,7.26,11.04,4.02,18.77,23.28,25.32,13.61
2021,5.723414046731876,4,8.39,4.13,25.07,12.44,7.41,11.76,4.02,18.29,23.16,24.83,13.56
2022,5.723414046731876,4,8.42,4.13,25.19,12.49,7.49,11.35,4.04,18.21,23.28,27.14,13.45
2023,5.723414046731876,4,8.46,4.13,25.19,12.49,7.43,11.71,4.04,18.21,23.28,25.57,13.4
2024,5.723414046731876,4,8.46,4.13,25.19,12.49,7.62,11.62,4.04,18.45,23.28,25.07,13.4
2025,5.723414046731876,4,8.59,4.13,25.07,12.44,7.17,11.67,4.04,18.29,23.28,25.32,13.34
2026,5.723414046731876,4,8.52,4.09,25.07,12.39,7.41,11.22,4,18.21,23.16,25.44,13.18
2027,5.723414046731876,4,8.49,4.11,25.07,12.44,7.95,11.44,4.02,18.21,23.16,25.82,13.29
2028,5.723414046731876,4,8.42,4.09,25.07,12.39,7.32,11.44,4,18.61,23.28,26.47,13.34
2029,5.723414046731876,4,8.56,4.11,25.07,12.44,7.74,11.35,4,18.21,23.16,25.44,13.29
2030,5.723414046731876,4,8.56,4.09,25.07,12.39,7.41,11.4,4,18.21,23.16,26.6,12.98
2031,5.723414046731876,4,8.46,4.09,25.07,12.39,7.99,11.26,4,18.29,23.16,25.57,13.29
2032,5.723414046731876,4,8.52,4.11,25.07,12.44,7.46,11.53,4,18.29,23.16,25.69,13.4
2033,5.723414046731876,4,8.46,4.09,25.07,12.44,7.52,10.74,4,18.29,23.28,27.27,13.29
2034,5.723414046731876,4,8.42,4.09,25.07,12.39,7.38,11.62,4,18.37,23.16,26.47,13.29
2035,5.723414046731876,4,8.42,4.09,24.95,12.39,7.68,11.53,3.98,18.29,23.16,25.95,12.92
2036,5.723414046731876,4,8.39,4.09,25.07,12.44,7.23,11.49,4,18.29,23.16,25.69,13.4
2037,5.723414046731876,4,8.42,4.13,25.19,12.44,7.62,11.58,4.04,19.97,23.41,25.69,13.45
2038,5.723414046731876,4,8.42,4.11,25.19,12.44,7.23,11.71,4.02,18.13,23.41,24.59,13.45
2039,5.723414046731876,4,8.42,4.11,25.19,12.44,7.77,11.49,4.02,21.87,23.28,25.95,13.34
2040,5.723414046731876,4,8.39,4.11,25.19,12.44,7.74,11.81,4.02,19.44,23.28,25.82,13.24
2041,5.731030382283858,4,8.66,4.15,25.32,12.54,7.89,11.53,4.04,21.47,23.28,25.57,13.29
2042,5.731030382283858,4,8.46,4.13,25.19,12.49,7.92,11.49,4.02,21.77,23.28,26.07,13.24
2043,5.731030382283858,4,8.52,4.13,25.32,12.49,7.65,11.4,4.04,21.87,23.41,25.95,13.18
2044,5.731030382283858,4,8.46,4.13,25.32,12.49,7.77,11.53,4.04,18.37,23.41,26.33,13.24
2045,5.731030382283858,4,8.39,4.13,25.32,12.54,7.43,11.53,4.04,18.85,23.41,26.33,13.24
2046,5.731030382283858,4,8.39,4.13,25.32,12.54,7.41,11.62,4.04,18.53,23.41,24.95,13.34
2047,5.731030382283858,4,8.46,4.13,25.19,12.49,7.32,11.26,4.02,18.45,23.28,26.33,13.34
2048,5.731030382283858,4,8.46,4.09,25.19,12.44,7.38,11.31,4.02,18.45,23.41,26.33,13.18
2049,5.731030382283858,4,8.46,4.13,25.19,12.49,7.23,11.58,4.04,22.08,23.28,26.47,13.24
2050,5.731030382283858,4,8.39,4.13,25.19,12.49,7.55,11.17,4.04,22.49,23.16,26.47,13.13
2051,5.731030382283858,4,8.49,4.17,25.19,12.54,7.43,11.31,4.07,21.47,23.28,26.47,13.56
2052,5.731030382283858,4,8.46,4.15,25.32,12.54,7.32,11.31,4.06,18.05,23.41,25.2,13.61
2053,5.731030382283858,4,8.52,4.15,25.32,12.49,7.68,11.49,4.06,18.05,23.41,26.2,13.34
2054,5.731030382283858,4,8.42,4.11,25.32,12.49,7.14,11.53,4.02,18.53,23.28,26.07,13.45
2055,5.731030382283858,4,8.46,4.11,25.32,12.49,7.74,10.96,4.02,18.37,23.28,25.95,13.29
2056,5.731030382283858,4,8.39,4.07,25.19,12.44,7.46,11.09,4,18.37,23.28,25.44,13.24
2057,5.731030382283858,4,8.42,4.09,25.19,12.44,7.38,11.31,4,21.77,23.28,26.2,13.18
2058,5.731030382283858,4,8.39,4.11,25.19,12.49,7.52,11.44,4.02,21.37,23.41,26.33,13.13
2059,5.731030382283858,4,8.49,4.11,25.32,12.49,7.89,11.04,4.02,20.61,23.41,26.07,13.18
2060,5.731030382283858,4,8.46,4.11,25.44,12.49,7.32,11.26,4.02,18.53,23.41,26.07,13.24
2061,5.731030382283858,4,8.42,4.09,25.19,12.44,7.29,11.35,4,18.45,23.41,25.82,13.24
2062,5.731030382283858,4,8.39,4.09,25.19,12.44,7.68,11.31,4,19.27,23.28,25.95,13.18
2063,5.731030382283858,4,8.42,4.11,25.19,12.44,7.46,11.58,4.02,22.39,23.28,28.12,13.13
2064,5.731030382283858,4,8.49,4.09,25.19,12.44,7.55,11.22,4,18.37,23.28,26.73,13.08
2065,5.731030382283858,4,8.39,4.07,25.19,12.39,7.77,11.26,4,18.45,23.28,26.33,12.98
2066,5.731030382283858,4,8.39,4.07,25.07,12.39,7.38,11.17,3.98,19.1,23.16,25.57,13.18
2067,5.731030382283858,4,8.42,4.09,25.07,12.39,7.71,11.13,4,18.94,23.16,25.82,13.13
2068,5.731030382283858,4,8.42,4.09,25.07,12.44,7.77,11.31,4,18.61,23.16,26.6,13.18
2069,5.731030382283858,4,8.39,4.07,25.07,12.44,7.49,11.35,3.98,18.53,23.16,26.73,13.24
2070,5.731030382283858,4,8.42,4.07,25.07,12.39,7.29,11.09,3.98,18.45,23.16,26.07,13.18
2071,5.731030382283858,4,8.49,4.07,24.95,12.39,7.8,11.13,3.98,18.53,23.16,26.07,13.34
2072,5.731030382283858,4,8.46,4.07,24.95,12.39,7.49,11.13,3.98,18.45,23.16,25.32,13.29
2073,5.731030382283858,4,8.36,4.07,25.19,12.39,7.29,11.26,3.98,18.69,23.28,26.2,13.29
2074,5.731030382283858,4,8.39,4.07,25.07,12.39,7.86,11.22,4,18.61,23.28,26.2,13.34
2075,5.731030382283858,4,8.33,4.06,25.07,12.34,7.43,11.09,3.97,18.61,23.16,26.07,13.13
2076,5.731030382283858,4,8.33,4.04,24.95,12.29,7.41,11.26,3.97,18.61,23.16,25.82,13.03
2077,5.731030382283858,4,8.33,4.06,24.95,12.29,7.29,11.26,3.97,18.53,23.16,26.73,13.34
2078,5.731030382283858,4,8.36,4.06,24.95,12.44,7.58,11.4,3.97,18.77,23.16,25.69,13.29
2079,5.731030382283858,4,8.36,4.06,24.95,12.34,7.92,10.58,3.97,18.61,23.04,25.69,13.29
2080,5.731030382283858,4,8.42,4.06,24.95,12.34,7.43,11.4,3.97,18.53,23.04,25.82,13.34
2081,5.731030382283858,4,8.49,4.06,24.95,12.29,7.46,11.22,3.97,18.53,23.04,25.82,13.24
2082,5.731030382283858,4,8.39,4.06,24.95,12.29,7.55,11.17,3.97,18.77,23.04,25.69,13.18
2083,5.731030382283858,4,8.49,4.04,24.95,12.29,7.86,11.17,3.97,18.53,23.04,25.44,13.13
2084,5.731030382283858,4,8.49,4.06,24.95,12.34,8.02,11.4,3.97,19.1,23.04,25.44,13.08
2085,5.731030382283858,4,8.42,4.06,24.95,12.34,7.83,11.31,3.97,19.27,23.04,25.57,13.18
2086,5.731030382283858,4,8.42,4.06,24.95,12.29,7.38,11.09,3.97,19.02,23.04,25.57,13.29
2087,5.731030382283858,4,8.39,4.06,24.95,12.34,7.83,11.04,3.97,19.02,23.16,25.57,13.34
2088,5.731030382283858,4,8.42,4.06,24.95,12.34,7.26,10.96,3.97,18.94,23.04,25.69,12.92
2089,5.731030382283858,4,8.42,4.06,24.95,12.29,7.09,11.26,3.97,18.94,23.04,25.69,13.34
2090,5.731030382283858,4,8.42,4.06,24.95,12.34,7.23,10.74,3.97,18.85,23.04,25.57,13.34
2091,5.731030382283858,4,8.49,4.06,24.95,12.34,7.38,11.31,3.97,18.61,23.04,25.57,13.5
2092,5.731030382283858,4,8.39,4.04,24.95,12.29,7.43,11.04,3.97,18.69,23.04,24.95,13.03
2093,5.731030382283858,4,8.42,4.06,24.95,12.34,7.26,11.13,3.97,18.77,23.04,25.82,12.82
2094,5.731030382283858,4,8.56,4.06,24.95,12.34,7.89,11.26,3.97,18.69,23.04,25.2,13.18
2095,5.731030382283858,4,8.42,4.06,24.83,12.29,7.65,11.35,3.95,18.69,22.92,25.07,13.29
2096,5.731030382283858,4,8.39,4.06,24.83,12.34,7.43,11.31,3.97,18.69,22.92,24.48,13.08
2097,5.731030382283858,4,8.39,4.06,24.83,12.29,7.35,11.13,3.97,18.85,22.92,25.44,13.18
2098,5.731030382283858,4,8.42,4.06,24.95,12.34,7.86,11.35,3.98,19.27,23.04,25.57,13.24
2099,5.731030382283858,4,8.39,4.06,25.07,12.34,7.62,11.17,3.97,18.85,23.04,25.57,13.24
2100,5.731030382283858,4,8.56,4.11,25.19,12.44,7.99,11.31,4.02,18.85,23.16,25.69,13.24
2101,5.746957728968659,4,8.52,4.13,25.19,12.49,7.71,11.17,4.04,18.94,23.16,25.44,13.4
2102,5.746957728968659,4,8.56,4.09,25.07,12.39,7.58,11.22,4,19.02,23.04,27.55,13.29
2103,5.746957728968659,4,8.49,4.06,24.95,12.34,7.68,10.96,3.97,19.97,23.04,24.83,13.34
2104,5.746957728968659,4,8.56,4.06,24.95,12.34,7.89,11.04,3.97,18.85,23.04,25.82,13.13
2105,5.746957728968659,4,8.52,4.09,25.07,12.39,7.55,11.31,4,18.94,23.16,25.69,13.34
2106,5.746957728968659,4,8.52,4.09,25.07,12.39,7.26,10.96,4,18.85,23.16,25.57,13.29
2107,5.746957728968659,4,8.42,4.07,25.07,12.39,7.74,11.17,3.98,18.94,23.16,26.47,12.92
2108,5.746957728968659,4,8.63,4.09,25.07,12.44,7.43,11.04,4,18.85,23.16,26.07,13.4
2109,5.746957728968659,4,8.63,4.11,25.19,12.49,7.55,11.13,4.02,19.02,23.16,26.07,13.5
2110,5.746957728968659,4,8.52,4.09,25.07,12.54,7.38,11.09,4,18.94,23.16,25.95,13.5
2111,5.746957728968659,4,8.56,4.07,25.07,12.39,7.43,10.83,4,18.85,22.8,26.07,13.18
2112,5.746957728968659,4,8.52,4.09,25.07,12.44,7.46,11.13,3.98,19.02,23.04,25.95,13.34
2113,5.746957728968659,4,8.46,4.07,25.07,12.39,7.65,11.22,4,19.02,23.04,26.07,13.5
2114,5.746957728968659,4,8.49,4.07,25.07,12.39,7.62,11.04,3.98,19.02,23.04,27,13.4
2115,5.746957728968659,4,8.46,4.07,25.07,12.39,7.49,10.91,3.98,19.1,23.04,27,13.5
2116,5.746957728968659,4,8.46,4.07,25.07,12.39,7.92,11.4,3.98,19.1,23.04,26.07,13.34
2117,5.746957728968659,4,8.39,4.07,25.07,12.39,7.06,11.17,4,19.19,23.16,26.33,13.4
2118,5.746957728968659,4,8.46,4.09,25.07,12.39,7.83,11.13,4,19.27,23.04,26.6,13.34
2119,5.746957728968659,4,8.49,4.09,25.07,12.44,7.2,11,4,21.08,23.04,26.6,13.5
2120,5.746957728968659,4,8.49,4.07,25.07,12.34,7.14,10.91,3.98,18.94,23.04,26.6,13.5
2121,5.746957728968659,4,8.56,4.07,25.07,12.39,7.74,10.83,4,19.27,23.04,26.2,13.5
2122,5.746957728968659,4,8.33,4.09,25.19,12.39,7.32,11.26,4,19.1,23.16,26.33,13.45
2123,5.746957728968659,4,8.56,4.09,25.19,12.44,7.95,11.04,4,19.02,23.16,27.55,13.45
2124,5.746957728968659,4,8.52,4.09,25.19,12.39,7.46,10.96,4,19.1,23.16,26.73,13.24
2125,5.746957728968659,4,8.52,4.09,25.19,12.44,7.83,11.04,4,19.44,23.16,26.6,13.56
2126,5.746957728968659,4,8.49,4.09,25.19,12.44,7.49,11.17,4,19.44,23.16,26.47,13.67
2127,5.746957728968659,4,8.42,4.09,25.19,12.49,7.71,11.17,4,19.44,23.16,25.69,13.5
2128,5.746957728968659,4,8.42,4.09,25.07,12.39,7.52,11.26,4,19.02,23.04,26.07,13.29
2129,5.746957728968659,4,8.39,4.09,25.19,12.39,7.52,11.09,4,18.45,23.16,26.2,13.56
2130,5.746957728968659,4,8.36,4.09,25.07,12.39,7.89,11.22,4,18.53,23.16,26.33,13.5
2131,5.746957728968659,4,8.29,4.07,25.07,12.39,7.55,11.22,4,18.61,23.04,25.32,13.72
2132,5.746957728968659,4,8.39,4.09,25.07,12.39,7.29,11.17,4,19.53,23.16,25.82,13.67
2133,5.746957728968659,4,8.56,4.07,25.07,12.39,7.52,11.31,4,18.53,23.04,25.32,13.61
2134,5.746957728968659,4,8.49,4.11,25.19,12.44,7.46,11.31,4,18.61,23.16,26.47,13.56
2135,5.746957728968659,4,8.49,4.07,25.19,12.39,7.8,11.09,3.98,18.53,23.16,27.14,13.4
2136,5.746957728968659,4,8.56,4.09,25.19,12.39,7.95,11.22,4,18.61,23.16,27.41,13.56
2137,5.746957728968659,4,8.52,4.13,25.19,12.49,7.35,11.31,4.04,18.69,23.16,26.47,13.72
2138,5.746957728968659,4,8.52,4.13,25.07,12.44,7.49,11,4.02,20.42,23.16,27.27,13.4
2139,5.746957728968659,4,8.63,4.13,25.19,12.49,7.55,11.26,4.04,18.69,23.16,26.6,13.67
2140,5.746957728968659,4,8.69,4.13,25.19,12.49,7.86,11.4,4.04,18.77,23.16,26.86,13.61
2141,5.746957728968659,4,8.69,4.11,25.07,12.44,7.95,11.44,4,18.53,23.04,27,13.61
2142,5.746957728968659,4,8.66,4.15,25.19,12.54,7.86,11.49,4.04,18.53,23.16,26.6,13.34
2143,5.746957728968659,4,8.66,4.11,25.19,12.44,7.77,11.26,4.02,18.53,23.16,25.95,13.5
2144,5.746957728968659,4,8.59,4.11,25.19,12.49,8.08,11.26,4.02,18.53,23.16,27,13.4
2145,5.746957728968659,4,8.52,4.07,25.07,12.39,7.41,10.83,3.98,18.61,23.16,27.27,13.24
2146,5.746957728968659,4,8.49,4.07,25.07,12.39,7.38,10.91,3.98,18.45,23.04,26.73,13.61
2147,5.746957728968659,4,8.63,4.07,25.07,12.39,7.46,11.31,4,18.53,23.04,26.6,13.4
2148,5.746957728968659,4,8.52,4.11,25.19,12.44,7.14,11.22,4.02,18.53,23.16,26.33,13.34
2149,5.746957728968659,4,8.59,4.13,25.19,12.49,7.86,11.26,4.04,18.61,23.16,27.27,13.34
2150,5.746957728968659,4,8.69,4.13,25.19,12.49,7.65,11.09,4.04,18.61,23.16,25.69,13.56
2151,5.746957728968659,4,8.63,4.13,25.19,12.54,7.8,11.26,4.04,18.61,23.16,26.07,13.4
2152,5.746957728968659,4,8.56,4.13,25.19,12.49,7.49,11.35,4.02,18.61,23.16,25.69,13.29
2153,5.746957728968659,4,8.66,4.15,25.07,12.49,7.58,10.96,4.04,20.7,23.04,26.73,13.61
2154,5.746957728968659,4,8.73,4.15,25.19,12.49,7.71,11.31,4.04,18.61,23.04,26.2,13.45
2155,5.746957728968659,4,8.63,4.13,25.07,12.49,7.52,11.09,4.04,18.61,23.16,25.95,13.24
2156,5.746957728968659,4,8.49,4.11,25.07,12.44,7.77,11.09,4.02,18.53,23.04,25.57,13.61
2157,5.746957728968659,4,8.59,4.11,25.07,12.44,7.99,10.83,4.02,20.61,23.04,26.2,13.56
2158,5.746957728968659,4,8.63,4.09,25.07,12.39,7.74,10.87,4,18.45,23.04,24.95,13.5
2159,5.746957728968659,4,8.52,4.09,25.19,12.39,7.77,10.91,4,18.45,23.04,26.33,13.56
2160,5.746957728968659,4,8.33,4.07,25.07,12.34,7.92,10.96,3.98,18.45,23.04,26.33,13.5
2161,5.75803314653214,4,8.46,4.07,25.07,12.34,7.71,11.04,3.98,18.37,23.04,25.82,13.24
2162,5.75803314653214,4,8.39,4.09,25.19,12.39,7.89,10.83,3.98,21.08,23.04,27.69,13.18
2163,5.75803314653214,4,8.42,4.09,25.07,12.39,7.62,10.74,4,18.37,23.04,24.83,13.45
2164,5.75803314653214,4,8.42,4.09,25.07,12.39,7.83,11.13,4,18.45,23.04,27.41,13.45
2165,5.75803314653214,4,8.36,4.09,25.07,12.34,7.71,10.74,4,19.1,23.04,27.14,13.45
2166,5.75803314653214,4,8.36,4.09,25.07,12.34,7.8,10.54,4,18.37,23.04,25.82,13.4
2167,5.75803314653214,4,8.36,4.09,25.07,12.39,7.46,10.54,4,18.45,23.04,26.6,13.56
2168,5.75803314653214,4,8.42,4.13,25.07,12.44,7.52,10.87,4.02,18.45,23.04,25.95,13.5
2169,5.75803314653214,4,8.42,4.13,25.19,12.44,7.89,11.09,4.02,18.45,23.16,26.47,13.5
2170,5.75803314653214,4,8.36,4.15,25.19,12.44,7.41,11,4.02,20.06,23.16,26.73,13.5
2171,5.75803314653214,4,8.56,4.11,25.19,12.44,7.77,11.13,4.02,18.61,23.16,26.33,13.45
2172,5.75803314653214,4,8.46,4.11,25.19,12.44,7.49,11.26,4.02,18.37,23.16,26.6,13.5
2173,5.75803314653214,4,8.49,4.11,25.19,12.39,7.43,11.13,4.02,18.53,23.16,27.14,13.56
2174,5.75803314653214,4,8.56,4.13,25.19,12.44,7.71,11.09,4.04,19.1,23.16,27.14,13.56
2175,5.75803314653214,4,8.42,4.09,25.19,12.39,7.58,11.31,4.02,18.45,23.04,26.86,13.56
2176,5.75803314653214,4,8.49,4.11,25.19,12.44,8.05,11.26,4.02,18.53,23.16,26.33,13.67
2177,5.75803314653214,4,8.42,4.09,25.19,12.34,8.02,11,4,18.69,23.16,26.33,13.4
2178,5.75803314653214,4,8.46,4.13,25.19,12.49,7.68,11.31,4.02,18.77,23.16,26.47,13.45
2179,5.75803314653214,4,8.49,4.13,25.19,12.49,7.68,11.26,4.04,18.53,23.16,25.57,13.72
2180,5.75803314653214,4,8.46,4.11,25.19,12.49,7.58,11.04,4.02,18.53,23.16,26.33,13.56
2181,5.75803314653214,4,8.42,4.13,25.19,12.44,7.65,10.91,4.02,18.53,23.28,26.6,13.61
2182,5.75803314653214,4,8.36,4.09,25.19,12.39,7.83,11.04,4,18.53,23.16,27.14,13.61
2183,5.75803314653214,4,8.87,4.13,25.32,12.49,7.8,10.83,4.04,18.61,23.28,28.55,13.56
2184,5.75803314653214,4,8.76,4.11,25.19,12.44,7.65,10.96,4,18.61,23.16,26.47,13.56
2185,5.75803314653214,4,8.9,4.13,25.19,12.49,7.74,10.96,4.04,18.85,23.28,27.27,13.56
2186,5.75803314653214,4,8.8,4.11,25.19,12.44,7.68,11.04,4.02,18.61,23.16,27.55,13.5
2187,5.75803314653214,4,8.73,4.13,25.19,12.49,7.58,11.04,4.02,19.62,23.16,27.27,13.67
2188,5.75803314653214,4,8.69,4.13,24.95,12.44,7.46,11.04,4.04,18.69,22.92,27,13.5
2189,5.75803314653214,4,8.76,4.17,25.19,12.54,8.05,11.13,4.06,18.94,23.28,26.86,13.67
2190,5.75803314653214,4,8.42,4.13,25.07,12.49,7.95,11,4.02,18.69,23.16,27.41,13.67
2191,5.75803314653214,4,8.46,4.15,25.07,12.54,7.8,11.17,4.04,18.45,23.04,27.14,13.5
2192,5.75803314653214,4,8.49,4.15,25.19,12.59,7.35,10.87,4.04,18.69,23.16,27,13.61
2193,5.75803314653214,4,8.52,4.15,25.19,12.95,7.26,10.79,4.04,18.45,23.28,26.6,13.56
2194,5.75803314653214,4,8.49,4.17,25.19,12.85,7.92,10.83,4.06,18.37,23.16,27,13.5
2195,5.75803314653214,4,8.49,4.15,25.19,12.54,7.46,10.41,4.04,19.02,23.16,26.86,13.56
2196,5.75803314653214,4,8.39,4.17,25.19,12.54,7.32,10.96,4.06,19.88,23.28,27,13.5
2197,5.75803314653214,4,8.36,4.11,24.95,12.34,7.46,11,4,18.21,23.04,26.47,13.56
2198,5.75803314653214,4,8.39,4.13,25.07,12.39,7.86,10.91,4.02,18.29,23.04,26.47,13.45
2199,5.75803314653214,4,8.33,4.13,24.95,12.34,7.62,10.7,4.02,20.42,23.04,26.73,13.34
2200,5.75803314653214,4,8.49,4.15,25.07,12.49,7.06,10.96,4.04,23.47,23.04,26.73,13.56
2201,5.75803314653214,4,8.39,4.15,24.95,12.44,7.52,10.7,4.04,23.81,23.04,26.86,13.56
2202,5.75803314653214,4,8.36,4.13,24.83,12.39,7.8,10.66,4.02,23.47,22.8,26.73,13.5
2203,5.75803314653214,4,8.33,4.15,24.72,12.39,7.86,10.74,4.04,23.36,22.8,26.73,13.4
2204,5.75803314653214,4,8.42,4.15,25.07,12.44,7.49,10.62,4.06,23.69,23.28,26.86,13.5
2205,5.75803314653214,4,8.49,4.15,24.95,12.44,7.71,10.7,4.04,23.58,23.16,26.6,13.56
2206,5.75803314653214,4,8.36,4.15,24.95,12.39,7.43,10.96,4.04,23.69,23.16,26.86,13.34
2207,5.75803314653214,4,8.39,4.13,24.95,12.39,7.8,10.87,4.02,23.58,23.04,26.86,13.4
2208,5.75803314653214,4,8.39,4.15,24.95,12.39,7.2,10.96,4.04,23.36,23.04,26.86,13.24
2209,5.75803314653214,4,8.33,4.17,24.95,12.39,7.49,10.96,4.04,23.03,23.04,27,13.5
2210,5.75803314653214,4,8.36,4.15,24.95,12.39,7.29,10.87,4.04,23.47,23.04,27.27,13.56
2211,5.75803314653214,4,8.36,4.13,24.95,12.34,7.8,10.79,4.02,22.92,23.04,27.27,13.5
2212,5.75803314653214,4,8.36,4.15,25.07,12.44,7.29,10.87,4.04,23.36,23.16,27.41,13.56
2213,5.75803314653214,4,8.33,4.15,24.95,12.39,7.77,10.87,4.04,23.47,23.04,27.27,13.4
2214,5.75803314653214,4,8.33,4.15,25.07,12.39,7.26,10.96,4.04,23.47,23.16,26.73,13.4
2215,5.75803314653214,4,8.46,4.13,24.95,12.49,7.86,10.79,4.02,23.58,23.04,27.41,13.08
2216,5.75803314653214,4,8.39,4.13,24.95,12.34,7.71,10.54,4.02,23.92,22.92,27.27,13.24
2217,5.75803314653214,4,8.39,4.13,24.95,12.39,7.46,10.7,4.02,23.92,23.04,27.27,13.18
2218,5.75803314653214,4,8.29,4.11,24.83,12.34,7.77,10.49,4,23.92,22.8,27,13.34
2219,5.75803314653214,4,8.33,4.11,24.72,12.29,7.77,10.41,4,23.69,22.92,26.07,13.45
2220,5.75803314653214,4,8.33,4.09,24.72,12.29,7.71,10.83,3.98,23.81,22.68,27.27,13.4
